window_id,condition,start_seconds,end_seconds,time_to_onset_midpoint_seconds,export_channel,channel_label,usable,rms_uv,line_length_uv_per_sample,zero_crossing_rate,hjorth_mobility,hjorth_complexity,spectral_entropy,theta_relative_power,alpha_relative_power,beta_relative_power
preictal_01,preictal,1083,1089,-57.0,1,EEG Fp1,True,29.65678623751832,5.889704787850946,0.09117551286225985,0.26819002915527784,4.504689650732188,0.7387376384340643,0.6248053834769872,0.06571653768150443,0.3094780788415083
preictal_01,preictal,1083,1089,-57.0,2,EEG F3,True,15.268787847069898,6.8866475992809395,0.17518723542819928,0.7530659138183036,1.7976006144527652,0.9411190839122375,0.23487579995054386,0.12573190684763416,0.6393922932018219
preictal_01,preictal,1083,1089,-57.0,3,EEG C3,True,6.1493635328640455,2.208909837737782,0.13415825464018236,0.6493157534193863,2.0779661276104826,0.9394769808028236,0.2255951142714367,0.11924639988416247,0.655158485844401
preictal_01,preictal,1083,1089,-57.0,4,EEG P3,True,5.602710083989332,1.8846604909768578,0.12243568870074895,0.46203970246436166,3.1104039213248678,0.8958340966022152,0.3918500628420777,0.1691288478897378,0.43902108926818445
preictal_01,preictal,1083,1089,-57.0,5,EEG O1,True,11.765290076777987,2.636973244306951,0.08205796157603387,0.3049104461736849,4.642418052444079,0.9179731673492625,0.35079256851023055,0.11920262827395851,0.5300048032158109
preictal_01,preictal,1083,1089,-57.0,6,EEG F7,True,21.212422057028284,7.100371200396368,0.10941061543471182,0.6537913451906512,2.203517129376356,0.9243015542925244,0.2626890229395995,0.1633327007506078,0.5739782763097928
preictal_01,preictal,1083,1089,-57.0,7,EEG T3,True,15.092780536005918,7.606952331713777,0.20058612829697167,0.7691918119759189,1.6657662493275482,0.9457161257689741,0.13373448615866254,0.16435780199161767,0.7019077118497199
preictal_01,preictal,1083,1089,-57.0,8,EEG T5,True,10.399513012030312,3.236969921747442,0.11299251058287203,0.4275042310495264,3.110032236599694,0.9247585730909837,0.23385479437420342,0.15993622574455973,0.6062089798812368
preictal_01,preictal,1083,1089,-57.0,9,EEG Fc1,True,5.812240670313848,1.949253285908385,0.14588082057961577,0.5563942830032799,2.481860948043761,0.9147300424416942,0.3815547397101352,0.14125460509329288,0.4771906551965718
preictal_01,preictal,1083,1089,-57.0,10,EEG Fc5,True,12.563611844643898,6.302644445400587,0.23542819928362096,1.0300247709309647,1.337853983181805,0.9317376352352355,0.16252982397750582,0.17144694134142865,0.6660232346810656
preictal_01,preictal,1083,1089,-57.0,11,EEG Cp1,True,6.544004322601999,1.4324248737870835,0.09996743731683491,0.3041049495180297,4.986387877542178,0.9119344715907527,0.3864147060577882,0.19726414625478864,0.4163211476874232
preictal_01,preictal,1083,1089,-57.0,12,EEG Cp5,True,6.427257585684421,2.4247667508720996,0.13806577661999347,0.6660433494783373,2.0155306996746205,0.9125534782281923,0.29834222960072654,0.16415218561347916,0.5375055847857944
preictal_01,preictal,1083,1089,-57.0,13,EEG F9,True,13.269003641038196,5.311778709765613,0.13806577661999347,0.7040202442638294,2.0050813618822216,0.8987016579107618,0.35192630973826317,0.22218498731606998,0.42588870294566683
preictal_01,preictal,1083,1089,-57.0,14,EEG Fz,True,12.446385256224017,2.171175419939791,0.10094431781178768,0.25250897882348083,5.54829168288291,0.8160842067805049,0.6419152172407041,0.1657517149382431,0.1923330678210529
preictal_01,preictal,1083,1089,-57.0,15,EEG Cz,True,5.138332053805976,1.5384933952065292,0.13187886681862585,0.4184763743313025,3.5406437564849993,0.9366802513512088,0.2345013487720099,0.24084298782324495,0.5246556634047451
preictal_01,preictal,1083,1089,-57.0,16,EEG Pz,True,10.005943807219667,1.4395035418583033,0.029957668511885378,0.19623735881388574,7.74253273681093,0.8978303082373055,0.4151719259248206,0.20442203347970186,0.3804060405954775
preictal_01,preictal,1083,1089,-57.0,17,EEG Fp2,True,31.934131601158754,6.283518997992683,0.07945294692282644,0.2741020047343277,4.416739770410724,0.7396207701265047,0.6178248812586862,0.07017180535254203,0.3120033133887719
preictal_01,preictal,1083,1089,-57.0,18,EEG F4,True,19.953843386107106,10.71858932424541,0.19928362097036795,0.8413573449304366,1.6462442593729383,0.9157176314389818,0.24492078340370735,0.0981788270853376,0.656900389510955
preictal_01,preictal,1083,1089,-57.0,19,EEG C4,True,10.185808127539257,4.826887396640215,0.18658417453598178,0.7975825318859019,1.6878057669175954,0.9594520777247547,0.16583498126172605,0.1394816551036802,0.6946833636345938
preictal_01,preictal,1083,1089,-57.0,20,EEG P4,True,10.057525075245795,2.3991052736321774,0.07619667860631717,0.3551544846661919,3.891406447672789,0.9264401164139975,0.1588394149381917,0.15259529592503873,0.6885652891367695
preictal_01,preictal,1083,1089,-57.0,21,EEG O2,True,8.748951930120429,2.5353341203685793,0.11396939107782482,0.39954647759126144,3.616412336131915,0.8670845273001935,0.45427201367491865,0.09724212734655358,0.44848585897852783
preictal_01,preictal,1083,1089,-57.0,22,EEG F8,True,23.686461852647646,11.128641120378912,0.2031911429501791,0.8093716540187184,1.8046934163439443,0.7854210779857332,0.5937190258934871,0.09387051656298413,0.31241045754352875
preictal_01,preictal,1083,1089,-57.0,23,EEG T4,True,18.86567055030025,10.524271568217124,0.24454575056984695,0.8864945024311724,1.4353135217637678,0.9344107130625852,0.07147334921626525,0.1236132358641569,0.8049134149195779
preictal_01,preictal,1083,1089,-57.0,24,EEG T6,True,16.714617450665727,3.9502989432236024,0.10192119830674047,0.32079427870112526,4.053371054407287,0.9403842472663112,0.15212452715042638,0.14214229091056654,0.705733181939007
preictal_01,preictal,1083,1089,-57.0,25,EEG Fc2,True,11.605426138060631,3.665893831318416,0.12341256919570173,0.463912270216738,2.8843365416222704,0.9126658562102584,0.3345170388519233,0.15348332154109023,0.5119996396069865
preictal_01,preictal,1083,1089,-57.0,26,EEG Fc6,True,19.727706919532746,12.370595124382392,0.26147834581569523,1.0629571879856867,1.3626203443507308,0.9602613363436036,0.15409206009666512,0.13588273796630568,0.7100252019370292
preictal_01,preictal,1083,1089,-57.0,27,EEG Cp2,True,5.876033733416487,1.7844785727034724,0.11755128622598503,0.4452106421726438,3.2361270308727,0.9444417247985177,0.23579488219976924,0.21406438592737317,0.5501407318728576
preictal_01,preictal,1083,1089,-57.0,28,EEG Cp6,True,8.0342109313335,3.6782418450142487,0.1579290133507001,0.7540895093784205,1.8181961517592957,0.9277474044189161,0.17240273634579453,0.11817479522153211,0.7094224684326734
preictal_01,preictal,1083,1089,-57.0,29,EEG F10,True,15.581964899862815,8.161222623762773,0.21686746987951808,0.8450887247430913,1.7394382855749508,0.9163253512288558,0.3459183652476162,0.17090234819998837,0.4831792865523954
preictal_02,preictal,1089,1095,-51.0,1,EEG Fp1,True,27.50503738381608,7.07151882359872,0.1162487788993813,0.36776138429500876,3.137692663941006,0.9411590466733437,0.18788948489170945,0.07815714591469906,0.7339533691935914
preictal_02,preictal,1089,1095,-51.0,2,EEG F3,True,14.391577248708286,5.177583209688855,0.14783458156952134,0.5186434709929744,2.3722758924772265,0.9482911287803378,0.11142598226367667,0.13016672572286941,0.7584072920134539
preictal_02,preictal,1089,1095,-51.0,3,EEG C3,True,8.55517957573147,1.6903047735968963,0.0801042005861283,0.2650767047291433,5.4113057288942965,0.9254288307997564,0.3138253872068802,0.15987311402601442,0.5263014987671053
preictal_02,preictal,1089,1095,-51.0,4,EEG P3,True,8.835404553964294,2.2071985112809105,0.08498860306089222,0.3421839491281728,3.8938900998724684,0.9148140498996873,0.40687607218254823,0.21082399829720647,0.3822999295202454
preictal_02,preictal,1089,1095,-51.0,5,EEG O1,True,17.593359892566383,3.2069861387425913,0.0429827417779225,0.24898068447825233,5.342715796269582,0.9421732283414704,0.3009566834849011,0.21063253491591177,0.48841078159918716
preictal_02,preictal,1089,1095,-51.0,6,EEG F7,True,56.5133004196721,4.240817959358245,0.03386519049169651,0.10313400179654178,11.96521797650114,0.8932287643643542,0.4045978130113139,0.1491091230343063,0.44629306395437984
preictal_02,preictal,1089,1095,-51.0,7,EEG T3,True,25.251492520760635,8.186218946402171,0.13415825464018236,0.4679191871920501,2.658328779185235,0.9445251652903981,0.10083288801792653,0.11009044258303699,0.7890766693990365
preictal_02,preictal,1089,1095,-51.0,8,EEG T5,True,12.97404289163858,6.367516495487792,0.21361120156300878,0.6910731930358959,1.7309713529110666,0.9405327374737937,0.18021294488981424,0.14855104966230828,0.6712360054478775
preictal_02,preictal,1089,1095,-51.0,9,EEG Fc1,True,5.5402978254787385,1.566143709509883,0.11559752523607945,0.38752083068126264,3.6451478216805997,0.9197450977589093,0.3455897847137346,0.13283652111415978,0.5215736941721058
preictal_02,preictal,1089,1095,-51.0,10,EEG Fc5,True,21.214769900967784,4.102043865985193,0.0882448713774015,0.25592412131889447,5.460623808899307,0.9257161493638881,0.35065330563633623,0.1896893097410256,0.45965738462263817
preictal_02,preictal,1089,1095,-51.0,11,EEG Cp1,True,4.95913903494065,1.3789735213015848,0.1208075545424943,0.3857974923149122,3.7910999473771874,0.9386988237610042,0.3377849353552847,0.20809975800281133,0.4541153066419039
preictal_02,preictal,1089,1095,-51.0,12,EEG Cp5,True,10.444562808312714,2.9656436876070127,0.1289482253337675,0.38959937756321716,3.256760102487053,0.9439162847354385,0.2897492584194122,0.17861366648373467,0.5316370750968533
preictal_02,preictal,1089,1095,-51.0,13,EEG F9,True,34.44981034110597,4.31492730864926,0.0475415174210355,0.16220033617440183,8.311489829649744,0.9081278646381423,0.3810275895790032,0.18761924943233546,0.43135316098866133
preictal_02,preictal,1089,1095,-51.0,14,EEG Fz,True,9.10561879472244,2.569157950524952,0.10322370563334418,0.42867238918243394,2.9022910197034895,0.9227205417553327,0.27932952805171934,0.1103137341704442,0.6103567377778364
preictal_02,preictal,1089,1095,-51.0,15,EEG Cz,True,4.439028354355518,1.3695276940399417,0.13774014978834256,0.4329194866056236,3.3558007353294297,0.8893579986277157,0.4620199791630363,0.13781540021924651,0.40016462061771707
preictal_02,preictal,1089,1095,-51.0,16,EEG Pz,True,7.43474503683085,1.3506501683768344,0.07391729078476067,0.2492880598297213,5.925540972763994,0.8637161869645118,0.519601804356698,0.1729181227750027,0.30748007286829926
preictal_02,preictal,1089,1095,-51.0,17,EEG Fp2,True,48.1160425493593,13.706321502239863,0.11071312276131554,0.4923542106835484,2.420371784840901,0.9410148804880955,0.14091727767781295,0.113820924267973,0.745261798054214
preictal_02,preictal,1089,1095,-51.0,18,EEG F4,True,63.482657989840725,10.424482310262386,0.06317160534028005,0.2863486951080582,3.89880293557842,0.8865583572388633,0.04711833352549865,0.06480486021418017,0.8880768062603211
preictal_02,preictal,1089,1095,-51.0,19,EEG C4,True,10.666701708408278,2.8888347209917375,0.14327580592640835,0.36782502923353344,3.6259751179746655,0.9258757847084215,0.27356443200786945,0.13588018476549663,0.5905553832266339
preictal_02,preictal,1089,1095,-51.0,20,EEG P4,True,6.508662520373533,1.9838592673294624,0.14457831325301204,0.4149172750493268,3.3770953303156337,0.9338067917927392,0.34795382912539136,0.2137871518876557,0.4382590189869528
preictal_02,preictal,1089,1095,-51.0,21,EEG O2,True,7.9274973680478045,2.429803402757353,0.10713122761315533,0.4192766624162384,3.406445957367738,0.8511264394822696,0.5561087143106485,0.12675013751838862,0.3171411481709628
preictal_02,preictal,1089,1095,-51.0,22,EEG F8,True,71.19938407453338,7.466757323635202,0.07098664929990231,0.15641856423934866,8.19658225151737,0.8838241427116922,0.4961144131273558,0.15814029923577014,0.345745287636874
preictal_02,preictal,1089,1095,-51.0,23,EEG T4,True,28.23033916303676,10.06565594687631,0.16118528166720938,0.5247126872966669,2.46857408303601,0.9529810304532996,0.1369994359916076,0.08911538485845778,0.7738851791499346
preictal_02,preictal,1089,1095,-51.0,24,EEG T6,True,15.385915123856003,4.267176008585009,0.09443178117876913,0.3653443051966461,3.464898559299961,0.9495203632796926,0.1549423521657343,0.14033621865313237,0.7047214291811333
preictal_02,preictal,1089,1095,-51.0,25,EEG Fc2,True,17.918412698885287,2.880794325508081,0.11494627157277759,0.21718227850618307,5.682546175097281,0.9096734018042731,0.36541697931425965,0.2546991490331095,0.379883871652631
preictal_02,preictal,1089,1095,-51.0,26,EEG Fc6,True,25.50053873076696,8.340976051768742,0.18495604037772712,0.467991588859233,2.9569128596648127,0.9214911123497882,0.39540117070868563,0.16927853541147808,0.43532029387983623
preictal_02,preictal,1089,1095,-51.0,27,EEG Cp2,True,4.194555344743556,1.314383479283936,0.13253012048192772,0.43500618117635953,3.4273050336991995,0.8828740166787158,0.46382712125571607,0.14966509460755578,0.3865077841367282
preictal_02,preictal,1089,1095,-51.0,28,EEG Cp6,True,13.070724047943788,2.7983905186425027,0.11071312276131554,0.2910065512211865,4.690572899724986,0.9393231900872852,0.3169538091510675,0.19177473652662702,0.49127145432230546
preictal_02,preictal,1089,1095,-51.0,29,EEG F10,True,40.412430865638996,6.155567359823252,0.10420058612829697,0.20321498214735176,6.750235608127628,0.8685911423626197,0.5219948344853743,0.13123087772494274,0.3467742877896829
preictal_03,preictal,1095,1101,-45.0,1,EEG Fp1,True,51.67967565591173,7.573983842370157,0.10713122761315533,0.22505527694084987,5.871914711915623,0.7063007276182887,0.7317241706413649,0.05590033453454451,0.21237549482409074
preictal_03,preictal,1095,1101,-45.0,2,EEG F3,True,35.73643431166302,12.147739458693259,0.1253663301856073,0.7338170772613266,1.8100706638232964,0.9308488257510174,0.18882161352687224,0.10608980873912544,0.7050885777340022
preictal_03,preictal,1095,1101,-45.0,3,EEG C3,True,17.76660147717886,5.97161107640037,0.13774014978834256,0.812984907090276,1.557659532958052,0.915738421557789,0.07818934369668358,0.11916737187500041,0.802643284428316
preictal_03,preictal,1095,1101,-45.0,4,EEG P3,True,9.434778640191983,3.9073490808513625,0.13969391077824814,0.7600024201907102,1.8112099458578355,0.9551815043217696,0.08563260844973482,0.24500331014653928,0.6693640814037259
preictal_03,preictal,1095,1101,-45.0,5,EEG O1,True,26.19145803666647,4.551993376211951,0.07912732009117551,0.24421102056184943,5.674514192600251,0.9438348935941464,0.22190208852951757,0.24190120038559004,0.5361967110848923
preictal_03,preictal,1095,1101,-45.0,6,EEG F7,True,49.98845474240633,14.701752988536676,0.11234125691957017,0.6344168425400216,2.180723619047385,0.9058330443772603,0.3173459544791852,0.06883102316860876,0.6138230223522061
preictal_03,preictal,1095,1101,-45.0,7,EEG T3,True,39.536892825254206,15.485195923261356,0.15369586453923803,0.7691305435151637,1.6420577941906815,0.9159535688718679,0.05673560672102286,0.07476790422419732,0.8684964890547798
preictal_03,preictal,1095,1101,-45.0,8,EEG T5,True,16.316954331839405,6.603666152947386,0.17811787691305764,0.5813743317978498,2.277131826926277,0.9453303189091102,0.14106128765469633,0.23110147808198495,0.6278372342633187
preictal_03,preictal,1095,1101,-45.0,9,EEG Fc1,True,14.68155809812322,4.380598463115354,0.1475089547378704,0.6553530677856382,1.9578031973580223,0.9259387555923414,0.20684422499503108,0.15688005173730388,0.636275723267665
preictal_03,preictal,1095,1101,-45.0,10,EEG Fc5,True,30.76126182154622,13.552634707738862,0.20449365027678282,1.003391071527211,1.4061279232260506,0.899079987075014,0.07999111942500498,0.04023501207102174,0.8797738685039733
preictal_03,preictal,1095,1101,-45.0,11,EEG Cp1,True,6.880738713411078,2.6352031323938,0.14067079127320092,0.7212707047444878,1.960560888612622,0.9534808051125263,0.1646109593757174,0.2170273916350346,0.6183616489892481
preictal_03,preictal,1095,1101,-45.0,12,EEG Cp5,True,25.797180932488345,9.59240611567175,0.1393682839465972,0.9474967359631893,1.36285092665436,0.9329567410143813,0.044348144001428114,0.10143625744044311,0.8542155985581288
preictal_03,preictal,1095,1101,-45.0,13,EEG F9,True,36.7549627194327,11.779226338621344,0.09605991533702377,0.6693830649913907,2.056876122401099,0.9309891051915957,0.21343581833455819,0.1166506695827076,0.6699135120827342
preictal_03,preictal,1095,1101,-45.0,14,EEG Fz,True,18.896642688571685,3.2787528889623703,0.09215239335721263,0.2887619884439055,4.826643577318258,0.8586140272253158,0.4534059006224205,0.12493712438717504,0.42165697499040455
preictal_03,preictal,1095,1101,-45.0,15,EEG Cz,True,7.5502543098812485,2.298902092554945,0.135786388798437,0.5269039572375428,2.753611514468726,0.8990329931394482,0.3712637351593396,0.1603522972939488,0.46838396754671174
preictal_03,preictal,1095,1101,-45.0,16,EEG Pz,True,7.754196694504879,2.100061424040419,0.10713122761315533,0.423416533983597,3.7213979447102288,0.9331848025805125,0.27663376909589305,0.2588268563200302,0.46453937458407674
preictal_03,preictal,1095,1101,-45.0,17,EEG Fp2,True,45.278111185595286,8.286673595923197,0.1208075545424943,0.276490961715165,4.621868042304011,0.7897622029250561,0.6225845373744711,0.09602974263026623,0.28138571999526263
preictal_03,preictal,1095,1101,-45.0,18,EEG F4,True,29.15729661323997,12.750713539169029,0.16900032562683165,0.8233530133402062,1.6583440826714062,0.968707621217322,0.1197307354095385,0.1818896114613614,0.6983796531291001
preictal_03,preictal,1095,1101,-45.0,19,EEG C4,True,14.956394142217823,6.224178152652859,0.19830674047541516,0.8079189864533763,1.5774040128115234,0.9473589232810311,0.12539451839647056,0.12028577423459452,0.7543197073689349
preictal_03,preictal,1095,1101,-45.0,20,EEG P4,True,9.121067044716044,3.281009643837501,0.17942038423966133,0.5926146914885391,2.3509354619606464,0.9459993711386981,0.202544948401298,0.22595439586469154,0.5715006557340105
preictal_03,preictal,1095,1101,-45.0,21,EEG O2,True,44.46607722213771,3.706207978546086,0.02702702702702703,0.12959599473201033,10.681556040321798,0.9195278912549255,0.2852745856160123,0.18619007349252098,0.5285353408914667
preictal_03,preictal,1095,1101,-45.0,22,EEG F8,True,47.08370624350525,14.494697867209876,0.13187886681862585,0.6150770796658628,2.201917297218126,0.9169910382566411,0.3639798598551286,0.11729454461661422,0.5187255955282571
preictal_03,preictal,1095,1101,-45.0,23,EEG T4,True,26.599532628341972,13.848641753328826,0.2067730380983393,0.8598144741157806,1.4995367953793,0.9360131473431195,0.10414931742434119,0.12483305256572277,0.771017630009936
preictal_03,preictal,1095,1101,-45.0,24,EEG T6,True,14.287221620812865,5.556913244590339,0.17616411592315206,0.5910280572747535,2.2081003553144116,0.9452922920213627,0.25525564033486214,0.24125942636041028,0.5034849333047277
preictal_03,preictal,1095,1101,-45.0,25,EEG Fc2,True,15.167533643957741,4.516892552231868,0.1729078476066428,0.5054375081777531,2.5916986118856102,0.849482792967969,0.5338989274730854,0.24359258481366022,0.2225084877132544
preictal_03,preictal,1095,1101,-45.0,26,EEG Fc6,True,28.320220235698805,15.111270303057973,0.20840117225659394,0.9681978800951095,1.483790669982914,0.9469086840089579,0.09294174121893345,0.1666099520935982,0.7404483066874684
preictal_03,preictal,1095,1101,-45.0,27,EEG Cp2,True,6.563079001751756,2.284076984115309,0.13708889612504072,0.5987821405580284,2.455022485338841,0.954758476395704,0.12696322534247992,0.25700500668156606,0.616031767975954
preictal_03,preictal,1095,1101,-45.0,28,EEG Cp6,True,12.741456071865953,5.079349463989421,0.17225659394334092,0.6972043612257991,1.9296522987753264,0.9275698076483776,0.2751825619329193,0.2285945321541717,0.49622290591290913
preictal_03,preictal,1095,1101,-45.0,29,EEG F10,True,30.71779711258449,11.289543920452978,0.14946271572777597,0.6726000280565547,2.1322095783285957,0.8773514060370198,0.3789412984245705,0.15608779117750762,0.4649709103979218
preictal_04,preictal,1101,1107,-39.0,1,EEG Fp1,True,22.584815107743548,3.05049412311877,0.05958971019211983,0.18086778213737004,6.387983376293076,0.6978593717103573,0.7838565919736018,0.06240934707749936,0.15373406094889888
preictal_04,preictal,1101,1107,-39.0,2,EEG F3,True,8.582608819770629,2.385849088297337,0.13643764246173884,0.36998166403609034,3.4235416600590542,0.8917617902546104,0.38194891486435995,0.11527129177285905,0.5027797933627811
preictal_04,preictal,1101,1107,-39.0,3,EEG C3,True,5.645780498845401,1.3291382045048854,0.1045262129599479,0.3025520530187022,4.561306219739661,0.9286067115673746,0.23002509829028547,0.20286828634238277,0.5671066153673318
preictal_04,preictal,1101,1107,-39.0,4,EEG P3,True,8.659148943331726,1.5149048058852093,0.05307717355910127,0.2237121827267918,6.0433043501923915,0.9470202987848511,0.2548349565412161,0.2527963476688742,0.49236869578990977
preictal_04,preictal,1101,1107,-39.0,5,EEG O1,True,7.417187004900052,2.7068620929792013,0.14620644741126668,0.48119846251404497,2.8087000238216406,0.8838725341278151,0.42196532235407597,0.15468543275219,0.423349244893734
preictal_04,preictal,1101,1107,-39.0,6,EEG F7,True,13.892923174212992,2.7008704381977346,0.06707912732009118,0.24652434274108248,5.578989850950832,0.8608090434322654,0.464047899000047,0.14276903131812285,0.3931830696818302
preictal_04,preictal,1101,1107,-39.0,7,EEG T3,True,12.356385646214997,6.7850905810821125,0.2158905893845653,0.851090228435232,1.4403120143764692,0.9326860689965548,0.10020040865292346,0.1703208179304929,0.7294787734165836
preictal_04,preictal,1101,1107,-39.0,8,EEG T5,True,9.294519259392244,4.541333826442055,0.20481927710843373,0.6281194257868833,1.9863222701646173,0.9356649788858653,0.2587669555294558,0.10061284644639402,0.6406201980241503
preictal_04,preictal,1101,1107,-39.0,9,EEG Fc1,True,5.036937469151708,1.2155872262164709,0.0963855421686747,0.30989916541477536,4.359803295231448,0.9285363587979094,0.2625290796790378,0.1620292211629748,0.5754416991579874
preictal_04,preictal,1101,1107,-39.0,10,EEG Fc5,True,8.258593307162359,2.865722595407411,0.13741452295669163,0.45423526372510564,3.045026017810944,0.9307087766984479,0.22915472204070306,0.1529190001722009,0.6179262777870961
preictal_04,preictal,1101,1107,-39.0,11,EEG Cp1,True,4.491815619261771,1.1019660229204489,0.11885379355258874,0.31752927526673025,4.444121573731021,0.9408382076861844,0.26244607710723755,0.21046382796080684,0.5270900949319556
preictal_04,preictal,1101,1107,-39.0,12,EEG Cp5,True,5.346625380378645,1.9781109163695252,0.14457831325301204,0.4741198413233512,2.754286879703367,0.937170000024217,0.29884325326763245,0.19306221166073165,0.5080945350716359
preictal_04,preictal,1101,1107,-39.0,13,EEG F9,True,8.023028563282615,3.5810620442197343,0.20188863562357537,0.5679315607615878,2.3948069758787187,0.9130670013309186,0.3804275915927225,0.18710382613788368,0.432468582269394
preictal_04,preictal,1101,1107,-39.0,14,EEG Fz,True,8.090450201486115,1.3503004080860026,0.08401172256593943,0.21424814579954704,6.188237870007164,0.8307901145006257,0.5448646573392297,0.10683507956425127,0.3483002630965189
preictal_04,preictal,1101,1107,-39.0,15,EEG Cz,True,4.443498247065275,1.1562444904104152,0.09443178117876913,0.3366125411149013,4.04137134676739,0.934065015037087,0.23658070150675048,0.21061307188683293,0.5528062266064165
preictal_04,preictal,1101,1107,-39.0,16,EEG Pz,True,5.13591440918831,1.1501959216069157,0.08205796157603387,0.28830069479394216,4.823210570256846,0.9397778972965622,0.2269182187505312,0.2410366221390868,0.532045159110382
preictal_04,preictal,1101,1107,-39.0,17,EEG Fp2,True,34.59101465784415,3.808053402239725,0.03809833930315858,0.14048063444845532,8.386420086834429,0.7366634841549006,0.7164732483047839,0.050436826851731925,0.2330899248434842
preictal_04,preictal,1101,1107,-39.0,18,EEG F4,True,12.49413518283475,4.100083068386391,0.13969391077824814,0.44197952063058077,2.9220727283809893,0.9054859422297875,0.34941484950287394,0.08424429487338313,0.5663408556237429
preictal_04,preictal,1101,1107,-39.0,19,EEG C4,True,5.7714297700933646,1.7436305661828524,0.12406382285900358,0.38683176933365965,3.3714825950237106,0.9345530466077849,0.24611875711932,0.21489890511148968,0.5389823377691905
preictal_04,preictal,1101,1107,-39.0,20,EEG P4,True,4.658037212190308,1.476359326022618,0.12601758384890915,0.4085690387328344,3.241973338730071,0.9226027977159335,0.22508012369957073,0.2741100794856362,0.5008097968147931
preictal_04,preictal,1101,1107,-39.0,21,EEG O2,True,9.89951942025506,1.8174910810495768,0.07359166395310973,0.23305963740238106,5.693009029013683,0.9153881342060631,0.299637565941572,0.23037522474693214,0.4699872093114959
preictal_04,preictal,1101,1107,-39.0,22,EEG F8,True,32.328295473949595,3.1099772233858856,0.030934549006838164,0.12284535170146951,11.114482236171105,0.7190574053747847,0.7480176045225442,0.06037104807895199,0.1916113473985038
preictal_04,preictal,1101,1107,-39.0,23,EEG T4,True,10.653114910849599,4.030759640945805,0.15011396939107782,0.5021775034521123,2.3762481556173403,0.9382554218173751,0.1402831049784114,0.13417729499618913,0.7255396000253995
preictal_04,preictal,1101,1107,-39.0,24,EEG T6,True,8.30560959184102,3.1598305778636218,0.14588082057961577,0.5251257541840114,2.314466515820374,0.9297178347251793,0.15850457965202203,0.25898613359011136,0.5825092867578667
preictal_04,preictal,1101,1107,-39.0,25,EEG Fc2,True,5.155475637746833,2.2257345206208314,0.17127971344838816,0.5478122485535127,2.116794437860435,0.9293023064422137,0.3124437168278712,0.13973701524012602,0.5478192679320029
preictal_04,preictal,1101,1107,-39.0,26,EEG Fc6,True,7.893066691308242,3.8341816952224392,0.2184956040377727,0.645981950352468,1.886854836443281,0.9386935958016079,0.24591901265619648,0.11908473118430321,0.6349962561595004
preictal_04,preictal,1101,1107,-39.0,27,EEG Cp2,True,3.9914345539377907,1.1314376729373081,0.11429501790947574,0.3687570570015624,3.8228369517593213,0.9290829521935219,0.25908482925149684,0.24276170063155966,0.4981534701169435
preictal_04,preictal,1101,1107,-39.0,28,EEG Cp6,True,5.15208869595913,1.7013349899267736,0.12699446434386194,0.4241264423220133,3.1221660132482123,0.9300569072251447,0.24630587731554193,0.28004140668915933,0.47365271599529873
preictal_04,preictal,1101,1107,-39.0,29,EEG F10,True,9.661376980074005,3.5005741387812908,0.1335070009768805,0.4524755379031768,2.9626146417051173,0.9214774599845993,0.3390216137663478,0.19629076881277738,0.46468761742087483
preictal_05,preictal,1107,1113,-33.0,1,EEG Fp1,True,20.475497068775404,2.781444483347281,0.0823835884076848,0.18058377113836918,6.414232256762896,0.7357802570974363,0.7625528878446171,0.07288975874640129,0.16455735340898162
preictal_05,preictal,1107,1113,-33.0,2,EEG F3,True,6.668356819795957,2.109295191739231,0.15727775968739824,0.4113978401595109,3.085749289442066,0.8891902362828639,0.4270541893317162,0.14642134195225848,0.42652446871602523
preictal_05,preictal,1107,1113,-33.0,3,EEG C3,True,5.2152133907207325,1.2324043416801869,0.08694236405079779,0.304231996699887,4.5839866168697005,0.945490442868106,0.2117769393327592,0.19619225556264083,0.5920308051045999
preictal_05,preictal,1107,1113,-33.0,4,EEG P3,True,5.238316570732535,1.4315192060855364,0.10420058612829697,0.3518351527420867,3.848661605519589,0.9292063742107717,0.3052538243777285,0.20445551181164195,0.4902906638106295
preictal_05,preictal,1107,1113,-33.0,5,EEG O1,True,6.503497083462399,2.6725988448381073,0.17844350374470858,0.5381905453916176,2.477431689404456,0.8710141449547146,0.4815781685243835,0.21622023247115524,0.3022015990044613
preictal_05,preictal,1107,1113,-33.0,6,EEG F7,True,13.559266661156753,2.663932224510758,0.07163790296320417,0.250190100379527,5.493170472268662,0.8900596056338932,0.4120722410182802,0.2119172084361808,0.37601055054553895
preictal_05,preictal,1107,1113,-33.0,7,EEG T3,True,12.570967480023384,6.7525494396548105,0.20970367958319766,0.8471392441299277,1.4544878724874322,0.9394346618292894,0.12456084845994027,0.13827562796233153,0.7371635235777282
preictal_05,preictal,1107,1113,-33.0,8,EEG T5,True,8.294163267764295,4.301786149346177,0.2194724845327255,0.6643805069747911,1.894935358757988,0.9373795045492271,0.2768956469563128,0.13990932908112888,0.5831950239625584
preictal_05,preictal,1107,1113,-33.0,9,EEG Fc1,True,3.7922044107612485,1.1528620027757206,0.11917942038423966,0.3918609506232386,3.4168934649037714,0.9162829853450015,0.32410910421712685,0.15726674713996588,0.5186241486429073
preictal_05,preictal,1107,1113,-33.0,10,EEG Fc5,True,5.53028358041817,2.70558697453878,0.1937479648323022,0.6440538000206103,2.1411844372386972,0.9369723742412326,0.21498404907930674,0.19600655658186072,0.5890093943388326
preictal_05,preictal,1107,1113,-33.0,11,EEG Cp1,True,4.751487962205579,1.038590156155675,0.07619667860631717,0.28015551048457693,5.102321833841909,0.9102373464415514,0.4007699842959804,0.20459972795269193,0.3946302877513277
preictal_05,preictal,1107,1113,-33.0,12,EEG Cp5,True,5.777346984250636,1.8926723214354506,0.11657440573103224,0.42328022378749164,3.0912217567423146,0.9280112063390433,0.291422572823243,0.17355215563757934,0.5350252715391777
preictal_05,preictal,1107,1113,-33.0,13,EEG F9,True,8.164827770965449,3.5757617053032122,0.18300227938782157,0.5485934843702703,2.465914888655595,0.893790649574015,0.37028291551757136,0.21933071787394404,0.4103863666084846
preictal_05,preictal,1107,1113,-33.0,14,EEG Fz,True,6.638068952856676,1.236931536044189,0.08140670791273201,0.2380173861410326,5.6712030764744155,0.8132735645018379,0.5811599117369209,0.10773328927422474,0.3111067989888542
preictal_05,preictal,1107,1113,-33.0,15,EEG Cz,True,4.370322476522419,1.0639416245544715,0.09312927385216542,0.3142951109939199,4.408463934545615,0.9257859267946047,0.3335417873453222,0.15333507335672872,0.5131231392979491
preictal_05,preictal,1107,1113,-33.0,16,EEG Pz,True,6.124503041966373,1.1009739519791724,0.06773038098339303,0.22826390869629037,6.105919468152379,0.911395494805297,0.3547566288581484,0.2547028127981543,0.39054055834369733
preictal_05,preictal,1107,1113,-33.0,17,EEG Fp2,True,26.211170107747265,3.6326617183322862,0.07163790296320417,0.1772535371633205,6.660606556374682,0.720802804676868,0.7911944142072986,0.05566701992730838,0.1531385658653929
preictal_05,preictal,1107,1113,-33.0,18,EEG F4,True,10.146243657448768,3.6696366155045794,0.17062845978508628,0.4809622140227678,2.5907774215826875,0.8903804817883801,0.4060852857453323,0.11669875916519315,0.47721595508947456
preictal_05,preictal,1107,1113,-33.0,19,EEG C4,True,4.397045237045664,1.6873811729609989,0.14457831325301204,0.4891382267602567,2.6338817288182517,0.93295510520674,0.2834333792593675,0.1980202461259314,0.518546374614701
preictal_05,preictal,1107,1113,-33.0,20,EEG P4,True,5.3644822694904635,1.4841333897011848,0.11559752523607945,0.3545945218880808,3.657262506160473,0.9442981639175202,0.18927068337051975,0.2732422590091162,0.537487057620364
preictal_05,preictal,1107,1113,-33.0,21,EEG O2,True,6.433873605842021,1.7757568403957364,0.11006186909801367,0.3531568445861947,3.6538377337786834,0.9449219133084442,0.26333374903657725,0.21616100071526628,0.5205052502481566
preictal_05,preictal,1107,1113,-33.0,22,EEG F8,True,22.921406170683586,2.8052778571013075,0.040377727124715074,0.15736036007680113,8.759418158093121,0.7063091252243605,0.8159446715620936,0.06936085598251525,0.11469447245539122
preictal_05,preictal,1107,1113,-33.0,23,EEG T4,True,9.79400415377786,3.898471356527598,0.1439270595897102,0.527691180772736,2.2251808191642235,0.9322239296505482,0.1342003902023915,0.14383160774516207,0.7219680020524465
preictal_05,preictal,1107,1113,-33.0,24,EEG T6,True,8.328581731851118,3.349136613383431,0.16411592315206774,0.5612886330193482,2.103279645154335,0.9424288644301989,0.16353860230817246,0.2305665866772337,0.6058948110145937
preictal_05,preictal,1107,1113,-33.0,25,EEG Fc2,True,5.302784747178322,2.2690880836925094,0.16346466948876587,0.5371419809194039,2.107441330436616,0.9003829050801059,0.37479698650194926,0.14915003067643456,0.4760529828216162
preictal_05,preictal,1107,1113,-33.0,26,EEG Fc6,True,7.247848726598787,3.503169907115076,0.1986323673070661,0.6508695114945173,1.8456013935026736,0.9164430095156114,0.31336404875637586,0.1326286346774572,0.554007316566167
preictal_05,preictal,1107,1113,-33.0,27,EEG Cp2,True,4.678967992411387,1.0326119436300583,0.09996743731683491,0.2882375804256842,4.895474977348479,0.9392498210969892,0.3157531334638225,0.23719567642864736,0.4470511901075301
preictal_05,preictal,1107,1113,-33.0,28,EEG Cp6,True,5.095614805996961,1.6337882662074812,0.135786388798437,0.41447282264101887,3.124770828265974,0.9032003097814147,0.21622500725073737,0.2772949213914887,0.5064800713577738
preictal_05,preictal,1107,1113,-33.0,29,EEG F10,True,7.647072538222548,3.1725454111045432,0.16313904265711496,0.5225342607964761,2.5887691742690535,0.8740526696026194,0.45808741423299765,0.161757715544792,0.38015487022221034
preictal_06,preictal,1113,1119,-27.0,1,EEG Fp1,True,30.069843052428205,2.7723288514279965,0.05828720286551612,0.12302968240751683,9.781441173222614,0.7484632230460883,0.6380877325953612,0.07511400325752078,0.28679826414711795
preictal_06,preictal,1113,1119,-27.0,2,EEG F3,True,14.309114669779218,2.133113763324296,0.057635949202214265,0.19668806111889192,6.667489025973739,0.9177338726683294,0.28679703871775514,0.1067483552378996,0.6064546060443453
preictal_06,preictal,1113,1119,-27.0,3,EEG C3,True,5.21971188965536,1.3730665915639197,0.09671116900032563,0.3431950288711935,4.148132839607192,0.9001003459106679,0.42259461121667735,0.16072560696731142,0.4166797818160112
preictal_06,preictal,1113,1119,-27.0,4,EEG P3,True,9.209796071275084,1.4688261854731761,0.03614457831325301,0.204774711625127,6.752345915333825,0.9359598483723336,0.3202320976202855,0.20295952840975648,0.47680837396995807
preictal_06,preictal,1113,1119,-27.0,5,EEG O1,True,11.913537724487453,2.5430664305494983,0.05405405405405406,0.2801540415711065,4.673582936568192,0.9067237222692855,0.4277691398839067,0.2290605485628201,0.3431703115532732
preictal_06,preictal,1113,1119,-27.0,6,EEG F7,True,33.187245299299285,2.8547632315170546,0.04005210029306415,0.11033709543868708,12.581203101110829,0.9307978476116836,0.35404022996285944,0.22833828785701232,0.41762148218012823
preictal_06,preictal,1113,1119,-27.0,7,EEG T3,True,12.527243060803007,6.493025547463767,0.1986323673070661,0.8164968392751464,1.5113038536759131,0.9332368555411659,0.0862259486135298,0.15583539980233702,0.7579386515841332
preictal_06,preictal,1113,1119,-27.0,8,EEG T5,True,8.339479162583535,3.628837030573263,0.16900032562683165,0.5701525465935569,2.1855337336868756,0.9569078390818833,0.14876972672542463,0.2009665005801679,0.6502637726944075
preictal_06,preictal,1113,1119,-27.0,9,EEG Fc1,True,6.237215077121118,1.3144187586207325,0.08108108108108109,0.2772132471033432,5.027186434976702,0.9064562479910422,0.3775894376646414,0.1498763190446467,0.472534243290712
preictal_06,preictal,1113,1119,-27.0,10,EEG Fc5,True,10.101961210696768,2.7539287630198808,0.10843373493975904,0.3547093457667389,3.871295232464131,0.9510389850697125,0.25226608522469535,0.17018178007680954,0.5775521346984951
preictal_06,preictal,1113,1119,-27.0,11,EEG Cp1,True,5.006182032364985,1.2045911540297687,0.07912732009117551,0.3169125398732454,4.577571779644136,0.8956680241379252,0.41866135975819796,0.17297180588623368,0.4083668343555683
preictal_06,preictal,1113,1119,-27.0,12,EEG Cp5,True,6.358892088502544,1.7755803740103273,0.09996743731683491,0.36002234822812146,3.744013048661879,0.9455946424662107,0.2966095351304187,0.1464688950415542,0.5569215698280272
preictal_06,preictal,1113,1119,-27.0,13,EEG F9,True,9.197037680326924,3.5691427484467466,0.1289482253337675,0.4949787884845331,2.780653266467793,0.8843633748914222,0.37658738941246434,0.2531206638883268,0.37029194669920884
preictal_06,preictal,1113,1119,-27.0,14,EEG Fz,True,7.220305378064213,1.4574831964786061,0.08987300553565614,0.2606348129738649,5.311033880519071,0.8974286996825939,0.42761909459549013,0.13051610592491775,0.4418647994795921
preictal_06,preictal,1113,1119,-27.0,15,EEG Cz,True,8.442389245999852,1.2742008297103484,0.045262129599479,0.19752431661698922,7.164551072640893,0.8879460279034463,0.45505713757196026,0.16894714610525396,0.3759957163227858
preictal_06,preictal,1113,1119,-27.0,16,EEG Pz,True,7.2027716804600015,1.2684250928572305,0.07261478345815696,0.23067823879007668,6.115956630122254,0.9251612449139747,0.30749106845509167,0.20182695243297863,0.4906819791119297
preictal_06,preictal,1113,1119,-27.0,17,EEG Fp2,True,42.40498716840847,3.934282855978087,0.015630087919244546,0.12149198535808936,9.807288822205729,0.7782881965613035,0.6151395605545347,0.05489864695483952,0.32996179249062585
preictal_06,preictal,1113,1119,-27.0,18,EEG F4,True,19.093117775294406,4.065614651638527,0.08368609573428851,0.30041971665820394,3.976883565605554,0.9415471379142759,0.26221734968643395,0.13440839210548164,0.6033742582080844
preictal_06,preictal,1113,1119,-27.0,19,EEG C4,True,14.852709822398273,1.9035162938576027,0.039400846629762294,0.16571200133046546,7.883983109676258,0.9512001567525264,0.30854144259668953,0.17771315480959674,0.5137454025937139
preictal_06,preictal,1113,1119,-27.0,20,EEG P4,True,7.50085702803434,1.6064803661411198,0.06707912732009118,0.27784736499527707,4.81530247606562,0.943313126619895,0.20566287131568695,0.21437699620050327,0.5799601324838098
preictal_06,preictal,1113,1119,-27.0,21,EEG O2,True,12.76565568953626,1.8373706382268555,0.045262129599479,0.18471335346539147,7.2232770828165735,0.8830616527732333,0.4470002805367863,0.1854428830486782,0.3675568364145354
preictal_06,preictal,1113,1119,-27.0,22,EEG F8,True,55.72185524020494,2.9407392731681132,0.021165744057310323,0.06824219511699464,19.602496521128618,0.7341717863461514,0.7470735993838308,0.09216702190242604,0.16075937871374318
preictal_06,preictal,1113,1119,-27.0,23,EEG T4,True,16.77342701186096,4.165994078773341,0.1162487788993813,0.3436818170959618,3.4623757583271106,0.8908836459692179,0.1709623710055132,0.11241843437591252,0.7166191946185743
preictal_06,preictal,1113,1119,-27.0,24,EEG T6,True,13.177810351681615,3.231484608171744,0.0986649299902312,0.3366800506646909,3.5752386582642885,0.9443481613227102,0.19703384906993712,0.21621809196528546,0.5867480589647774
preictal_06,preictal,1113,1119,-27.0,25,EEG Fc2,True,5.629533993915157,2.4314930784222,0.17225659394334092,0.5495827362951906,2.148641765771337,0.9336385642815911,0.37710968162284675,0.1328541788935138,0.49003613948363944
preictal_06,preictal,1113,1119,-27.0,26,EEG Fc6,True,13.874524565262426,3.565499612602205,0.14360143275805926,0.3465025098581543,3.52862250852574,0.908883947552544,0.38413888223124604,0.12853334563120167,0.4873277721375523
preictal_06,preictal,1113,1119,-27.0,27,EEG Cp2,True,7.274329578914669,1.2648405669366851,0.05014653207424292,0.22998513801554224,6.186974471606094,0.9345939186825568,0.2517746433579265,0.18978856026514979,0.5584367963769237
preictal_06,preictal,1113,1119,-27.0,28,EEG Cp6,True,9.431772208747091,1.7844130588544846,0.08042982741777922,0.2438234789538139,5.5170548627324605,0.9189036755270042,0.34339861754704587,0.2339742046060802,0.422627177846874
preictal_06,preictal,1113,1119,-27.0,29,EEG F10,True,24.764327453917538,3.26631052768366,0.10647997394985347,0.1684222062693683,7.916959976456411,0.7935446699766245,0.6515526274257184,0.1451809643627621,0.20326640821151962
preictal_07,preictal,1119,1125,-21.0,1,EEG Fp1,True,31.392347635208388,2.5261993465775645,0.0371214588082058,0.10594165653788443,10.941295949229968,0.6293473680254694,0.8093078121386307,0.049388797629339606,0.14130339023202979
preictal_07,preictal,1119,1125,-21.0,2,EEG F3,True,18.45629842812579,2.1185165453755817,0.040703353956366005,0.1519241064307087,8.326013966519783,0.8726672789421259,0.4331617869517513,0.1331661103896754,0.43367210265857337
preictal_07,preictal,1119,1125,-21.0,3,EEG C3,True,5.968508849897136,1.3610407184110902,0.095083034842071,0.2949228391447971,4.540897132478255,0.9245437449359912,0.16779935889864422,0.10267993587589837,0.7295207052254575
preictal_07,preictal,1119,1125,-21.0,4,EEG P3,True,7.0755263339258585,1.461568598240286,0.07880169325952459,0.2638451098861945,4.988822848641946,0.9077868895202296,0.23247830331271233,0.11161669444616608,0.6559050022411217
preictal_07,preictal,1119,1125,-21.0,5,EEG O1,True,13.017071915700669,2.4733087166981518,0.06219472484532725,0.24629617982130717,5.175708681723123,0.936969262729732,0.2733740618680424,0.15787729171526524,0.5687486464166923
preictal_07,preictal,1119,1125,-21.0,6,EEG F7,True,41.85476851024768,2.843519582537496,0.009443178117876913,0.08769545994229724,15.00564191397002,0.7198194106367067,0.6872224969098297,0.11383109662615896,0.19894640646401132
preictal_07,preictal,1119,1125,-21.0,7,EEG T3,True,13.678927288865637,5.792681133373714,0.15760338651904918,0.6744451363046599,1.813964366301498,0.9317110969264766,0.19180271620030595,0.1253648386088716,0.6828324451908224
preictal_07,preictal,1119,1125,-21.0,8,EEG T5,True,11.10084771298717,4.115637662855978,0.13415825464018236,0.47527381688078796,2.6314234049169833,0.917662463030004,0.2081314140328242,0.12783022820949966,0.6640383577576762
preictal_07,preictal,1119,1125,-21.0,9,EEG Fc1,True,5.129001055090065,1.2474305439917315,0.08694236405079779,0.31571466592951164,4.233823377485613,0.9267207472527185,0.29879278868248865,0.14248008865078327,0.558727122666728
preictal_07,preictal,1119,1125,-21.0,10,EEG Fc5,True,13.459557311992514,2.564794790052686,0.060240963855421686,0.24706728720818683,5.456260896125327,0.9079393400296699,0.3627312948915576,0.12949080789190323,0.5077778972165392
preictal_07,preictal,1119,1125,-21.0,11,EEG Cp1,True,6.293869809087219,1.1222918024075417,0.07847606642787365,0.2322727629140647,6.049131098079788,0.9347381391079987,0.2560881455399203,0.12651689569713354,0.6173949587629461
preictal_07,preictal,1119,1125,-21.0,12,EEG Cp5,True,8.218510340379003,1.8994298967360808,0.09182676652556171,0.2949898454725446,4.374779352398197,0.8810147202103689,0.3235330324100344,0.10151694598237773,0.5749500216075879
preictal_07,preictal,1119,1125,-21.0,13,EEG F9,True,11.044246597264465,3.6725817517160264,0.14197329859980462,0.4229307640271766,3.1891373182339335,0.7800729893422751,0.5508890006555157,0.14508001892194192,0.30403098042254234
preictal_07,preictal,1119,1125,-21.0,14,EEG Fz,True,10.185757128396633,1.3752787657392944,0.07000976880494952,0.1735678535390619,7.631279542635215,0.7935960633355976,0.5473014927693824,0.12162463438655999,0.3310738728440576
preictal_07,preictal,1119,1125,-21.0,15,EEG Cz,True,6.816783689817338,1.1716579570847647,0.051123412569195704,0.22325400364053885,6.181805247282062,0.9327923828714589,0.29567866762443545,0.13477595178643761,0.5695453805891271
preictal_07,preictal,1119,1125,-21.0,16,EEG Pz,True,6.51361357771426,1.1675373168860912,0.04916965157929013,0.23254098230600162,5.8816425153061385,0.9522834777279838,0.2597548312531878,0.1715289604383257,0.5687162083084865
preictal_07,preictal,1119,1125,-21.0,17,EEG Fp2,True,48.01626378249481,3.6659189154956615,0.014653207424291761,0.09924090666541856,11.96216847348362,0.6318044557319934,0.812104419213402,0.036178847383918876,0.1517167334026792
preictal_07,preictal,1119,1125,-21.0,18,EEG F4,True,16.57380438440206,3.0826062624227517,0.06121784435037447,0.25295872043493944,4.9493635571366905,0.8357252250713197,0.5010773102071715,0.11268108152245798,0.38624160827037046
preictal_07,preictal,1119,1125,-21.0,19,EEG C4,True,6.044615840293454,1.7103926407483443,0.11331813741452296,0.3644854855518133,3.4782123148728044,0.9162444032511396,0.14491208357352253,0.11556853486409939,0.7395193815623781
preictal_07,preictal,1119,1125,-21.0,20,EEG P4,True,8.944223921672585,1.5027805434916204,0.06414848583523282,0.21839185781637957,5.805163387108235,0.9205203877463962,0.18083528995178957,0.1489367898185962,0.6702279202296142
preictal_07,preictal,1119,1125,-21.0,21,EEG O2,True,11.543037661113134,1.7224835750780032,0.06675350048844025,0.19191982035638955,6.530450165921223,0.9377312058090649,0.23884563206925016,0.15332792277221227,0.6078264451585376
preictal_07,preictal,1119,1125,-21.0,22,EEG F8,True,47.81343936667289,2.6987008273386577,0.012373819602735266,0.07319153391136045,17.93163542634345,0.6898929929572926,0.819417484268796,0.07882070232461696,0.10176181340658691
preictal_07,preictal,1119,1125,-21.0,23,EEG T4,True,28.260156629590558,3.298579033505723,0.0371214588082058,0.157917908356454,7.757922498141942,0.933679591493006,0.30119670054222597,0.1456345725004587,0.5531687269573153
preictal_07,preictal,1119,1125,-21.0,24,EEG T6,True,13.219680293635674,2.9778731348812686,0.0882448713774015,0.31279291403208404,3.754760376465357,0.9345997372929024,0.2497837606859651,0.18236195976779287,0.5678542795462421
preictal_07,preictal,1119,1125,-21.0,25,EEG Fc2,True,11.206583035261179,2.3561864072587264,0.07717355910126994,0.2651347655610832,4.271279198279838,0.9039269253424822,0.273687561054776,0.15386982195346852,0.5724426169917555
preictal_07,preictal,1119,1125,-21.0,26,EEG Fc6,True,11.467815357221394,2.819391682235106,0.09573428850537284,0.3264149892541894,3.68621151191748,0.9085734275314687,0.41503103447318934,0.10413847385720588,0.48083049166960473
preictal_07,preictal,1119,1125,-21.0,27,EEG Cp2,True,5.210571985125049,1.1428549680655233,0.07815043959622273,0.28900264537345605,4.798680780011433,0.9452578319175645,0.16658565584541768,0.1513442104254362,0.6820701337291462
preictal_07,preictal,1119,1125,-21.0,28,EEG Cp6,True,6.945369272379192,1.6287570122750512,0.1103874959296646,0.30621811054125453,4.219916202755698,0.9217849686864202,0.2419630734243133,0.11494245598501049,0.6430944705906764
preictal_07,preictal,1119,1125,-21.0,29,EEG F10,True,16.33628996399246,3.1842959376401105,0.11494627157277759,0.24651522901177292,5.291108859950025,0.8018534145306131,0.6286965807320674,0.1336097454154202,0.23769367385251244
preictal_08,preictal,1125,1131,-15.0,1,EEG Fp1,True,23.826809032861664,2.097742599921762,0.043308368609573426,0.11443370025959326,10.458474923132973,0.6937411266192048,0.8278288582071123,0.06618508204468708,0.10598605974820069
preictal_08,preictal,1125,1131,-15.0,2,EEG F3,True,8.900113512292458,1.750758824072926,0.09345490068381634,0.259237845596884,4.843344844979865,0.8905238184239122,0.47962641547637913,0.14582408497888952,0.37454949954473127
preictal_08,preictal,1125,1131,-15.0,3,EEG C3,True,4.029915075226469,1.1125631054705984,0.12504070335395637,0.3575950870664534,3.9051506745554283,0.8952683348991218,0.3556701025965565,0.17601499466566514,0.4683149027377783
preictal_08,preictal,1125,1131,-15.0,4,EEG P3,True,4.97227524747677,1.2677350821731044,0.09996743731683491,0.3276455668079194,4.165115354312103,0.9539616361224147,0.26091802553321247,0.2322366551539866,0.5068453193128009
preictal_08,preictal,1125,1131,-15.0,5,EEG O1,True,8.595330359748916,2.411997184731292,0.10973624226636275,0.36368172659598796,3.578067245316087,0.9252226466591577,0.3512356578359062,0.24307226218612854,0.40569207997796525
preictal_08,preictal,1125,1131,-15.0,6,EEG F7,True,18.93809214036972,2.5104639494540715,0.030934549006838164,0.17030485012402757,7.946635076154272,0.7856753943846221,0.6537097523930752,0.13128138873744105,0.21500885886948387
preictal_08,preictal,1125,1131,-15.0,7,EEG T3,True,12.552761172239274,6.2245901868992375,0.1950504721589059,0.8121728719482711,1.517630994703024,0.9486397472342577,0.06873809484866145,0.1408427115380733,0.7904191936132652
preictal_08,preictal,1125,1131,-15.0,8,EEG T5,True,8.366962723850477,3.937954390206785,0.19244545750569847,0.6051323917688146,2.085483896225303,0.9572578948371231,0.15481654773767925,0.17586169243344701,0.6693217598288738
preictal_08,preictal,1125,1131,-15.0,9,EEG Fc1,True,4.217578636743544,1.088712750184821,0.0963855421686747,0.33046686420368043,4.090946369685683,0.8590037336589239,0.47320832657358425,0.10036296278448423,0.4264287106419316
preictal_08,preictal,1125,1131,-15.0,10,EEG Fc5,True,8.005276099457193,2.2382727674818206,0.0928036470205145,0.3633586887465058,3.6642934469807154,0.9376831599957088,0.3198333351984077,0.14167237821926418,0.5384942865823281
preictal_08,preictal,1125,1131,-15.0,11,EEG Cp1,True,4.224168002651485,0.9645670278026914,0.08270921523933572,0.29607798045173145,4.820275309050748,0.9378786618502638,0.28688857444545823,0.2800086024733457,0.43310282308119613
preictal_08,preictal,1125,1131,-15.0,12,EEG Cp5,True,6.241342939189858,1.6981426141292302,0.11299251058287203,0.353461788409203,3.7240626496764317,0.9519162364985937,0.22999783095584547,0.20795143558283852,0.562050733461316
preictal_08,preictal,1125,1131,-15.0,13,EEG F9,True,9.02722835865859,3.382967983425814,0.15304461087593618,0.4743492951290965,2.8446218969105583,0.9326376689383296,0.3376944985224611,0.2015663729847924,0.46073912849274656
preictal_08,preictal,1125,1131,-15.0,14,EEG Fz,True,7.5709064497587155,1.2461653766729703,0.07912732009117551,0.20998736782474992,6.332616563950615,0.8237519530637992,0.6087109766551422,0.11013480170911974,0.28115422163573817
preictal_08,preictal,1125,1131,-15.0,15,EEG Cz,True,4.214334580615062,1.078565547318393,0.0941061543471182,0.3332748703917109,4.064278140480308,0.8946694676678734,0.3540817919521749,0.12057624427352473,0.5253419637743004
preictal_08,preictal,1125,1131,-15.0,16,EEG Pz,True,5.58045030135246,1.0400187482395638,0.0615434711820254,0.23977168693565662,5.794418052771363,0.904562161122662,0.4359943921046105,0.23942832232901562,0.32457728556637383
preictal_08,preictal,1125,1131,-15.0,17,EEG Fp2,True,29.48558196276466,2.96298098525483,0.03223705633344188,0.12789458843800827,9.227553177638576,0.7322288065242624,0.7649765940232205,0.05818152819250851,0.17684187778427102
preictal_08,preictal,1125,1131,-15.0,18,EEG F4,True,12.549546555031524,2.4280795314248675,0.05568218821230869,0.25211401369436415,5.019337288821448,0.9270471061492866,0.3211783932504901,0.12085410198752636,0.5579675047619835
preictal_08,preictal,1125,1131,-15.0,19,EEG C4,True,9.442360029065027,1.673583867056668,0.046890263757733634,0.22557656077062224,5.63240853257817,0.9194686600246659,0.39240126560319954,0.18962806522485434,0.417970669171946
preictal_08,preictal,1125,1131,-15.0,20,EEG P4,True,5.228189041511966,1.359657216626043,0.08759361771409964,0.3343283862440419,3.8923608694738294,0.9409970047923849,0.34672684360379374,0.1488328973534858,0.5044402590427204
preictal_08,preictal,1125,1131,-15.0,21,EEG O2,True,8.027204651022371,1.6136761267474733,0.0719635297948551,0.25415032801755544,5.0466881858381925,0.9375102965023482,0.2708978639363638,0.1869044440155944,0.542197692048042
preictal_08,preictal,1125,1131,-15.0,22,EEG F8,True,27.105847375714323,2.3754060212535024,0.015630087919244546,0.11390354044834948,11.395516569576294,0.8406312097748291,0.5089982607225247,0.2065487868654138,0.2844529524120615
preictal_08,preictal,1125,1131,-15.0,23,EEG T4,True,11.822247937525121,2.8963738841761955,0.10778248127645718,0.3394559815717829,3.5974744545798267,0.9200934359655065,0.29519689128682153,0.22834138034541981,0.47646172836775874
preictal_08,preictal,1125,1131,-15.0,24,EEG T6,True,9.787381811816191,3.0480250801832454,0.10908498860306089,0.4387731184490972,2.7014176368140754,0.9267982483501981,0.26611942398093474,0.17987375722013846,0.5540068187989269
preictal_08,preictal,1125,1131,-15.0,25,EEG Fc2,True,8.12505108123135,2.353259835618153,0.09475740801042006,0.36227288490137505,3.067089838747791,0.9111689191628758,0.3916245047561666,0.205003269192686,0.40337222605114736
preictal_08,preictal,1125,1131,-15.0,26,EEG Fc6,True,6.550158240180173,2.284909342068519,0.15369586453923803,0.473823233729703,2.636195905667239,0.944073833753817,0.29875267820788154,0.18161539831053922,0.5196319234815793
preictal_08,preictal,1125,1131,-15.0,27,EEG Cp2,True,3.0283291036085194,1.017370544458496,0.13611201563008793,0.4399780823907802,3.2201986109766363,0.929786465798563,0.3819099904199438,0.15214921644404245,0.46594079313601394
preictal_08,preictal,1125,1131,-15.0,28,EEG Cp6,True,9.355220056890838,1.5004563557014592,0.0742429176164116,0.20670758858347554,6.342326932793313,0.917102345371393,0.36561302772638504,0.16452752644276697,0.469859445830848
preictal_08,preictal,1125,1131,-15.0,29,EEG F10,True,10.693359865264767,2.9621346716478785,0.10810810810810811,0.3452366563822615,3.7976066372442436,0.8651751454974049,0.5063273702436778,0.16902099770539947,0.3246516320509228
preictal_09,preictal,1131,1137,-9.0,1,EEG Fp1,True,18.58598291576114,1.856391935127924,0.06642787365678932,0.13098315235208183,9.236018880923009,0.7236391458558104,0.776204735366535,0.09065684790735788,0.13313841672610707
preictal_09,preictal,1131,1137,-9.0,2,EEG F3,True,8.325796712627678,1.6745457470390255,0.09443178117876913,0.2621029201602968,4.7701644083537555,0.9536434780363054,0.2573116435045356,0.18348434388043333,0.5592040126150309
preictal_09,preictal,1131,1137,-9.0,3,EEG C3,True,4.760247056902745,1.1935431438260633,0.09475740801042006,0.32272236877036553,4.242433978997749,0.9246004261837253,0.3400477723458869,0.15063320098922267,0.5093190266648906
preictal_09,preictal,1131,1137,-9.0,4,EEG P3,True,5.427808624304202,1.3311071530200895,0.08759361771409964,0.314995409642911,4.2919092814481745,0.9387602287922383,0.2563769468385675,0.16074742327902725,0.5828756298824054
preictal_09,preictal,1131,1137,-9.0,5,EEG O1,True,7.102138770272518,2.433292688956043,0.1289482253337675,0.4405046353458456,3.0084896381345994,0.9487320260314105,0.26096685270096986,0.14662322178284595,0.5924099255161842
preictal_09,preictal,1131,1137,-9.0,6,EEG F7,True,22.605213370731075,2.3127584066444618,0.0615434711820254,0.1320890223398004,10.156274507688591,0.86617225582124,0.4639153491265061,0.2586553099827836,0.27742934089071025
preictal_09,preictal,1131,1137,-9.0,7,EEG T3,True,13.142200326430087,6.317719555509915,0.19081732334744383,0.7813359346073478,1.578625746734956,0.9412275427980042,0.15249368917963615,0.15869079363696192,0.688815517183402
preictal_09,preictal,1131,1137,-9.0,8,EEG T5,True,8.661809538276241,3.9777437977892354,0.17616411592315206,0.587890858474551,2.1325068300751386,0.9562254158694886,0.21335754741577156,0.13804981119993118,0.6485926413842973
preictal_09,preictal,1131,1137,-9.0,9,EEG Fc1,True,7.014964950208155,1.1455308459459774,0.06317160534028005,0.20797036137816596,6.297116728037817,0.9070490532015064,0.28564324498411475,0.12263363905191745,0.5917231159639678
preictal_09,preictal,1131,1137,-9.0,10,EEG Fc5,True,8.755258302914296,2.163475898763878,0.10029306414848584,0.32214502779254767,4.0439219168356,0.905811195976975,0.29227300757426994,0.18994018612416855,0.5177868063015615
preictal_09,preictal,1131,1137,-9.0,11,EEG Cp1,True,3.8547627417751773,1.0079767231123349,0.10713122761315533,0.34164123804755,4.147584248747404,0.9281015413612014,0.2671875793377474,0.15758491115775253,0.5752275095045
preictal_09,preictal,1131,1137,-9.0,12,EEG Cp5,True,6.351252904999652,1.7851107868315907,0.10517746662324975,0.3621047701490148,3.5966094834524367,0.9248361131377304,0.2894969663466337,0.17791492243391588,0.5325881112194504
preictal_09,preictal,1131,1137,-9.0,13,EEG F9,True,10.688370003822843,3.3763099639611207,0.14620644741126668,0.399346238535123,3.398602843686342,0.848571209696431,0.5329574395789143,0.2240750229437366,0.24296753747734898
preictal_09,preictal,1131,1137,-9.0,14,EEG Fz,True,12.810773597628348,1.271447826032158,0.047215890589384565,0.1266473219437982,10.257037051544579,0.8930063170893976,0.4559084001273008,0.11696393872704258,0.4271276611456566
preictal_09,preictal,1131,1137,-9.0,15,EEG Cz,True,6.426264659930261,1.100852752526443,0.06675350048844025,0.2212758453233604,6.149444504279875,0.9080661190911209,0.2722837002404103,0.10254430523257463,0.6251719945270151
preictal_09,preictal,1131,1137,-9.0,16,EEG Pz,True,6.9921464901852906,1.0760471295539424,0.04363399544122436,0.198166152491686,6.973748595759917,0.9399486034681562,0.3295279696898779,0.15998555313276602,0.5104864771773561
preictal_09,preictal,1131,1137,-9.0,17,EEG Fp2,True,31.871246384592098,2.8516782759721977,0.05796157603386519,0.11431553642546995,10.017203971882022,0.6755840233294484,0.8310604884380297,0.05569047659894917,0.11324903496302112
preictal_09,preictal,1131,1137,-9.0,18,EEG F4,True,12.375042321310772,2.254902041925455,0.10680560078150439,0.23615886705665712,5.370286239489859,0.8459851046077476,0.5613650307662841,0.0989878274539127,0.33964714177980315
preictal_09,preictal,1131,1137,-9.0,19,EEG C4,True,4.442012250837612,1.5796766615919355,0.14946271572777597,0.4574540879365511,2.833725857616425,0.9397468819878138,0.29152008622236814,0.1576892535262797,0.550790660251352
preictal_09,preictal,1131,1137,-9.0,20,EEG P4,True,5.044882665026969,1.3595107411985774,0.09312927385216542,0.34894144203585864,3.7353404869106552,0.9355438619275127,0.17105922467967793,0.20818532971710974,0.6207554456032123
preictal_09,preictal,1131,1137,-9.0,21,EEG O2,True,7.9914458338781955,1.6036707957418388,0.07163790296320417,0.25506361637533914,5.081388655845907,0.9186341709297804,0.25261834739924205,0.15077978199811237,0.5966018706026455
preictal_09,preictal,1131,1137,-9.0,22,EEG F8,True,38.58447754177524,2.315732459449777,0.025398892868772387,0.07648847682183554,16.82712833160345,0.6516468402622134,0.8600857167395631,0.07593955878486225,0.0639747244755747
preictal_09,preictal,1131,1137,-9.0,23,EEG T4,True,16.52622143985963,2.9027206327635633,0.08205796157603387,0.24744438115437808,4.9080011353753115,0.9279474101520009,0.2043583339631464,0.26195772591188565,0.533683940124968
preictal_09,preictal,1131,1137,-9.0,24,EEG T6,True,9.026642937903446,3.1271572591101293,0.13806577661999347,0.4912893983905595,2.379920872360966,0.8868417924454834,0.1301714264070458,0.08661117754028133,0.7832173960526729
preictal_09,preictal,1131,1137,-9.0,25,EEG Fc2,True,8.975474749780608,2.2921598284215015,0.09475740801042006,0.3210033064034411,3.4940342667269024,0.8754280659832414,0.34646938682332196,0.10414528953511443,0.5493853236415637
preictal_09,preictal,1131,1137,-9.0,26,EEG Fc6,True,7.2085326999035315,2.2021076070359658,0.14229892543145556,0.4023603727183708,3.1033509851982877,0.8677571398321234,0.49457313982586293,0.151342512973279,0.35408434720085796
preictal_09,preictal,1131,1137,-9.0,27,EEG Cp2,True,3.614309115260197,1.01201464814343,0.11103874959296646,0.36741503823566635,3.8921786173200594,0.9317760326004705,0.35034982436525736,0.17587489196058817,0.4737752836741546
preictal_09,preictal,1131,1137,-9.0,28,EEG Cp6,True,4.975857529246573,1.4816772816855261,0.1302507326603712,0.38928465604501644,3.3962373634162315,0.9430386594214205,0.20003341945187897,0.17453969380411083,0.6254268867440103
preictal_09,preictal,1131,1137,-9.0,29,EEG F10,True,9.329335965122842,2.893047339365398,0.15271898404428524,0.3867737580377401,3.3826399498535555,0.8594679122559895,0.5085481846861915,0.17429706755830415,0.3171547477555043
preictal_10,preictal,1137,1143,-3.0,1,EEG Fp1,True,20.62631475064785,1.7619795706627326,0.03028329534353631,0.11056367007289652,11.14077315327657,0.6502479598263063,0.8408611863021372,0.05654569608514903,0.10259311761271386
preictal_10,preictal,1137,1143,-3.0,2,EEG F3,True,8.990414396627726,1.4545918896705328,0.06773038098339303,0.207938188083604,6.2614288749696065,0.8553928236649782,0.5219971106816009,0.10641385701670765,0.37158903230169144
preictal_10,preictal,1137,1143,-3.0,3,EEG C3,True,7.123665974218368,1.1745907970164342,0.06642787365678932,0.215512978760738,6.365497026057626,0.9116245029307648,0.4174665235945625,0.17681390142824926,0.40571957497718825
preictal_10,preictal,1137,1143,-3.0,4,EEG P3,True,6.48937264845944,1.374705981101395,0.09019863236730706,0.2707684825343408,4.956346009704896,0.9046324281475713,0.44242526701099505,0.18656550889890847,0.3710092240900965
preictal_10,preictal,1137,1143,-3.0,5,EEG O1,True,7.111349200250584,2.4854500262009718,0.15499837186584176,0.45825570178442093,2.824312376006082,0.8978322727396356,0.39277710674210775,0.18652893812942478,0.42069395512846747
preictal_10,preictal,1137,1143,-3.0,6,EEG F7,True,20.83498276516167,2.377660446341008,0.042005861282969716,0.1453419358950079,9.653088337035907,0.8458478723427165,0.5603149943012639,0.1597783637974011,0.279906641901335
preictal_10,preictal,1137,1143,-3.0,7,EEG T3,True,12.893791576706366,6.112009603599453,0.181048518397916,0.7818338167823019,1.562678085068239,0.9482482157954238,0.12223221256429129,0.17351910128000927,0.7042486861556995
preictal_10,preictal,1137,1143,-3.0,8,EEG T5,True,8.512148034076903,4.267500373830039,0.1976554868121133,0.63926343274797,1.9618429186742645,0.9215431347484797,0.2646699135200612,0.11030006465584075,0.6250300218240982
preictal_10,preictal,1137,1143,-3.0,9,EEG Fc1,True,5.2403083470791945,1.1152999345341161,0.08889612504070335,0.2741357510211112,4.896502476730504,0.8810767893142191,0.4772262602703487,0.0960957252911021,0.4266780144385492
preictal_10,preictal,1137,1143,-3.0,10,EEG Fc5,True,9.400730129118795,2.047837089162097,0.09084988603060892,0.28233513115462155,4.664461700664481,0.9229091805506885,0.31706124342173997,0.1556915679167667,0.5272471886614933
preictal_10,preictal,1137,1143,-3.0,11,EEG Cp1,True,3.789328552344253,1.0101145951509145,0.11331813741452296,0.3431404276438571,4.153445317568826,0.9021277294270107,0.42219126788612876,0.24477835693229563,0.3330303751815755
preictal_10,preictal,1137,1143,-3.0,12,EEG Cp5,True,5.645394183083084,1.8321832158378264,0.13187886681862585,0.4181483077764112,3.1010291329392703,0.9215739686044382,0.31433551875083093,0.21455740960211722,0.47110707164705184
preictal_10,preictal,1137,1143,-3.0,13,EEG F9,True,9.789042975055265,3.484955130930019,0.14457831325301204,0.44752366735842275,3.0258772422219633,0.9055417633305759,0.36854736411361305,0.20012147304057046,0.43133116284581663
preictal_10,preictal,1137,1143,-3.0,14,EEG Fz,True,7.966232381662992,1.2101479142384246,0.0719635297948551,0.19540902526491719,6.838491525026508,0.7291982628195924,0.694693016945901,0.07989927352255391,0.2254077095315451
preictal_10,preictal,1137,1143,-3.0,15,EEG Cz,True,6.020609623190835,1.0879374616581776,0.06903288830999674,0.2331967321349118,5.9366446644846835,0.9112868737491424,0.4046446678862051,0.15598706171917623,0.4393682703946187
preictal_10,preictal,1137,1143,-3.0,16,EEG Pz,True,5.771828305867156,1.057388113413459,0.06577661999348747,0.23450203669536096,5.890906727415699,0.9002248164096799,0.4280893954501243,0.18768792384630537,0.38422268070357035
preictal_10,preictal,1137,1143,-3.0,17,EEG Fp2,True,33.583724539527,2.746973995236937,0.03647020514490394,0.10468829040150636,11.134475561143022,0.6637787150145364,0.8112007298709989,0.06678685746910486,0.12201241265989621
preictal_10,preictal,1137,1143,-3.0,18,EEG F4,True,13.768660118814093,2.0859210285999144,0.06121784435037447,0.1968149831932543,6.559467254219146,0.8404677671058518,0.5607984027360094,0.13051981215150574,0.3086817851124848
preictal_10,preictal,1137,1143,-3.0,19,EEG C4,True,7.480788893079246,1.5555723453873218,0.08889612504070335,0.2658547672095293,4.8532240383371565,0.9192084525956846,0.31475937432819034,0.19465907658641574,0.49058154908539386
preictal_10,preictal,1137,1143,-3.0,20,EEG P4,True,5.396873284160515,1.4229804615668042,0.10615434711820254,0.3407413315597852,3.799365470958254,0.9175054566070128,0.25430404920120936,0.11806481735708714,0.6276311334417034
preictal_10,preictal,1137,1143,-3.0,21,EEG O2,True,8.078669144209742,1.5395343218187263,0.0615434711820254,0.2434558683120845,5.220438473000236,0.894359402494365,0.4289587932709689,0.1586889124570101,0.4123522942720209
preictal_10,preictal,1137,1143,-3.0,22,EEG F8,True,28.784176692586797,2.3878267714857366,0.03126017583848909,0.10674769910395629,12.355042313668191,0.7285303683880736,0.7403795413904675,0.1335662678161558,0.1260541907933768
preictal_10,preictal,1137,1143,-3.0,23,EEG T4,True,16.483912369120056,2.6884774789183985,0.06773038098339303,0.22755948613866248,5.375806298599084,0.9143745693951676,0.2980472509558105,0.22544915404563692,0.4765035949985527
preictal_10,preictal,1137,1143,-3.0,24,EEG T6,True,9.891090635515734,3.5854932634820544,0.12406382285900358,0.49891207580748315,2.2980028228206377,0.9188676503688578,0.2499925430211334,0.1068854615651097,0.6431219954137568
preictal_10,preictal,1137,1143,-3.0,25,EEG Fc2,True,6.903444259017931,2.293976773872344,0.14164767176815368,0.42085913944968895,2.6806797262915643,0.8628321153302578,0.5062462755173408,0.16010592241349816,0.33364780206916106
preictal_10,preictal,1137,1143,-3.0,26,EEG Fc6,True,5.816323168251749,2.0888168815703416,0.1393682839465972,0.4617682500497898,2.78199226106354,0.8848282132395812,0.4686537438555718,0.20025017137865425,0.3310960847657739
preictal_10,preictal,1137,1143,-3.0,27,EEG Cp2,True,6.348519744879233,1.0439098517920902,0.04265711494627157,0.2120388874686647,6.651331763439941,0.9286329535617001,0.24867801667653144,0.193099433440542,0.5582225498829264
preictal_10,preictal,1137,1143,-3.0,28,EEG Cp6,True,4.936839637839795,1.5797560569908893,0.12959947899706936,0.41465987208649224,3.1322519429135958,0.9200471284586567,0.3053421436161905,0.1600143136946901,0.5346435426891193
preictal_10,preictal,1137,1143,-3.0,29,EEG F10,True,11.631198891646324,2.968578942971127,0.11462064474112667,0.3208227492002107,4.091671651846696,0.8458777709843903,0.5726244431006986,0.20124803999763982,0.22612751690166155
interictal_001,interictal,0,6,,1,EEG Fp1,True,46.828797337327686,7.72022032819523,0.07000976880494952,0.23188020775526522,4.926984944227867,0.7392717027428205,0.7273214139881062,0.0879517167010792,0.18472686931081447
interictal_001,interictal,0,6,,2,EEG F3,True,18.850456633332787,4.532497747379731,0.10517746662324975,0.3480558493351586,3.4560925670551446,0.8845774252370618,0.44312420234947836,0.1776336271675046,0.37924217048301695
interictal_001,interictal,0,6,,3,EEG C3,True,5.728729378853701,1.7054589060483685,0.11983067404754151,0.38977871793273045,3.6093054418529933,0.8534524103519262,0.5067528433682064,0.15070324985589217,0.34254390677590146
interictal_001,interictal,0,6,,4,EEG P3,True,8.868663774922709,1.8539607841952201,0.06935851514164768,0.29036501291621064,4.658507905481723,0.8900167939877502,0.3417983725592489,0.14537426055820976,0.5128273668825413
interictal_001,interictal,0,6,,5,EEG O1,True,18.593220339153895,3.6377033634168248,0.07163790296320417,0.262223685480115,5.005998642847513,0.928457001249502,0.36184821129184114,0.17697110206114378,0.46118068664701495
interictal_001,interictal,0,6,,6,EEG F7,True,35.82475260903768,3.482970467119883,0.05503093454900684,0.1273054975934423,9.738326329460943,0.738333450795796,0.6863856552093256,0.13788772650148726,0.17572661828918712
interictal_001,interictal,0,6,,7,EEG T3,True,11.702050564038757,3.084076803537242,0.13318137414522957,0.34331311671900444,3.7656291313534647,0.8198707340310121,0.5651516191848885,0.1424153607235254,0.29243302009158606
interictal_001,interictal,0,6,,8,EEG T5,True,13.055257898891183,4.29306985638596,0.14913708889612504,0.7041263262415188,1.7330701215833864,0.9395532294224685,0.2838837940524656,0.13047738395437025,0.5856388219931642
interictal_001,interictal,0,6,,9,EEG Fc1,True,5.932363512539768,1.5857225461116538,0.11462064474112667,0.3529005982651202,3.956145008835955,0.8618099739086237,0.49050391332998233,0.18184887627817842,0.3276472103918392
interictal_001,interictal,0,6,,10,EEG Fc5,True,11.245660689779852,2.7416329673256996,0.12276131553239987,0.3238845177064141,4.284818104071228,0.747321510479789,0.6912518210779731,0.11387709598325453,0.19487108293877234
interictal_001,interictal,0,6,,11,EEG Cp1,True,6.115613396420939,1.353201297882184,0.0986649299902312,0.29271203642435567,4.977326111996253,0.8431126005417783,0.40270794792094844,0.18705574490125934,0.41023630717779225
interictal_001,interictal,0,6,,12,EEG Cp5,True,8.753297831361552,2.1553340689702107,0.08498860306089222,0.39641623051643315,3.3344105969808715,0.8790834918156332,0.41940668769391803,0.1700950825459914,0.4104982297600906
interictal_001,interictal,0,6,,13,EEG F9,True,22.022443648392738,5.0843323932044,0.1230869423640508,0.295526925214796,4.374533782772649,0.8256412481055942,0.5754114281063587,0.16894507769591338,0.2556434941977279
interictal_001,interictal,0,6,,14,EEG Fz,True,15.645961829249964,2.2281363579614495,0.057635949202214265,0.1870761472718385,6.943065429345105,0.7340832569946057,0.7239465082906943,0.09511183832142299,0.18094165338788276
interictal_001,interictal,0,6,,15,EEG Cz,True,4.1175361025440855,1.5088917864757818,0.14816020840117225,0.48376505146379917,2.921139406364595,0.903059916084959,0.3939435874436556,0.13999843015423963,0.46605798240210466
interictal_001,interictal,0,6,,16,EEG Pz,True,6.896650745774656,1.3710046348243639,0.085965483555845,0.26423361453798694,5.467125172080126,0.8573215014517093,0.47779401019665146,0.21399572286101448,0.30821026694233405
interictal_001,interictal,0,6,,17,EEG Fp2,True,58.95997104326376,8.773026391926562,0.06545099316183653,0.2052267194259524,5.715621714630845,0.7356174005299483,0.7118927512161681,0.06928222106644603,0.21882502771738596
interictal_001,interictal,0,6,,18,EEG F4,True,26.63461658988257,7.590734468921564,0.10420058612829697,0.39453007499914194,2.829068333974244,0.9176249002307104,0.23842819774785004,0.11085491041562173,0.6507168918365283
interictal_001,interictal,0,6,,19,EEG C4,True,8.307570382672193,2.4573178231346886,0.1276457180071638,0.5050979560823797,2.5949447323001333,0.9447354084026086,0.25114041907230283,0.1830410887815262,0.565818492146171
interictal_001,interictal,0,6,,20,EEG P4,True,8.340192310814471,1.9508722547196893,0.09801367632692934,0.40441042717012454,3.3081723466346333,0.9089310563362646,0.3146753201573566,0.263078845001985,0.4222458348406583
interictal_001,interictal,0,6,,21,EEG O2,True,11.963067258887637,3.3387048257532967,0.11592315206773038,0.3715205025821046,3.7675218542062914,0.9275775173164262,0.2967148862215477,0.21712898313151346,0.4861561306469388
interictal_001,interictal,0,6,,22,EEG F8,True,59.72999482168794,4.901105315678542,0.028980788016932595,0.11610655610273403,10.838612037460747,0.6459918293366531,0.790365369378063,0.08220825311068572,0.12742637751125122
interictal_001,interictal,0,6,,23,EEG T4,True,24.34662567754543,6.435149819718857,0.10582872028655162,0.45545454497481686,2.9641900721664802,0.933404655022322,0.2372004240678209,0.10832358803056537,0.6544759879016138
interictal_001,interictal,0,6,,24,EEG T6,True,11.612287740650494,4.946427896709256,0.1605340280039075,0.5938970432315234,2.3717217728635673,0.9068691028757935,0.3488330079610561,0.2751352141833707,0.3760317778555732
interictal_001,interictal,0,6,,25,EEG Fc2,True,10.266538484086725,3.0952006049477783,0.11885379355258874,0.4017373830749705,3.0369540570786273,0.9284222132534792,0.3052379749671591,0.18281235951808664,0.5119496655147542
interictal_001,interictal,0,6,,26,EEG Fc6,True,12.713369527090375,4.2224582142935105,0.14685770107456855,0.6030110314543762,2.336992100319158,0.815471150480401,0.5393816115843632,0.11026932625082886,0.3503490621648079
interictal_001,interictal,0,6,,27,EEG Cp2,True,5.233055397662986,1.3652216138559459,0.10354933246499512,0.39694073125312496,3.579411899257238,0.9056642795796871,0.39966761958714525,0.19323000712104138,0.40710237329181337
interictal_001,interictal,0,6,,28,EEG Cp6,True,12.112834821675683,2.779823236304493,0.1230869423640508,0.6105588650990655,2.112383675908723,0.9608683410244746,0.23195466912711843,0.22155241974223105,0.5464929111306506
interictal_001,interictal,0,6,,29,EEG F10,True,28.713667222293452,6.310035479362821,0.09084988603060892,0.31345195574350465,4.250459688805064,0.7671227460490261,0.6407120460622076,0.10782598085295027,0.25146197308484214
interictal_002,interictal,6,12,,1,EEG Fp1,True,43.1426638946859,5.6533275011728525,0.05958971019211983,0.216575404474621,5.152967807088837,0.7707322772902649,0.7101981597305549,0.0804413082047004,0.20936053206474473
interictal_002,interictal,6,12,,2,EEG F3,True,24.029585745389426,4.570462052631579,0.07359166395310973,0.30829939266208706,3.741438371949995,0.9329106243582291,0.31138752554023197,0.1401427839368458,0.5484696905229223
interictal_002,interictal,6,12,,3,EEG C3,True,9.112609332556701,1.7757672030574432,0.08889612504070335,0.2630438762038297,5.102453127341434,0.9117107702035286,0.3706874567829648,0.23182447607524853,0.39748806714178664
interictal_002,interictal,6,12,,4,EEG P3,True,9.516274307686324,1.6257479305829596,0.06773038098339303,0.234560138807248,5.804774052883886,0.8954701266168589,0.34804287373898174,0.18517523622557458,0.4667818900354437
interictal_002,interictal,6,12,,5,EEG O1,True,75.85511430677519,2.7123288085828303,0.041028980788016936,0.048813681740186535,26.837634999145457,0.9168326867874138,0.37505720560541433,0.18404399456597303,0.44089879982861263
interictal_002,interictal,6,12,,6,EEG F7,True,47.073837425026554,3.6917070589461685,0.02311950504721589,0.11155660260056682,10.630726241142264,0.7488121588787223,0.7458976459036732,0.10166155920799254,0.15244079488833426
interictal_002,interictal,6,12,,7,EEG T3,True,14.590565854623414,3.136637034370038,0.07684793226961902,0.2966883465615189,4.352467024531237,0.8795584012040468,0.49494161406294435,0.14966835668151687,0.3553900292555389
interictal_002,interictal,6,12,,8,EEG T5,True,13.835711139672647,3.3854871235990713,0.09312927385216542,0.43709294172437035,2.7633067541286835,0.9424927679349003,0.32905333984191815,0.16697996368773854,0.5039666964703433
interictal_002,interictal,6,12,,9,EEG Fc1,True,7.849933283462164,1.6148872144608926,0.07359166395310973,0.2761174542365966,4.895855423230978,0.9326985976890014,0.3358477223063085,0.155504700170455,0.5086475775232365
interictal_002,interictal,6,12,,10,EEG Fc5,True,15.523658001034146,2.6541709669403484,0.09736242266362748,0.23464289228491014,5.932023406357649,0.8709238145083714,0.5073982879551965,0.13313119308147442,0.3594705189633292
interictal_002,interictal,6,12,,11,EEG Cp1,True,5.421228259526355,1.376471896982351,0.09540866167372192,0.339427895494089,4.2113240119357345,0.8951407309987955,0.3876861563966959,0.16950047259508533,0.4428133710082187
interictal_002,interictal,6,12,,12,EEG Cp5,True,8.314495343516485,1.9793689695690666,0.09899055682188213,0.3445232531901473,3.7953422585465653,0.9202467262422178,0.3721179214734966,0.14801532771012335,0.4798667508163801
interictal_002,interictal,6,12,,13,EEG F9,True,23.363759752759847,5.311221236300193,0.10680560078150439,0.28916078906836323,4.50977958976882,0.8103868883767642,0.6508550857157148,0.13061540828119544,0.2185295060030897
interictal_002,interictal,6,12,,14,EEG Fz,True,12.915122384888319,1.904524110310958,0.07131227613155323,0.21288329795538388,5.910381109030657,0.80230332423951,0.6231751056589988,0.11204446513027569,0.2647804292107254
interictal_002,interictal,6,12,,15,EEG Cz,True,4.803992606920741,1.5491060030704973,0.13155323998697493,0.43548741775091726,3.14545783183665,0.8934219872494158,0.4601768518245458,0.0939608017154078,0.4458623464600463
interictal_002,interictal,6,12,,16,EEG Pz,True,6.552995667052775,1.3077399962321,0.11657440573103224,0.26812575484305645,5.345465515135427,0.8787515375405092,0.437351870780669,0.1905707870144242,0.37207734220490674
interictal_002,interictal,6,12,,17,EEG Fp2,True,40.40729607859455,5.3082023391231,0.0674047541517421,0.21295741904469068,5.383518884443454,0.7408778577807431,0.7517759948726271,0.07133389528134931,0.1768901098460235
interictal_002,interictal,6,12,,18,EEG F4,True,19.80221896282246,4.841452126609365,0.08889612504070335,0.3449179304520351,3.275462071639846,0.9357536268088161,0.30256958875642054,0.10610303931711783,0.5913273719264617
interictal_002,interictal,6,12,,19,EEG C4,True,9.250816765721211,2.1073257657857956,0.11787691305763595,0.29928979668994893,4.436564250827606,0.8755003707978125,0.4967829787362809,0.0983187624679706,0.4048982587957486
interictal_002,interictal,6,12,,20,EEG P4,True,6.102257576575285,1.6444445128861669,0.10224682513839141,0.3559127888428213,3.860952906383007,0.9343323865547536,0.2206131863800618,0.18868215283729547,0.5907046607826427
interictal_002,interictal,6,12,,21,EEG O2,True,8.89368286103835,2.5537872053406745,0.1289482253337675,0.39436179966369883,3.550857853723033,0.904938509462493,0.35194869202542783,0.2224967208044435,0.4255545871701286
interictal_002,interictal,6,12,,22,EEG F8,True,43.17744438779496,4.845925107254808,0.029957668511885378,0.14912511501930112,8.896117561875514,0.7574521512073172,0.7027257835629934,0.12256429588080683,0.1747099205561997
interictal_002,interictal,6,12,,23,EEG T4,True,17.664672425592656,5.337600246692326,0.11527189840442853,0.46510964175566905,2.8435885993816865,0.9314842401321144,0.23971394880721,0.23385435599690893,0.5264316951958811
interictal_002,interictal,6,12,,24,EEG T6,True,12.07190968239778,4.581621333687895,0.15239335721263433,0.5093288414883568,2.5626855113427363,0.943516140667793,0.20181732511250736,0.16321654834027988,0.6349661265472127
interictal_002,interictal,6,12,,25,EEG Fc2,True,7.740790128122774,3.0194564181798853,0.15630087919244545,0.5076866679587807,2.4120119835019733,0.8898354613734537,0.4661012700361177,0.17042101720629332,0.363477712757589
interictal_002,interictal,6,12,,26,EEG Fc6,True,17.559432173211313,4.206062892048138,0.09540866167372192,0.3287866298091794,4.079521568789695,0.8829464923796636,0.46053239828252496,0.1472357736441986,0.3922318280732765
interictal_002,interictal,6,12,,27,EEG Cp2,True,4.655099840670286,1.213883045249385,0.11201563008791925,0.35508660668446645,4.156968221218684,0.8953062507899245,0.44881635840187895,0.15325156483001373,0.39793207676810743
interictal_002,interictal,6,12,,28,EEG Cp6,True,7.903939856608551,2.221589614492711,0.10908498860306089,0.37586357666971054,3.63974297286054,0.9192749698926751,0.2975864795862678,0.18989905472558985,0.5125144656881424
interictal_002,interictal,6,12,,29,EEG F10,True,54.53837194865939,6.376296631280384,0.06903288830999674,0.14832311909971765,8.760103183920934,0.8025705404123957,0.6123910173296726,0.16599903330242483,0.2216099493679026
interictal_003,interictal,12,18,,1,EEG Fp1,True,34.70136104995619,3.982684251563501,0.06903288830999674,0.15687961824523572,7.132753815601651,0.6714954605935529,0.8304576688221813,0.07689217549004243,0.09265015568777608
interictal_003,interictal,12,18,,2,EEG F3,True,12.951511246061392,3.004461504409382,0.11983067404754151,0.33072830574066914,3.5999477181864936,0.9268285719808844,0.33212690642217146,0.1507950369854809,0.5170780565923476
interictal_003,interictal,12,18,,3,EEG C3,True,4.197488600656594,1.5801694499869077,0.1660696841419733,0.4780025781386647,2.8709990998579644,0.9313216691168518,0.2643736535743269,0.19948197270716575,0.5361443737185073
interictal_003,interictal,12,18,,4,EEG P3,True,6.07010994340583,1.4330483670223468,0.11592315206773038,0.3063510267148619,4.491177555545822,0.9261184293224566,0.308069779639256,0.17131951057738923,0.5206107097833547
interictal_003,interictal,12,18,,5,EEG O1,True,8.578032227559227,2.6593545209840426,0.1230869423640508,0.4064239986634434,3.279634543293496,0.9089410825036256,0.3746344683975555,0.16346890737252934,0.46189662422991506
interictal_003,interictal,12,18,,6,EEG F7,True,18.947224358992926,2.733651976817741,0.07228915662650602,0.18576266811574105,7.096803823622505,0.7617374174096528,0.682853148963472,0.09597814963590567,0.22116870140062236
interictal_003,interictal,12,18,,7,EEG T3,True,5.132327822799539,2.3389685313532276,0.1774666232497558,0.585503095739621,2.2860516283941985,0.9431619548588529,0.27394830827577665,0.14978784091745484,0.5762638508067686
interictal_003,interictal,12,18,,8,EEG T5,True,7.7470231849696,2.541557865815862,0.12406382285900358,0.4285740639792655,3.0937710398797655,0.8955468516582112,0.41679264173182096,0.1467318292424096,0.4364755290257694
interictal_003,interictal,12,18,,9,EEG Fc1,True,6.6561160327976925,1.344472810496683,0.0823835884076848,0.261223526479807,5.168477088071681,0.9302986858076933,0.2995558832962563,0.17708678002484918,0.5233573366788945
interictal_003,interictal,12,18,,10,EEG Fc5,True,6.313760723678824,2.0285656141048927,0.12015630087919245,0.42600809641461884,3.2782863135100624,0.9494920353879099,0.20542196620422953,0.15520277052464068,0.6393752632711297
interictal_003,interictal,12,18,,11,EEG Cp1,True,3.7926908182306485,1.2457609629261084,0.1383914034516444,0.42656450737450297,3.338242550321815,0.9226777319971486,0.28680997710184664,0.2576781754536778,0.45551184744447554
interictal_003,interictal,12,18,,12,EEG Cp5,True,3.742678598409392,1.4871596749092244,0.16541843047867144,0.5148174805526063,2.69790992969666,0.8776057239995138,0.3632714518137747,0.14804538011419716,0.4886831680720281
interictal_003,interictal,12,18,,13,EEG F9,True,9.463178933498096,4.593022413510392,0.19635297948550962,0.6100147232626881,2.1697580289813136,0.8819623606746999,0.44326478459283647,0.17181994410160378,0.38491527130555964
interictal_003,interictal,12,18,,14,EEG Fz,True,11.328473860862966,1.5893618880804659,0.085965483555845,0.1785978671179696,7.385189002640353,0.7993237816602297,0.652906429063927,0.11921522471623204,0.227878346219841
interictal_003,interictal,12,18,,15,EEG Cz,True,5.4034702042597145,1.4592479237243865,0.11136437642461738,0.34613604452740937,3.8854732216304737,0.9172932989854178,0.21483751790432465,0.18707048870805446,0.5980919933876209
interictal_003,interictal,12,18,,16,EEG Pz,True,6.227443533109513,1.239905971982193,0.07163790296320417,0.25605723212372083,5.482487178242324,0.911110915003331,0.30751207090622856,0.2915255522060755,0.4009623768876958
interictal_003,interictal,12,18,,17,EEG Fp2,True,35.93220787151746,3.8849143379648683,0.08270921523933572,0.14615454274657522,8.042584861513674,0.6602880444261734,0.84868533535153,0.06637932281818669,0.08493534183028331
interictal_003,interictal,12,18,,18,EEG F4,True,16.924376031529057,4.47274979660329,0.1162487788993813,0.3557275888640697,3.4102237113925113,0.9465922489527111,0.21345063624869165,0.14497015201050356,0.6415792117408049
interictal_003,interictal,12,18,,19,EEG C4,True,7.83744971747032,2.1918426265278503,0.10354933246499512,0.3526282194040019,3.654050084492629,0.9430906269196205,0.19333114195419152,0.16280994928951584,0.6438589087562926
interictal_003,interictal,12,18,,20,EEG P4,True,5.378017298684428,1.7359813788476837,0.11234125691957017,0.4183062790675055,3.2235139057866093,0.945424809981623,0.1747170287293297,0.13370029414755308,0.691582677123117
interictal_003,interictal,12,18,,21,EEG O2,True,8.376513622833171,2.76514850811342,0.12829697167046564,0.440509864029157,3.124149035088643,0.9280582852376212,0.316848887995002,0.1413693670358412,0.5417817449691569
interictal_003,interictal,12,18,,22,EEG F8,True,28.338838751768396,4.838674407457249,0.07098664929990231,0.22752079887887416,6.095065025690142,0.7448074646042454,0.7218407861866682,0.0650447560116203,0.21311445780171143
interictal_003,interictal,12,18,,23,EEG T4,True,14.45221908048089,3.917004024216235,0.11331813741452296,0.36970608426062385,3.5856321579965784,0.9472111960388054,0.18012567076861963,0.18162007089898982,0.6382542583323906
interictal_003,interictal,12,18,,24,EEG T6,True,10.141141894083054,4.637125789741678,0.1846304135460762,0.5988753020624117,2.2435618613593613,0.929779281393804,0.25851248044328184,0.13697640465066818,0.60451111490605
interictal_003,interictal,12,18,,25,EEG Fc2,True,6.4668534895224985,3.0373861343516375,0.18332790621947248,0.6175797725729243,1.9609454095644616,0.9145300165101657,0.3209402884962985,0.1373809441876368,0.5416787673160647
interictal_003,interictal,12,18,,26,EEG Fc6,True,7.765074989613667,3.9873684478033544,0.21979811136437644,0.7023633849424529,1.934152676828567,0.9294576973168489,0.27837177510371314,0.1583673936785154,0.5632608312177716
interictal_003,interictal,12,18,,27,EEG Cp2,True,5.8673980250608375,1.241913516825461,0.08563985672419408,0.27293985818325106,5.150087538469283,0.9466650540856684,0.25704022216328104,0.20688431304414157,0.5360754647925774
interictal_003,interictal,12,18,,28,EEG Cp6,True,5.8061102276561805,2.172501683061065,0.14620644741126668,0.48246019445569993,2.830368946541523,0.9532369340071958,0.16984096351957065,0.14582169892904467,0.6843373375513846
interictal_003,interictal,12,18,,29,EEG F10,True,15.012955666766182,5.937778380323041,0.18365353305112342,0.4940623699790418,2.7313736235916313,0.8608038018891655,0.5017813838962161,0.12345367445478264,0.37476494164900126
interictal_004,interictal,18,24,,1,EEG Fp1,True,26.333625150319442,3.5447068578879146,0.0928036470205145,0.17838649439129958,6.622364741041627,0.6615383509052767,0.8400597295403017,0.0952644758583722,0.06467579460132598
interictal_004,interictal,18,24,,2,EEG F3,True,9.819383210447235,2.2570228921642794,0.11201563008791925,0.308045169283816,4.095698445130964,0.8255546360842981,0.5903232608763394,0.1542285663379652,0.2554481727856954
interictal_004,interictal,18,24,,3,EEG C3,True,4.908860387074429,1.67237458059865,0.12601758384890915,0.42940075348044815,3.208495445632626,0.8771339448669233,0.4362319127095327,0.1638939150190338,0.39987417227143357
interictal_004,interictal,18,24,,4,EEG P3,True,6.355500280690717,1.5107609844999519,0.08140670791273201,0.30396419407997105,4.532586487199562,0.8783902437526585,0.4174565506171516,0.1819546213202197,0.4005888280626287
interictal_004,interictal,18,24,,5,EEG O1,True,8.745651100313575,2.523814532109763,0.1103874959296646,0.37986033642375416,3.587916433433043,0.8395222984358901,0.5217070340860916,0.18307506344758775,0.2952179024663206
interictal_004,interictal,18,24,,6,EEG F7,True,22.741505184092297,2.6336119143969277,0.03353956366004559,0.15062122644304837,8.823892866438184,0.7857680811935734,0.6869419715434736,0.15625113108622046,0.156806897370306
interictal_004,interictal,18,24,,7,EEG T3,True,7.295962648634328,2.389602541271517,0.12699446434386194,0.41909423291891745,3.22361745956189,0.9227491978664537,0.39252659723944766,0.17752694423436866,0.4299464585261837
interictal_004,interictal,18,24,,8,EEG T5,True,6.126750882047782,2.3040958166924814,0.15434711820253988,0.47931891618818534,2.8500890982800042,0.8764552953878398,0.5203645990021102,0.11791540591196764,0.3617199950859221
interictal_004,interictal,18,24,,9,EEG Fc1,True,4.3872364565155815,1.4016244216022762,0.12211006186909801,0.41309511807645194,3.3387602239352074,0.9016997268443836,0.40938937938081144,0.16505624020454054,0.42555438041464794
interictal_004,interictal,18,24,,10,EEG Fc5,True,10.564393305141117,2.072792958775573,0.045262129599479,0.255663108348718,5.544845728745888,0.8393423815116867,0.5729272802084052,0.15797303942185775,0.26909968036973697
interictal_004,interictal,18,24,,11,EEG Cp1,True,6.127020566301425,1.3225332787413264,0.05796157603386519,0.2777322792928891,5.134259179817496,0.8572293121160682,0.4482715087583449,0.20109598679625396,0.3506325044454012
interictal_004,interictal,18,24,,12,EEG Cp5,True,4.394161086767024,1.5313593612742102,0.1566265060240964,0.4507528946135248,3.1167193484361566,0.902273866191578,0.3884624298447709,0.1785990933991305,0.4329384767560985
interictal_004,interictal,18,24,,13,EEG F9,True,10.366860201642083,4.7118789952903,0.19472484532725495,0.5741737331732669,2.3022059683334937,0.9037764523570314,0.43875887020951787,0.14058534854869256,0.42065578124178954
interictal_004,interictal,18,24,,14,EEG Fz,True,8.0472245131832,1.5639020694079202,0.10550309345490068,0.25200843594437133,5.3447735892420924,0.7167480187504838,0.7641493522434466,0.10470918592400476,0.13114146183254866
interictal_004,interictal,18,24,,15,EEG Cz,True,5.253987125469444,1.4789308992955479,0.10745685444480625,0.3592727342247647,3.8374086512039525,0.9121492478145505,0.3441944419431047,0.20303911636859096,0.4527664416883043
interictal_004,interictal,18,24,,16,EEG Pz,True,4.719293943600832,1.2579622174435838,0.09345490068381634,0.34306263956374816,4.162592185252864,0.8165776130447869,0.5013480583100113,0.2145841257676211,0.2840678159223677
interictal_004,interictal,18,24,,17,EEG Fp2,True,30.011893309090034,3.465312930351145,0.042005861282969716,0.15393394651505304,7.6621012663848544,0.6799923390935929,0.8144229213214482,0.11114097914689124,0.07443609953166053
interictal_004,interictal,18,24,,18,EEG F4,True,14.92981380957148,3.8822398890643566,0.10387495929664604,0.350823859005651,3.5601354859572707,0.92333985094361,0.3218896181109252,0.2027493611032137,0.4753610207858611
interictal_004,interictal,18,24,,19,EEG C4,True,5.631939085671192,2.104392653177077,0.16183653533051123,0.47915563031605446,2.7863152643725506,0.9426608470192707,0.24370699049884792,0.13877270506683137,0.6175203044343207
interictal_004,interictal,18,24,,20,EEG P4,True,5.816491642594066,1.778982742687691,0.1185281667209378,0.39286518705686496,3.4808749626664754,0.9120437897470463,0.3698965272488397,0.12352126497789766,0.5065822077732628
interictal_004,interictal,18,24,,21,EEG O2,True,7.809072261378393,2.698163892363335,0.14653207424291761,0.4571668347705454,3.095212095859351,0.8647644137365349,0.49193018286796564,0.18688704606314782,0.3211827710688866
interictal_004,interictal,18,24,,22,EEG F8,True,36.27984980888045,4.370089184719614,0.02507326603712146,0.16664009537718655,8.442122706738669,0.7500460152858831,0.702405329267421,0.15079185242834472,0.14680281830423422
interictal_004,interictal,18,24,,23,EEG T4,True,18.376183907921884,4.428563044711433,0.07587105177466623,0.35054103978468426,3.8285274682991703,0.9375505593145843,0.22786283560978945,0.15042405112694351,0.621713113263267
interictal_004,interictal,18,24,,24,EEG T6,True,10.50297528400345,4.997052573890179,0.19439921849560404,0.6154537755763829,2.1364089051547013,0.9313085283295236,0.2746121610742629,0.12757438340118765,0.5978134555245496
interictal_004,interictal,18,24,,25,EEG Fc2,True,7.605240684784453,3.025072641524917,0.14034516444154999,0.5243981141574269,2.3158612001937118,0.886897664360335,0.34413326233685176,0.20029802006925798,0.4555687175938902
interictal_004,interictal,18,24,,26,EEG Fc6,True,7.051313194119092,3.8983956112729747,0.2253337675024422,0.760092434435229,1.7773323323678953,0.9253445494141055,0.29463847107529756,0.14279019308636853,0.562571335838334
interictal_004,interictal,18,24,,27,EEG Cp2,True,5.3254232483418535,1.2336608184288904,0.09345490068381634,0.29975255552831853,4.825131656792224,0.8766387187214236,0.4254872339367243,0.15107436066582192,0.42343840539745387
interictal_004,interictal,18,24,,28,EEG Cp6,True,6.5848170360449485,2.286500195004659,0.1299251058287203,0.45185173172825704,3.044622406424803,0.9322191263573253,0.30708481012536787,0.09937494098374389,0.5935402488908883
interictal_004,interictal,18,24,,29,EEG F10,True,16.622046263365686,5.614262606076035,0.14946271572777597,0.4239524009229422,3.1996337756233357,0.8715112945800437,0.521551883818848,0.19482123451650563,0.28362688166464634
interictal_005,interictal,24,30,,1,EEG Fp1,True,39.74844671119921,4.571841189715496,0.05665906870726148,0.15294620206879467,7.466024100050351,0.6485182873903684,0.8395857668767132,0.06302580889473512,0.09738842422855161
interictal_005,interictal,24,30,,2,EEG F3,True,15.153906643687867,2.7642375866255082,0.07652230543796809,0.24267467773634704,5.07006848533154,0.8617157075628237,0.4642934300417841,0.164347503529345,0.3713590664288709
interictal_005,interictal,24,30,,3,EEG C3,True,5.19444860919359,1.6324223609331283,0.13708889612504072,0.4072545869468468,3.4104581819956135,0.9490016813273615,0.21319463712313677,0.14116345819258916,0.6456419046842741
interictal_005,interictal,24,30,,4,EEG P3,True,8.147187569551718,1.5951010652227344,0.06545099316183653,0.25355141300917877,5.404745655750577,0.9272614644730475,0.28661943700897974,0.21458073392065155,0.49879982907036874
interictal_005,interictal,24,30,,5,EEG O1,True,10.478254567465308,3.0704957987575083,0.12862259850211658,0.3927619171218843,3.4100925361366294,0.9193139366770511,0.3139190487467805,0.154814688951329,0.5312662623018904
interictal_005,interictal,24,30,,6,EEG F7,True,30.61222196182397,2.862541326892972,0.019211983067404754,0.12175419142757352,10.724243915334116,0.6984280959016604,0.7616895950481808,0.12080150152783542,0.11750890342398372
interictal_005,interictal,24,30,,7,EEG T3,True,7.215147493911413,2.580493235920763,0.14001953760989905,0.4658446817179795,2.881423607147076,0.86692895049051,0.38228047364951884,0.3133841349611732,0.304335391389308
interictal_005,interictal,24,30,,8,EEG T5,True,9.038824244736857,2.702950713910393,0.1162487788993813,0.3908204362677455,3.4351201236818185,0.935890607280197,0.23969101372680793,0.1962150226211772,0.5640939636520149
interictal_005,interictal,24,30,,9,EEG Fc1,True,5.459416438784971,1.4770383122427337,0.10973624226636275,0.3544920044541195,3.8942865524643566,0.9266638220700224,0.31290623954389196,0.1584197206113596,0.5286740398447485
interictal_005,interictal,24,30,,10,EEG Fc5,True,10.890198368014941,2.1439494389997105,0.07294041028980788,0.2583036914390996,5.411859410168404,0.8907927606648793,0.43692675257903796,0.2169996804189243,0.3460735670020377
interictal_005,interictal,24,30,,11,EEG Cp1,True,5.493173445255931,1.3097958686431932,0.09345490068381634,0.31363151462382094,4.5719750248760045,0.9160894858496254,0.3788619203176779,0.20171361202094953,0.41942446766137265
interictal_005,interictal,24,30,,12,EEG Cp5,True,6.225141195020839,1.6580280608121036,0.095083034842071,0.3436863625764402,4.055873012845589,0.9252294132062763,0.26815695448516613,0.2302478148235216,0.5015952306913123
interictal_005,interictal,24,30,,13,EEG F9,True,14.508146961507785,5.129823000565545,0.13220449365027678,0.45480557518099374,2.868233968033486,0.8548119473098357,0.43311842293011205,0.2799162303200541,0.2869653467498338
interictal_005,interictal,24,30,,14,EEG Fz,True,13.497776206048849,1.7235315287567898,0.08173233474438293,0.1672186702713241,8.003473615758148,0.8146717261345054,0.6424976090333919,0.11242417772929482,0.2450782132373132
interictal_005,interictal,24,30,,15,EEG Cz,True,6.147585418889712,1.4920190113324188,0.09117551286225985,0.3163698544127743,4.374736017784316,0.9382445076364079,0.33672747906511913,0.1580844950714487,0.5051880258634321
interictal_005,interictal,24,30,,16,EEG Pz,True,4.749075505128742,1.3064302358705664,0.1103874959296646,0.3650008654498337,3.916187039225786,0.8816947019230289,0.4185082685091168,0.23188266677280175,0.3496090647180815
interictal_005,interictal,24,30,,17,EEG Fp2,True,45.263784059233146,4.335671982447211,0.02311950504721589,0.13035622218063897,8.948374091926102,0.6716000453780939,0.8224909230430208,0.08733144821116764,0.09017762874581142
interictal_005,interictal,24,30,,18,EEG F4,True,20.238445197696212,4.041658609962231,0.07912732009117551,0.2717929874358367,4.2122456065225755,0.9264912029677136,0.3366646137653449,0.1527842063468194,0.5105511798878357
interictal_005,interictal,24,30,,19,EEG C4,True,10.096373471422282,1.9938725544939426,0.0986649299902312,0.2557794975713721,5.108194942690618,0.9186068790643098,0.32858030775211705,0.22287000873603258,0.4485496835118504
interictal_005,interictal,24,30,,20,EEG P4,True,7.372891833217369,1.844239474797849,0.07977857375447737,0.3242343380344893,4.252727589349013,0.9143285747059228,0.358517504872741,0.1927624136976625,0.4487200814295966
interictal_005,interictal,24,30,,21,EEG O2,True,13.095143957149794,3.144558133245608,0.09931618365353305,0.3170101419899801,4.394506713260032,0.9309582956822879,0.25749336568454806,0.149928815586237,0.592577818729215
interictal_005,interictal,24,30,,22,EEG F8,True,39.00117048960338,3.5842021876951486,0.03028329534353631,0.11689403807647786,10.595735730329002,0.7314033375695402,0.7428584887720513,0.1143265711974079,0.1428149400305407
interictal_005,interictal,24,30,,23,EEG T4,True,24.73156859471022,3.462935789535058,0.09475740801042006,0.18493357359345616,6.736113943132534,0.9247315528113035,0.31552094904051187,0.18735937327976523,0.4971196776797229
interictal_005,interictal,24,30,,24,EEG T6,True,13.813779451812936,4.893605710302023,0.14360143275805926,0.455617903037019,2.9228033695744537,0.9403612541054915,0.22441871980723588,0.2403089450952652,0.5352723350974989
interictal_005,interictal,24,30,,25,EEG Fc2,True,7.095452489671953,2.9724737748272756,0.1615109084988603,0.5489148335843054,2.2055974061382146,0.9201550931310213,0.38133978900335186,0.19512142527090018,0.42353878572574793
interictal_005,interictal,24,30,,26,EEG Fc6,True,9.119634136035712,3.1616612597418396,0.15532399869749267,0.4623226225719232,2.6838163346569615,0.8908484833826661,0.40719952755011213,0.17166933937837514,0.4211311330715127
interictal_005,interictal,24,30,,27,EEG Cp2,True,5.26709548989029,1.2558461173984468,0.07587105177466623,0.3149049451316878,4.590676760361692,0.8927428399286326,0.4310161842340483,0.2270358636024479,0.34194795216350377
interictal_005,interictal,24,30,,28,EEG Cp6,True,10.49904231678339,2.2032198170620063,0.09443178117876913,0.2718589217723223,5.014355591428142,0.9088186210426777,0.3691461544368856,0.20716532692429887,0.42368851863881546
interictal_005,interictal,24,30,,29,EEG F10,True,30.518654087225908,6.107133846548476,0.07815043959622273,0.2565990195472984,5.006006969396812,0.718011757681759,0.6656017453638892,0.11166091241562226,0.2227373422204887
interictal_006,interictal,30,36,,1,EEG Fp1,True,34.71017274365158,4.379766797924296,0.0592640833604689,0.1752868481444186,6.431385806283155,0.6813178282062374,0.7805330619187671,0.0691292079594431,0.15033773012178966
interictal_006,interictal,30,36,,2,EEG F3,True,14.406557009692888,3.2382929945805374,0.10094431781178768,0.3171086570805399,3.786935208863094,0.8953981378052622,0.40834566329157396,0.1375165568490252,0.45413777985940085
interictal_006,interictal,30,36,,3,EEG C3,True,5.25944775415898,1.558106282914168,0.11006186909801367,0.3810858602835997,3.622611452207601,0.9200899279312309,0.34659739450828675,0.18606822977647328,0.46733437571524
interictal_006,interictal,30,36,,4,EEG P3,True,7.1160749995427794,1.4832141387581594,0.08694236405079779,0.2703318574558069,5.027050179032026,0.9293696723633775,0.20874889824652643,0.24007002673013533,0.5511810750233382
interictal_006,interictal,30,36,,5,EEG O1,True,8.232710859260884,2.9903849585841176,0.15174210354933246,0.4909244381525425,2.695397610632313,0.9103170008311393,0.34616295001503233,0.17676646235699006,0.4770705876279776
interictal_006,interictal,30,36,,6,EEG F7,True,21.52895104581406,2.9340365026813506,0.039400846629762294,0.17648314061149786,7.302684438171939,0.8505598235477826,0.451459977205316,0.22453902600360373,0.32400099679108024
interictal_006,interictal,30,36,,7,EEG T3,True,9.230234288632028,2.554848202007502,0.10875936177140996,0.36045438809787134,3.6951972687683132,0.8929503437675267,0.2675657704763705,0.3840569137086607,0.3483773158149689
interictal_006,interictal,30,36,,8,EEG T5,True,8.822302784698405,2.7054133971918852,0.12048192771084337,0.4021501124952462,3.299518296089666,0.9183078488329235,0.32515645528602793,0.19623326726632662,0.47861027744764534
interictal_006,interictal,30,36,,9,EEG Fc1,True,5.745923311849414,1.4204843113801444,0.08661673721914685,0.31943659121854195,4.259309133459686,0.9073163484357122,0.4273358928658037,0.1363140387479885,0.4363500683862078
interictal_006,interictal,30,36,,10,EEG Fc5,True,7.772833086009035,2.118359513052582,0.11331813741452296,0.3547639529651113,3.9076010905436225,0.893496966389433,0.3257677614925678,0.32276759693922863,0.3514646415682037
interictal_006,interictal,30,36,,11,EEG Cp1,True,4.3969627378363505,1.223562729979262,0.095083034842071,0.3617510099437373,3.9518893148033705,0.9108973634820678,0.36380958399477065,0.1781305909747629,0.45805982503046655
interictal_006,interictal,30,36,,12,EEG Cp5,True,8.131228276377659,1.600982143979356,0.07359166395310973,0.2534911166467293,5.3919369091097975,0.9298296921267198,0.1948202878636671,0.2816372477876335,0.5235424643486996
interictal_006,interictal,30,36,,13,EEG F9,True,16.054598567509448,4.965071193860323,0.11917942038423966,0.4006011015444219,3.24340373952771,0.8134548742709191,0.5545801291701319,0.20206477603039197,0.24335509479947626
interictal_006,interictal,30,36,,14,EEG Fz,True,10.84217149691445,1.6512750239929435,0.07619667860631717,0.2006935402225607,6.527082942701878,0.755111114015126,0.6910104979751961,0.0885273664081049,0.2204621356166991
interictal_006,interictal,30,36,,15,EEG Cz,True,3.810584519856275,1.377118997912794,0.14262455226310647,0.468997706273108,2.953282760793135,0.9237084964634728,0.3447884504245227,0.1174750559642417,0.5377364936112357
interictal_006,interictal,30,36,,16,EEG Pz,True,4.30907634759964,1.2097126315188111,0.11885379355258874,0.36604435550449294,3.8682771758055403,0.9059490148884164,0.33467392890133374,0.18843733621872527,0.47688873487994105
interictal_006,interictal,30,36,,17,EEG Fp2,True,48.73029130296472,4.406383663577395,0.030608922175187236,0.12764633985619245,9.026413213862963,0.7012607036105273,0.747680296230078,0.08633705920127761,0.1659826445686445
interictal_006,interictal,30,36,,18,EEG F4,True,19.769467048161044,4.128916329481116,0.09703679583197655,0.28750547664932913,3.8385163621648513,0.9032991118784549,0.3107418343730718,0.13096953547992365,0.5582886301470046
interictal_006,interictal,30,36,,19,EEG C4,True,6.091368435564424,1.8711861736379336,0.11201563008791925,0.396435053060925,3.3200528493107595,0.924650136912524,0.18147393828970798,0.2686458858256059,0.5498801758846861
interictal_006,interictal,30,36,,20,EEG P4,True,5.702703130389904,1.7389839055575138,0.10159557147508955,0.3968520996422286,3.429825058877156,0.9211900768983344,0.2786321145680988,0.1831256282834125,0.5382422571484887
interictal_006,interictal,30,36,,21,EEG O2,True,8.977743345083905,3.111879120588016,0.13904265711494626,0.4663785170915032,2.9826742603060743,0.9115625775715469,0.3245307227606556,0.1490060397209693,0.5264632375183752
interictal_006,interictal,30,36,,22,EEG F8,True,37.058393796553226,3.559286652484819,0.03777271247150765,0.12657753269363453,9.77514032651241,0.761596851233123,0.6608878973591061,0.12384139951681238,0.21527070312408145
interictal_006,interictal,30,36,,23,EEG T4,True,17.92194376334085,3.18827879673332,0.06903288830999674,0.2553471158054808,5.2181309126706275,0.9384084788024278,0.2653950870383668,0.24188395414129177,0.49272095882034145
interictal_006,interictal,30,36,,24,EEG T6,True,10.9284856357151,4.797051054128113,0.17258222077499186,0.5598382703590691,2.405903196146645,0.9284982740359911,0.31468637951625617,0.16055461017432812,0.5247590103094157
interictal_006,interictal,30,36,,25,EEG Fc2,True,7.8170468332987975,2.8635699217471133,0.14783458156952134,0.4806428648074362,2.527004839745297,0.8880089992729666,0.3767272007202898,0.1800559357866075,0.4432168634931027
interictal_006,interictal,30,36,,26,EEG Fc6,True,8.018157500180676,2.9395029877637358,0.15239335721263433,0.49660443434665597,2.528809121084513,0.8990447315807372,0.31000176301116716,0.2258791964918734,0.4641190404969595
interictal_006,interictal,30,36,,27,EEG Cp2,True,5.121417382877157,1.1618524023697738,0.07880169325952459,0.29338956923056037,4.908279156728858,0.9006221656971765,0.354522011504864,0.1393079129283816,0.5061700755667543
interictal_006,interictal,30,36,,28,EEG Cp6,True,5.255778179287191,2.0976580561840783,0.15499837186584176,0.5320478039099789,2.5538482133656064,0.9122865862762332,0.32695240602534814,0.23380924724090504,0.4392383467337467
interictal_006,interictal,30,36,,29,EEG F10,True,11.974387042840126,5.418252593268855,0.18528166720937805,0.5714871790913545,2.2835788004979487,0.9131793800560555,0.3314949610716686,0.20373558589447388,0.4647694530338575
interictal_007,interictal,36,42,,1,EEG Fp1,True,35.070826179528474,4.252118630039696,0.0651253663301856,0.1674294546590646,6.711142952394544,0.6814649692915896,0.8202037954311113,0.06980949781206987,0.10998670675681889
interictal_007,interictal,36,42,,2,EEG F3,True,12.784928440311667,2.6944552651112326,0.1126668837512211,0.29104752771313375,4.0330331136238655,0.8986759901638298,0.3742564490743821,0.09300816742430998,0.5327353835013079
interictal_007,interictal,36,42,,3,EEG C3,True,4.760819373898174,1.4611252086266047,0.13741452295669163,0.3932641325980076,3.4713610685432585,0.9318127339569556,0.23926251965003992,0.1194824280691758,0.6412550522807844
interictal_007,interictal,36,42,,4,EEG P3,True,6.676616612615813,1.360561874441579,0.07880169325952459,0.26340072402272446,5.149945921528103,0.843850650710205,0.5202166817414868,0.11140869963559197,0.36837461862292115
interictal_007,interictal,36,42,,5,EEG O1,True,10.053490513710681,2.609243276211075,0.08889612504070335,0.33410242504103316,4.010166335776995,0.8949904618190394,0.4219567492302177,0.24201163326268452,0.3360316175070978
interictal_007,interictal,36,42,,6,EEG F7,True,23.245732750242063,2.695581321875902,0.03972647346141322,0.15104137152745511,8.177074839340898,0.7409857957696807,0.7023174118854976,0.10901794222895442,0.18866464588554804
interictal_007,interictal,36,42,,7,EEG T3,True,9.782727530331961,2.3658223652040493,0.1230869423640508,0.3062214364776042,4.299729293477582,0.9011704733020275,0.42780059639536366,0.13921482068882368,0.4329845829158126
interictal_007,interictal,36,42,,8,EEG T5,True,8.959697206989107,2.287921382354968,0.12829697167046564,0.33258418160073877,3.960455258816339,0.8786118777298104,0.49444005369014093,0.13322930239679479,0.37233064391306425
interictal_007,interictal,36,42,,9,EEG Fc1,True,4.765791214989711,1.3110511078026537,0.12959947899706936,0.3607414778383099,3.684372304647363,0.8952891108732692,0.31705091465899293,0.07767216973621602,0.605276915604791
interictal_007,interictal,36,42,,10,EEG Fc5,True,8.528668394603974,1.8745143245026552,0.08694236405079779,0.2838971347369943,4.845501498514145,0.8885983943516743,0.4131488001331144,0.10014092235803787,0.4867102775088478
interictal_007,interictal,36,42,,11,EEG Cp1,True,4.402687915137928,1.1524567799959677,0.10029306414848584,0.34101365852766324,4.147429101588482,0.8780770173604643,0.3971661930496378,0.15009568264821052,0.4527381243021516
interictal_007,interictal,36,42,,12,EEG Cp5,True,6.002272925319094,1.4573681675896102,0.10322370563334418,0.31109926570777985,4.4009105105486,0.9161710215066734,0.3534427180678855,0.17186781736849005,0.47468946456362454
interictal_007,interictal,36,42,,13,EEG F9,True,16.887478838006455,4.5161459855872215,0.14620644741126668,0.3343377867374813,3.8418026606641558,0.850066902371714,0.5394220921880669,0.1629703904765238,0.2976075173354092
interictal_007,interictal,36,42,,14,EEG Fz,True,13.63222247828839,1.5568367031908577,0.04363399544122436,0.1484512477076899,8.642579748280292,0.7059149981589659,0.749061896552036,0.07361541991121177,0.17732268353675212
interictal_007,interictal,36,42,,15,EEG Cz,True,4.202588123991918,1.319320544800578,0.1393682839465972,0.40864880060697234,3.327334545638676,0.8978986780836425,0.3243094178597393,0.1322830168883868,0.543407565251874
interictal_007,interictal,36,42,,16,EEG Pz,True,4.345053537861102,1.1562984914593752,0.0928036470205145,0.34556266947400865,4.022964306438118,0.8541796470599496,0.4811462326990377,0.1794095354400625,0.3394442318608998
interictal_007,interictal,36,42,,17,EEG Fp2,True,41.087506642903676,3.9004016498227942,0.06349723217193097,0.13358126362872763,8.760177133794286,0.6475434474351799,0.8496136223999331,0.06960839879624922,0.0807779788038177
interictal_007,interictal,36,42,,18,EEG F4,True,15.938340607304022,3.5175148936591634,0.09736242266362748,0.3041166906677796,3.688637827222071,0.8979783649298575,0.34299790568559135,0.1672220873034591,0.48978000701094954
interictal_007,interictal,36,42,,19,EEG C4,True,6.246777402356009,1.903257087299557,0.12048192771084337,0.3913434821428835,3.2408884860361002,0.9315917179086278,0.2360259967570726,0.09096180886023006,0.6730121943826974
interictal_007,interictal,36,42,,20,EEG P4,True,5.24554249573665,1.6808534183832238,0.11755128622598503,0.4192104627779103,3.224957220277139,0.9367083928826235,0.17882425959515702,0.09958636800000892,0.721589372404834
interictal_007,interictal,36,42,,21,EEG O2,True,9.059493809636615,2.776376860403651,0.10778248127645718,0.4027165789465241,3.5168339347263595,0.8924273750127651,0.37993065020144173,0.13673895463770597,0.4833303951608524
interictal_007,interictal,36,42,,22,EEG F8,True,30.20958355603488,3.144103023086508,0.03614457831325301,0.1347300422955618,9.02427622593813,0.730801495903297,0.72225439017352,0.10025533309504663,0.1774902767314333
interictal_007,interictal,36,42,,23,EEG T4,True,9.080808461956087,3.345529105461293,0.13969391077824814,0.4811461752720787,2.5481589990325855,0.9448700197570121,0.19272872213181544,0.15672738947534282,0.6505438883928417
interictal_007,interictal,36,42,,24,EEG T6,True,11.229095459914276,4.833570738457437,0.16118528166720938,0.5568960963266477,2.377636922686417,0.9315040863874952,0.19560217539969385,0.1387312203465976,0.6656666042537085
interictal_007,interictal,36,42,,25,EEG Fc2,True,7.95588508807914,2.8282074240261763,0.14197329859980462,0.46716780215203474,2.546724605331189,0.882843855259079,0.4221717743185855,0.06509815219229048,0.512730073489124
interictal_007,interictal,36,42,,26,EEG Fc6,True,10.166560011294411,2.8844728145573897,0.09833930315858026,0.37687723556183933,3.2080178489867945,0.9016150532908616,0.33717295582486045,0.14766619843649237,0.5151608457386471
interictal_007,interictal,36,42,,27,EEG Cp2,True,3.8515469172827355,1.094766834701505,0.12178443503744708,0.3767731333786319,3.770328264559272,0.9294575379105279,0.3118368506203605,0.1381264761823068,0.5500366731973327
interictal_007,interictal,36,42,,28,EEG Cp6,True,6.660329600712769,2.0914106156239027,0.11820253988928688,0.4041427465456479,3.3388842363942044,0.9390606462933396,0.20946644614550955,0.12295214891090162,0.6675814049435889
interictal_007,interictal,36,42,,29,EEG F10,True,12.751443486642623,4.88804894074119,0.1302507326603712,0.47556445313282675,2.7266779182328964,0.9204223377745894,0.3577854969319037,0.2028934914116039,0.4393210116564925
interictal_008,interictal,42,48,,1,EEG Fp1,True,34.00059654262834,4.422693345261347,0.07131227613155323,0.1769476835953439,6.350421318328314,0.6094328167108507,0.8741771018419053,0.04872645384433099,0.07709644431376365
interictal_008,interictal,42,48,,2,EEG F3,True,13.131107812433324,2.597644194081492,0.1045262129599479,0.2766217509958843,4.356544336072582,0.762074781335582,0.6465861882104692,0.10148948119099922,0.2519243305985316
interictal_008,interictal,42,48,,3,EEG C3,True,5.468477515602862,1.5837886678481714,0.12048192771084337,0.3715432667584567,3.711551053770868,0.8921265945193797,0.38933695197933665,0.15689261617458572,0.45377043184607774
interictal_008,interictal,42,48,,4,EEG P3,True,5.845268299935839,1.43043539773016,0.10420058612829697,0.32308459650664145,4.292321181366275,0.9048912716697245,0.39275697753488975,0.21256420938007423,0.394678813085036
interictal_008,interictal,42,48,,5,EEG O1,True,9.296078140428325,2.626267898912141,0.1276457180071638,0.3781557187967497,3.5826678297416787,0.8644971383340826,0.45785569330236997,0.1964359202811266,0.34570838641650337
interictal_008,interictal,42,48,,6,EEG F7,True,20.46438261431547,2.4652437200591195,0.06610224682513839,0.15673334390597926,8.254841557560482,0.7407866614416936,0.7499252877488446,0.10668732381368443,0.14338738843747098
interictal_008,interictal,42,48,,7,EEG T3,True,7.812977305590317,2.236760951171855,0.11559752523607945,0.37177747929142024,3.554134123580226,0.9087000806595699,0.3555006613019466,0.18741583731476655,0.4570835013832869
interictal_008,interictal,42,48,,8,EEG T5,True,7.2712166144635,2.3769120618441906,0.12797134483881473,0.42821011635042683,3.1696598751288656,0.8437239140296848,0.49347838096640834,0.1044606478686148,0.4020609711649768
interictal_008,interictal,42,48,,9,EEG Fc1,True,5.1551697240835175,1.4078165818953625,0.09964181048518397,0.35691793532119476,3.8182020377380246,0.8471180541625681,0.5301556195735508,0.09981279074092757,0.37003158968552163
interictal_008,interictal,42,48,,10,EEG Fc5,True,7.781808782053922,1.8634843454906969,0.0928036470205145,0.3175769500117046,4.444602289219145,0.8869813965609719,0.4716998862741543,0.15780386948501335,0.3704962442408323
interictal_008,interictal,42,48,,11,EEG Cp1,True,3.9300637373965857,1.2597036417174625,0.12406382285900358,0.42215009635322853,3.3636928571931803,0.916582156454122,0.3791614348464377,0.19162143595283423,0.42921712920072796
interictal_008,interictal,42,48,,12,EEG Cp5,True,4.959642265933185,1.471205719500005,0.10647997394985347,0.38769884025329954,3.6176168658395342,0.8945010189336092,0.38124786735539673,0.21427718659365666,0.40447494605094664
interictal_008,interictal,42,48,,13,EEG F9,True,10.82494220544248,4.264643792105977,0.1602084011722566,0.5013715710442601,2.5920484466758094,0.8817625444218673,0.44029775677499067,0.15535869267950542,0.4043435505455038
interictal_008,interictal,42,48,,14,EEG Fz,True,11.403451132646138,1.6173201803075086,0.0801042005861283,0.18306424727853784,7.259840232685885,0.6831691802733078,0.7886650987439016,0.07353935743725498,0.1377955438188435
interictal_008,interictal,42,48,,15,EEG Cz,True,3.7495925652774353,1.4438663719115683,0.15043959622272876,0.4989956901617803,2.726472159124933,0.8907467628480452,0.4386178847258303,0.11341819346088328,0.4479639218132863
interictal_008,interictal,42,48,,16,EEG Pz,True,4.638116336475925,1.2327546946500134,0.08922175187235429,0.3467817891942352,4.024356518271127,0.894842913261062,0.43818419962528,0.196412636531662,0.36540316384305804
interictal_008,interictal,42,48,,17,EEG Fp2,True,36.29673860477189,4.206160461085583,0.04982090524259199,0.1595142862237693,7.082746896161807,0.6122457740451712,0.8741441275610845,0.04433741299011915,0.0815184594487964
interictal_008,interictal,42,48,,18,EEG F4,True,14.15055941635697,3.8053072926918703,0.1289482253337675,0.3756477866184009,2.919228215843022,0.8891995978532028,0.3985296972210976,0.11953136672219741,0.48193893605670496
interictal_008,interictal,42,48,,19,EEG C4,True,5.63134601261654,1.9087002436415808,0.12373819602735266,0.43489585131800046,2.998372725668493,0.925081387872057,0.2537306418027832,0.2351018236801772,0.5111675345170394
interictal_008,interictal,42,48,,20,EEG P4,True,5.067793893555844,1.7139426410363707,0.1263432106805601,0.4358272303791887,3.078601284652366,0.9079519077369425,0.3731621608779956,0.15473705606125693,0.4721007830607475
interictal_008,interictal,42,48,,21,EEG O2,True,8.605685750774349,2.8934697371512925,0.14360143275805926,0.44514033558599586,3.1478045375654924,0.9097498249456498,0.4367653970839242,0.14615668235059387,0.41707792056548193
interictal_008,interictal,42,48,,22,EEG F8,True,20.078361231755697,3.1134260392996076,0.0928036470205145,0.20129492426788392,6.044772153406555,0.6921842981831394,0.7716285199607131,0.06560600593497735,0.16276547410430953
interictal_008,interictal,42,48,,23,EEG T4,True,8.292019258339044,3.439333073012045,0.15532399869749267,0.5828064562270668,2.1686033083590206,0.9371895462407892,0.21032020164163148,0.19294662581818728,0.5967331725401812
interictal_008,interictal,42,48,,24,EEG T6,True,10.746692013563132,4.865472858075983,0.18853793552588732,0.5813606117371506,2.3017045648438015,0.9262835843604544,0.34782707755338577,0.1786953493852937,0.47347757306132054
interictal_008,interictal,42,48,,25,EEG Fc2,True,6.960279780536333,2.872451059502846,0.1602084011722566,0.543290422985928,2.231859603824878,0.9083349441116958,0.4027953024151607,0.1474617943216081,0.4497429032632311
interictal_008,interictal,42,48,,26,EEG Fc6,True,7.3441730303353,2.8348002014253004,0.16900032562683165,0.5254292293768946,2.3377759356428984,0.9354478649913149,0.3137990564704617,0.21574566899596676,0.47045527453357144
interictal_008,interictal,42,48,,27,EEG Cp2,True,4.547692561689665,1.187175268681848,0.09019863236730706,0.34181385340434295,4.120808586996642,0.8970370132446517,0.4011552814085806,0.18140594544388935,0.41743877314753003
interictal_008,interictal,42,48,,28,EEG Cp6,True,5.876716060157219,2.0776798682686093,0.14132204493650277,0.46256768099194473,2.9404883777081534,0.920682949522811,0.33728823184918827,0.15736797683857232,0.5053437913122394
interictal_008,interictal,42,48,,29,EEG F10,True,11.576825583217413,4.857729846528436,0.17388472810159558,0.5251464875308419,2.444382830088578,0.866076095563054,0.5238116478358076,0.16319750178812478,0.3129908503760675
interictal_009,interictal,48,54,,1,EEG Fp1,True,38.15257570059318,4.819870086236424,0.05437968088570498,0.17835378558272907,6.16317509026089,0.7244058178664258,0.7713779447604691,0.07120646830302474,0.1574155869365063
interictal_009,interictal,48,54,,2,EEG F3,True,13.645138712197971,2.8251975022276907,0.0928036470205145,0.3024426872256396,3.791847935617654,0.8790081685957458,0.4963187722927398,0.19640360065470375,0.30727762705255646
interictal_009,interictal,48,54,,3,EEG C3,True,9.987869047870731,1.602944772492831,0.06479973949853468,0.20411469206911254,6.630584156199855,0.8289739635707575,0.5476549719837578,0.14822807422856246,0.3041169537876798
interictal_009,interictal,48,54,,4,EEG P3,True,5.900909476074686,1.4378236430707616,0.10908498860306089,0.314748894787562,4.29214285666455,0.8949144475194106,0.4418873330342211,0.116850311040895,0.44126235592488394
interictal_009,interictal,48,54,,5,EEG O1,True,9.42543067514272,2.6477471430604735,0.11527189840442853,0.36891493183996377,3.6156554582724345,0.8635684483480356,0.49118291214581944,0.1721572201324849,0.3366598677216958
interictal_009,interictal,48,54,,6,EEG F7,True,18.770528981011392,2.542597405266946,0.05470530771735591,0.18170842242488075,6.814511699171631,0.739772352574686,0.7518704221339848,0.141212414433654,0.10691716343236118
interictal_009,interictal,48,54,,7,EEG T3,True,5.928598888815883,2.258530506832121,0.1660696841419733,0.5022801948817592,2.5898835015034516,0.940615945344578,0.2895268326298799,0.2229991388719458,0.48747402849817423
interictal_009,interictal,48,54,,8,EEG T5,True,7.852772731941072,2.3371446585770426,0.12471507652230544,0.3921799891205386,3.366738571672821,0.9131929862878657,0.3982906501901894,0.13896701578766144,0.4627423340221491
interictal_009,interictal,48,54,,9,EEG Fc1,True,5.262359413818406,1.4250733133542492,0.11429501790947574,0.35338031758356453,3.7702933344893967,0.8687732120361416,0.5167747710777352,0.1391255029685105,0.34409972595375427
interictal_009,interictal,48,54,,10,EEG Fc5,True,6.409915241042762,1.892470728780043,0.1243894496906545,0.3934696915047641,3.450981701084799,0.8510263205754582,0.5646357378927506,0.19747203726558565,0.23789222484166372
interictal_009,interictal,48,54,,11,EEG Cp1,True,4.02642576093915,1.2566729682479056,0.12927385216541842,0.4033386205695579,3.452239605370809,0.8676206369242567,0.4586624393489196,0.20651645947944916,0.3348211011716313
interictal_009,interictal,48,54,,12,EEG Cp5,True,5.176752895909322,1.4392924424866482,0.12504070335395637,0.36147296033686527,3.7895562503014744,0.9137252459776027,0.3120138850582694,0.18148170228603647,0.5065044126556941
interictal_009,interictal,48,54,,13,EEG F9,True,11.97408184701273,4.221045007679797,0.17518723542819928,0.45009207442065163,2.848633027094279,0.8825198547303689,0.4273811038444503,0.21325175142959904,0.35936714472595066
interictal_009,interictal,48,54,,14,EEG Fz,True,13.213351607349521,1.6710596409375142,0.0638228590035819,0.1641245427318466,7.8623505537908445,0.7988473314495677,0.6960471700544705,0.14418716747193625,0.15976566247359317
interictal_009,interictal,48,54,,15,EEG Cz,True,4.95219074680406,1.4531299309649488,0.1126668837512211,0.3801026274204809,3.541644162470148,0.8368140198523114,0.5292259080886954,0.12328917936992065,0.3474849125413838
interictal_009,interictal,48,54,,16,EEG Pz,True,5.045094364588576,1.250379248993003,0.09084988603060892,0.32073008975188244,4.299882912991778,0.8938507046036079,0.4018205738171803,0.19542715508059497,0.40275227110222483
interictal_009,interictal,48,54,,17,EEG Fp2,True,40.035213005099216,3.9741599472576525,0.045587756431129924,0.1416877836329981,8.14616916239027,0.7576913571594897,0.7368337743369896,0.06217635073123801,0.2009898749317725
interictal_009,interictal,48,54,,18,EEG F4,True,15.081438236253254,3.657834414334466,0.12178443503744708,0.3326819292162546,3.323849652683941,0.950715995400969,0.1728596657849045,0.2057700244472936,0.6213703097678019
interictal_009,interictal,48,54,,19,EEG C4,True,5.055531551534448,1.9789895362180838,0.15174210354933246,0.4992486539212896,2.573454858593673,0.9255236432110796,0.2892656625367976,0.16831847446370488,0.5424158629994974
interictal_009,interictal,48,54,,20,EEG P4,True,5.3974401894805855,1.7503740984138865,0.1299251058287203,0.41559088795133853,3.263311718432548,0.942624726171882,0.24551901444147955,0.201349992937627,0.5531309926208935
interictal_009,interictal,48,54,,21,EEG O2,True,9.40434036521908,2.8716918218666336,0.11787691305763595,0.39787116460567246,3.509081161443035,0.8880511336252184,0.3678367779057472,0.1896291879169135,0.44253403417733916
interictal_009,interictal,48,54,,22,EEG F8,True,20.81912407548302,3.057523405783637,0.07749918593292088,0.1912054085657354,6.379687299192307,0.8379504567863156,0.573092758642101,0.18418180693424702,0.24272543442365208
interictal_009,interictal,48,54,,23,EEG T4,True,8.862707250469352,3.747129655303262,0.16997720612178444,0.5728455044088488,2.182425073655009,0.9484881215908121,0.22512450072847306,0.21536418602162033,0.5595113132499066
interictal_009,interictal,48,54,,24,EEG T6,True,11.389125739997274,4.930617629178262,0.185607294041029,0.5602665082420544,2.372393991717753,0.9254922515068423,0.296853223687638,0.13195006533119158,0.5711967109811704
interictal_009,interictal,48,54,,25,EEG Fc2,True,6.662481310924159,2.9407788118636966,0.16997720612178444,0.582253526345199,2.0616208166679812,0.9049419901909818,0.41568510891044463,0.13899574908403425,0.44531914200552103
interictal_009,interictal,48,54,,26,EEG Fc6,True,7.8146031518288,2.9827009454700772,0.1556496255291436,0.5063650024384684,2.4129642506248365,0.9119464714410522,0.3221439234976578,0.19745050565835204,0.48040557084399005
interictal_009,interictal,48,54,,27,EEG Cp2,True,4.052789283038243,1.1949620955193394,0.11299251058287203,0.38387017694001674,3.6752908869340706,0.8780045655486814,0.4322612955533337,0.14717309174868023,0.42056561269798615
interictal_009,interictal,48,54,,28,EEG Cp6,True,6.351350758140905,2.0799383450451443,0.13187886681862585,0.42383963960053006,3.2136604278450225,0.9309296607699526,0.3423649196058465,0.1780983670802778,0.47953671331387565
interictal_009,interictal,48,54,,29,EEG F10,True,11.57703910024984,4.775967971884859,0.17127971344838816,0.511335246433041,2.5391875339998706,0.8576711186328522,0.5016451765122476,0.23465352937933873,0.2637012941084138
interictal_010,interictal,54,60,,1,EEG Fp1,True,39.261556728370024,6.7602501834634765,0.0846629762292413,0.2370402648773009,4.7864246913511925,0.743982697903286,0.6993086460729153,0.07793102772840801,0.2227603261986766
interictal_010,interictal,54,60,,2,EEG F3,True,15.502680532040424,4.05317826745023,0.10941061543471182,0.362408949228404,3.2688360074247336,0.8901221260030435,0.3868919292611317,0.09965054886614799,0.5134575218727203
interictal_010,interictal,54,60,,3,EEG C3,True,4.8799988385534885,1.6243374941906543,0.1429501790947574,0.43023562602046206,3.2118381772540983,0.8988686249350821,0.41701599438973885,0.14863477796021915,0.43434922765004197
interictal_010,interictal,54,60,,4,EEG P3,True,6.786177083509416,1.5848094928332825,0.10192119830674047,0.30506726870625844,4.547428390688542,0.8647652193807166,0.5297855666461095,0.11664563918485542,0.3535687941690349
interictal_010,interictal,54,60,,5,EEG O1,True,12.452229403841034,3.0286304632114196,0.09573428850537284,0.323485368880903,4.185082967775072,0.8950558260261787,0.4226745268477122,0.214133279362541,0.3631921937897469
interictal_010,interictal,54,60,,6,EEG F7,True,27.345051958597498,3.273386713884014,0.03451644415499837,0.15673396901405015,8.034519242982574,0.8467594411877339,0.5153757131476969,0.14377111662093625,0.3408531702313668
interictal_010,interictal,54,60,,7,EEG T3,True,12.566432211603619,3.3866635541966303,0.11201563008791925,0.3661083890369294,3.5283368789470826,0.9130139415242391,0.42003574351273537,0.14287762644958932,0.4370866300376754
interictal_010,interictal,54,60,,8,EEG T5,True,9.99020064627885,3.1506156748266183,0.10941061543471182,0.4200807585427663,3.0988371319726555,0.9065280205089755,0.4073067308929186,0.13246065944828814,0.46023260965879326
interictal_010,interictal,54,60,,9,EEG Fc1,True,6.485869427419268,1.5185837154108908,0.08205796157603387,0.3037808581383647,4.494444548376311,0.8543665417482429,0.5171579197539959,0.11301211783127153,0.3698299624147326
interictal_010,interictal,54,60,,10,EEG Fc5,True,10.378696776877977,2.567329212582123,0.11755128622598503,0.3298545906660432,4.094893196626764,0.8892965085688781,0.4523472518218722,0.11186319388122566,0.4357895542969022
interictal_010,interictal,54,60,,11,EEG Cp1,True,4.779906395167289,1.262476500377585,0.11103874959296646,0.34860518989410677,4.136707864716439,0.8762241472202799,0.48048231974191763,0.15975026489231048,0.35976741536577184
interictal_010,interictal,54,60,,12,EEG Cp5,True,7.705966469589056,1.8253266036073936,0.06903288830999674,0.3084042048895373,4.4537072816113765,0.898696682697814,0.4191162147226315,0.16461477338781125,0.41626901188955723
interictal_010,interictal,54,60,,13,EEG F9,True,23.002090636259876,5.21037224934119,0.10615434711820254,0.28920533790008557,4.482657736261963,0.8588640360372933,0.5648031372523008,0.13188483460390138,0.3033120281437979
interictal_010,interictal,54,60,,14,EEG Fz,True,15.617269555242206,1.9302716264493922,0.07880169325952459,0.16229046167094613,8.087491862135757,0.7248764027811835,0.7633462538505889,0.09241693899350642,0.14423680715590464
interictal_010,interictal,54,60,,15,EEG Cz,True,6.442901969295792,1.4388565329917966,0.07000976880494952,0.29051987412348196,4.806116784740653,0.8666080325203094,0.5167374895824891,0.10080807030910639,0.38245444010840457
interictal_010,interictal,54,60,,16,EEG Pz,True,6.116881895960428,1.2644152203727583,0.06642787365678932,0.26889374737298133,5.299617212836602,0.8449488459601977,0.5408995374138275,0.1608278727696633,0.29827258981650917
interictal_010,interictal,54,60,,17,EEG Fp2,True,55.62947390349225,5.334907042436972,0.03126017583848909,0.13463380089159535,8.553313776702929,0.6775059182764055,0.7926537026187089,0.07164964493297842,0.1356966524483126
interictal_010,interictal,54,60,,18,EEG F4,True,24.11083549892512,4.878732770594181,0.0755454249430153,0.2736590770270352,4.105758094507579,0.893595613412594,0.36343271512458913,0.11286642132029748,0.5237008635551135
interictal_010,interictal,54,60,,19,EEG C4,True,7.7143844275585005,2.118243080505379,0.10843373493975904,0.3526681123217644,3.7631545350973963,0.9192597812942825,0.34939896288820693,0.15516031729656005,0.49544071981523297
interictal_010,interictal,54,60,,20,EEG P4,True,5.384548217224774,1.8565904741659254,0.13643764246173884,0.4544482419412993,3.010237069819401,0.9286515332720553,0.3108314727114076,0.11978229415602097,0.5693862331325714
interictal_010,interictal,54,60,,21,EEG O2,True,11.335441777300394,3.2617549448640584,0.1208075545424943,0.3878860373601372,3.553045094713453,0.9297578168833385,0.2975899226166456,0.1692092317834478,0.5332008455999068
interictal_010,interictal,54,60,,22,EEG F8,True,48.202182141761,4.085341869696234,0.028655161185281667,0.10902306657443082,11.585139653724074,0.6731062620012295,0.8116869110097599,0.0810497387411654,0.10726335024907464
interictal_010,interictal,54,60,,23,EEG T4,True,19.243892684084464,6.420756482240434,0.12406382285900358,0.4896886428192434,2.6386801254204966,0.9545236999483804,0.14740654723067909,0.13158932076740312,0.7210041320019178
interictal_010,interictal,54,60,,24,EEG T6,True,11.702706045053203,5.444082879124313,0.18039726473461412,0.6045643078855,2.237357125711244,0.941616562503519,0.2659222207832512,0.17035194328744344,0.5637258359293055
interictal_010,interictal,54,60,,25,EEG Fc2,True,9.093914662831,2.9549328113038973,0.1348095083034842,0.42274976472084896,2.8936312621301594,0.9100028220239283,0.4117668101993537,0.1401110413658006,0.4481221484348457
interictal_010,interictal,54,60,,26,EEG Fc6,True,14.395574643994312,4.309400902517965,0.12373819602735266,0.40064878412948296,3.199159581074936,0.9039204644694248,0.39589858925113586,0.16079776025322595,0.44330365049563825
interictal_010,interictal,54,60,,27,EEG Cp2,True,3.396858446681159,1.1879469287849596,0.1289482253337675,0.4643097289973935,3.1452524124733836,0.9145249797703856,0.31651043320785927,0.1417985634025476,0.5416910033895932
interictal_010,interictal,54,60,,28,EEG Cp6,True,7.969707068676622,2.493174386946997,0.11950504721589059,0.42060470524153604,3.324199463991639,0.9347240547214887,0.3144101804598915,0.1395000337426849,0.5460897857974236
interictal_010,interictal,54,60,,29,EEG F10,True,17.124113923570004,5.9237913399686715,0.13057635949202215,0.4407687384395796,2.9593155432286493,0.8732251417484989,0.46489503652369657,0.15100065758936437,0.38410430588693906
interictal_011,interictal,60,66,,1,EEG Fp1,True,39.66157636436411,5.368298388665902,0.06610224682513839,0.18902743203780106,5.975956064236946,0.7243003718997825,0.7415696977452152,0.06250867873488906,0.1959216235198957
interictal_011,interictal,60,66,,2,EEG F3,True,18.450756120253036,3.914906466430717,0.08042982741777922,0.3128336126322365,3.8839156340183574,0.9182550385713133,0.331193301251804,0.1659709971878532,0.5028357015603429
interictal_011,interictal,60,66,,3,EEG C3,True,5.443271953652826,1.5966134844814852,0.10224682513839141,0.3792713593765864,3.611257948347794,0.9448087214230815,0.2299512412435226,0.23863069570715745,0.53141806304932
interictal_011,interictal,60,66,,4,EEG P3,True,5.969146730993564,1.5425408397651081,0.10387495929664604,0.3352185171531107,4.081331983593152,0.9289165857455863,0.3468814697625414,0.17583371877975226,0.4772848114577064
interictal_011,interictal,60,66,,5,EEG O1,True,10.604254713633695,2.982832614110443,0.10517746662324975,0.3719274145560866,3.6036890791123004,0.8919095694474795,0.4478728796164504,0.1419525628489633,0.4101745575345863
interictal_011,interictal,60,66,,6,EEG F7,True,28.942104530162553,3.174177263974309,0.0592640833604689,0.14203889490313587,8.73703336747369,0.7727587747008049,0.6928517821264106,0.12646271410606572,0.18068550376752374
interictal_011,interictal,60,66,,7,EEG T3,True,15.868005208433942,3.2940623356941,0.05047215890589384,0.2687184517297454,4.634926425017522,0.9283862055296884,0.34901929973357804,0.18455878322726785,0.4664219170391541
interictal_011,interictal,60,66,,8,EEG T5,True,11.037157102305244,2.735934596663845,0.08368609573428851,0.3210205928672126,4.178858671147193,0.8913347442473856,0.44393867334598086,0.144126857592967,0.4119344690610522
interictal_011,interictal,60,66,,9,EEG Fc1,True,6.371547163692643,1.482362301106954,0.09801367632692934,0.3023050624973756,4.449904503324924,0.9096470757304836,0.30141604654648924,0.17403041293282154,0.5245535405206894
interictal_011,interictal,60,66,,10,EEG Fc5,True,13.03267718513014,2.494342004596558,0.08433734939759036,0.2509738710339845,5.297840423272613,0.9095466132807739,0.4247194108313339,0.18268131252155959,0.3925992766471064
interictal_011,interictal,60,66,,11,EEG Cp1,True,5.303620610270769,1.2277046580896898,0.07391729078476067,0.3065403581241491,4.660765375222657,0.9200552803326978,0.3306636024028054,0.26005727365631304,0.4092791239408815
interictal_011,interictal,60,66,,12,EEG Cp5,True,9.157319212997713,1.7661174670824396,0.04884402474763921,0.24562354319772262,5.546979863019087,0.9095509942438871,0.4092788956748154,0.15537546833072613,0.43534563599445847
interictal_011,interictal,60,66,,13,EEG F9,True,27.116746267247,5.028562755639337,0.06219472484532725,0.2331731237144195,5.50325082427083,0.8450917769255534,0.5779420973088704,0.14262784900657682,0.2794300536845528
interictal_011,interictal,60,66,,14,EEG Fz,True,12.87438619947445,1.7213780573314545,0.07000976880494952,0.17471959273068358,7.529864455076502,0.7793939997838066,0.6661360059839128,0.11640214618824968,0.21746184782783756
interictal_011,interictal,60,66,,15,EEG Cz,True,4.7909738076389115,1.4167298758763835,0.1103874959296646,0.3851156192462378,3.5672349814157234,0.9051867302288031,0.3615551466677975,0.14890735223922666,0.4895375010929759
interictal_011,interictal,60,66,,16,EEG Pz,True,5.6262056405776955,1.207828037191871,0.0801042005861283,0.28255129216964875,4.966210993526528,0.8911001270528762,0.3695332526872457,0.2988449090627825,0.33162183824997177
interictal_011,interictal,60,66,,17,EEG Fp2,True,52.09254692055482,4.634240315529242,0.035493324649951155,0.12755374321013876,9.09225461221512,0.6859160289996862,0.8091179044042527,0.06556084705562379,0.12532124854012353
interictal_011,interictal,60,66,,18,EEG F4,True,25.933614139037175,4.122699859011762,0.04265711494627157,0.2250258157803257,4.875843726739265,0.9307537707246297,0.2789063960509475,0.1301908184633171,0.5909027854857355
interictal_011,interictal,60,66,,19,EEG C4,True,7.9681813203488625,1.9633256806055022,0.06805600781504396,0.31488561348410254,4.1800107945306015,0.9341913589617947,0.32790107383348355,0.22142325924063722,0.4506756669258793
interictal_011,interictal,60,66,,20,EEG P4,True,5.678025286688939,1.6462399245267654,0.11983067404754151,0.37307089515939584,3.602808910037485,0.9204006164344848,0.3095557729332534,0.2560750543680444,0.43436917269870207
interictal_011,interictal,60,66,,21,EEG O2,True,8.33122242854248,2.773587419217021,0.131227613155324,0.43402667603163486,3.2166852996306203,0.8909062088954368,0.4737191013706385,0.17559488902836876,0.35068600960099283
interictal_011,interictal,60,66,,22,EEG F8,True,47.738161463579694,3.6139437700145156,0.014978834255942689,0.0967913334113623,12.682660470710907,0.7171850255729512,0.7540812792975748,0.11279940016668756,0.13311932053573763
interictal_011,interictal,60,66,,23,EEG T4,True,19.802748772606634,5.125915345916232,0.07880169325952459,0.35318407377401567,3.5387807137476046,0.9508049817117044,0.11675580699554419,0.19534009303705122,0.6879040999674046
interictal_011,interictal,60,66,,24,EEG T6,True,11.954628482260812,4.743571353723193,0.16281341582546402,0.5159089667066559,2.5386340107419967,0.9344270701898958,0.23393217097743157,0.14241775635304685,0.6236500726695215
interictal_011,interictal,60,66,,25,EEG Fc2,True,7.246477627530389,2.8977380566153226,0.1579290133507001,0.5245679625521535,2.330783991801107,0.8487062682157032,0.5286918768237844,0.10613634742471469,0.36517177575150106
interictal_011,interictal,60,66,,26,EEG Fc6,True,13.021785277913635,3.5738240923144726,0.10289807880169326,0.3623266773922676,3.3986964418713126,0.9180049118846424,0.3725810777492761,0.20227462286272946,0.4251442993879944
interictal_011,interictal,60,66,,27,EEG Cp2,True,3.418056871342244,1.142033447866834,0.13871703028329535,0.4439099372069708,3.2473158828509905,0.9016683021740921,0.4013973778168756,0.2643438023417452,0.33425881984137906
interictal_011,interictal,60,66,,28,EEG Cp6,True,9.418935042615555,2.1306488405169772,0.09019863236730706,0.290409641264575,4.621954954033846,0.945538430031102,0.2688928976182818,0.20697388600996283,0.5241332163717555
interictal_011,interictal,60,66,,29,EEG F10,True,20.06131878817391,5.596026902801595,0.13546076196678605,0.34912738292045603,3.7234068679266317,0.8758827953240139,0.46284321385078486,0.200881893424955,0.33627489272426025
interictal_012,interictal,66,72,,1,EEG Fp1,True,36.60646478214142,4.0009721015450594,0.03744708563985672,0.15153940689562775,7.452809335146383,0.8350905981696095,0.5822638735695395,0.08026482619419743,0.33747130023626315
interictal_012,interictal,66,72,,2,EEG F3,True,10.729625096803277,2.6119993536674087,0.11429501790947574,0.3446478321972795,3.5435734116905104,0.9458858011272097,0.23628673095196878,0.17281803199892268,0.5908952370491085
interictal_012,interictal,66,72,,3,EEG C3,True,3.545142462711944,1.5161893132510202,0.16704656463692608,0.5518496115025405,2.519195344350659,0.9272733910887327,0.24261072511082418,0.24526718631751465,0.5121220885716612
interictal_012,interictal,66,72,,4,EEG P3,True,7.016925803940687,1.3757016394591512,0.08889612504070335,0.2524592397893568,5.461295699676792,0.9116447207801174,0.35698037886131123,0.15243560734098965,0.4905840137976991
interictal_012,interictal,66,72,,5,EEG O1,True,9.805719944753767,2.19920046115058,0.10061869098013676,0.2932112347001358,4.616807205440089,0.8211081081791195,0.6075658442534683,0.11242431225223916,0.28000984349429253
interictal_012,interictal,66,72,,6,EEG F7,True,22.95918931251128,2.602243663992645,0.02800390752197981,0.14750590425133117,8.557473122258552,0.9545403343106824,0.22692336920385744,0.1907783948337005,0.582298235962442
interictal_012,interictal,66,72,,7,EEG T3,True,15.45779589971778,2.8299679954946324,0.03744708563985672,0.2386857207992326,5.301192193726401,0.9331459229717185,0.2329144311537807,0.20574448734749012,0.5613410814987292
interictal_012,interictal,66,72,,8,EEG T5,True,9.17459366996628,2.3826617816465787,0.12406382285900358,0.35563087641225005,3.6576576353074284,0.9047490329895858,0.411649082806189,0.1320309454247773,0.45631997176903377
interictal_012,interictal,66,72,,9,EEG Fc1,True,6.664116516048425,1.3458055275075598,0.058938456528817976,0.26273840252782077,5.253681347556424,0.8850205769936821,0.394596929467971,0.19695664124788928,0.4084464292841396
interictal_012,interictal,66,72,,10,EEG Fc5,True,7.914390304300817,2.1304236480100798,0.11722565939433409,0.34860908254500694,3.8498670433233473,0.9415055142871916,0.28085764277372516,0.2235182773574529,0.49562407986882195
interictal_012,interictal,66,72,,11,EEG Cp1,True,3.9491461529845098,1.1826124022440065,0.11690003256268316,0.3950886402157631,3.6204255694404974,0.9446677978189194,0.2288249442039421,0.16748630138767445,0.6036887544083833
interictal_012,interictal,66,72,,12,EEG Cp5,True,6.330534406739601,1.5317129719899998,0.08075545424943015,0.31058281143626354,4.469671011448438,0.9014436177111911,0.3581254224557805,0.24356967284285053,0.398304904701369
interictal_012,interictal,66,72,,13,EEG F9,True,25.206519569421683,4.660400654897933,0.10908498860306089,0.23425325073665462,5.492103210700981,0.8602133949764105,0.4958139751132888,0.12977497193970072,0.37441105294701055
interictal_012,interictal,66,72,,14,EEG Fz,True,15.507683680583108,1.485901997563875,0.04916965157929013,0.12465691696197972,10.812043242199977,0.7787367129692738,0.6353380446517526,0.1439800795861095,0.22068187576213788
interictal_012,interictal,66,72,,15,EEG Cz,True,6.007570471091251,1.3592389190283223,0.0941061543471182,0.29545637924845614,4.710841593103601,0.8622034467361912,0.42466168756019923,0.18612716023321094,0.38921115220658986
interictal_012,interictal,66,72,,16,EEG Pz,True,5.8310062137984655,1.1674870500392152,0.07261478345815696,0.26250147161033593,5.403782281438916,0.9319161691390949,0.28133999825483474,0.1946791356503544,0.523980866094811
interictal_012,interictal,66,72,,17,EEG Fp2,True,62.66899219913282,2.956150010360108,0.014653207424291761,0.06965164522728391,15.909755210945097,0.7679675543974616,0.7128121991212956,0.08207905154282491,0.20510874933587947
interictal_012,interictal,66,72,,18,EEG F4,True,24.88091263283608,2.80728030816778,0.022468251383914034,0.16413794251847721,6.807155046631002,0.9097874078543492,0.3837401804284184,0.12377314186639764,0.49248667770518406
interictal_012,interictal,66,72,,19,EEG C4,True,6.957876777193925,1.9277731995466876,0.12048192771084337,0.3539924696416533,3.6544751709510095,0.9027357797447132,0.3872630014459331,0.1971803377605363,0.41555666079353054
interictal_012,interictal,66,72,,20,EEG P4,True,4.956822794951631,1.504159121412568,0.12341256919570173,0.3958271457478994,3.42107318268796,0.9070516006875375,0.2909436516404983,0.22776648699009547,0.4812898613694063
interictal_012,interictal,66,72,,21,EEG O2,True,9.18551337780455,2.2683072218417757,0.10517746662324975,0.334162051862515,4.18514702246081,0.8694299680955332,0.44397037878003276,0.20690036184442484,0.3491292593755424
interictal_012,interictal,66,72,,22,EEG F8,True,43.73483912006285,3.1105469082495563,0.0022793878215564964,0.09144261239551663,13.46892405166185,0.7614135586028778,0.7270989121746918,0.11105547279872206,0.16184561502658631
interictal_012,interictal,66,72,,23,EEG T4,True,10.520701323603868,5.055289085322829,0.19146857701074568,0.6644766264812787,1.8462252292053412,0.9556251929649012,0.13222809877566513,0.1520459081883107,0.7157259930360241
interictal_012,interictal,66,72,,24,EEG T6,True,11.790892703255365,4.110587559196566,0.15467274503419082,0.4540951984460032,2.876327019474611,0.9352976327941087,0.2525627760988869,0.20460009443021693,0.5428371294708961
interictal_012,interictal,66,72,,25,EEG Fc2,True,10.12103205777313,2.8876112733206445,0.1045262129599479,0.3752203415278239,3.222864573560278,0.8910773551198735,0.4369559084739284,0.16031839514854754,0.402725696377524
interictal_012,interictal,66,72,,26,EEG Fc6,True,14.341590961875104,3.432983718393021,0.07261478345815696,0.3140264043440062,3.884211900315202,0.9276559193622717,0.3212451324099871,0.1611286168640339,0.517626250725979
interictal_012,interictal,66,72,,27,EEG Cp2,True,6.455859656352575,1.1335584741782083,0.07066102246825139,0.23115917383638226,6.178154193960378,0.9066821841499239,0.36049457756435893,0.19940240795884945,0.4401030144767917
interictal_012,interictal,66,72,,28,EEG Cp6,True,6.608999984251437,1.9561107459410256,0.12829697167046564,0.3834940273185214,3.5563271968742267,0.9096774703359407,0.2602653097936587,0.23232782994642356,0.5074068602599178
interictal_012,interictal,66,72,,29,EEG F10,True,10.342037297237747,5.278846652203344,0.21295994789970693,0.6334532350773645,2.04754062650492,0.8897915316833679,0.44784862889317634,0.15750497945807548,0.3946463916487482
interictal_013,interictal,72,78,,1,EEG Fp1,True,38.77627720584974,5.123654720029489,0.10257245197004233,0.18343146473599142,6.310759425218222,0.7652519242953849,0.7333917058149539,0.06696578412762623,0.1996425100574199
interictal_013,interictal,72,78,,2,EEG F3,True,12.744441491361133,2.9933362157783407,0.10843373493975904,0.3379442047322268,3.6859936907764728,0.8755840515675691,0.45317138186906997,0.11211186037097445,0.43471675775995555
interictal_013,interictal,72,78,,3,EEG C3,True,7.552524292334719,1.6177429259461913,0.09345490068381634,0.27642966436938593,5.033892920721835,0.9369513574711166,0.27335386195196215,0.1451900201517553,0.5814561178962826
interictal_013,interictal,72,78,,4,EEG P3,True,5.846332386434602,1.5064216607463936,0.10875936177140996,0.34216547514016515,4.02479361958937,0.9066450256751284,0.41656645729878766,0.12670910746546565,0.45672443523574663
interictal_013,interictal,72,78,,5,EEG O1,True,10.569777818400537,2.604008028073656,0.11169000325626832,0.3290857822328415,4.106863224169211,0.9347909215976515,0.31245828422526783,0.1593960380204961,0.5281456777542362
interictal_013,interictal,72,78,,6,EEG F7,True,36.40316069776074,2.917538943271408,0.0348420709866493,0.10385782936918357,12.113008475805943,0.7221817323419292,0.7302513666987537,0.09113195071317719,0.17861668258806915
interictal_013,interictal,72,78,,7,EEG T3,True,19.0308481556941,2.9837807376808434,0.0429827417779225,0.2070985028586475,6.097586711900287,0.8949165869155724,0.4466740538733649,0.1117910193316167,0.44153492679501843
interictal_013,interictal,72,78,,8,EEG T5,True,10.253463763727055,2.512756520035114,0.11429501790947574,0.31516442102430287,4.225116761455495,0.8997992298293181,0.44511799094949756,0.14514875239917227,0.4097332566513302
interictal_013,interictal,72,78,,9,EEG Fc1,True,5.23610099213882,1.4537855429648103,0.11169000325626832,0.3644559370195307,3.8337676649475054,0.9065535182130537,0.42715031010867754,0.12650651933705453,0.44634317055426787
interictal_013,interictal,72,78,,10,EEG Fc5,True,14.764836625963444,2.317810991050556,0.0801042005861283,0.20229657328288547,6.671840964727171,0.8587029070567571,0.5031961156563309,0.1088559369454859,0.38794794739818306
interictal_013,interictal,72,78,,11,EEG Cp1,True,4.4835327795706545,1.3022084273300374,0.11787691305763595,0.38658640050801324,3.744564843804094,0.904804040836055,0.3958441879489819,0.1678155922944555,0.43634021975656256
interictal_013,interictal,72,78,,12,EEG Cp5,True,9.519540176381145,1.7185850170461539,0.06317160534028005,0.23150635077581122,5.968436548439166,0.8955343671429304,0.39115352138292225,0.15090084754458086,0.45794563107249686
interictal_013,interictal,72,78,,13,EEG F9,True,34.43196991170179,4.697209868315174,0.09378052751546727,0.17226957415954702,7.45433892648025,0.782934702346131,0.6881349403425772,0.10380181677238771,0.2080632428850352
interictal_013,interictal,72,78,,14,EEG Fz,True,15.129580680761606,1.754685656242259,0.05568218821230869,0.15066510532375813,8.806645403406568,0.7374560234367488,0.7484510390180608,0.0654992353175444,0.18604972566439484
interictal_013,interictal,72,78,,15,EEG Cz,True,5.375937507369446,1.4751028412936389,0.09671116900032563,0.3544483165953148,3.9404340719928084,0.9328514788146156,0.34429793589739865,0.13935170054798496,0.5163503635546164
interictal_013,interictal,72,78,,16,EEG Pz,True,7.778686886395715,1.2972386412806556,0.06219472484532725,0.21966967922769545,6.516755043156832,0.8906085613343515,0.4740991751796081,0.14813474354047862,0.37776608127991324
interictal_013,interictal,72,78,,17,EEG Fp2,True,63.535747091955336,4.25592860995514,0.04363399544122436,0.09727681586411464,12.005405982602548,0.7570533299842049,0.7620571418424668,0.05723263936307238,0.1807102187944609
interictal_013,interictal,72,78,,18,EEG F4,True,27.4498417908319,3.5953385253865333,0.05470530771735591,0.18422781257110935,5.957442700381548,0.9265424931877978,0.270829710821253,0.15586850080165676,0.5733017883770902
interictal_013,interictal,72,78,,19,EEG C4,True,7.6629709751291335,2.0194544453579586,0.090524259198958,0.33615876007476453,3.844114196431328,0.9449892551696989,0.2102944351058709,0.2582175200967831,0.531488044797346
interictal_013,interictal,72,78,,20,EEG P4,True,5.585230192302777,1.6524818763906846,0.12601758384890915,0.38588478191953063,3.581242991756098,0.9049977017452641,0.311691509529764,0.20361666882362534,0.4846918216466107
interictal_013,interictal,72,78,,21,EEG O2,True,10.119854703433553,2.67924214674454,0.08694236405079779,0.356880010896643,3.9469993225460627,0.9220681512143248,0.23319095031397608,0.13896792786465303,0.6278411218213709
interictal_013,interictal,72,78,,22,EEG F8,True,49.7385992964703,3.4730248644961534,0.03516769781830023,0.08854517727084599,13.566139180479622,0.7983956546970463,0.6477662829936971,0.11065929432659558,0.24157442267970727
interictal_013,interictal,72,78,,23,EEG T4,True,13.296140326210898,5.591764624606362,0.1602084011722566,0.5928902812262477,2.0917391814369712,0.9479717909351856,0.15967239104301886,0.1684868701068238,0.6718407388501574
interictal_013,interictal,72,78,,24,EEG T6,True,12.030104274970947,4.72257710886223,0.1520677303809834,0.5106649572317281,2.592276749065151,0.9406050816976362,0.24024900809329974,0.12257310500160011,0.6371778869051001
interictal_013,interictal,72,78,,25,EEG Fc2,True,11.260598856015571,2.9509078422495056,0.10680560078150439,0.34129958396575627,3.5419537870917117,0.9110361401580873,0.4122787601547001,0.14221347805877724,0.4455077617865226
interictal_013,interictal,72,78,,26,EEG Fc6,True,17.89179245732527,3.6971148006664407,0.08173233474438293,0.27287521090413186,4.458768241478896,0.930023246073929,0.29033890327781825,0.1402403186214536,0.5694207781007282
interictal_013,interictal,72,78,,27,EEG Cp2,True,11.282747693205117,1.2712638541510322,0.04168023445131879,0.14697047905519114,9.8285148282237,0.9116807702397481,0.37248039367125163,0.21279861689407784,0.41472098943467045
interictal_013,interictal,72,78,,28,EEG Cp6,True,7.056698593871103,2.109430774380838,0.12797134483881473,0.39065604306703494,3.5260581322860833,0.9194392939086858,0.36883086026824086,0.17224654765001263,0.45892259208174635
interictal_013,interictal,72,78,,29,EEG F10,True,19.55632150040787,5.45904021975145,0.08922175187235429,0.3496746567369554,3.684718962920668,0.8892163687224428,0.46419473871200034,0.16083655283292006,0.37496870845507957
interictal_014,interictal,78,84,,1,EEG Fp1,True,45.786919156148876,5.611717575617531,0.05177466623249756,0.18649288771226896,6.926682003223029,0.7401017381517017,0.7017178035374017,0.05875936748208304,0.2395228289805153
interictal_014,interictal,78,84,,2,EEG F3,True,24.612646660711807,7.102111827686184,0.08336046890263758,0.6629617611191398,2.0118838639678778,0.9482382520921259,0.30746271257018476,0.16491674830828468,0.5276205391215306
interictal_014,interictal,78,84,,3,EEG C3,True,13.949158206932879,3.7872299474405806,0.15597525236079454,0.7405245398709018,1.6080225396225185,0.9471238811144843,0.25421492756815184,0.2030740173296923,0.5427110551021558
interictal_014,interictal,78,84,,4,EEG P3,True,10.479731295138137,2.647893237494078,0.09312927385216542,0.5241990312546266,2.5481307658146206,0.9383150719435793,0.2566634328833492,0.2863563366652332,0.45698023045141756
interictal_014,interictal,78,84,,5,EEG O1,True,11.978441169563396,3.3159765038997957,0.11071312276131554,0.38459515747939776,3.664902923316166,0.9307844737170762,0.36201880467105546,0.14288189368192286,0.49509930164702165
interictal_014,interictal,78,84,,6,EEG F7,True,41.323382329332674,9.304285564902738,0.05600781504395962,0.6095056011760068,2.206850416622169,0.8841922704064521,0.4318928824019989,0.15651757615572479,0.4115895414422763
interictal_014,interictal,78,84,,7,EEG T3,True,29.177822446646196,8.252657880790743,0.09150113969391079,0.7374329756322882,1.6722283778048948,0.9450924747287223,0.2110124286077532,0.17930930613691942,0.6096782652553273
interictal_014,interictal,78,84,,8,EEG T5,True,12.439821629255237,3.5788525089103844,0.11396939107782482,0.449054914550852,3.1386722922253916,0.9127839216721554,0.292335585930152,0.14137697155908918,0.5662874425107588
interictal_014,interictal,78,84,,9,EEG Fc1,True,11.099677460538759,2.9692787790965327,0.10680560078150439,0.6077909825962625,2.0674200639253497,0.9439085866360621,0.3156784909845463,0.16906647353486975,0.5152550354805838
interictal_014,interictal,78,84,,10,EEG Fc5,True,24.29759129003158,7.783329198931701,0.11494627157277759,0.9475727439196976,1.475799030327182,0.944784049817682,0.21958187913652852,0.22672400352747854,0.5536941173359929
interictal_014,interictal,78,84,,11,EEG Cp1,True,5.911384160661996,2.063404850669401,0.131227613155324,0.6803547114134781,1.9878343044816074,0.9343958369551764,0.3096371013083049,0.20491895405205798,0.48544394463963725
interictal_014,interictal,78,84,,12,EEG Cp5,True,18.715033126939215,5.323250912627524,0.13513513513513514,0.875195169532438,1.4346092630624996,0.9405130663073793,0.26103261825118307,0.19309621403077842,0.5458711677180386
interictal_014,interictal,78,84,,13,EEG F9,True,25.846604280484385,8.463382072428693,0.15630087919244545,0.6481111137182433,2.117018615076843,0.8969126548275059,0.42020778518939006,0.15297686753729686,0.4268153472733131
interictal_014,interictal,78,84,,14,EEG Fz,True,14.793293236891449,2.5763956941639923,0.07294041028980788,0.2892150993700947,4.867247528613308,0.8423296016257115,0.5897615359588015,0.10365219525168201,0.3065862687895165
interictal_014,interictal,78,84,,15,EEG Cz,True,6.6628908869951955,2.0336993016885847,0.11592315206773038,0.49118156497153703,2.882684710809347,0.9266052719073876,0.3805111613950341,0.16869764188184275,0.45079119672312323
interictal_014,interictal,78,84,,16,EEG Pz,True,6.690833811723576,1.7115240962383853,0.08075545424943015,0.38990161125560874,3.8600551770588525,0.9486392571470235,0.2576575385584447,0.19576371444837495,0.5465787469931803
interictal_014,interictal,78,84,,17,EEG Fp2,True,53.97590160978118,6.179678305529541,0.0429827417779225,0.1884325920626009,6.671139191620794,0.7735788966005646,0.6594860145829181,0.06311799779357358,0.27739598762350826
interictal_014,interictal,78,84,,18,EEG F4,True,29.96554068566823,9.922287575489003,0.12048192771084337,0.6929498358822206,1.912170050510897,0.9363222867854377,0.1152605197454152,0.1379590052694244,0.7467804749851604
interictal_014,interictal,78,84,,19,EEG C4,True,13.988040175170863,4.979498079970916,0.15825464018235103,0.7743687788189104,1.695689607656474,0.9205152453449373,0.20835677204161743,0.171410894538632,0.6202323334197506
interictal_014,interictal,78,84,,20,EEG P4,True,8.50395064765643,3.1406945196230667,0.14034516444154999,0.6842756141348193,1.9979199703414383,0.948229556842117,0.12207554090223578,0.24751187774437075,0.6304125813533936
interictal_014,interictal,78,84,,21,EEG O2,True,10.072213747111823,3.42501207548999,0.12959947899706936,0.4671828388585512,3.04825622106547,0.9491708191472056,0.14193256403914176,0.15411999523915215,0.703947440721706
interictal_014,interictal,78,84,,22,EEG F8,True,50.36999312671319,10.762551267501086,0.08954737870400521,0.4888433884021296,2.880594020161611,0.8384787379960468,0.569921323315373,0.10426000541715964,0.32581867126746733
interictal_014,interictal,78,84,,23,EEG T4,True,27.506666019031286,12.647132605546828,0.20970367958319766,0.8850623728094488,1.4567948422965087,0.9405355460996063,0.10615139940988548,0.1456660653027922,0.7481825352873224
interictal_014,interictal,78,84,,24,EEG T6,True,13.389114534073808,6.4422092224999865,0.1823510257245197,0.6786071974929275,2.0221876178860123,0.937260033435901,0.12702325938396453,0.19193116797572896,0.6810455726403065
interictal_014,interictal,78,84,,25,EEG Fc2,True,9.487335975314494,4.170164831057763,0.1693259524584826,0.6854217295840259,1.9070636752743524,0.9219228780111269,0.3534791592138157,0.11006738759996422,0.5364534531862201
interictal_014,interictal,78,84,,26,EEG Fc6,True,26.662687064315904,10.689139194300287,0.20416802344513188,0.9260599035683658,1.4931481905752053,0.9483962652315879,0.2468562609661157,0.15721904123283406,0.5959246978010502
interictal_014,interictal,78,84,,27,EEG Cp2,True,6.460301381256966,1.9707197668884402,0.09182676652556171,0.516932499745033,2.770322987146988,0.9198527301981183,0.3515035920588825,0.14974266351345716,0.49875374442766035
interictal_014,interictal,78,84,,28,EEG Cp6,True,15.3126703785688,6.076831611174183,0.16704656463692608,0.9362269643432485,1.4417577360613332,0.9532644013946004,0.14161508066603834,0.21556965368703557,0.6428152656469261
interictal_014,interictal,78,84,,29,EEG F10,True,24.855181260338625,10.371645085609572,0.18756105503093454,0.7546305619031951,1.9658979946830464,0.8656436090231691,0.48980662962516275,0.13885699337826415,0.37133637699657307
interictal_015,interictal,84,90,,1,EEG Fp1,True,389.16549309208057,26.059100022432304,0.02149137088896125,0.10532961326349005,11.707421991979906,0.9444767059908792,0.20053847907410943,0.10210762545878302,0.6973538954671076
interictal_015,interictal,84,90,,2,EEG F3,True,96.52812141430219,24.606967594834792,0.06479973949853468,0.40975599780913907,3.236988164528679,0.8930813065484697,0.05149996574820249,0.05110611670665449,0.897393917545143
interictal_015,interictal,84,90,,3,EEG C3,True,32.96290219009307,10.064831323723858,0.10289807880169326,0.5863372221622772,2.188982715152896,0.9448082321902714,0.2009035660080093,0.12869645295846624,0.6703999810335245
interictal_015,interictal,84,90,,4,EEG P3,True,16.31511940484417,5.787535951989541,0.15532399869749267,0.5845863624888378,2.380547469957931,0.8788573541848383,0.416549781530833,0.16689390497031187,0.4165563134988552
interictal_015,interictal,84,90,,5,EEG O1,True,60.07297523194716,6.15135620843552,0.0065125366330185605,0.14097421379719555,10.144879843242158,0.8905858815100063,0.4895295518225424,0.16061619484639056,0.349854253331067
interictal_015,interictal,84,90,,6,EEG F7,True,97.22584326306469,26.435030945094653,0.11364376424617388,0.5069136333363549,2.7484265890927633,0.8660496900389044,0.38027949654923426,0.13602453555618393,0.4836959678945818
interictal_015,interictal,84,90,,7,EEG T3,True,63.282108961920095,23.331481734526903,0.09996743731683491,0.6567431090878708,1.893128477893921,0.9242190692110923,0.12052348631691279,0.11319618957786468,0.7662803241052225
interictal_015,interictal,84,90,,8,EEG T5,True,77.39325068206368,8.899653138202764,0.03451644415499837,0.16851132336592312,7.657541132368014,0.9435158314637341,0.09609094230223167,0.08818320567903663,0.8157258520187316
interictal_015,interictal,84,90,,9,EEG Fc1,True,20.475177743796447,7.437484193808828,0.1533702377075871,0.613299773796903,2.1927610713271277,0.9401265140683331,0.14262963223524977,0.144775430834707,0.7125949369300433
interictal_015,interictal,84,90,,10,EEG Fc5,True,45.54457338627057,21.085316190155222,0.14783458156952134,0.8892974836107681,1.6106456047456312,0.902636759292844,0.21306084416873686,0.13165689516313842,0.6552822606681248
interictal_015,interictal,84,90,,11,EEG Cp1,True,9.705733675675662,4.1296143336580355,0.21393682839465972,0.6772751376637364,2.1662531884950087,0.9500345519546697,0.3184801343871198,0.2283791727150209,0.4531406928978592
interictal_015,interictal,84,90,,12,EEG Cp5,True,36.481259308297645,14.569352381719543,0.12406382285900358,0.81019227052103,1.604313891252454,0.9081768357994379,0.2337080749437961,0.12626123685807267,0.6400306881981311
interictal_015,interictal,84,90,,13,EEG F9,True,61.10750083948946,19.135249634471666,0.10582872028655162,0.5593234334985522,2.5313614131558704,0.8711111536580567,0.407723512024479,0.20616764704605914,0.3861088409294618
interictal_015,interictal,84,90,,14,EEG Fz,True,23.717160624768432,7.878200823327587,0.17551286225985022,0.4657685680987515,2.873027490387879,0.9513340018534572,0.27348257310909857,0.15951205977198551,0.5670053671189159
interictal_015,interictal,84,90,,15,EEG Cz,True,10.847559226333638,3.7881944417936775,0.15532399869749267,0.5174080363439009,2.9500715862407723,0.9219100816837742,0.3227609159304197,0.298183608320133,0.37905547574944726
interictal_015,interictal,84,90,,16,EEG Pz,True,11.725027611819486,3.4121778382398147,0.13057635949202215,0.419658134934683,3.8631243750349786,0.7747067142978635,0.68228489339137,0.11834741799105121,0.19936768861757875
interictal_015,interictal,84,90,,17,EEG Fp2,True,413.53390399616677,25.58600048436512,0.009117551286225985,0.09443025766961478,13.167616227340813,0.9191918661035442,0.1328896094225867,0.08605566583779674,0.7810547247396167
interictal_015,interictal,84,90,,18,EEG F4,True,52.43207187069073,29.403969143746515,0.20384239661348094,0.8769580995497614,1.5059986529495974,0.9146498725193821,0.039154941564341586,0.052183846796176464,0.908661211639482
interictal_015,interictal,84,90,,19,EEG C4,True,33.227950684954756,12.48643417368291,0.12699446434386194,0.6390756506270661,2.0403077459117513,0.9391428215407664,0.13138601306602773,0.09490581242714224,0.7737081745068299
interictal_015,interictal,84,90,,20,EEG P4,True,18.895922222908602,6.883469159187893,0.17030283295343537,0.5856772617159102,2.3906298059521234,0.956535293757449,0.16468335241642848,0.12942506848378196,0.7058915790997895
interictal_015,interictal,84,90,,21,EEG O2,True,16.179114390720734,6.727445084672566,0.1637902963204168,0.5855653278650094,2.4517226867565203,0.9505154940609309,0.27717969367619194,0.16088388903615136,0.5619364172876568
interictal_015,interictal,84,90,,22,EEG F8,True,105.93486271177198,29.280954474878424,0.11006186909801367,0.4664964618787968,3.0422358011248125,0.9180503128595132,0.32024861664041576,0.09705692062898513,0.5826944627305992
interictal_015,interictal,84,90,,23,EEG T4,True,59.654763073614596,32.30298517329271,0.2067730380983393,0.8207953115308835,1.6265321149729823,0.9196600934342086,0.07496517393887443,0.07239290508553996,0.8526419209755857
interictal_015,interictal,84,90,,24,EEG T6,True,33.13193540440902,14.045427605985761,0.15467274503419082,0.5779174268730549,2.281518492382591,0.9325986634899114,0.1388837701963869,0.15881486240351417,0.702301367400099
interictal_015,interictal,84,90,,25,EEG Fc2,True,26.549700292939292,8.07999215206973,0.09378052751546727,0.46466779463714974,2.8819557441663584,0.9092021935908947,0.4105170682447166,0.09554515924951015,0.49393777250577314
interictal_015,interictal,84,90,,26,EEG Fc6,True,86.16690637302396,29.54659262172838,0.12211006186909801,0.5574974274368072,2.5177916734090213,0.8967806035223581,0.10735200677467131,0.08593477289778798,0.8067132203275407
interictal_015,interictal,84,90,,27,EEG Cp2,True,11.814212702826755,4.216260192303733,0.11983067404754151,0.5684440624197005,2.612550476331277,0.934586129368281,0.28252423845322977,0.09870827757743636,0.6187674839693338
interictal_015,interictal,84,90,,28,EEG Cp6,True,33.231473518304824,15.130123801015507,0.11983067404754151,0.7755903488446299,1.771840103239014,0.9386651978927543,0.12272144385317725,0.11699285415933153,0.7602857019874913
interictal_015,interictal,84,90,,29,EEG F10,True,77.96239756941303,22.329385784190443,0.13220449365027678,0.44570737562322515,3.2366641891010666,0.9073747917244837,0.40447528761863244,0.10427973044833283,0.49124498193303473
interictal_016,interictal,90,96,,1,EEG Fp1,True,49.41849141168321,4.161699191605871,0.03126017583848909,0.12478682527121535,9.218189716986073,0.7116950529089127,0.7546662118752435,0.08678230082060072,0.15855148730415575
interictal_016,interictal,90,96,,2,EEG F3,True,15.693309910431857,3.2092916333499715,0.08987300553565614,0.29938397740439765,4.219876250742901,0.9327707305504863,0.2975667356141311,0.10787560082620745,0.5945576635596614
interictal_016,interictal,90,96,,3,EEG C3,True,8.686083025696725,2.103630807884487,0.12732009117551285,0.3106750096721428,4.476273623223379,0.9152843365274577,0.31652058084756585,0.16580583749344713,0.5176735816589871
interictal_016,interictal,90,96,,4,EEG P3,True,72.22399318112736,1.9338210327232124,0.0039075219798111365,0.035136690501053496,39.36903406290051,0.8971864096043655,0.3890731433877156,0.22700077239582767,0.3839260842164567
interictal_016,interictal,90,96,,5,EEG O1,True,21.572122154366895,2.6188861798708447,0.0651253663301856,0.1582723703395627,8.271958386393631,0.9209015843262941,0.34844730452377815,0.18183414923509145,0.4697185462411304
interictal_016,interictal,90,96,,6,EEG F7,True,19.337260382403546,3.1808670281101423,0.08042982741777922,0.22191774318181945,5.9647769284805365,0.8668582388357218,0.5296995450656065,0.20611019090823024,0.26419026402616336
interictal_016,interictal,90,96,,7,EEG T3,True,11.946260219494597,3.226651258032476,0.1650928036470205,0.3715153485545622,3.5566314205193184,0.9116145192471947,0.3409591698382729,0.16078585724156863,0.49825497292015847
interictal_016,interictal,90,96,,8,EEG T5,True,13.830052009594796,2.7248865343476814,0.0696841419732986,0.2645562728634324,4.903806461069612,0.9144543457557779,0.30128785628977406,0.0642983996082663,0.6344137441019595
interictal_016,interictal,90,96,,9,EEG Fc1,True,13.781371376886636,1.8091302556651632,0.060240963855421686,0.17095938844620465,8.236093054050407,0.9203200719780155,0.35933561894190663,0.15281309694343648,0.48785128411465695
interictal_016,interictal,90,96,,10,EEG Fc5,True,8.452877219871034,2.623335273840954,0.15727775968739824,0.410751668987239,3.4148152548453488,0.9006420687411251,0.3871649645071573,0.21103865965389504,0.40179637583894756
interictal_016,interictal,90,96,,11,EEG Cp1,True,6.635031375276351,1.7503391307354157,0.11820253988928688,0.3440486156912236,4.1272481922021615,0.925767154636699,0.3111542974827652,0.22526696557574308,0.46357873694149176
interictal_016,interictal,90,96,,12,EEG Cp5,True,8.90332535987533,1.9921170100141496,0.10029306414848584,0.2974782209246262,4.690496623245366,0.9423727022207152,0.2127195094239607,0.19533489649900596,0.5919455940770334
interictal_016,interictal,90,96,,13,EEG F9,True,22.44012741374866,4.550946446691336,0.11299251058287203,0.2573663173453522,5.1784931939705885,0.810137343054581,0.5699204847959172,0.16146480775735383,0.26861470744672894
interictal_016,interictal,90,96,,14,EEG Fz,True,13.511081294117405,1.9253441289240125,0.09084988603060892,0.18830656388523437,7.344354608866961,0.77834085549942,0.597869590542732,0.09271059337792624,0.3094198160793418
interictal_016,interictal,90,96,,15,EEG Cz,True,6.188944909002632,1.8006533057979262,0.1243894496906545,0.37570856945796566,3.7230204123895154,0.944553654272472,0.28387526178579525,0.18859150317517928,0.5275332350390255
interictal_016,interictal,90,96,,16,EEG Pz,True,10.089820768612427,1.6250738520963313,0.04819277108433735,0.2087212721307689,6.901232250180361,0.8930433119457151,0.37226411352078465,0.1632956926128964,0.4644401938663189
interictal_016,interictal,90,96,,17,EEG Fp2,True,44.65289097839123,3.041189490253018,0.035493324649951155,0.09162787149852648,13.099600707207653,0.6215827510785997,0.8658702091737084,0.05624690233732118,0.07788288848897047
interictal_016,interictal,90,96,,18,EEG F4,True,17.831471253397822,5.487982346654502,0.15271898404428524,0.4261911139067816,3.083476381466596,0.8882045147882799,0.40127381574363,0.1004734017091111,0.4982527825472588
interictal_016,interictal,90,96,,19,EEG C4,True,12.048230378630176,3.2023423241530002,0.13415825464018236,0.3504945858164509,3.903097525134563,0.9185838647033207,0.3647236288524075,0.11508671912949701,0.5201896520180955
interictal_016,interictal,90,96,,20,EEG P4,True,9.361129285490533,2.0500210214934076,0.07163790296320417,0.28736261050257256,4.808293395472101,0.9242671653099227,0.29916389386776526,0.14180589285632939,0.5590302132759054
interictal_016,interictal,90,96,,21,EEG O2,True,11.534851501858522,2.520853618748346,0.08368609573428851,0.286879819484427,4.745217582910559,0.8957082953614216,0.3785640826785587,0.11803950516800663,0.5033964121534347
interictal_016,interictal,90,96,,22,EEG F8,True,35.44942294526766,6.250948194492997,0.07717355910126994,0.23759154777137836,6.002039613488006,0.7150418725361782,0.7617641652564897,0.08472667570388581,0.15350915903962442
interictal_016,interictal,90,96,,23,EEG T4,True,17.696853741904366,10.96825194947023,0.24943015304461089,0.8973900136556026,1.483475864535981,0.9531535186618918,0.10394743133485083,0.1301027983214851,0.7659497703436641
interictal_016,interictal,90,96,,24,EEG T6,True,11.381830687329328,5.5037154103623696,0.19700423314881146,0.6415523312421367,2.0265853407147243,0.9364443610282764,0.1771442813783201,0.21264719692663053,0.6102085216950492
interictal_016,interictal,90,96,,25,EEG Fc2,True,11.931346371914556,3.4297886048867934,0.10745685444480625,0.37093876242398355,3.406170477968243,0.8892104497844343,0.4258636010191485,0.1252160953403277,0.4489203036405239
interictal_016,interictal,90,96,,26,EEG Fc6,True,14.828589089733068,8.574967080836224,0.22631064799739498,0.8007480596170066,1.7476983526342376,0.9232889903804816,0.3080359592414513,0.09832520586640606,0.5936388348921426
interictal_016,interictal,90,96,,27,EEG Cp2,True,8.15078197142793,1.600773132676626,0.06935851514164768,0.2555252439224731,5.677837217516172,0.9404758281848771,0.2338106193218132,0.16874361986125283,0.597445760816934
interictal_016,interictal,90,96,,28,EEG Cp6,True,7.858849055979407,3.54246377084815,0.18332790621947248,0.595285277590841,2.3165529785014884,0.9311708519643475,0.27507791627607403,0.19229262183003384,0.532629461893892
interictal_016,interictal,90,96,,29,EEG F10,True,13.990228693078013,8.446316133959,0.2484532725496581,0.7862060531716341,1.8010325644858831,0.9279503531694554,0.39218067703097714,0.1686195715841019,0.43919975138492096
interictal_017,interictal,96,102,,1,EEG Fp1,True,30.298014939673518,3.6031239098001864,0.06838163464669489,0.1655914345682879,6.6960676116676145,0.7039950361142471,0.8072227353082955,0.06545319997798918,0.12732406471371532
interictal_017,interictal,96,102,,2,EEG F3,True,10.994021888594027,2.5887809108837696,0.11722565939433409,0.3472096542252322,3.541608905350439,0.8842988286889281,0.43318083143758357,0.08954679184341131,0.4772723767190051
interictal_017,interictal,96,102,,3,EEG C3,True,3.8559556486673414,1.6010863797592538,0.1647671768153696,0.5269769398635894,2.5965088107698366,0.9393840676120687,0.2949693194771307,0.17979564804994894,0.5252350324729205
interictal_017,interictal,96,102,,4,EEG P3,True,6.2468706341652,1.3551278294947529,0.08857049820905243,0.27922468733533434,4.909695313966979,0.9298191614628125,0.20951034665775198,0.27826345743292763,0.5122261959093203
interictal_017,interictal,96,102,,5,EEG O1,True,9.145223716107711,2.2352115523686087,0.09019863236730706,0.3111725411996156,4.216466766812033,0.918751838648071,0.38522502273113374,0.14747444023174075,0.4673005370371255
interictal_017,interictal,96,102,,6,EEG F7,True,16.566421789710475,2.44261532900541,0.0592640833604689,0.19398425326804192,6.522009570633969,0.8149211328556825,0.6351792126336809,0.16838560402244673,0.19643518334387244
interictal_017,interictal,96,102,,7,EEG T3,True,5.764569279192853,2.0398835394685655,0.181048518397916,0.4517163190700397,3.0205673340291406,0.9138548327768564,0.19267732629313986,0.33367605527539473,0.47364661843146544
interictal_017,interictal,96,102,,8,EEG T5,True,6.956160035000639,1.970833917682048,0.12373819602735266,0.36134607632100807,3.7795347596562334,0.9098439451007025,0.25501394976425673,0.26285386201211464,0.4821321882236286
interictal_017,interictal,96,102,,9,EEG Fc1,True,5.0461259910599985,1.3560013173107726,0.09312927385216542,0.344501856126391,3.9246386675893374,0.9203117443688064,0.2892575271935334,0.14576862792825343,0.5649738448782131
interictal_017,interictal,96,102,,10,EEG Fc5,True,5.892997553772602,1.8265930636363221,0.12569195701725822,0.4060929550769932,3.4669906582747494,0.9071050191795951,0.36859967599141974,0.15421043897351513,0.47718988503506515
interictal_017,interictal,96,102,,11,EEG Cp1,True,4.065805566469989,1.2502001607617386,0.12601758384890915,0.39757431992976155,3.5411005126824264,0.9356737455725691,0.29426037628261337,0.22856518238057819,0.4771744413368085
interictal_017,interictal,96,102,,12,EEG Cp5,True,7.276954962470726,1.3828161960502445,0.06642787365678932,0.24571178926391296,5.767637657007209,0.9232431143587746,0.2114973237064467,0.2262740491492778,0.5622286271442755
interictal_017,interictal,96,102,,13,EEG F9,True,11.427087348860098,3.8768674922223316,0.19602735265385868,0.4253248443951956,3.0821479820092206,0.8972861863384425,0.2775754390734945,0.3899749987806859,0.33244956214581955
interictal_017,interictal,96,102,,14,EEG Fz,True,10.12726346093174,1.414961728275778,0.08433734939759036,0.17889799545685275,7.477085519182893,0.7693533298659441,0.7000953966391666,0.09429904924962368,0.2056055541112097
interictal_017,interictal,96,102,,15,EEG Cz,True,3.8500938471059314,1.4121772616496095,0.15499837186584176,0.46436163900550204,2.900426737491269,0.9171038020076825,0.27574343885803443,0.17000748638830734,0.5542490747536583
interictal_017,interictal,96,102,,16,EEG Pz,True,4.586279264428929,1.1823422241841597,0.10061869098013676,0.33392188587859134,4.215447224920555,0.8961849878283654,0.3899056737612503,0.24630405088874233,0.3637902753500073
interictal_017,interictal,96,102,,17,EEG Fp2,True,31.219065926528486,2.594082871107804,0.046890263757733634,0.10891376986967513,10.596669605636786,0.6631623193003219,0.8676364044427435,0.05998244525068213,0.0723811503065743
interictal_017,interictal,96,102,,18,EEG F4,True,12.661852960710025,3.55531321735469,0.13090198632367306,0.3749292491228174,3.410061645663129,0.9413223128362302,0.30070351148800345,0.09087057796940745,0.608425910542589
interictal_017,interictal,96,102,,19,EEG C4,True,6.110370254590783,2.1802945404929672,0.1566265060240964,0.4555604840873828,2.899739471982726,0.9292584726443748,0.24902371960332934,0.19130030095451495,0.5596759794421557
interictal_017,interictal,96,102,,20,EEG P4,True,5.346686886236874,1.589696232755269,0.12504070335395637,0.3863784532689407,3.51207793712518,0.9268750326865999,0.19235791933294502,0.18754789269327257,0.6200941879737825
interictal_017,interictal,96,102,,21,EEG O2,True,8.999231506114022,2.190397475586353,0.09671116900032563,0.31581883608007366,4.391566161601411,0.8961686738850911,0.41458179141738594,0.17098995578770762,0.41442825279490636
interictal_017,interictal,96,102,,22,EEG F8,True,20.6247973851792,4.30067049827073,0.12178443503744708,0.27092236426455957,5.118986639421156,0.7554749482288219,0.7091552857552529,0.09473542178531524,0.196109292459432
interictal_017,interictal,96,102,,23,EEG T4,True,10.25152150311556,5.836898334938309,0.2370563334418756,0.7578100156386488,1.7538726427465878,0.9360111503325341,0.12812827909923954,0.11814838920362333,0.7537233316971371
interictal_017,interictal,96,102,,24,EEG T6,True,10.157983032913782,4.5718609779380355,0.17225659394334092,0.5851762031785622,2.2362680398655277,0.9329246545275073,0.18088460060061298,0.15308832881007867,0.6660270705893083
interictal_017,interictal,96,102,,25,EEG Fc2,True,7.76632791369739,2.936997572255165,0.14685770107456855,0.4966593971305839,2.43521287346644,0.9165403853424351,0.3061349968757639,0.24012855495431404,0.45373644816992204
interictal_017,interictal,96,102,,26,EEG Fc6,True,8.323089507815517,4.736101199291384,0.23966134809508302,0.7506944672274345,1.8614703920005065,0.9351676976459864,0.288078331954394,0.20512106507551417,0.506800602970092
interictal_017,interictal,96,102,,27,EEG Cp2,True,4.048108916714245,1.155302672725111,0.09475740801042006,0.37098529333221353,3.8178794046940894,0.9370725272731836,0.2747099293597957,0.22942740870535436,0.49586266193484996
interictal_017,interictal,96,102,,28,EEG Cp6,True,5.643992863764422,2.4286733126455577,0.17844350374470858,0.5601936400782129,2.468216254697028,0.9375907025761926,0.2159430449235199,0.1749487732249395,0.6091081818515405
interictal_017,interictal,96,102,,29,EEG F10,True,11.869185616469176,5.983831032981569,0.19244545750569847,0.6321285431090236,2.1925012313935555,0.9125879074088239,0.3949279085318339,0.20578656923121133,0.39928552223695474
interictal_018,interictal,102,108,,1,EEG Fp1,True,28.30246028268597,2.829516639041465,0.048518397915988276,0.13005453778634543,9.094045137575849,0.6124621463615766,0.8953664343094734,0.056673731953014214,0.047959833737512406
interictal_018,interictal,102,108,,2,EEG F3,True,10.753108382555695,1.7136518993548708,0.06935851514164768,0.20722656433953532,6.297719620970818,0.7886351013029249,0.6488033933794121,0.08674113140277462,0.2644554752178133
interictal_018,interictal,102,108,,3,EEG C3,True,5.110440257457357,1.5537955482778758,0.1208075545424943,0.3854284003149478,3.5622964651786204,0.915763123280289,0.32415256249795926,0.18340925033852656,0.4924381871635141
interictal_018,interictal,102,108,,4,EEG P3,True,5.174464048330206,1.331009771343263,0.11071312276131554,0.3374999166486345,4.072719817865514,0.9219112476333536,0.33279802068724823,0.15377019375623163,0.5134317855565201
interictal_018,interictal,102,108,,5,EEG O1,True,9.488439527968817,2.296561397441676,0.08336046890263758,0.3059741119795417,4.286135286096712,0.9215395914076011,0.3457350453896994,0.21901237956182018,0.43525257504848036
interictal_018,interictal,102,108,,6,EEG F7,True,22.84784093139179,2.4242631238842822,0.046890263757733634,0.1349990562879137,9.766463198605994,0.7209027891829048,0.7724338103235657,0.11306502631549437,0.1145011633609399
interictal_018,interictal,102,108,,7,EEG T3,True,12.410179165902582,2.0856807551585437,0.11071312276131554,0.21284414618110598,6.42596851544938,0.9257781234599803,0.31439315931008605,0.19434919991315464,0.4912576407767593
interictal_018,interictal,102,108,,8,EEG T5,True,8.921162060428413,2.009512887467712,0.10257245197004233,0.2841809138993579,4.782838299838336,0.9103778165484145,0.2795867245954968,0.12752596446228978,0.5928873109422133
interictal_018,interictal,102,108,,9,EEG Fc1,True,4.8579877384669485,1.3302955235628793,0.11299251058287203,0.3535532757470373,3.830669149048762,0.8758911251446758,0.37507161464316535,0.13438533771772054,0.4905430476391141
interictal_018,interictal,102,108,,10,EEG Fc5,True,9.973475628234693,1.5434069873900038,0.08922175187235429,0.20170605085905532,7.042113015037816,0.8889489440197732,0.4737719453967367,0.151546756810825,0.3746812977924383
interictal_018,interictal,102,108,,11,EEG Cp1,True,4.344119017546389,1.2139709745069167,0.0963855421686747,0.36530529183409644,3.9009346880523004,0.9215473546638224,0.36655161760454646,0.22994317986412668,0.40350520253132693
interictal_018,interictal,102,108,,12,EEG Cp5,True,7.274639926535107,1.4188250758833452,0.08661673721914685,0.25108723507307706,5.579698425724884,0.9139917326305272,0.30543671219442897,0.15260125828250376,0.5419620295230672
interictal_018,interictal,102,108,,13,EEG F9,True,20.445749499729935,3.9770157968069673,0.14262455226310647,0.24017395910280914,5.494456516114806,0.8924440485245757,0.42266901723448336,0.17047802170639073,0.40685296105912594
interictal_018,interictal,102,108,,14,EEG Fz,True,11.582399127887419,1.4092262839206078,0.07456854444806252,0.1554763445233429,8.679688452181974,0.7163742679362959,0.7297394428911399,0.09297809689121637,0.17728246021764374
interictal_018,interictal,102,108,,15,EEG Cz,True,4.180927513755551,1.372168047929777,0.13513513513513514,0.41970748906105537,3.2579682714682567,0.8955143703176651,0.30928588635055193,0.13176290198178367,0.5589512116676644
interictal_018,interictal,102,108,,16,EEG Pz,True,4.026812419466329,1.1409519059534339,0.12699446434386194,0.3701732443896752,3.801491534349408,0.8892709146097684,0.47513954923363877,0.17079664793603647,0.35406380283032474
interictal_018,interictal,102,108,,17,EEG Fp2,True,36.53500462927724,2.294560948515541,0.03516769781830023,0.0818859173599722,14.562345895963773,0.596141524886394,0.9075401514202339,0.05039966029219571,0.04206018828757037
interictal_018,interictal,102,108,,18,EEG F4,True,15.540043121494152,3.5171621362493664,0.13285574731357863,0.30270879633629605,4.579840330317146,0.8197671618611899,0.5779406376943128,0.11038473269469475,0.31167462961099235
interictal_018,interictal,102,108,,19,EEG C4,True,8.96109325638462,2.161656126287983,0.08042982741777922,0.30728097913023306,4.373851131135659,0.9288271001330444,0.25644572905040525,0.1706952272913446,0.5728590436582501
interictal_018,interictal,102,108,,20,EEG P4,True,5.331042722512463,1.5853163088903663,0.11983067404754151,0.3826548466864707,3.5575382247325207,0.9305493815344416,0.314708458373005,0.1561311161619325,0.5291604254650625
interictal_018,interictal,102,108,,21,EEG O2,True,8.857811073738684,2.242237743614581,0.13057635949202215,0.3257913891274399,4.252132217385253,0.9326581550382742,0.3300054396940954,0.17154321335291972,0.4984513469529848
interictal_018,interictal,102,108,,22,EEG F8,True,32.81518163149343,4.44961472123779,0.057310322370563334,0.17732765863361105,8.037311946211913,0.6998952952527676,0.7658386993790558,0.1138746839160707,0.1202866167048735
interictal_018,interictal,102,108,,23,EEG T4,True,9.272750228022744,5.381198923591434,0.25138391403451643,0.7601131908247388,1.790097150629275,0.9314302183870199,0.2582668549755134,0.13871104359946218,0.6030221014250244
interictal_018,interictal,102,108,,24,EEG T6,True,9.924826282549066,4.443232940063512,0.18984044285249105,0.5865747877621696,2.293148384415922,0.9426256511168194,0.28713129865062387,0.16421168880181855,0.5486570125475576
interictal_018,interictal,102,108,,25,EEG Fc2,True,8.092337809788608,2.9752376539350296,0.15239335721263433,0.48099855575299744,2.522947001999443,0.8701275693250666,0.3465672598685115,0.12487255010869627,0.5285601900227922
interictal_018,interictal,102,108,,26,EEG Fc6,True,10.8883432819098,4.800101796495113,0.2194724845327255,0.5777532010057216,2.460956715931893,0.9190765137903478,0.30179963400634097,0.291776880301616,0.40642348569204306
interictal_018,interictal,102,108,,27,EEG Cp2,True,3.124413931940719,1.1260131155832,0.13643764246173884,0.46695502199361993,3.0700871460590924,0.9254410350772174,0.3301777810358215,0.19663634821764123,0.47318587074653723
interictal_018,interictal,102,108,,28,EEG Cp6,True,6.042706957847118,2.4097624470121946,0.1569521328557473,0.5140298185079083,2.7146455870883273,0.9203734471107831,0.34665092965396777,0.21167703482574785,0.44167203552028433
interictal_018,interictal,102,108,,29,EEG F10,True,10.95663868488716,6.068740433316292,0.23445131878866818,0.7007899252243249,1.9954727578448836,0.8394172998763555,0.5452850114727659,0.19493157837928232,0.25978341014795187
interictal_019,interictal,108,114,,1,EEG Fp1,True,30.959807805516085,2.4925998698433927,0.07489417127971344,0.10413353700666983,11.53711968950572,0.726524481504392,0.7642292641360304,0.09596828586334716,0.13980245000062239
interictal_019,interictal,108,114,,2,EEG F3,True,9.768465194222765,1.62912403327438,0.09443178117876913,0.2142852876994471,6.025960121979678,0.9040988850104246,0.3330942760854515,0.1534174101907765,0.513488313723772
interictal_019,interictal,108,114,,3,EEG C3,True,3.5745158339702416,1.5390744491509998,0.17127971344838816,0.5422101481464673,2.518066056244469,0.9316348081923673,0.3179489126241157,0.1588113142760582,0.523239773099826
interictal_019,interictal,108,114,,4,EEG P3,True,7.006015559711675,1.3226773405067798,0.07880169325952459,0.24229176646531234,5.622733013224573,0.9313765173546972,0.29914082910892603,0.21979913018346445,0.48106004070760955
interictal_019,interictal,108,114,,5,EEG O1,True,10.838262012308263,2.2754877804133087,0.08075545424943015,0.2651405612753262,4.988797704564449,0.9057377703041085,0.36429607559938426,0.16492407857309002,0.4707798458275258
interictal_019,interictal,108,114,,6,EEG F7,True,9.759328984616893,2.303157137923708,0.13611201563008793,0.3029802708792575,4.355703293804835,0.9135894488384124,0.366751254628043,0.20107053160537164,0.43217821376658544
interictal_019,interictal,108,114,,7,EEG T3,True,7.746481869615798,1.911429407644108,0.11592315206773038,0.31461393130661053,4.335324984440929,0.9376428918796414,0.21651196518234767,0.21795105002152576,0.5655369847961266
interictal_019,interictal,108,114,,8,EEG T5,True,7.80560092177804,1.9167591695375163,0.11755128622598503,0.31187535965831076,4.368302035734515,0.8982614243402942,0.331194909370283,0.20099329400429633,0.46781179662542066
interictal_019,interictal,108,114,,9,EEG Fc1,True,4.982903513961119,1.2734072623304409,0.10485183979159883,0.32739750085148783,4.1296046242524795,0.8964072750934529,0.31155873181631644,0.14410924431911598,0.5443320238645676
interictal_019,interictal,108,114,,10,EEG Fc5,True,5.010324742246578,1.3816871248144864,0.11103874959296646,0.36157580797445377,3.886391127769818,0.941801872314237,0.21718355572953063,0.15217599526233325,0.6306404490081361
interictal_019,interictal,108,114,,11,EEG Cp1,True,3.665069351497839,1.2181595374301457,0.1383914034516444,0.431339675983156,3.244055708186845,0.9209462843056603,0.3429349986136579,0.27197858299780286,0.38508641838853913
interictal_019,interictal,108,114,,12,EEG Cp5,True,6.603007652810349,1.3194154999425047,0.09247802018886356,0.25901733831819235,5.436258078677527,0.942643942454347,0.28979165878276053,0.18999820561319936,0.5202101356040402
interictal_019,interictal,108,114,,13,EEG F9,True,14.49054567850948,3.8974598649945684,0.17811787691305764,0.3307237969411571,3.9631318904854065,0.8926614868576577,0.4116262091163253,0.21136710941601694,0.3770066814676577
interictal_019,interictal,108,114,,14,EEG Fz,True,13.224687945782282,1.3966735692802648,0.0592640833604689,0.1352617241015183,9.798636298248748,0.8375282086344414,0.5784909968740064,0.12298812665518648,0.29852087647080716
interictal_019,interictal,108,114,,15,EEG Cz,True,4.72812799030096,1.3589317222709627,0.11006186909801367,0.365942462205237,3.6942140551170355,0.9025728406119686,0.2708501177263371,0.16742505664050317,0.5617248256331597
interictal_019,interictal,108,114,,16,EEG Pz,True,4.086515455445392,1.1486122464219024,0.10908498860306089,0.36426557130259374,3.8370143285246847,0.9125127328575046,0.34985529169614504,0.27191763219855125,0.37822707610530365
interictal_019,interictal,108,114,,17,EEG Fp2,True,37.993842436814944,2.0956692071580814,0.06447411266688376,0.07197183686427826,16.792360654315036,0.6820693316181646,0.8227803777090686,0.07884573512080008,0.09837388717013128
interictal_019,interictal,108,114,,18,EEG F4,True,13.044231460364463,3.3881364652691355,0.14164767176815368,0.34899523960308826,3.98298664138192,0.8861026330628503,0.47372681524679444,0.14247777654580562,0.3837954082074
interictal_019,interictal,108,114,,19,EEG C4,True,6.405310208694017,2.1808457191023054,0.12145880820579616,0.4342393527909156,3.067914664737349,0.9368420866089467,0.20077864237689005,0.18960875359296303,0.6096126040301468
interictal_019,interictal,108,114,,20,EEG P4,True,5.177981576812854,1.6738418807089308,0.12113318137414524,0.41636299340973965,3.2994214211398045,0.9063729565439348,0.20340349119519496,0.11025747097697139,0.6863390378278336
interictal_019,interictal,108,114,,21,EEG O2,True,9.089070994898554,2.3605568748641246,0.11462064474112667,0.3324696486606017,4.1789202916477715,0.906478610137955,0.2958849288085412,0.14780465059814155,0.5563104205933173
interictal_019,interictal,108,114,,22,EEG F8,True,25.6363909961285,4.415303134310754,0.11592315206773038,0.2267968961670467,6.362312620963729,0.7454854343011162,0.7430854728210418,0.10726825532652914,0.14964627185242907
interictal_019,interictal,108,114,,23,EEG T4,True,8.755865744756195,5.298820341943598,0.24812764571800716,0.7826032092547601,1.7498143837085083,0.9615050596685367,0.1993979695238759,0.24266907640577212,0.5579329540703519
interictal_019,interictal,108,114,,24,EEG T6,True,10.8513414357201,4.556557129650227,0.1686746987951807,0.5469638292902261,2.4726620903232086,0.9358557434286877,0.1732236018987452,0.1677959137595721,0.6589804843416828
interictal_019,interictal,108,114,,25,EEG Fc2,True,8.330726839090895,2.992752743774808,0.14555519374796483,0.47173173693227416,2.5592974549174334,0.9057235119384995,0.29079404941411074,0.16355524252546957,0.5456507080604197
interictal_019,interictal,108,114,,26,EEG Fc6,True,8.358569820999605,4.539319490735911,0.24226636274829047,0.7135046711199373,2.0258404639290424,0.929721450354171,0.3462339862143339,0.18019487214050528,0.47357114164516073
interictal_019,interictal,108,114,,27,EEG Cp2,True,3.687406881575603,1.1568705223614049,0.14457831325301204,0.4055472489915613,3.4985705745932587,0.925683154515056,0.21403786081118753,0.18109588715882996,0.6048662520299826
interictal_019,interictal,108,114,,28,EEG Cp6,True,5.863681115652578,2.4890656888191907,0.16085965483555845,0.5470918155173595,2.5594976390193462,0.9338156679950445,0.19922645212603196,0.16460586471899108,0.636167683154977
interictal_019,interictal,108,114,,29,EEG F10,True,11.469345719492802,5.941467882845631,0.2240312601758385,0.6501872875376493,2.1396344655441166,0.905981568170004,0.3996882067410203,0.23076047180658976,0.36955132145239
interictal_020,interictal,114,120,,1,EEG Fp1,True,59.892319465265736,6.631508476244025,0.017909475740801043,0.20247713173579554,5.640533249449343,0.7576773513114922,0.6923667334124577,0.0819272380800484,0.22570602850749402
interictal_020,interictal,114,120,,2,EEG F3,True,29.99398974625253,4.982374746774501,0.058938456528817976,0.3244378308675745,3.888098130238856,0.8998622895225606,0.17728295883266826,0.1562738676581159,0.6664431735092158
interictal_020,interictal,114,120,,3,EEG C3,True,6.482698928285429,1.9132573950471214,0.131227613155324,0.45553221360433893,3.0903194556179603,0.9296551911507464,0.32792031861867244,0.21692335747710198,0.45515632390422556
interictal_020,interictal,114,120,,4,EEG P3,True,8.146476831377226,1.616068001081437,0.06707912732009118,0.28240807485718034,5.2002863008075,0.9144629506015651,0.360298469177194,0.16981197641757378,0.4698895544052322
interictal_020,interictal,114,120,,5,EEG O1,True,9.847610461814801,2.590493612046884,0.09345490068381634,0.3546299947024925,3.8611432859519175,0.90930226982985,0.3964590778996878,0.1622638896893143,0.4412770324109979
interictal_020,interictal,114,120,,6,EEG F7,True,43.5076491036509,4.318657759895224,0.03614457831325301,0.20088391480178988,6.996015999783867,0.8476514887042306,0.5557884712148278,0.10406670705666454,0.34014482172850774
interictal_020,interictal,114,120,,7,EEG T3,True,11.550719317037393,3.016776242138482,0.126668837512211,0.4668049312347322,2.9150793319605652,0.9049468388873164,0.3551912207779044,0.14525535328285094,0.4995534259392446
interictal_020,interictal,114,120,,8,EEG T5,True,9.976414304217787,2.6024643716292712,0.10257245197004233,0.44210792524878945,2.906146370121833,0.9189741489898645,0.3025999388941726,0.13889042226063747,0.55850963884519
interictal_020,interictal,114,120,,9,EEG Fc1,True,11.179120911776502,1.7554765639034529,0.08531422989254314,0.2376901623211746,5.939385993256321,0.9229403387568442,0.31013404343345247,0.15870812263624867,0.5311578339302988
interictal_020,interictal,114,120,,10,EEG Fc5,True,17.704776221564845,3.054920220418622,0.08303484207098664,0.43893189726233395,3.2331129174933393,0.8995051410494631,0.4230713279698207,0.14362864141184706,0.4333000306183323
interictal_020,interictal,114,120,,11,EEG Cp1,True,5.815018784487424,1.4163693698496516,0.08791924454575056,0.3502494054715653,4.382375828445341,0.9179813985010543,0.3867703383717764,0.19700058675743,0.4162290748707936
interictal_020,interictal,114,120,,12,EEG Cp5,True,7.523498652200644,1.8053029464264936,0.10354933246499512,0.3776183360991584,3.761173229514568,0.9161145042133637,0.3850197947248236,0.144766238254286,0.4702139670208904
interictal_020,interictal,114,120,,13,EEG F9,True,14.090923521623928,4.9948397425218305,0.18072289156626506,0.5331392419615957,2.6068874391089403,0.8209598109508515,0.4994921545047647,0.14505813371052684,0.35544971178470847
interictal_020,interictal,114,120,,14,EEG Fz,True,17.00239852383607,2.079421868470649,0.04982090524259199,0.18966344743338767,7.0702390237691946,0.8048797907153618,0.6103016014222423,0.12213723250080476,0.2675611660769529
interictal_020,interictal,114,120,,15,EEG Cz,True,5.330555690939991,1.5917993793653542,0.12211006186909801,0.4382989431007463,3.319252329890481,0.9278203596948997,0.3231536120006262,0.22956384549670544,0.44728254250266836
interictal_020,interictal,114,120,,16,EEG Pz,True,5.459015967622824,1.3640299281715798,0.10257245197004233,0.3632239439352412,4.192152702115535,0.9311314832637655,0.3567582111086549,0.1924851789422867,0.4507566099490584
interictal_020,interictal,114,120,,17,EEG Fp2,True,49.11218950098558,5.654159192232329,0.021165744057310323,0.22247005462800182,5.173275123167637,0.7348455044185093,0.7420110413922621,0.07301831086986603,0.1849706477378718
interictal_020,interictal,114,120,,18,EEG F4,True,20.992388342368425,6.420187108629094,0.14490394008466298,0.6142256978461191,2.0567680333383676,0.9030207197137788,0.34887917342943403,0.0961651515517057,0.5549556750188603
interictal_020,interictal,114,120,,19,EEG C4,True,11.048509402719587,3.2124330528775817,0.10875936177140996,0.5736797873798385,2.2906781026095504,0.9222502820258927,0.26052285958428395,0.28350721321412664,0.45596992720158946
interictal_020,interictal,114,120,,20,EEG P4,True,9.677284489617298,2.0447718803202,0.10257245197004233,0.34253890323717173,4.036015743560721,0.9410924844006887,0.22382721265193548,0.19181309263175655,0.584359694716308
interictal_020,interictal,114,120,,21,EEG O2,True,11.112751294027284,2.678955950817008,0.10192119830674047,0.33657512614977614,4.059222033523164,0.9211414395399004,0.2219354551576507,0.09247656429586776,0.6855879805464815
interictal_020,interictal,114,120,,22,EEG F8,True,48.87826077439198,6.991032856564164,0.11559752523607945,0.2630449063406023,5.316541421133145,0.7640756149148091,0.697291867122206,0.14983289005800882,0.15287524281978498
interictal_020,interictal,114,120,,23,EEG T4,True,24.760188822819032,7.528684537940823,0.16216216216216217,0.5375356966425628,2.5681247973606114,0.935054083672471,0.1476498011644473,0.17712805981015475,0.6752221390253981
interictal_020,interictal,114,120,,24,EEG T6,True,18.14851877245541,5.1258736292518705,0.1162487788993813,0.38250008083759646,3.567235326936373,0.9440946750767019,0.210831346166531,0.18708953792573363,0.6020791159077353
interictal_020,interictal,114,120,,25,EEG Fc2,True,10.522641294119138,3.4532050846471756,0.14067079127320092,0.4914919426250206,2.5659433998515135,0.9031289699856886,0.38378804629239777,0.17263904498776067,0.4435729087198415
interictal_020,interictal,114,120,,26,EEG Fc6,True,21.23583850103619,7.303346190405817,0.18723542819928363,0.698214922448722,2.0967256566797547,0.9247428057615227,0.3206747803912201,0.23614305449025963,0.44318216511852027
interictal_020,interictal,114,120,,27,EEG Cp2,True,6.051948644423797,1.4496598128700278,0.12569195701725822,0.4011911377966231,3.6127246873053687,0.9364953407524909,0.29238903562418084,0.21098432505813602,0.49662663931768314
interictal_020,interictal,114,120,,28,EEG Cp6,True,14.262920592795412,3.311523002193185,0.11494627157277759,0.42542337083753057,3.2225856244543776,0.9411241251215167,0.23612870035969394,0.2302853054074231,0.533585994232883
interictal_020,interictal,114,120,,29,EEG F10,True,48.73739278788013,7.843895230463506,0.09443178117876913,0.2696217963020196,5.241308582379995,0.8742261532115794,0.4514012645264779,0.2186012180069573,0.32999751746656475
interictal_021,interictal,120,126,,1,EEG Fp1,True,34.67835078841419,6.188645444714047,0.090524259198958,0.2523181548540827,4.61959115240744,0.7754901839341948,0.720162925027025,0.10908162457873598,0.17075545039423892
interictal_021,interictal,120,126,,2,EEG F3,True,18.4068919158763,5.974702785400215,0.15304461087593618,0.6100845433565992,2.1563269759757056,0.9233598757757733,0.29847288575573383,0.06506674838817478,0.6364603658560913
interictal_021,interictal,120,126,,3,EEG C3,True,5.549979075099155,2.3228193589776285,0.20840117225659394,0.8144896865374405,1.5896806027634292,0.940956572690845,0.3056335293825037,0.14716936738700315,0.547197103230493
interictal_021,interictal,120,126,,4,EEG P3,True,6.03288479943634,1.8039686780823971,0.11657440573103224,0.4559546107043657,3.0537704115435997,0.9349801085652568,0.3351229199251541,0.16811075543040338,0.4967663246444426
interictal_021,interictal,120,126,,5,EEG O1,True,10.543509837364763,3.0371758183819657,0.11722565939433409,0.39736655279734934,3.4133138440231114,0.9207715646220785,0.38884150799605655,0.1754868026781687,0.43567168932577477
interictal_021,interictal,120,126,,6,EEG F7,True,16.367989389809292,5.507475523035473,0.13285574731357863,0.7705770621150587,1.8660521109860253,0.9123258534022096,0.2999653832411998,0.19671282603906867,0.5033217907197316
interictal_021,interictal,120,126,,7,EEG T3,True,11.730904294624029,4.141671483896065,0.1693259524584826,0.8815612853072569,1.490389701838194,0.8647499519329406,0.4829418450353725,0.1422585051029524,0.374799649861675
interictal_021,interictal,120,126,,8,EEG T5,True,8.871790443902134,2.938204896392358,0.15011396939107782,0.6040936467344493,2.204228206319352,0.8377746631921227,0.5646698377013896,0.11929880300676103,0.3160313592918495
interictal_021,interictal,120,126,,9,EEG Fc1,True,6.9474982297666745,1.9539806217286402,0.11201563008791925,0.49117454716555964,2.6832205813700543,0.9002505333464823,0.40741322386991674,0.11332349335260515,0.4792632827774782
interictal_021,interictal,120,126,,10,EEG Fc5,True,14.056748941218492,4.691402479760575,0.17551286225985022,0.9939627411596654,1.3762545294910087,0.9554976107196116,0.1960065664639876,0.14084588060418046,0.663147552931832
interictal_021,interictal,120,126,,11,EEG Cp1,True,4.796878287483878,1.499521125758642,0.12569195701725822,0.4532046108369346,3.164115288221747,0.9415099442008513,0.2665618705726927,0.20045855451640904,0.5329795749108983
interictal_021,interictal,120,126,,12,EEG Cp5,True,7.407768758042146,2.5391670353068423,0.1520677303809834,0.8264384942915034,1.5722224639919404,0.8951132013181768,0.46289890783608334,0.13273755179028995,0.4043635403736268
interictal_021,interictal,120,126,,13,EEG F9,True,11.206650667718725,5.778982465102742,0.24291761641159232,0.9135909916725663,1.525782755969612,0.8058148584132133,0.6099866232021418,0.1302787853201935,0.25973459147766464
interictal_021,interictal,120,126,,14,EEG Fz,True,11.00942780702101,2.071454084384459,0.11006186909801367,0.2902132488817547,4.721497159569732,0.7781070651935138,0.7143256154198167,0.09428406932653036,0.19139031525365305
interictal_021,interictal,120,126,,15,EEG Cz,True,5.803140981343459,1.6370062093976097,0.09443178117876913,0.3944134189079049,3.5412691340895983,0.9009766407162003,0.37664317654575885,0.09046840814780453,0.5328884153064367
interictal_021,interictal,120,126,,16,EEG Pz,True,5.870133900210943,1.392170518026251,0.09475740801042006,0.3276853240830997,4.518117624447633,0.9487363332012491,0.2475080722574129,0.19953346708622896,0.5529584606563581
interictal_021,interictal,120,126,,17,EEG Fp2,True,35.405024558839855,4.028979824731751,0.046890263757733634,0.1765819265188583,7.465126908377326,0.6938708534388596,0.8386028519148941,0.08172431686317166,0.07967283122193403
interictal_021,interictal,120,126,,18,EEG F4,True,19.231965546229336,8.404077406300946,0.19700423314881146,0.7930821299009866,1.7292326789751338,0.9238991631459309,0.34477206606068755,0.08351211343505612,0.5717158205042565
interictal_021,interictal,120,126,,19,EEG C4,True,8.073312239549145,4.132782743041246,0.22272875284923477,0.900167292430006,1.4768093582169972,0.9305081364775192,0.26015826394778735,0.1408028036602631,0.5990389323919495
interictal_021,interictal,120,126,,20,EEG P4,True,5.972310322571469,2.333473196213959,0.15890589384565287,0.5842730917335736,2.3951626887078805,0.9531240908165742,0.13361509135093758,0.15548159105707632,0.7109033175919861
interictal_021,interictal,120,126,,21,EEG O2,True,7.639877948012323,2.6185404594081167,0.14653207424291761,0.4683083435478298,3.075848000790932,0.9328323244079544,0.3359267872451683,0.1656872296526533,0.49838598310217835
interictal_021,interictal,120,126,,22,EEG F8,True,25.417051229160222,10.243409023993255,0.17127971344838816,0.7364069246331546,1.9468094926703432,0.7422427023903733,0.7532424443783229,0.07417864101552944,0.17257891460614772
interictal_021,interictal,120,126,,23,EEG T4,True,17.24588427592157,10.711934717646935,0.28199283620970367,0.9931367347075827,1.3769240238543976,0.9485912861002876,0.11100501143243113,0.19141246338123097,0.6975825251863379
interictal_021,interictal,120,126,,24,EEG T6,True,11.676958113163973,5.771629161491994,0.20286551611852816,0.6730992181287774,2.053533967330953,0.9477260761347791,0.12154896447366183,0.23052350174922567,0.6479275337771127
interictal_021,interictal,120,126,,25,EEG Fc2,True,8.231741452049834,3.8235448050046164,0.1869098013676327,0.6671621018469627,1.9255354166975513,0.9111772987472623,0.4060447757921631,0.12612937179637448,0.46782585241146246
interictal_021,interictal,120,126,,26,EEG Fc6,True,16.133371232038776,10.514574178587695,0.32334744382937153,1.1546630548072259,1.2680688102254332,0.9303390627172922,0.2863044463506844,0.10382709346120457,0.609868460188111
interictal_021,interictal,120,126,,27,EEG Cp2,True,4.778211726110053,1.5741420535798687,0.11527189840442853,0.49280216119145964,2.9178893084824975,0.9337443504808343,0.195795437715616,0.21359476444459624,0.5906097978397877
interictal_021,interictal,120,126,,28,EEG Cp6,True,8.199046470682482,4.3347200308815,0.22272875284923477,0.8517133968424133,1.6402083373955882,0.9577384868291378,0.16079379712100492,0.16476077484798413,0.6744454280310108
interictal_021,interictal,120,126,,29,EEG F10,True,17.05893158475144,10.077691009678452,0.23477694562031912,0.9156778015895629,1.6031440853328398,0.9265855828434372,0.33232301631096184,0.19019127311023007,0.47748571057880806
interictal_022,interictal,126,132,,1,EEG Fp1,True,22.39868352359384,3.1064963735933753,0.10582872028655162,0.1771950196940368,6.471862012051345,0.6422712551560821,0.8461955065722608,0.06546761451662521,0.08833687891111401
interictal_022,interictal,126,132,,2,EEG F3,True,8.511395213765486,1.8642788610166365,0.1253663301856073,0.28434610686244394,4.431811935320945,0.8322618122543657,0.5427849295300627,0.10432266189689733,0.35289240857303994
interictal_022,interictal,126,132,,3,EEG C3,True,3.4547945192216383,1.4741696892173513,0.1940735916639531,0.536196640539001,2.5267410014929275,0.9149092432144588,0.36776307659929364,0.22445773885529247,0.4077791845454139
interictal_022,interictal,126,132,,4,EEG P3,True,4.4812359953610805,1.2959685534404795,0.12048192771084337,0.36872147509208214,3.5847210895255452,0.9265576718232298,0.2859756591887988,0.19755983631353638,0.5164645044976649
interictal_022,interictal,126,132,,5,EEG O1,True,6.815739312521706,2.2909005967820546,0.13155323998697493,0.4296559831357078,3.0059058645345935,0.9174280013579508,0.3719661058483018,0.1972296489977206,0.4308042451539775
interictal_022,interictal,126,132,,6,EEG F7,True,10.468034864842208,2.24564311230168,0.11787691305763595,0.27541954376550987,4.672765647524761,0.7814895573071248,0.6244245556998244,0.15551141826543693,0.22006402603473857
interictal_022,interictal,126,132,,7,EEG T3,True,4.773108781248631,1.863262155053577,0.16639531097362423,0.4930880164171508,2.705696760109918,0.914124826633261,0.21157315726337042,0.3101712556690989,0.4782555870675307
interictal_022,interictal,126,132,,8,EEG T5,True,5.778007983901782,1.9771337064630103,0.14978834255942688,0.4371358778983988,3.0269328467341285,0.9165370033023552,0.28359482407659115,0.1873065425589608,0.5290986333644481
interictal_022,interictal,126,132,,9,EEG Fc1,True,4.070385092461024,1.224461849751495,0.13513513513513514,0.3843471679293217,3.4585080961253083,0.9087550113485819,0.3936204017600277,0.15428902928857552,0.4520905689513969
interictal_022,interictal,126,132,,10,EEG Fc5,True,5.015763929918572,1.3929916290907627,0.09768804949527841,0.35711608790622995,3.8368645823590044,0.8851601912930244,0.3649877147644865,0.25564607050153004,0.3793662147339834
interictal_022,interictal,126,132,,11,EEG Cp1,True,4.288259244171016,1.1367621408066315,0.10778248127645718,0.34185377948385826,4.037072851231494,0.9075695210135052,0.3518116829967502,0.1512518305742031,0.4969364864290467
interictal_022,interictal,126,132,,12,EEG Cp5,True,5.038862865420462,1.3163594060926762,0.09378052751546727,0.3295961303302701,4.1479490076408885,0.9443690199310666,0.1813807942791614,0.19713533477014797,0.6214838709506906
interictal_022,interictal,126,132,,13,EEG F9,True,7.72821645700983,3.683255028622125,0.20579615760338651,0.5910119507753971,2.1996922478611096,0.9135845652058656,0.25988473328987355,0.2923241611325455,0.44779110557758095
interictal_022,interictal,126,132,,14,EEG Fz,True,7.9627312415282505,1.3312224999565911,0.0846629762292413,0.21389891107264242,6.119190689853617,0.8271059391149322,0.5967486643101265,0.1106141343602598,0.2926372013296136
interictal_022,interictal,126,132,,15,EEG Cz,True,4.411597706826865,1.3161702238516617,0.1253663301856073,0.37814707990395585,3.51218571988096,0.916291433258556,0.386308676963721,0.12888745067223112,0.484803872364048
interictal_022,interictal,126,132,,16,EEG Pz,True,3.303486192554627,1.0651384288385077,0.14555519374796483,0.4172561306852723,3.2880944076634164,0.9022308148567234,0.32685399203677995,0.19172802078714354,0.4814179871760765
interictal_022,interictal,126,132,,17,EEG Fp2,True,26.17252514965956,2.3872340470495548,0.053402800390752195,0.11641417188089802,10.180326670507593,0.601112609965728,0.8835426727672131,0.05589565606026341,0.06056167117252352
interictal_022,interictal,126,132,,18,EEG F4,True,12.057911858248723,3.7536137809619654,0.14555519374796483,0.413352868550848,3.2165082511875998,0.9199922678608715,0.31204057589956957,0.14557503480335682,0.5423843892970737
interictal_022,interictal,126,132,,19,EEG C4,True,5.016667693150288,2.2663509035517175,0.17551286225985022,0.5708771340297567,2.332652136922471,0.9236072432066028,0.276974189665458,0.22862786292123227,0.4943979474133096
interictal_022,interictal,126,132,,20,EEG P4,True,3.9303883824565533,1.683570876748413,0.18430478671442527,0.5509509935479929,2.450052266897375,0.9398974613703909,0.17581910051052996,0.2773298947049449,0.5468510047845252
interictal_022,interictal,126,132,,21,EEG O2,True,6.706445088830168,2.1547267296799726,0.13611201563008793,0.41745736772850395,3.2977759949857095,0.9071684240037764,0.4330761436536031,0.1783446267622853,0.3885792295841117
interictal_022,interictal,126,132,,22,EEG F8,True,21.7488551482557,4.4109856994722785,0.10778248127645718,0.276491229992144,5.149834024437178,0.7637184453463031,0.6707173624227211,0.13043992886474934,0.1988427087125296
interictal_022,interictal,126,132,,23,EEG T4,True,9.867583895247282,5.750664553377925,0.24422012373819602,0.7430838299951932,1.7999198182006235,0.9274207111090006,0.179687047082297,0.14956767760210588,0.6707452753155971
interictal_022,interictal,126,132,,24,EEG T6,True,8.76172702904693,4.915324087753095,0.22924128948225334,0.7177803819370782,1.8495536487675786,0.9476344439017381,0.20569567726998023,0.22950397343007853,0.5648003492999413
interictal_022,interictal,126,132,,25,EEG Fc2,True,11.772177877223156,3.002689549928128,0.13643764246173884,0.3328296795819142,3.5817519896056775,0.8060719982885207,0.5879691392172485,0.12062005923980594,0.2914108015429456
interictal_022,interictal,126,132,,26,EEG Fc6,True,8.510102945406079,4.8745897767371416,0.248778899381309,0.7587088242903943,1.8560475732953854,0.9376828539670139,0.27292944573887395,0.16351270531897277,0.5635578489421532
interictal_022,interictal,126,132,,27,EEG Cp2,True,3.719748212061879,1.0935503294524354,0.1230869423640508,0.3774801940422654,3.6911777770403402,0.9231037771833754,0.3001895136412451,0.18486268141171064,0.5149478049470443
interictal_022,interictal,126,132,,28,EEG Cp6,True,5.784826817505355,2.673002118442925,0.1732334744382937,0.5913804601648446,2.32110518061128,0.9264223969886362,0.23473505813330445,0.30754342925004946,0.4577215126166461
interictal_022,interictal,126,132,,29,EEG F10,True,9.701562598885827,5.7116530259592,0.24584825789645068,0.7446268942429549,1.866091249940084,0.8915250488392419,0.3745816252720044,0.203329581000069,0.4220887937279265
interictal_023,interictal,132,138,,1,EEG Fp1,True,36.9700344573478,4.243613903584317,0.03744708563985672,0.17432953685762315,6.604929012137592,0.7435982173939811,0.7553483423361208,0.09312244497108793,0.15152921269279127
interictal_023,interictal,132,138,,2,EEG F3,True,17.33795424385541,2.7024952125942736,0.06479973949853468,0.24500914875218793,5.179225442915558,0.9122534760825929,0.4233443777618622,0.12231768354440278,0.45433793869373507
interictal_023,interictal,132,138,,3,EEG C3,True,10.132697884295421,1.8465374351099788,0.08498860306089222,0.24467430344344288,5.916756717867494,0.891080674019991,0.3964759678137379,0.1576879042346929,0.4458361279515692
interictal_023,interictal,132,138,,4,EEG P3,True,9.677079966690632,1.7633080381858368,0.09443178117876913,0.2529537645786953,5.61548638687577,0.8821793079855825,0.44517389451894257,0.13769375635536693,0.4171323491256906
interictal_023,interictal,132,138,,5,EEG O1,True,38.00209861929191,2.6591255068269812,0.010420058612829698,0.09260052071962137,14.503642718786686,0.8251335609332413,0.5829213380060603,0.2019331813923301,0.21514548060160976
interictal_023,interictal,132,138,,6,EEG F7,True,32.251945467537546,3.152817521492959,0.02963204168023445,0.13781967918017765,9.242898439023127,0.8350933188957814,0.591750180781223,0.16374932652278368,0.24450049269599336
interictal_023,interictal,132,138,,7,EEG T3,True,10.832795592639771,3.0677728184694804,0.11722565939433409,0.4638245844437628,2.8273135889259144,0.9080959735675043,0.31758479658766625,0.21857685091786577,0.4638383524944679
interictal_023,interictal,132,138,,8,EEG T5,True,10.567347724081827,2.90543306345099,0.11559752523607945,0.40794376380928055,3.1151692127069555,0.8946402090078661,0.3898357341603745,0.15815904666696576,0.45200521917265973
interictal_023,interictal,132,138,,9,EEG Fc1,True,13.223073294458828,1.6411051491497053,0.05437968088570498,0.1753307469893962,8.229924433706879,0.8687935596859689,0.3982377339479514,0.1495034219662131,0.45225884408583555
interictal_023,interictal,132,138,,10,EEG Fc5,True,15.398839997002348,2.1640974661273082,0.06479973949853468,0.20850701013547804,6.943857136566784,0.9135717623571604,0.4235024513479015,0.15751168662990095,0.41898586202219756
interictal_023,interictal,132,138,,11,EEG Cp1,True,8.72309329719388,1.5722891694915333,0.0674047541517421,0.25168867671719164,5.864007577473934,0.8965659979332483,0.4030925370590422,0.227570163555352,0.36933729938560594
interictal_023,interictal,132,138,,12,EEG Cp5,True,6.156258025054018,1.8103190232069253,0.11722565939433409,0.4157116881483156,3.434185506556671,0.9285807627609902,0.3381245966615973,0.20746218701194225,0.45441321632646053
interictal_023,interictal,132,138,,13,EEG F9,True,19.012317022888137,4.184265989407804,0.11820253988928688,0.2809375584870292,4.686747506942941,0.8438140664916913,0.5070973570897875,0.19111098281084077,0.30179166009937175
interictal_023,interictal,132,138,,14,EEG Fz,True,10.880568700400474,2.01782935216093,0.10485183979159883,0.29159615411993195,4.3955692578349765,0.8044284138277417,0.6138642491391446,0.1217563067740169,0.2643794440868384
interictal_023,interictal,132,138,,15,EEG Cz,True,5.639585028852613,1.6994505423631387,0.10322370563334418,0.418081413084975,3.4241467882377012,0.889984531513511,0.3960200246833907,0.20644105507504787,0.39753892024156146
interictal_023,interictal,132,138,,16,EEG Pz,True,7.844914271420911,1.5081413602029754,0.07749918593292088,0.27134275921478274,5.433526960823798,0.898513767716944,0.40359751681559486,0.23889523895639764,0.35750724422800745
interictal_023,interictal,132,138,,17,EEG Fp2,True,39.750050256185524,7.010440337573613,0.08303484207098664,0.38029225250565296,3.0912148581933048,0.7942455348439458,0.6489704849266723,0.09055772199519153,0.26047179307813606
interictal_023,interictal,132,138,,18,EEG F4,True,26.588601076982645,5.752058888170449,0.11364376424617388,0.3636693000881692,3.1885137810659847,0.8992225006461041,0.16373714388210758,0.06501091096171305,0.7712519451561793
interictal_023,interictal,132,138,,19,EEG C4,True,20.196833134136448,2.676093037468354,0.09150113969391079,0.18028680914127843,7.48330816554654,0.8894815202418159,0.3983887848057018,0.1792106383310129,0.42240057686328536
interictal_023,interictal,132,138,,20,EEG P4,True,10.304996059063196,2.069702778503907,0.10647997394985347,0.2791394928821323,5.17684594509018,0.9392792732146504,0.2948077681929252,0.1945610148603453,0.5106312169467295
interictal_023,interictal,132,138,,21,EEG O2,True,29.44939547060871,2.59678580643546,0.0429827417779225,0.11890642906705312,11.98913053324087,0.871902150133115,0.47617478912552125,0.16169206868186992,0.3621331421926088
interictal_023,interictal,132,138,,22,EEG F8,True,48.009880690348844,5.3801151007356856,0.06349723217193097,0.1633930833260578,8.292376112885737,0.7708013215424059,0.6922457115087207,0.11484038120607779,0.1929139072852016
interictal_023,interictal,132,138,,23,EEG T4,True,19.571688180133314,6.724844270811583,0.1774666232497558,0.4816634232289897,2.703598892841542,0.9329919834731412,0.18116131899942042,0.09386917902234482,0.7249695019782346
interictal_023,interictal,132,138,,24,EEG T6,True,14.256412666711666,5.596698543057815,0.1569521328557473,0.5199403599439109,2.5489592290880894,0.9385568088829954,0.21685403385968394,0.13902982247482426,0.6441161436654919
interictal_023,interictal,132,138,,25,EEG Fc2,True,18.122813534124152,3.315943125209566,0.0823835884076848,0.24420440359452691,5.06029136299947,0.8619122140253977,0.5231216068511749,0.1704128407712861,0.30646555237753903
interictal_023,interictal,132,138,,26,EEG Fc6,True,15.012712780079788,5.743584393992902,0.15760338651904918,0.5572100226038066,2.5011992034242247,0.9298466007790678,0.32757496803079356,0.13174403950626945,0.540680992462937
interictal_023,interictal,132,138,,27,EEG Cp2,True,8.49495191965971,1.501268410360901,0.09084988603060892,0.2501031222732143,5.978158583050992,0.9119540847492428,0.41927888686141285,0.16666481342253586,0.41405629971605123
interictal_023,interictal,132,138,,28,EEG Cp6,True,9.747730435023703,2.9583835344385885,0.11755128622598503,0.410888407902934,3.4206079528670754,0.9281389755289021,0.3001014834734106,0.16624434433626284,0.5336541721903266
interictal_023,interictal,132,138,,29,EEG F10,True,34.002550807748435,6.4113065915262055,0.11364376424617388,0.2515035641863271,5.508519099211141,0.8345932666432593,0.5395756609328269,0.17065217179982725,0.2897721672673458
interictal_024,interictal,138,144,,1,EEG Fp1,True,32.02598322859265,4.68948299603195,0.07163790296320417,0.22279137002357324,5.1467643681692685,0.7495645400056431,0.7237453966944167,0.09745322113461462,0.17880138217096875
interictal_024,interictal,138,144,,2,EEG F3,True,16.2070412223453,3.4828572521872307,0.11755128622598503,0.34239418187745724,3.5333268603194794,0.9189142076427824,0.2956369503865239,0.14379270956413026,0.5605703400493459
interictal_024,interictal,138,144,,3,EEG C3,True,4.838853830632212,1.5888376385355365,0.14164767176815368,0.45014558618977285,3.098915303581525,0.9336137095138906,0.24840426386621742,0.19159415847938524,0.5600015776543974
interictal_024,interictal,138,144,,4,EEG P3,True,5.744781952883376,1.554649846789086,0.0941061543471182,0.4583219023306524,2.9153669619105735,0.9329682842898857,0.31003272515977764,0.23299729692742863,0.45696997791279365
interictal_024,interictal,138,144,,5,EEG O1,True,18.542927090322983,2.818307081565455,0.04819277108433735,0.2090099328124604,6.4734403955261355,0.904343749971024,0.3804394937499444,0.27686489064669967,0.34269561560335593
interictal_024,interictal,138,144,,6,EEG F7,True,27.77863992806802,2.9324653920236043,0.07521979811136438,0.15661053469459824,7.796845239235691,0.8801178890286849,0.4920893520766926,0.1518208992405357,0.35608974868277166
interictal_024,interictal,138,144,,7,EEG T3,True,9.718311743056443,2.583264932134278,0.1729078476066428,0.4404649345093425,3.010155074050188,0.9108315716063586,0.38704898803589954,0.18918853020683815,0.42376248175726233
interictal_024,interictal,138,144,,8,EEG T5,True,13.995319143030633,2.9348199171067773,0.10810810810810811,0.5597604758295863,2.0194361801654215,0.9146240151693458,0.3768794152044522,0.1534138565827269,0.4697067282128208
interictal_024,interictal,138,144,,9,EEG Fc1,True,5.035769782618646,1.3962789663633965,0.13285574731357863,0.39281614976497825,3.50844514887352,0.883722964744041,0.23547077653194187,0.1318575855024323,0.6326716379656259
interictal_024,interictal,138,144,,10,EEG Fc5,True,9.356665787531938,2.2783910300074814,0.1393682839465972,0.3719604047013429,3.801223053170153,0.9206314351280175,0.35287607331806226,0.1964976176506435,0.45062630903129436
interictal_024,interictal,138,144,,11,EEG Cp1,True,6.4841019552730215,1.2617611952698748,0.08889612504070335,0.2781952852496999,5.199782083646117,0.9355181913630146,0.28791670424762494,0.23085480510293255,0.48122849064944245
interictal_024,interictal,138,144,,12,EEG Cp5,True,6.471621666255737,1.5697859175090538,0.10322370563334418,0.43190652698302046,3.0890801503662835,0.929895160236765,0.32880834236434514,0.16958903690839508,0.5016026207272597
interictal_024,interictal,138,144,,13,EEG F9,True,18.568258677051823,4.065841902282945,0.11234125691957017,0.28775867242824804,4.565992656629615,0.8168579173661192,0.5816100837993831,0.18231025280385105,0.23607966339676598
interictal_024,interictal,138,144,,14,EEG Fz,True,10.770032462160222,1.6416554776914645,0.08954737870400521,0.22799754781099543,5.606526829603727,0.7930345017911782,0.5772306825231317,0.15987675672287222,0.2628925607539962
interictal_024,interictal,138,144,,15,EEG Cz,True,5.9052738586920634,1.4986531351620227,0.1185281667209378,0.35508128220184354,3.7364838329964063,0.8355433162519722,0.15799704941939774,0.09498795230648423,0.747014998274118
interictal_024,interictal,138,144,,16,EEG Pz,True,7.499932451064894,1.244060438171877,0.085965483555845,0.23603661362990727,6.119369467437336,0.925087289555048,0.31062912710719287,0.2210551054767486,0.4683157674160585
interictal_024,interictal,138,144,,17,EEG Fp2,True,35.864614060693455,4.099143426140296,0.027678280690328884,0.2750234163153497,4.390738511894908,0.6889850019948632,0.815499840625303,0.10496748461372307,0.07953267476097389
interictal_024,interictal,138,144,,18,EEG F4,True,19.586856144506523,4.3415566336643545,0.10257245197004233,0.3475017267901237,3.5155712292893333,0.8768088227233204,0.43548778419297984,0.1270957856781649,0.4374164301288553
interictal_024,interictal,138,144,,19,EEG C4,True,9.89742410224957,2.1927389467798566,0.10420058612829697,0.2967627975157261,4.452744199242514,0.9047538025908429,0.31275272826792616,0.15226001616449839,0.5349872555675755
interictal_024,interictal,138,144,,20,EEG P4,True,7.951030652120887,1.787116275315139,0.08140670791273201,0.31914529664402636,4.260004060492725,0.9329499208939346,0.20831491386971715,0.1934748884812874,0.5982101976489954
interictal_024,interictal,138,144,,21,EEG O2,True,23.283405972132282,2.81711542942663,0.026701400195376097,0.16438231214528304,8.452382422243325,0.8987794419302325,0.4150933781357333,0.2025126746909174,0.3823939471733492
interictal_024,interictal,138,144,,22,EEG F8,True,45.285639781887156,3.9427433963012475,0.017909475740801043,0.12201018307424755,10.895569103293171,0.6992781100813971,0.7863657832220167,0.09544029408045801,0.11819392269752539
interictal_024,interictal,138,144,,23,EEG T4,True,16.59944856047592,5.140645814631118,0.1383914034516444,0.44268108999155986,2.9461568181795497,0.9409384721421279,0.11533859109606186,0.13761763335886812,0.7470437755450701
interictal_024,interictal,138,144,,24,EEG T6,True,11.769399575396577,4.830849662971774,0.17486160859654837,0.6081324478059301,2.0157852823877844,0.9481648858018107,0.15793882160042336,0.19864569966013185,0.6434154787394448
interictal_024,interictal,138,144,,25,EEG Fc2,True,11.146198220465967,3.062392871307151,0.16118528166720938,0.3754273619518452,3.1393557825606067,0.8939712303137515,0.4000539589226353,0.13201148037323532,0.46793456070412953
interictal_024,interictal,138,144,,26,EEG Fc6,True,18.121834781333487,4.777860941001275,0.13318137414522957,0.3955362903630881,3.521450543499484,0.8940437171667889,0.4016646512332418,0.14490722738194306,0.4534281213848151
interictal_024,interictal,138,144,,27,EEG Cp2,True,6.769903455830086,1.251413992968843,0.09150113969391079,0.26589937594876084,5.240803796340017,0.931455918206856,0.24541615386288562,0.15935006659898265,0.5952337795381317
interictal_024,interictal,138,144,,28,EEG Cp6,True,6.943996002568243,2.2250998954802133,0.1605340280039075,0.46240950435551603,2.8724845795739435,0.941129261304207,0.19869615932665688,0.19399614796562759,0.6073076927077156
interictal_024,interictal,138,144,,29,EEG F10,True,30.72753296858451,5.525035654541173,0.09443178117876913,0.2322449574271733,5.8123238359121805,0.8926542137689945,0.4276486911811915,0.1598137927529593,0.4125375160658492
interictal_025,interictal,144,150,,1,EEG Fp1,True,24.595802662124555,3.2818130303997664,0.07815043959622273,0.17810764712603736,6.263160615423742,0.7149242234672835,0.7903891795373762,0.07166020739008108,0.1379506130725428
interictal_025,interictal,144,150,,2,EEG F3,True,9.65571613792413,2.084527537753129,0.10485183979159883,0.2877050248125729,4.202417479127117,0.8872275930805347,0.4561550571573758,0.10362572078601402,0.44021922205661007
interictal_025,interictal,144,150,,3,EEG C3,True,5.928899747850202,1.3937050411826675,0.12341256919570173,0.299337397952244,4.4839675962581165,0.9039703986611445,0.2474914639212784,0.3349470328311586,0.4175615032475629
interictal_025,interictal,144,150,,4,EEG P3,True,5.267061101488258,1.2371765195915176,0.11006186909801367,0.3006197894751072,4.470579320600017,0.9341153153320141,0.2381889086171815,0.2567368042816976,0.505074287101121
interictal_025,interictal,144,150,,5,EEG O1,True,9.077543528135946,2.3963397484943343,0.095083034842071,0.33698163346943294,4.0235047169130755,0.9319849584953295,0.30812799452156164,0.13546665824364235,0.556405347234796
interictal_025,interictal,144,150,,6,EEG F7,True,15.335086701660106,2.09570557808959,0.045913383262780855,0.1754637765679345,7.209265376210007,0.7734836856664864,0.7081081728035351,0.09938449444111691,0.19250733275534787
interictal_025,interictal,144,150,,7,EEG T3,True,6.2550304466949465,1.7672332103803887,0.10908498860306089,0.3587719074420231,3.704680256920115,0.9024836885313774,0.41694180452420065,0.21789433830639854,0.3651638571694007
interictal_025,interictal,144,150,,8,EEG T5,True,6.4531774887403355,1.834603194361208,0.1230869423640508,0.36277646019832865,3.647754533332195,0.9085866271912899,0.27051922345184687,0.20103353821045977,0.5284472383376934
interictal_025,interictal,144,150,,9,EEG Fc1,True,4.899682124006403,1.2422360001998305,0.10550309345490068,0.3252553067229024,4.014560782638796,0.9131025376703372,0.28022558867965014,0.1251919134015503,0.5945824979187995
interictal_025,interictal,144,150,,10,EEG Fc5,True,6.6598721638889256,1.6395242188168468,0.10941061543471182,0.32538828686490573,4.29957520470914,0.86750155748596,0.5033700846125949,0.18331437311384297,0.31331554227356206
interictal_025,interictal,144,150,,11,EEG Cp1,True,3.6710827197799305,1.0821031719606553,0.12959947899706936,0.3830756919449043,3.6201648459670555,0.8971658552340654,0.3780212815434044,0.2214709970501879,0.4005077214064077
interictal_025,interictal,144,150,,12,EEG Cp5,True,4.62432971257275,1.1787889252289787,0.11006186909801367,0.3270503686999529,4.163925636514743,0.9288032278083653,0.23696710867097484,0.3231377746255486,0.4398951167034764
interictal_025,interictal,144,150,,13,EEG F9,True,9.819186283142141,3.468511631566745,0.13643764246173884,0.43935439309078217,2.985561461811217,0.8482876080082151,0.5820402393916205,0.13516795899303855,0.28279180161534095
interictal_025,interictal,144,150,,14,EEG Fz,True,7.917854494228519,1.356377257967971,0.09247802018886356,0.21855515702439574,5.905776925397465,0.8406896319894724,0.5023822937335315,0.14565391148217208,0.3519637947842964
interictal_025,interictal,144,150,,15,EEG Cz,True,4.482279080324498,1.3126152839359524,0.12504070335395637,0.37276695632514967,3.511816768876644,0.8969663442456599,0.40494078796446037,0.10148428237675239,0.49357492965878724
interictal_025,interictal,144,150,,16,EEG Pz,True,3.7635990623780105,1.0547850034088766,0.11690003256268316,0.3630918257015597,3.753768559143497,0.9064191285816435,0.3628203072496374,0.2208736336810334,0.4163060590693291
interictal_025,interictal,144,150,,17,EEG Fp2,True,26.088173246016527,2.319196678328787,0.05144903940084663,0.11555552694260736,10.0580749226085,0.6537332963734818,0.8551128767221134,0.07807086530898114,0.06681625796890547
interictal_025,interictal,144,150,,18,EEG F4,True,9.957080856079985,2.230164995103321,0.08368609573428851,0.3132210798969708,4.028238952709786,0.8687291645494423,0.4838981906903483,0.15352489860951407,0.3625769107001377
interictal_025,interictal,144,150,,19,EEG C4,True,5.945743610552501,1.893807156143911,0.12829697167046564,0.4057955272483565,3.1661532253342446,0.9078441327075796,0.3164900976878237,0.20283070022995003,0.48067920208222636
interictal_025,interictal,144,150,,20,EEG P4,True,5.1009536328584115,1.4245049303608912,0.13643764246173884,0.35732767704106905,3.64789645074576,0.9075954992773679,0.16728809349584464,0.2183333554136123,0.6143785510905431
interictal_025,interictal,144,150,,21,EEG O2,True,7.975329036515996,2.3597184400855866,0.12797134483881473,0.3844928679759145,3.6348740288677504,0.9301867049431966,0.24155000043056293,0.19095514383271378,0.5674948557367233
interictal_025,interictal,144,150,,22,EEG F8,True,23.49395057584371,2.6677658330664897,0.02311950504721589,0.14341052117093903,8.878978652568977,0.7088789316931711,0.7625386388465236,0.11837607542527942,0.11908528572819685
interictal_025,interictal,144,150,,23,EEG T4,True,8.623802957901317,3.9343585879180933,0.18625854770433084,0.6121057173605498,1.9858273300956937,0.9326104500566529,0.1960363411202562,0.1507393051902224,0.6532243536895214
interictal_025,interictal,144,150,,24,EEG T6,True,8.62432483400793,3.868129951076775,0.17616411592315206,0.6037284050910541,2.0833922393129503,0.921301445162319,0.2422139652413165,0.1545698716170669,0.6032161631416165
interictal_025,interictal,144,150,,25,EEG Fc2,True,5.484780037213172,2.80121249322216,0.19928362097036795,0.6767660910384228,1.7569049977126512,0.9162231969589957,0.3989128446138896,0.15007918010045385,0.45100797528565656
interictal_025,interictal,144,150,,26,EEG Fc6,True,7.085959314109682,3.0791585551917393,0.17030283295343537,0.5915050990220551,2.21701138523457,0.9071446575764185,0.3194478121074002,0.17495239854864433,0.5055997893439554
interictal_025,interictal,144,150,,27,EEG Cp2,True,3.8641310160016515,1.032772442312635,0.11429501790947574,0.34526183692599294,4.007010396580612,0.8885371055219095,0.3873021699204014,0.2008279091197661,0.4118699209598326
interictal_025,interictal,144,150,,28,EEG Cp6,True,5.244399175375392,1.6667376242125822,0.1484858352328232,0.40761902125781346,3.30245382768308,0.9090314722145519,0.2687814267468986,0.20618316846730647,0.5250354047857951
interictal_025,interictal,144,150,,29,EEG F10,True,10.263208630011425,4.561304751280018,0.19211983067404753,0.5469856831112654,2.4013181473027685,0.8230069376089717,0.5760250827403923,0.18623356438186728,0.23774135287774031
interictal_026,interictal,150,156,,1,EEG Fp1,True,27.66145305343894,3.324981448174124,0.04363399544122436,0.15696288555030471,7.025129037000762,0.6514281174714635,0.8188567993517463,0.0763480011049039,0.10479519954334987
interictal_026,interictal,150,156,,2,EEG F3,True,10.780462506270785,1.9311505185706512,0.09736242266362748,0.23947918361664253,5.201347027362041,0.8274322746965274,0.49671237292938963,0.15370287959008036,0.34958474748053
interictal_026,interictal,150,156,,3,EEG C3,True,3.140271931791559,1.3200440676039558,0.1768153695864539,0.5269818606075544,2.553599883790812,0.9155123251165085,0.3692782588669163,0.18254351327758925,0.4481782278554945
interictal_026,interictal,150,156,,4,EEG P3,True,5.247003159818145,1.150939990010545,0.07912732009117551,0.28155120452818716,4.7032676377728695,0.9250594489168847,0.27727167399226116,0.1448441269204223,0.5778841990873165
interictal_026,interictal,150,156,,5,EEG O1,True,7.707506520709556,2.3188478489896744,0.10159557147508955,0.38433442549481694,3.5411132954012197,0.8827245614234649,0.45686754524739953,0.168023385885943,0.3751090688666575
interictal_026,interictal,150,156,,6,EEG F7,True,17.172844156436245,2.019625369177172,0.07391729078476067,0.15073812890050156,8.416209252150972,0.7146690976820426,0.7389927164662814,0.11380437571985151,0.14720290781386716
interictal_026,interictal,150,156,,7,EEG T3,True,7.549353579099234,1.6777798997451634,0.09182676652556171,0.2831658668961526,4.742172274687329,0.893727710249024,0.42257701279788107,0.19296678298019396,0.38445620422192495
interictal_026,interictal,150,156,,8,EEG T5,True,6.0494799842730425,1.7265696349315829,0.13187886681862585,0.3644256064677996,3.686884759777436,0.9156766335885091,0.4001495198253516,0.12600832001719012,0.4738421601574583
interictal_026,interictal,150,156,,9,EEG Fc1,True,3.993643657574198,1.1304144516069115,0.13318137414522957,0.3607838917403845,3.649361674998587,0.8841061719648446,0.33737390397150124,0.1547519080928742,0.5078741879356247
interictal_026,interictal,150,156,,10,EEG Fc5,True,6.0310497145171365,1.4908895141334055,0.10973624226636275,0.3228778856896003,4.340051032775849,0.8803440509837973,0.4996120302277007,0.16464749404387963,0.33574047572841964
interictal_026,interictal,150,156,,11,EEG Cp1,True,2.983505840180484,1.0246036860386005,0.14555519374796483,0.4369070945257444,3.1770111187330685,0.9276656364012741,0.2940352168471214,0.20190460105027008,0.5040601821026085
interictal_026,interictal,150,156,,12,EEG Cp5,True,4.455335539525991,1.084425257054536,0.09573428850537284,0.3141686345255891,4.3552684477359005,0.8998506544560957,0.4237010194771819,0.1295668402996085,0.4467321402232097
interictal_026,interictal,150,156,,13,EEG F9,True,9.720599594053347,3.45882934665234,0.17030283295343537,0.4395441199573699,2.9843442873663517,0.885291692197701,0.4490057165446456,0.1878369865503156,0.36315729690503884
interictal_026,interictal,150,156,,14,EEG Fz,True,9.219360073919622,1.2389451888404748,0.07391729078476067,0.17102591401473682,7.588610338928265,0.6996340000786163,0.721239971384632,0.12919560669361937,0.14956442192174857
interictal_026,interictal,150,156,,15,EEG Cz,True,3.280872089450598,1.2144703174892832,0.15369586453923803,0.4710024579487353,2.799894522315094,0.885918512000973,0.35345137711827934,0.14412562489940184,0.5024229979823188
interictal_026,interictal,150,156,,16,EEG Pz,True,3.4015153689445845,0.9931716372005536,0.09931618365353305,0.374449703948601,3.6832917624022636,0.8884672552587991,0.3601344026040887,0.2610345664325346,0.3788310309633768
interictal_026,interictal,150,156,,17,EEG Fp2,True,27.497888412174426,2.39012473438514,0.03386519049169651,0.11181432512596806,10.174283399021288,0.605531393956584,0.8784938883330936,0.063739147025144,0.05776696464176239
interictal_026,interictal,150,156,,18,EEG F4,True,11.642348576285409,2.4414902769033824,0.08401172256593943,0.29535359035059194,4.044311475797003,0.8440951650230322,0.45783815379046544,0.10202962107340113,0.44013222513613337
interictal_026,interictal,150,156,,19,EEG C4,True,5.882931922986257,1.8076043055507858,0.10615434711820254,0.3950798887107928,3.2073372385084085,0.9092687149134162,0.3398835886496982,0.22728175246115045,0.43283465888915135
interictal_026,interictal,150,156,,20,EEG P4,True,3.68830230888623,1.287193203719513,0.13546076196678605,0.45096300294353325,2.959327397188471,0.9135076088716281,0.34755895553220406,0.20661831518518528,0.44582272928261063
interictal_026,interictal,150,156,,21,EEG O2,True,6.661653885623188,2.1555685505126148,0.13643764246173884,0.4179442151880657,3.3757869416629043,0.8950306791657521,0.4198555897019961,0.14603497342572175,0.4341094368722821
interictal_026,interictal,150,156,,22,EEG F8,True,21.212325860032124,2.6403148381911232,0.05828720286551612,0.1565359125437344,7.992743642603164,0.7377059566020597,0.7252529661062159,0.11447181390459497,0.16027521998918903
interictal_026,interictal,150,156,,23,EEG T4,True,8.878774199775679,3.6484929548423986,0.17030283295343537,0.5592949795769009,2.1365828170295513,0.940243312620482,0.19279505713207296,0.09427753619728575,0.7129274066706413
interictal_026,interictal,150,156,,24,EEG T6,True,8.499162171612213,3.470108552024871,0.15174210354933246,0.5662177110778922,2.180448623178432,0.9336841893881631,0.3066286379766138,0.16858470383541524,0.524786658187971
interictal_026,interictal,150,156,,25,EEG Fc2,True,6.0150076940741855,2.7684933244703727,0.18072289156626506,0.6068206550126227,1.9351137261568647,0.8588677096591394,0.3903889496862391,0.1299636916327509,0.47964735868101005
interictal_026,interictal,150,156,,26,EEG Fc6,True,6.841304895713346,3.0155111929402945,0.1891891891891892,0.604286878808273,2.1494363545999087,0.9138147467584896,0.36764809099812346,0.1674408667895746,0.46491104221230195
interictal_026,interictal,150,156,,27,EEG Cp2,True,3.5356019270622387,0.9397889365402651,0.10713122761315533,0.3423667224756074,4.102043333981841,0.9179936488098956,0.40310149028325276,0.23565159732574636,0.3612469123910008
interictal_026,interictal,150,156,,28,EEG Cp6,True,4.580126677154694,1.4732769045512393,0.12927385216541842,0.4159907846816889,3.244123985845036,0.9104223142489037,0.3742490847343272,0.15838741847348414,0.4673634967921885
interictal_026,interictal,150,156,,29,EEG F10,True,11.164912347250755,4.481220608141156,0.1592315206773038,0.49541982800545514,2.628591493022694,0.849287869869487,0.5441599229439636,0.16729835708535573,0.2885417199706806
interictal_027,interictal,156,162,,1,EEG Fp1,True,25.743731756572473,3.2041714799580387,0.08531422989254314,0.16141849336886893,6.8448102645592375,0.7112806525635864,0.7781745575522901,0.08226236574237943,0.13956307670533047
interictal_027,interictal,156,162,,2,EEG F3,True,9.563897931087103,1.8097363492022964,0.09703679583197655,0.24947379868459635,5.022565369870298,0.880029374335454,0.4628278333132326,0.18107609272365308,0.3560960739631144
interictal_027,interictal,156,162,,3,EEG C3,True,3.266289443777993,1.3386724247462904,0.1696515792901335,0.5190353037072055,2.550216548182435,0.8865597004707626,0.44550249160271777,0.13620026162834659,0.41829724676893565
interictal_027,interictal,156,162,,4,EEG P3,True,5.324755046793449,1.183623210361101,0.0928036470205145,0.28184146893894735,4.7340421752716555,0.9307680413680992,0.2794393697939735,0.19548261647082954,0.525078013735197
interictal_027,interictal,156,162,,5,EEG O1,True,7.284448291606239,2.3024007385253387,0.12569195701725822,0.40483802780670136,3.3701197245044097,0.8652994312633104,0.44322556231035776,0.25393335543669965,0.30284108225294254
interictal_027,interictal,156,162,,6,EEG F7,True,12.11721350558898,1.9282122640196349,0.08336046890263758,0.20266618219842594,6.415489848866309,0.8060336369977154,0.604678653645065,0.19945141854681975,0.19586992780811519
interictal_027,interictal,156,162,,7,EEG T3,True,4.999925365468555,1.651886999917843,0.12829697167046564,0.41589914732887073,3.2199001385477817,0.8699881439872967,0.41455660722830145,0.26340187471665494,0.32204151805504344
interictal_027,interictal,156,162,,8,EEG T5,True,5.882744751144822,1.7175521179237516,0.12341256919570173,0.37068269901109174,3.61448985909946,0.8932846056310393,0.4283482005718237,0.16381705135222394,0.40783474807595244
interictal_027,interictal,156,162,,9,EEG Fc1,True,3.8564742208364606,1.1768534791930179,0.1302507326603712,0.39457063638361994,3.2186902061904705,0.8995815695692425,0.37642311382100024,0.1384710459837335,0.48510584019526626
interictal_027,interictal,156,162,,10,EEG Fc5,True,5.313143456294025,1.4746271634526293,0.12243568870074895,0.3633329593980095,3.8706315267984057,0.8782036982407414,0.43303871986990883,0.25683905128123974,0.31012222884885154
interictal_027,interictal,156,162,,11,EEG Cp1,True,3.3549965929442407,1.0478976733149423,0.1289482253337675,0.40039374638878705,3.4232039143909163,0.9086749995083614,0.33454826637729257,0.2129770300149253,0.452474703607782
interictal_027,interictal,156,162,,12,EEG Cp5,True,4.0701705914534925,1.0947453248136956,0.10517746662324975,0.34464554555850013,3.953130604144367,0.9041046628383504,0.3411867690546455,0.2215293235798548,0.4372839073654997
interictal_027,interictal,156,162,,13,EEG F9,True,8.107255130003411,3.4667700413388367,0.1787691305763595,0.5268045963074982,2.5007148616293113,0.8689432457357907,0.4413161413019775,0.2588617647981644,0.29982209389985803
interictal_027,interictal,156,162,,14,EEG Fz,True,9.157794326635825,1.2624691078842203,0.09084988603060892,0.17668984896189552,7.261855638735433,0.8151008837870701,0.6210102727869456,0.15492416802050876,0.22406555919254556
interictal_027,interictal,156,162,,15,EEG Cz,True,4.345040996231645,1.255566075283715,0.10159557147508955,0.3698995438172926,3.4930706846226123,0.9007143477665015,0.3485962592098768,0.14075097578466178,0.5106527650054614
interictal_027,interictal,156,162,,16,EEG Pz,True,3.7592032652366343,1.0316578143052724,0.10647997394985347,0.3536262003880547,3.856304175817384,0.9078085586073769,0.36917846001064447,0.26046765273859723,0.37035388725075835
interictal_027,interictal,156,162,,17,EEG Fp2,True,26.72508040715594,2.2494799209953507,0.06317160534028005,0.10864683217087612,10.764892731507535,0.6648073751305582,0.8493155088382992,0.08769842369318724,0.06298606746851365
interictal_027,interictal,156,162,,18,EEG F4,True,9.922589885764907,2.2281943915374205,0.12373819602735266,0.30916394730675045,3.9659279170246555,0.8848814451471892,0.4763121231582916,0.15055939207427285,0.37312848476743565
interictal_027,interictal,156,162,,19,EEG C4,True,4.628675127888769,1.7727922544294603,0.15727775968739824,0.493583871405244,2.581268539022841,0.9055955745822587,0.4336236860117384,0.20700366396655462,0.35937265002170693
interictal_027,interictal,156,162,,20,EEG P4,True,4.011185017785273,1.3315921501210315,0.12048192771084337,0.4220499295716569,3.1368100382436275,0.9204295918453914,0.3130257676319967,0.2941847484541112,0.3927894839138921
interictal_027,interictal,156,162,,21,EEG O2,True,6.621093200802655,2.1756280547883278,0.14881146206447413,0.42356915223809755,3.3681984868249777,0.8758316487900374,0.43386657671941675,0.2476440808424807,0.3184893424381026
interictal_027,interictal,156,162,,22,EEG F8,True,21.98190672578005,2.509183410562109,0.058938456528817976,0.14321150355502035,8.744867629795854,0.7311811826219284,0.7256772516425871,0.19197142500052866,0.08235132335688433
interictal_027,interictal,156,162,,23,EEG T4,True,8.653434926568915,3.3970762871441393,0.14881146206447413,0.5449509683488865,2.0895430672250925,0.9227196668335642,0.22523499887181375,0.14121317681348308,0.6335518243147031
interictal_027,interictal,156,162,,24,EEG T6,True,8.293798308871445,3.467960938527458,0.16997720612178444,0.5849538958024797,2.117038414422731,0.9264488843427922,0.23122361438376288,0.14746202213121667,0.6213143634850204
interictal_027,interictal,156,162,,25,EEG Fc2,True,5.811599305525118,2.753272415751898,0.18430478671442527,0.6260193622034294,1.8775420679323096,0.9055624525496948,0.3019561156798934,0.15019327123462162,0.5478506130854851
interictal_027,interictal,156,162,,26,EEG Fc6,True,7.0552980285936355,2.951679229382465,0.19309671116900032,0.5805068954352184,2.2158622731984816,0.8931090570099709,0.438823599568858,0.2265345115753284,0.3346418888558136
interictal_027,interictal,156,162,,27,EEG Cp2,True,3.6838966093435275,0.974242298398482,0.12113318137414524,0.3408879956372969,4.065078130065605,0.907324504786274,0.35548501334617416,0.27575550953285305,0.36875947712097285
interictal_027,interictal,156,162,,28,EEG Cp6,True,5.24493212431524,1.4450617043606728,0.10778248127645718,0.3547129019716328,3.7036573420742056,0.9225764719245054,0.3414768577561296,0.23621580374860499,0.42230733849526536
interictal_027,interictal,156,162,,29,EEG F10,True,10.970738949454827,4.447692010964163,0.1602084011722566,0.4945753442106308,2.6429672537901854,0.8078581621656628,0.5637624784741012,0.2539848061232342,0.18225271540266455
interictal_028,interictal,162,168,,1,EEG Fp1,True,24.80306778149776,3.1028448047832278,0.06545099316183653,0.16621823480440281,6.616660087722944,0.69638471492731,0.7889817092311738,0.09747127628059646,0.11354701448822979
interictal_028,interictal,162,168,,2,EEG F3,True,8.899092856118504,1.9133687930083758,0.10322370563334418,0.28705269810594414,4.172694483010512,0.8377461814815,0.5538410915917021,0.13269129617471195,0.313467612233586
interictal_028,interictal,162,168,,3,EEG C3,True,3.603284721147101,1.3146440197021212,0.15727775968739824,0.46338044213189633,2.855210248145956,0.8922949546328263,0.4435692767176428,0.16798084453102294,0.38844987875133424
interictal_028,interictal,162,168,,4,EEG P3,True,4.877848400523434,1.121748743089996,0.09573428850537284,0.2931888832930593,4.493201004405271,0.9122811891488429,0.3197937789560586,0.23064827217230013,0.44955794887164124
interictal_028,interictal,162,168,,5,EEG O1,True,7.0710317636102085,2.18788830661731,0.12341256919570173,0.3932653661743043,3.427029176361368,0.9163382898300875,0.36161856239751483,0.21612276749322148,0.42225867010926366
interictal_028,interictal,162,168,,6,EEG F7,True,13.083103016099953,1.9296277747386363,0.05144903940084663,0.1915389781854663,6.733294682956947,0.8123784183763161,0.6337418278174001,0.1507788129339098,0.21547935924869016
interictal_028,interictal,162,168,,7,EEG T3,True,5.124384161046465,1.643843586375984,0.15076522305437967,0.4067705574398932,3.287995495556565,0.895280260092174,0.42950599846233994,0.22686749808947626,0.34362650344818374
interictal_028,interictal,162,168,,8,EEG T5,True,6.775154168185082,1.6568211026780082,0.09215239335721263,0.31063059660767434,4.333083465598163,0.8703764205035807,0.4864947912551492,0.15011921532422362,0.36338599342062716
interictal_028,interictal,162,168,,9,EEG Fc1,True,3.7090116613646145,1.165115708183495,0.13187886681862585,0.4018142232939917,3.1657875625600265,0.8324172147922364,0.5185658622530364,0.11394904540062564,0.3674850923463379
interictal_028,interictal,162,168,,10,EEG Fc5,True,5.445282195636403,1.4347946112303898,0.13318137414522957,0.34833285198704517,4.059161222240324,0.8846196648422081,0.5004591656150937,0.1507553667413124,0.3487854676435938
interictal_028,interictal,162,168,,11,EEG Cp1,True,3.5310630393114053,1.0233273041816067,0.13220449365027678,0.37526861167248443,3.5832410486491746,0.9017748737672313,0.38036483049073483,0.2325544315913749,0.3870807379178904
interictal_028,interictal,162,168,,12,EEG Cp5,True,5.175492728551596,1.0371063007794559,0.06219472484532725,0.25649438895215426,5.350926779836351,0.8836503528381923,0.4186509972293243,0.21059236484540675,0.3707566379252689
interictal_028,interictal,162,168,,13,EEG F9,True,9.388717724069854,3.5082339976052697,0.18788668186258548,0.46188163195116005,2.8257224848624074,0.8379680262841653,0.5541709524372173,0.2005830909759371,0.24524595658684564
interictal_028,interictal,162,168,,14,EEG Fz,True,8.892650387085752,1.244002720330716,0.08205796157603387,0.17773576505195118,7.214745646817351,0.7415719598142286,0.7246981521335059,0.13292155764548425,0.1423802902210098
interictal_028,interictal,162,168,,15,EEG Cz,True,3.6504078714460824,1.2337000006786567,0.131227613155324,0.4306906213704254,3.003198417895969,0.8601918953669079,0.4620732388290625,0.10942980472781698,0.4284969564431205
interictal_028,interictal,162,168,,16,EEG Pz,True,3.3278127221197242,0.9993228331980913,0.11787691305763595,0.38999785713481677,3.4426936784017013,0.9012390218235559,0.37322190183461446,0.2693513072776244,0.35742679088776125
interictal_028,interictal,162,168,,17,EEG Fp2,True,31.283757584448374,2.2855869172095398,0.03223705633344188,0.09405950606187924,12.089761605479696,0.620596934826721,0.8793695660169639,0.08489118980916,0.03573924417387606
interictal_028,interictal,162,168,,18,EEG F4,True,12.462462075179722,2.2408688349341106,0.10094431781178768,0.24915137293273876,4.9220045244238575,0.813914484571166,0.5650677410181489,0.19264409363497484,0.2422881653468762
interictal_028,interictal,162,168,,19,EEG C4,True,6.356817638830525,1.8010738821590775,0.10354933246499512,0.3591936781304864,3.5082091265439463,0.8767544081657676,0.4285797549988348,0.18624543208262206,0.3851748129185431
interictal_028,interictal,162,168,,20,EEG P4,True,4.135273525422925,1.2831466460590109,0.12178443503744708,0.39839542697174085,3.317153031864444,0.9233114814526127,0.34224189646003794,0.21806242425866354,0.43969567928129855
interictal_028,interictal,162,168,,21,EEG O2,True,6.6257643786688565,2.1292356342226184,0.14360143275805926,0.4239066439733821,3.3624764618991043,0.9115560907353008,0.41386160787820464,0.18338093019079774,0.4027574619309977
interictal_028,interictal,162,168,,22,EEG F8,True,28.739165858533163,2.531304476614848,0.07847606642787365,0.11176614276175627,10.992869050599634,0.6448383918368272,0.8455645266938523,0.11515619210356604,0.039279281202581756
interictal_028,interictal,162,168,,23,EEG T4,True,7.909988637987445,3.116484733196446,0.16118528166720938,0.5493555568355853,2.020836792829857,0.9421281328016535,0.21670232140824497,0.18663390001270386,0.5966637785790512
interictal_028,interictal,162,168,,24,EEG T6,True,8.34177928221372,3.520267253711298,0.15988277434060566,0.5788080461748644,2.164529250071033,0.9332543315256304,0.28789731309563876,0.17935635401864117,0.5327463328857202
interictal_028,interictal,162,168,,25,EEG Fc2,True,6.299336201905391,2.7506349531196146,0.176489742754803,0.5761314486575054,2.0310871897368696,0.8231977013308382,0.5002212203588472,0.14474886936515177,0.35502991027600106
interictal_028,interictal,162,168,,26,EEG Fc6,True,8.854445963275511,2.7813659801958313,0.13448388147183327,0.4334354921839785,2.982500287566472,0.871301647512153,0.47549324250367603,0.20144692961802113,0.32305982787830273
interictal_028,interictal,162,168,,27,EEG Cp2,True,3.2352809425417477,0.9427718476926252,0.12601758384890915,0.3759036766668558,3.6321533544080657,0.892670984324075,0.3769038780644605,0.18899693412488563,0.43409918781065376
interictal_028,interictal,162,168,,28,EEG Cp6,True,4.357156617320944,1.371105966620134,0.1383914034516444,0.40590530014009424,3.2205673747197623,0.9025830753652176,0.3998481983679276,0.21053939565927987,0.38961240597279245
interictal_028,interictal,162,168,,29,EEG F10,True,9.9869498170435,4.367113115833051,0.17583848909150113,0.5335621377794981,2.4440567462227474,0.8206293164798318,0.5906790028506884,0.2464657484322164,0.16285524871709506
interictal_029,interictal,168,174,,1,EEG Fp1,True,25.20659031659129,3.099384680116592,0.07847606642787365,0.15951036819124817,6.915820710651073,0.6793916079632842,0.8152698321852199,0.10827480860099345,0.07645535921378661
interictal_029,interictal,168,174,,2,EEG F3,True,9.174829859183223,1.8206840503056216,0.10973624226636275,0.2574549355466743,4.731843888220855,0.8205643170090285,0.6158419133835356,0.137796328425855,0.24636175819060935
interictal_029,interictal,168,174,,3,EEG C3,True,3.7503429440521128,1.360293654856938,0.14816020840117225,0.453610685752175,2.8923921871546527,0.908771955945277,0.4097618807842995,0.15760721437508007,0.43263090484062056
interictal_029,interictal,168,174,,4,EEG P3,True,4.375115393915876,1.1550812949451954,0.10387495929664604,0.3365560798425525,3.8861873768386737,0.9221271965739263,0.3463417118496361,0.24596325906535027,0.4076950290850137
interictal_029,interictal,168,174,,5,EEG O1,True,6.617833770905657,2.2170207431969637,0.1533702377075871,0.42413428244626544,3.191933184459325,0.9199155293465646,0.38083752892989203,0.17712638341084713,0.442036087659261
interictal_029,interictal,168,174,,6,EEG F7,True,13.78251672480155,1.8331383459719448,0.058612829697167045,0.16994743862012998,7.572016826895255,0.7627310091342915,0.7064167867964662,0.1844050900588994,0.10917812314463432
interictal_029,interictal,168,174,,7,EEG T3,True,5.455461450612534,1.6013289850451589,0.1299251058287203,0.3708726385902688,3.596580062520258,0.9063934545359262,0.3947061367370422,0.22484068156701892,0.3804531816959389
interictal_029,interictal,168,174,,8,EEG T5,True,5.885035287941913,1.6401078503375368,0.1208075545424943,0.3535491641350257,3.749399735898418,0.9177662628596936,0.37206069295101324,0.1631218274979707,0.464817479551016
interictal_029,interictal,168,174,,9,EEG Fc1,True,4.183919913423683,1.1652576582065344,0.11103874959296646,0.35631198404500214,3.587042424838687,0.9021554742156562,0.39166442369363225,0.1457009095558946,0.46263466675047327
interictal_029,interictal,168,174,,10,EEG Fc5,True,6.377568764419709,1.4454462102959806,0.09150113969391079,0.3009571251607697,4.646050136345713,0.8537636702660142,0.535069396738058,0.19811830142099635,0.2668123018409457
interictal_029,interictal,168,174,,11,EEG Cp1,True,3.2877717365745616,1.0469127115905188,0.12732009117551285,0.4063854066384596,3.3626559250033234,0.9007574521442929,0.43875862658514225,0.20815292489899048,0.35308844851586724
interictal_029,interictal,168,174,,12,EEG Cp5,True,5.202044899658741,1.0457074715670236,0.0696841419732986,0.2552758060408395,5.244357054878306,0.9280013474028725,0.3077116856205672,0.17418330467716509,0.5181050097022678
interictal_029,interictal,168,174,,13,EEG F9,True,7.544571701540027,3.438994432436823,0.20709866492999024,0.560871516931527,2.324445309525876,0.8777767164235107,0.47273901959452713,0.23884978462933368,0.2884111957761391
interictal_029,interictal,168,174,,14,EEG Fz,True,7.164613192625522,1.2392393330625469,0.10582872028655162,0.22045467160435436,5.837895669103896,0.7831854350717725,0.684881218125894,0.12806149876806064,0.18705728310604539
interictal_029,interictal,168,174,,15,EEG Cz,True,4.219769338680407,1.228800013199891,0.1126668837512211,0.3705060216152963,3.5182367154956076,0.914569164531623,0.3819564632144307,0.1783691784664634,0.43967435831910584
interictal_029,interictal,168,174,,16,EEG Pz,True,3.640197594798204,0.9953633633300435,0.11234125691957017,0.3569251505650027,3.824091701504937,0.8813853022917795,0.4878597581819015,0.1648121963055617,0.3473280455125369
interictal_029,interictal,168,174,,17,EEG Fp2,True,24.646588483655364,2.2171933511028272,0.05047215890589384,0.11781530870896885,9.880389808915155,0.6495545736492448,0.842044458218238,0.11230441295442739,0.04565112882733442
interictal_029,interictal,168,174,,18,EEG F4,True,8.69906076614443,2.2259520699625797,0.12569195701725822,0.34685834348616124,3.5318561779850075,0.8950490583662456,0.4349576871875697,0.1930846282903397,0.37195768452209055
interictal_029,interictal,168,174,,19,EEG C4,True,5.360849759830634,1.777066601123377,0.1276457180071638,0.4260445369625343,2.9537646428589404,0.9462022119347766,0.26276241749121526,0.2890679570799754,0.4481696254288092
interictal_029,interictal,168,174,,20,EEG P4,True,4.4023632296163555,1.3415164238590995,0.13676326929338978,0.3947753956227581,3.330034947354453,0.9239565879265457,0.3620511011310212,0.142679478790766,0.4952694200782128
interictal_029,interictal,168,174,,21,EEG O2,True,7.352446391514003,2.136884889883306,0.11331813741452296,0.37613519442832216,3.7245845319563586,0.9168620177604759,0.3922892474929089,0.10166159962739094,0.5060491528797003
interictal_029,interictal,168,174,,22,EEG F8,True,20.72956844482954,2.4396930007904922,0.03744708563985672,0.1470198781867973,8.497189983326058,0.7519688385234395,0.7136501688647774,0.18925589782992416,0.09709393330529845
interictal_029,interictal,168,174,,23,EEG T4,True,8.297140078030353,3.117131366149165,0.14327580592640835,0.5142228729147257,2.166020661741752,0.9436719376147377,0.2612287183416772,0.13377486362718344,0.6049964180311393
interictal_029,interictal,168,174,,24,EEG T6,True,8.264810104372476,3.4925649500842155,0.1693259524584826,0.5813048350776421,2.1188164965445337,0.9510175150352544,0.27979541192636637,0.10920667759368864,0.610997910479945
interictal_029,interictal,168,174,,25,EEG Fc2,True,5.96403973026716,2.7510806669133485,0.17942038423966133,0.6062840081912313,1.9328014757896324,0.9030477410798808,0.3174067955994629,0.1942344418906267,0.48835876250991034
interictal_029,interictal,168,174,,26,EEG Fc6,True,6.937806724161419,2.9357677925943855,0.17355910126994464,0.596320539833436,2.1317641465689845,0.9158362673447101,0.39093431727453715,0.17625671598115594,0.43280896674430697
interictal_029,interictal,168,174,,27,EEG Cp2,True,3.3612470581636162,0.9551974354456632,0.11690003256268316,0.3696941993282874,3.786705245724264,0.9113902772176711,0.41051380941231896,0.1952780275877312,0.3942081629999499
interictal_029,interictal,168,174,,28,EEG Cp6,True,5.114560608493282,1.4234599148247515,0.11722565939433409,0.3590185968170818,3.6282080921171382,0.9184096791270419,0.3927579546687652,0.16882456947818264,0.43841747585305224
interictal_029,interictal,168,174,,29,EEG F10,True,10.65103297721281,4.348449987866337,0.18723542819928363,0.4984087403371446,2.6116889003386925,0.81403562481469,0.6294703324723936,0.20932490450575925,0.1612047630218473
interictal_030,interictal,174,180,,1,EEG Fp1,True,25.123591650411896,2.9985088684137136,0.07359166395310973,0.15451113125617588,7.114660989426127,0.7184460586148812,0.7823494292378925,0.08294352052287367,0.13470705023923382
interictal_030,interictal,174,180,,2,EEG F3,True,9.126484006234264,1.7475485686960672,0.08140670791273201,0.24901174814729693,4.937408188616464,0.9157674719808938,0.40121035036178204,0.20908238999133055,0.38970725964688746
interictal_030,interictal,174,180,,3,EEG C3,True,4.469411216581373,1.3027498087800076,0.0963855421686747,0.3692590572600228,3.6428519430275434,0.9146245091914981,0.36137513779059705,0.2233109106339076,0.4153139515754953
interictal_030,interictal,174,180,,4,EEG P3,True,7.89940658177489,1.1742787293390577,0.06089221751872354,0.1925327545039363,6.77443545232378,0.8994828709358456,0.33222119337905953,0.3020350219762005,0.36574378464473994
interictal_030,interictal,174,180,,5,EEG O1,True,7.137377819626997,2.2425192042120985,0.12959947899706936,0.4005686742528296,3.4177057085158373,0.8796482075878731,0.4486832819367886,0.2607849042997458,0.29053181376346554
interictal_030,interictal,174,180,,6,EEG F7,True,14.13177874376729,1.921195860095447,0.05958971019211983,0.17768989366435303,7.053022751543107,0.8351504338935467,0.5622652669957934,0.22889031429312565,0.20884441871108111
interictal_030,interictal,174,180,,7,EEG T3,True,6.526771869330903,1.6422361880694618,0.09540866167372192,0.32026360068462706,4.107421747340822,0.8591566098353172,0.5279292958456787,0.2060364677727329,0.2660342363815884
interictal_030,interictal,174,180,,8,EEG T5,True,7.010128008793906,1.7810425682920852,0.08694236405079779,0.32276611581364456,4.070095049526357,0.897694597218809,0.46626452723005435,0.1721322966929223,0.36160317607702336
interictal_030,interictal,174,180,,9,EEG Fc1,True,4.797853752345198,1.1821610553983033,0.09703679583197655,0.3158401689888089,4.078416807693429,0.8784843834029282,0.375733384821251,0.1330375275210805,0.49122908765766843
interictal_030,interictal,174,180,,10,EEG Fc5,True,6.719555256893756,1.5084236768964296,0.07717355910126994,0.29744174991648703,4.688114632943741,0.8931916117462564,0.41078716276248817,0.2858410791964985,0.3033717580410133
interictal_030,interictal,174,180,,11,EEG Cp1,True,3.5643517907746483,1.022306414973964,0.11592315206773038,0.37500057799914976,3.717571756703239,0.8636620262066925,0.4202806151681732,0.233655785807587,0.3460635990242398
interictal_030,interictal,174,180,,12,EEG Cp5,True,5.728580522793452,1.115394133902211,0.09150113969391079,0.24879285843302196,5.3599172343263115,0.9015800528546565,0.37624434256405426,0.2559458637909715,0.36780979364497424
interictal_030,interictal,174,180,,13,EEG F9,True,10.886938010425032,3.4194016142356163,0.15467274503419082,0.38874971671395037,3.3478031885339856,0.8094672136947769,0.6227169331138922,0.19006159062657543,0.1872214762595325
interictal_030,interictal,174,180,,14,EEG Fz,True,9.210052877012757,1.266116760013159,0.06349723217193097,0.17609724504649257,7.344995074162974,0.8040001999624169,0.6670929843448631,0.13238285395111057,0.20052416170402634
interictal_030,interictal,174,180,,15,EEG Cz,True,3.8305832288059554,1.245388451646068,0.1348095083034842,0.4171765076161743,3.1138013628393577,0.8552574491652639,0.42347839075755234,0.09375693187346418,0.48276467736898343
interictal_030,interictal,174,180,,16,EEG Pz,True,3.558426656054889,0.9933678601089154,0.10387495929664604,0.3630715120099333,3.8019659122658456,0.8936626202203151,0.4095724876609477,0.20725525418880772,0.3831722581502444
interictal_030,interictal,174,180,,17,EEG Fp2,True,28.081318199077753,2.275990109575766,0.043308368609573426,0.10410099037922525,11.110970829130746,0.6580440557426643,0.8710438277402712,0.06753788986486428,0.06141828239486459
interictal_030,interictal,174,180,,18,EEG F4,True,11.704270660277889,2.1658554032778916,0.11592315206773038,0.24423735123934093,4.925139123779761,0.8771931057059354,0.49620076895817294,0.1321536731496027,0.3716455578922244
interictal_030,interictal,174,180,,19,EEG C4,True,6.011282587749595,1.8054257457441019,0.11103874959296646,0.38334035941266953,3.338440218626677,0.9219936363149834,0.26588264923787547,0.2676394867169511,0.4664778640451735
interictal_030,interictal,174,180,,20,EEG P4,True,4.959464768274582,1.3688806459302731,0.10224682513839141,0.35692301850585995,3.6409200748940553,0.9423194741970364,0.18807546495565616,0.3015830545951036,0.5103414804492402
interictal_030,interictal,174,180,,21,EEG O2,True,7.316393994105553,2.119810655214905,0.11103874959296646,0.373462274606384,3.7652161487454308,0.864906451771202,0.4412535400322882,0.2305027739764217,0.32824368599129017
interictal_030,interictal,174,180,,22,EEG F8,True,27.733135368416356,2.4895544128009215,0.035818951481602086,0.1144179255914665,10.749517431059372,0.6904925902252125,0.8076621711208006,0.11203733262808055,0.08030049625111885
interictal_030,interictal,174,180,,23,EEG T4,True,8.77746563439066,3.1709791288137694,0.1348095083034842,0.49998531042244104,2.2300406680736287,0.9328781079079089,0.18047910174673004,0.17908638632313512,0.6404345119301348
interictal_030,interictal,174,180,,24,EEG T6,True,8.705961980980861,3.5853785672559764,0.15499837186584176,0.5633472063453099,2.188889971347058,0.9240305034984051,0.21975727042385884,0.13234814761169858,0.6478945819644426
interictal_030,interictal,174,180,,25,EEG Fc2,True,6.218489112741173,2.7311670966273587,0.17355910126994464,0.5786422052240588,2.0352872860141864,0.901422050177939,0.3919190080810805,0.12424670776797919,0.4838342841509404
interictal_030,interictal,174,180,,26,EEG Fc6,True,9.145361339387767,2.9716272559685746,0.12829697167046564,0.4538657568154678,2.8197160668636014,0.8940035171540849,0.407441258292084,0.19755179583876767,0.3950069458691483
interictal_030,interictal,174,180,,27,EEG Cp2,True,2.6018952306691623,0.9735218659641636,0.14978834255942688,0.4907785356562796,2.8447165337844402,0.9172669814040836,0.3547780007749895,0.1614511862354145,0.48377081298959596
interictal_030,interictal,174,180,,28,EEG Cp6,True,5.1331976112883835,1.463450992255359,0.10029306414848584,0.3674555449953946,3.4795693610554705,0.923541021995158,0.17517770289899812,0.32959046267152353,0.4952318344294785
interictal_030,interictal,174,180,,29,EEG F10,True,12.675533121483372,4.306077070263567,0.131227613155324,0.4158918431547418,3.1282989935583387,0.838625489190791,0.5498860340046963,0.19275357125953319,0.25736039473577055
interictal_031,interictal,180,186,,1,EEG Fp1,True,17.85301859102275,3.07530591519671,0.10029306414848584,0.22073522035641507,4.9932576821590695,0.7757111325048226,0.6948606616484707,0.11241807453859866,0.19272126381293053
interictal_031,interictal,180,186,,2,EEG F3,True,7.800728012163719,1.921764608578404,0.10745685444480625,0.3223114845120583,3.854509717625068,0.8908421327257563,0.4650851922447616,0.13538877537262045,0.39952603238261786
interictal_031,interictal,180,186,,3,EEG C3,True,3.613909601618825,1.253344224812496,0.14067079127320092,0.4383267920161449,3.1032322195327846,0.8637407781437421,0.4888616537105142,0.172797478107588,0.33834086818189785
interictal_031,interictal,180,186,,4,EEG P3,True,5.7345756921006945,1.1281523200179788,0.07945294692282644,0.2503967859776491,5.306669855153825,0.8986710362138798,0.4543205407785835,0.1754949051506014,0.37018455407081513
interictal_031,interictal,180,186,,5,EEG O1,True,6.160678062727806,2.227876379843064,0.16085965483555845,0.46419150059829845,2.9053637453203645,0.8212917925884885,0.5860238910445815,0.15827990546539478,0.25569620349002364
interictal_031,interictal,180,186,,6,EEG F7,True,16.644079115788468,1.9974944886195707,0.019211983067404754,0.15664487897782875,7.907686548605484,0.8320572759809814,0.5808854504564359,0.23414332942514046,0.18497122011842365
interictal_031,interictal,180,186,,7,EEG T3,True,6.95439419925713,1.6977804724560965,0.07619667860631717,0.30918235094894386,4.24832396799183,0.9002494266598692,0.38685891818586665,0.30903091834435564,0.3041101634697776
interictal_031,interictal,180,186,,8,EEG T5,True,5.552021973545902,1.7593179251932423,0.13090198632367306,0.40510728091349874,3.234251423963011,0.9164085981320388,0.3076498249260532,0.2134499491022292,0.4789002259717176
interictal_031,interictal,180,186,,9,EEG Fc1,True,4.115532855391396,1.1253607262907737,0.11071312276131554,0.3477712106751631,3.7909202979096475,0.8602819387450952,0.5249701184304465,0.1229502700051235,0.35207961156442996
interictal_031,interictal,180,186,,10,EEG Fc5,True,6.988400371549097,1.5678291391070172,0.08857049820905243,0.294025725412846,4.777261951767976,0.8550104724280393,0.5009626793775813,0.24220714559613868,0.25683017502627997
interictal_031,interictal,180,186,,11,EEG Cp1,True,3.9074753974353174,1.0010301927274086,0.11396939107782482,0.3287017019227238,4.259804067734122,0.868441995245238,0.47240081926331445,0.20171904490888012,0.32588013582780545
interictal_031,interictal,180,186,,12,EEG Cp5,True,6.20692797697792,1.1100334713581335,0.08922175187235429,0.22931134665747727,5.843998337803261,0.8818444261529468,0.45021772453140807,0.22384517606488974,0.32593709940370236
interictal_031,interictal,180,186,,13,EEG F9,True,11.01046680266371,3.435627804654466,0.11885379355258874,0.3865216326922485,3.345855730545704,0.8740283373849038,0.4306981438789938,0.29857880513295737,0.2707230509880489
interictal_031,interictal,180,186,,14,EEG Fz,True,7.789572048472506,1.1850807282845428,0.06089221751872354,0.19483611751574012,6.766475045560401,0.8329319972670572,0.6004325653502767,0.14247390008886596,0.2570935345608574
interictal_031,interictal,180,186,,15,EEG Cz,True,4.257331865439279,1.1628646694241627,0.11364376424617388,0.35018445402317616,3.8503425274270677,0.8993010174305831,0.4258860992682989,0.17087574915242468,0.4032381515792763
interictal_031,interictal,180,186,,16,EEG Pz,True,4.615466008405943,0.9911965421232167,0.10778248127645718,0.2779839993481987,4.934978480548507,0.8097750700459235,0.5730070390705106,0.20995499602526888,0.21703796490422045
interictal_031,interictal,180,186,,17,EEG Fp2,True,17.5797548736942,2.3489899044771003,0.05307717355910127,0.17033800748131173,6.853563114028299,0.7422235247990745,0.7643076670871728,0.11545258105561748,0.12023975185720975
interictal_031,interictal,180,186,,18,EEG F4,True,7.931770336844904,2.4030135761580937,0.10745685444480625,0.42273848115504775,2.945424674003602,0.918944288125597,0.385647600433851,0.15711442258519173,0.4572379769809572
interictal_031,interictal,180,186,,19,EEG C4,True,4.633151219042102,1.7539532317744868,0.14881146206447413,0.4845343306720945,2.657327797883476,0.9084709560593628,0.3211285081812282,0.3133697617415889,0.3655017300771829
interictal_031,interictal,180,186,,20,EEG P4,True,5.303192611805118,1.3537125148203841,0.10973624226636275,0.3284793122862476,3.991808761701044,0.9114883261963668,0.4111184754045813,0.21706132196257757,0.37182020263284116
interictal_031,interictal,180,186,,21,EEG O2,True,6.202293486057647,2.1549100921705717,0.12145880820579616,0.4518228567297957,3.1369400819611615,0.8210059693422004,0.6163898057699277,0.12367802491031363,0.25993216931975865
interictal_031,interictal,180,186,,22,EEG F8,True,20.409963928830866,2.4766936503710952,0.032888309996743734,0.15437332567173484,7.991267752630732,0.7971453199732385,0.6677440416232848,0.1893578350024754,0.1428981233742399
interictal_031,interictal,180,186,,23,EEG T4,True,9.42789770049829,3.4039010745301117,0.1335070009768805,0.49126631839244206,2.2278181641279104,0.9402465165083841,0.18087260847657938,0.11210771562412623,0.7070196758992944
interictal_031,interictal,180,186,,24,EEG T6,True,9.215780616289933,3.61514786614972,0.15011396939107782,0.5378405796223712,2.288142835495664,0.923692378255639,0.2234828745002291,0.1398719137391398,0.6366452117606312
interictal_031,interictal,180,186,,25,EEG Fc2,True,5.794419777764634,2.661435910006566,0.176489742754803,0.6027418589168438,1.9633591268700687,0.921198962745626,0.3580470016731748,0.21338635423823585,0.42856664408858924
interictal_031,interictal,180,186,,26,EEG Fc6,True,7.686417848052252,3.13035861357984,0.16346466948876587,0.5665931091071582,2.2605332760275796,0.9188965435016765,0.33759078692195266,0.21691373535763894,0.4454954777204084
interictal_031,interictal,180,186,,27,EEG Cp2,True,3.7483040524210645,0.9443016382595624,0.08889612504070335,0.32503525992588894,4.331730749990343,0.896233511219343,0.37750166489051634,0.25410302129173784,0.3683953138177459
interictal_031,interictal,180,186,,28,EEG Cp6,True,5.295670172006451,1.4451329928341672,0.10843373493975904,0.3538585407570435,3.6757352151386797,0.9078483341608826,0.3713806716176175,0.2203301023232575,0.4082892260591251
interictal_031,interictal,180,186,,29,EEG F10,True,12.234610141752983,4.411166806766096,0.1335070009768805,0.44086274640493756,2.9205248496040817,0.8610892589416255,0.49669160455455935,0.2189208131492607,0.2843875822961799
interictal_032,interictal,186,192,,1,EEG Fp1,True,33.967590729415235,4.136208508950331,0.04819277108433735,0.16119088351157596,6.846948265053486,0.7422022320898924,0.7238425612785958,0.050888240031687584,0.22526919868971665
interictal_032,interictal,186,192,,2,EEG F3,True,21.557405357052254,2.5421906650399704,0.06870726147834581,0.15824552305263184,7.473380786255072,0.8998906722424871,0.4017192961607651,0.14899690877002386,0.44928379506921096
interictal_032,interictal,186,192,,3,EEG C3,True,10.542822158655532,1.3294630230419044,0.07619667860631717,0.162989364168852,8.275546801125865,0.8915555717477853,0.3842525088456053,0.13906782674418483,0.47667966441020987
interictal_032,interictal,186,192,,4,EEG P3,True,6.955083694165291,1.1928588116528136,0.0742429176164116,0.22094234676554397,6.060072918730648,0.9165452080012108,0.37251301814683185,0.1439666693558045,0.48352031249736366
interictal_032,interictal,186,192,,5,EEG O1,True,8.567968544341383,2.381558203471543,0.11136437642461738,0.3592982338606452,3.745327596292035,0.8537103867010921,0.4843697818525182,0.1560650012363519,0.3595652169111299
interictal_032,interictal,186,192,,6,EEG F7,True,66.55551497043284,2.5299503299744446,0.02377075871051775,0.04962470587022547,24.438334422217423,0.7830210781107318,0.6437888603002511,0.11322186312519475,0.24298927657455432
interictal_032,interictal,186,192,,7,EEG T3,True,26.714162768755344,2.046847751968132,0.011396939107782481,0.098859705525109,13.18343530155601,0.8599357214740849,0.48432844872175757,0.13505550459485524,0.3806160466833871
interictal_032,interictal,186,192,,8,EEG T5,True,12.148055646914258,1.9744547019487806,0.09833930315858026,0.207558057911964,6.229177355505129,0.8942598045023741,0.38302091758183243,0.12295602608383073,0.4940230563343368
interictal_032,interictal,186,192,,9,EEG Fc1,True,8.254999347897918,1.2608012712794625,0.06545099316183653,0.19963317746771234,6.549733091046175,0.9162874595645775,0.3574636930688127,0.12308725076646077,0.5194490561647265
interictal_032,interictal,186,192,,10,EEG Fc5,True,26.005479042236143,1.920069603854133,0.03353956366004559,0.09620085420029938,14.178622751897256,0.8315022543870699,0.5028571304862595,0.11506266834366088,0.38208020117007957
interictal_032,interictal,186,192,,11,EEG Cp1,True,4.612411087757981,1.0077599787662348,0.08954737870400521,0.2936407167091692,4.821514263889647,0.9333080578868231,0.3062972338048084,0.1699174717620005,0.523785294433191
interictal_032,interictal,186,192,,12,EEG Cp5,True,15.314054572456623,1.314491968572665,0.028655161185281667,0.1086853282959805,12.219752816394875,0.8765228076258438,0.4115659690559725,0.1234782631008249,0.4649557678432027
interictal_032,interictal,186,192,,13,EEG F9,True,42.99062202627828,3.86472995577284,0.058938456528817976,0.11193106284506088,11.503313482213853,0.8100080414918126,0.592750083101018,0.1405376328024559,0.26671228409652625
interictal_032,interictal,186,192,,14,EEG Fz,True,9.110530209218583,1.45603244477722,0.07456854444806252,0.20870056701373096,6.029876883981886,0.8176281243680318,0.5845267040824641,0.09494538833326872,0.3205279075842672
interictal_032,interictal,186,192,,15,EEG Cz,True,3.9117474478873016,1.1838355719528286,0.12504070335395637,0.4095559449943295,3.287196481074405,0.9426001405195489,0.21464604267141232,0.14507559720009505,0.6402783601284926
interictal_032,interictal,186,192,,16,EEG Pz,True,4.061639361026596,0.9962049996213286,0.11657440573103224,0.33031106811261046,4.192316397466731,0.8986107590076383,0.4034139684932542,0.16623455141789162,0.4303514800888541
interictal_032,interictal,186,192,,17,EEG Fp2,True,42.613600242290666,4.100195495012817,0.03223705633344188,0.1536666980991701,7.260053438630666,0.7006789670861379,0.7811143420017279,0.05723590914050975,0.16164974885776226
interictal_032,interictal,186,192,,18,EEG F4,True,37.46230144831855,4.602730911140395,0.03874959296646044,0.1914142666091783,5.952131659140313,0.9091610750917665,0.3317949177719576,0.10093318203531929,0.5672719001927232
interictal_032,interictal,186,192,,19,EEG C4,True,12.402552582778144,1.8783834017525745,0.05568218821230869,0.19560530428457185,6.477423279626572,0.9150788527904582,0.2097708606082584,0.12233600595003075,0.6678931334417108
interictal_032,interictal,186,192,,20,EEG P4,True,8.201373491148049,1.4131224817004542,0.07749918593292088,0.22364759473509904,5.734175555748581,0.9017453897903157,0.19612207588970965,0.13515058320016438,0.668727340910126
interictal_032,interictal,186,192,,21,EEG O2,True,8.512233372466946,2.315667621705735,0.10582872028655162,0.3551852971546931,3.9459343759582164,0.8829272833296407,0.38862446330648504,0.12578486120409685,0.4855906754894181
interictal_032,interictal,186,192,,22,EEG F8,True,99.12729128052865,3.2666129674371978,0.015304461087593618,0.04440605493229845,25.513863746297083,0.6412141702388944,0.8250743351498119,0.0589112705859413,0.11601439426424684
interictal_032,interictal,186,192,,23,EEG T4,True,27.3359509256701,3.750523411311879,0.07098664929990231,0.19274560185213044,5.74364606388782,0.9322550340476115,0.2215660422367912,0.1067996150478391,0.6716343427153698
interictal_032,interictal,186,192,,24,EEG T6,True,14.445098819808612,3.7453775452492906,0.10159557147508955,0.3527223041021092,3.5654395034626307,0.9452999316907716,0.1859606808867941,0.224934183281264,0.589105135831942
interictal_032,interictal,186,192,,25,EEG Fc2,True,15.683685845284963,2.8106397638923553,0.08987300553565614,0.2336815104670474,5.03876761548558,0.9006433769879747,0.42157789790623945,0.12936061366798507,0.4490614884257755
interictal_032,interictal,186,192,,26,EEG Fc6,True,29.229270168011304,3.3829501886196556,0.06805600781504396,0.1594014597479416,7.945979916796332,0.868864292549616,0.4515751368036308,0.11532621888530813,0.433098644311061
interictal_032,interictal,186,192,,27,EEG Cp2,True,4.823899509187218,1.0082633884234584,0.0882448713774015,0.27708243454628667,5.039739819079464,0.9390108569382137,0.18937107408759307,0.1769445166442878,0.6336844092681192
interictal_032,interictal,186,192,,28,EEG Cp6,True,14.033229928788414,1.6323574382270594,0.059915337023770755,0.15002673016946033,8.45627353144728,0.912836699479663,0.26287481180112954,0.13043916045525233,0.6066860277436182
interictal_032,interictal,186,192,,29,EEG F10,True,48.62829586213165,4.712595672442118,0.06284597850862911,0.11857597374664708,10.836487319121355,0.8028531076579254,0.615527517006199,0.11622966871978078,0.2682428142740201
interictal_033,interictal,192,198,,1,EEG Fp1,True,26.8369754625976,3.774257696370913,0.08042982741777922,0.18308789390698138,6.032333656409998,0.7159828638721758,0.7745397623410147,0.06720023760623044,0.15826000005275484
interictal_033,interictal,192,198,,2,EEG F3,True,9.439826273963062,2.206029881392822,0.13057635949202215,0.30229666820199386,4.045741512780401,0.8803978148502689,0.4250523766303682,0.10818478675655216,0.4667628366130796
interictal_033,interictal,192,198,,3,EEG C3,True,4.091552189227058,1.4017058995958456,0.15174210354933246,0.4304024524770244,3.1349830301087835,0.9212369737578897,0.29032404602681944,0.2356921499538349,0.4739838040193456
interictal_033,interictal,192,198,,4,EEG P3,True,4.951558897342117,1.2071159454344045,0.09833930315858026,0.31357533392505665,4.222148903812095,0.9416509100880912,0.20035017231957,0.2190370223150143,0.5806128053654157
interictal_033,interictal,192,198,,5,EEG O1,True,7.132855793925263,2.3599503318160577,0.1263432106805601,0.4157802119599929,3.2822777552407634,0.8619969438139325,0.48892613942115304,0.21190539934727426,0.2991684612315727
interictal_033,interictal,192,198,,6,EEG F7,True,12.420816965885223,1.983075691989628,0.07359166395310973,0.20421792383067194,6.336484946670059,0.845030069562172,0.5405315062942847,0.12798662522097048,0.331481868484745
interictal_033,interictal,192,198,,7,EEG T3,True,5.112311498858335,1.6572239625591165,0.1289482253337675,0.4153667526213733,3.253182668973021,0.917006863349829,0.3094616397394902,0.18621921243148581,0.5043191478290239
interictal_033,interictal,192,198,,8,EEG T5,True,5.844678400327802,1.7725569156342795,0.11071312276131554,0.3879405852112676,3.401143575920539,0.9088658919878019,0.25532941652151026,0.13830681449702775,0.6063637689814619
interictal_033,interictal,192,198,,9,EEG Fc1,True,3.958044895561912,1.2537761674707892,0.1510908498860306,0.40296403000829356,3.2716670099468796,0.9200016550853022,0.2827166771583067,0.10068223832010124,0.6166010845215921
interictal_033,interictal,192,198,,10,EEG Fc5,True,6.013222096017489,1.6950675626009695,0.10908498860306089,0.3701306432604481,3.8377336720535755,0.9155996057761765,0.3283524607294677,0.19968642101789275,0.47196111825263953
interictal_033,interictal,192,198,,11,EEG Cp1,True,3.502392679101985,1.0997349229019369,0.11820253988928688,0.4050717082072194,3.3924814017740452,0.9270056741074381,0.28301171841686107,0.15996447239717207,0.5570238091859668
interictal_033,interictal,192,198,,12,EEG Cp5,True,4.986724565931852,1.119164163509639,0.07749918593292088,0.2874846465695978,4.722267743602446,0.9193933483362465,0.2457009218212039,0.17981405577394888,0.5744850224048473
interictal_033,interictal,192,198,,13,EEG F9,True,7.900330530670419,3.4764163944774635,0.18853793552588732,0.5428853000418505,2.426107605486921,0.8697086921462502,0.47276865096567866,0.14226946427714665,0.38496188475717463
interictal_033,interictal,192,198,,14,EEG Fz,True,10.968366921199088,1.3511365897821392,0.039400846629762294,0.1561288758577551,8.202044894680936,0.8057727477979577,0.6244354902705201,0.0967705694106804,0.2787939403187995
interictal_033,interictal,192,198,,15,EEG Cz,True,3.864577224256066,1.3336815855068103,0.1348095083034842,0.4368177471239233,2.9874614933833517,0.9181028661171484,0.3010269042829839,0.12736071322870937,0.5716123824883067
interictal_033,interictal,192,198,,16,EEG Pz,True,4.028556690831433,1.0689408808029068,0.11494627157277759,0.34299027958260486,3.9840219559178887,0.9136820763103722,0.32741399704335217,0.22465741292782745,0.4479285900288204
interictal_033,interictal,192,198,,17,EEG Fp2,True,31.583653126302966,2.693318420233594,0.04884402474763921,0.109102958373229,10.591491750729393,0.6449641246488556,0.8697339480046382,0.06710231641686115,0.0631637355785007
interictal_033,interictal,192,198,,18,EEG F4,True,16.633506909082346,2.990116187847859,0.07098664929990231,0.24799844725429934,5.0263872901106375,0.8698706566599814,0.5357743481815275,0.12284747489653289,0.3413781769219396
interictal_033,interictal,192,198,,19,EEG C4,True,4.817709339286448,1.902436431511943,0.16900032562683165,0.5065514570797094,2.490319759984595,0.9233043178929178,0.2684013234293265,0.19083016898539232,0.5407685075852813
interictal_033,interictal,192,198,,20,EEG P4,True,4.512300806358195,1.3816503513471974,0.13383262780853142,0.39289369124979134,3.3024129077477444,0.9419231174572272,0.23778353040115652,0.17636904750282187,0.5858474220960216
interictal_033,interictal,192,198,,21,EEG O2,True,6.294416775458263,2.211416149558168,0.16281341582546402,0.4531758140191084,3.139364079588713,0.883124708040872,0.4305520420656244,0.17763730191129848,0.3918106560230771
interictal_033,interictal,192,198,,22,EEG F8,True,19.770833408455132,2.495695537787531,0.05144903940084663,0.15896033583026334,7.858641433734994,0.6515204816470739,0.8441327868512606,0.07885248810280829,0.07701472504593121
interictal_033,interictal,192,198,,23,EEG T4,True,7.423734384332327,3.176357531118321,0.16541843047867144,0.5870872841540254,1.8977450549298995,0.9363822829010583,0.13915061110058868,0.10651735652021424,0.7543320323791971
interictal_033,interictal,192,198,,24,EEG T6,True,7.933284333355946,3.483760430899091,0.1510908498860306,0.6097996955148751,2.0060650799165023,0.9036194100591243,0.141547697245217,0.1139420298955606,0.7445102728592223
interictal_033,interictal,192,198,,25,EEG Fc2,True,6.39025313016968,2.778656508825159,0.1800716379029632,0.5723370989303491,2.056239807217662,0.8896208947359371,0.40497865018097595,0.160079024550164,0.43494232526886
interictal_033,interictal,192,198,,26,EEG Fc6,True,6.76378604024185,3.1308670095532016,0.17909475740801042,0.642471547085618,1.986638350980969,0.9111444136214422,0.374913331736048,0.1783683264896886,0.44671834177426345
interictal_033,interictal,192,198,,27,EEG Cp2,True,3.584801951172372,1.043891894345673,0.11690003256268316,0.377688117666308,3.6028316424525673,0.9361403281591988,0.28365977229035905,0.16848087762551633,0.5478593500841246
interictal_033,interictal,192,198,,28,EEG Cp6,True,4.070336241554792,1.4191135314378502,0.15271898404428524,0.45268292979636854,2.858533059531883,0.9339412789705025,0.18450906622836621,0.16671956418778763,0.6487713695838462
interictal_033,interictal,192,198,,29,EEG F10,True,7.625463728794716,4.377494120787306,0.2393357212634321,0.7053947303692657,1.850438250998636,0.8549312978135372,0.49290000603195916,0.1511243087012821,0.35597568526675877
interictal_034,interictal,198,204,,1,EEG Fp1,True,25.24961799342102,3.6238355992040856,0.08563985672419408,0.1855959086302142,6.006899778460762,0.7021096951988627,0.7789553893725588,0.06665387262549283,0.15439073800194839
interictal_034,interictal,198,204,,2,EEG F3,True,9.657290143667689,2.064907646597846,0.09443178117876913,0.2796019385531529,4.352009770025673,0.8639270442850209,0.42468537918481797,0.1466563616194628,0.4286582591957192
interictal_034,interictal,198,204,,3,EEG C3,True,4.589795767823862,1.3969929277048692,0.11755128622598503,0.3822977098684989,3.5395478497582458,0.899543424004633,0.34982862746386095,0.27012630203169335,0.38004507050444586
interictal_034,interictal,198,204,,4,EEG P3,True,4.9339820299587736,1.199873179761102,0.08401172256593943,0.3122858421158227,4.343822812341528,0.9408613821083297,0.23381994894099759,0.24432145936751906,0.5218585916914833
interictal_034,interictal,198,204,,5,EEG O1,True,6.215920027155375,2.257932765631022,0.1510908498860306,0.46411694082708577,2.9793663470470975,0.9349231515197158,0.38166350218076833,0.16245349880602997,0.4558829990132017
interictal_034,interictal,198,204,,6,EEG F7,True,16.343397149593255,2.0967117813570266,0.041028980788016936,0.16506589866682725,7.7297724128261045,0.7206235362205433,0.6829994988329154,0.11889443595374516,0.19810606521333934
interictal_034,interictal,198,204,,7,EEG T3,True,7.801294424403437,1.7419380492062242,0.0778248127645718,0.28562872765262465,4.631358575215434,0.9021151023006057,0.39213353900919307,0.244140913929913,0.36372554706089383
interictal_034,interictal,198,204,,8,EEG T5,True,6.046913878099944,1.8270533893481498,0.12015630087919245,0.38628148824986785,3.4138286101044653,0.9039478163953029,0.4435028204814519,0.13362225687106927,0.42287492264747883
interictal_034,interictal,198,204,,9,EEG Fc1,True,4.531772008709451,1.223164002649161,0.09899055682188213,0.3494961341000131,3.766852522410012,0.9045105044671528,0.39126073145387175,0.13762301840965155,0.4711162501364766
interictal_034,interictal,198,204,,10,EEG Fc5,True,7.2133721133878534,1.7012585632054358,0.09573428850537284,0.3053232495955766,4.647086744153547,0.8252934750842585,0.46850475308815426,0.19210612076837166,0.339389126143474
interictal_034,interictal,198,204,,11,EEG Cp1,True,4.286970018304574,1.1126734983111486,0.08726799088244871,0.3351725776601408,4.163195234032333,0.9274270089628293,0.2684831599178962,0.25174300991349996,0.4797738301686039
interictal_034,interictal,198,204,,12,EEG Cp5,True,5.8907802218485426,1.1859372148205714,0.05568218821230869,0.2579050872888341,5.216804763183783,0.9325434259593289,0.32144436742415144,0.2327871507941831,0.44576848178166545
interictal_034,interictal,198,204,,13,EEG F9,True,11.1679895236137,3.624980459200197,0.13383262780853142,0.3971225493175299,3.26065325630001,0.8921498628545877,0.45045275807361407,0.17605565991594024,0.3734915820104457
interictal_034,interictal,198,204,,14,EEG Fz,True,9.784306135031724,1.3193351436274947,0.07131227613155323,0.17065272596429315,7.780426681363343,0.8256876455515697,0.649036898134791,0.10734010624651653,0.2436229956186924
interictal_034,interictal,198,204,,15,EEG Cz,True,3.636651784616182,1.2650581487437578,0.14653207424291761,0.4477947936975149,3.003774899025544,0.9095331772066,0.36758403730245626,0.10078186397893593,0.5316340987186078
interictal_034,interictal,198,204,,16,EEG Pz,True,4.302515904636699,1.076301348948711,0.11983067404754151,0.3261699744737282,4.192735965867703,0.9018553144845963,0.36471971504009204,0.2570068557751488,0.3782734291847591
interictal_034,interictal,198,204,,17,EEG Fp2,True,27.455668359190312,2.5256187365634886,0.039400846629762294,0.11652255111245015,10.05776866403802,0.6785668984004151,0.8386912597351815,0.06737705205025375,0.09393168821456467
interictal_034,interictal,198,204,,18,EEG F4,True,12.464651516531898,2.752626553418388,0.09345490068381634,0.30920575904017983,4.028920661276702,0.8799603706445589,0.46413373982311673,0.11000809043909252,0.42585816973779084
interictal_034,interictal,198,204,,19,EEG C4,True,6.182471942571287,1.879936326769113,0.10420058612829697,0.3895505723337848,3.310601728561181,0.9338955555075207,0.26014649483887753,0.25209136363206547,0.48776214152905706
interictal_034,interictal,198,204,,20,EEG P4,True,5.538201215335152,1.4303434336155936,0.09931618365353305,0.3317909130345878,3.9586060925351343,0.9136117049654234,0.23386719934410216,0.23479830995617018,0.5313344906997276
interictal_034,interictal,198,204,,21,EEG O2,True,6.941345937306996,2.218052371386204,0.1243894496906545,0.41261998460108035,3.4568024024720256,0.9227073072070947,0.3304638392827063,0.23355610112913264,0.4359800595881611
interictal_034,interictal,198,204,,22,EEG F8,True,25.1323280940141,2.595666202136745,0.021165744057310323,0.12902853335132317,9.601067596158904,0.7512619221868475,0.7237353372936539,0.09997307020927507,0.17629159249707113
interictal_034,interictal,198,204,,23,EEG T4,True,8.5397626496111,3.273228718160272,0.14132204493650277,0.5283500369148629,2.090703027450217,0.9386408848783137,0.1507668816060414,0.12805287959457115,0.7211802387993873
interictal_034,interictal,198,204,,24,EEG T6,True,8.440296300538979,3.6548879335281006,0.17355910126994464,0.5940812126018589,2.080058238920406,0.9283634475681755,0.15809581030453906,0.13607114074865415,0.7058330489468068
interictal_034,interictal,198,204,,25,EEG Fc2,True,6.441067536914895,2.7798867786198196,0.16346466948876587,0.5676364771717181,2.0967971441394195,0.8764505389192015,0.5305289130806082,0.07887756392649711,0.3905935229928946
interictal_034,interictal,198,204,,26,EEG Fc6,True,8.425219653205135,3.1730296232872433,0.14913708889612504,0.5206156378639446,2.4573466042061907,0.9105031513800884,0.3265467454005373,0.18637011897063316,0.4870831356288294
interictal_034,interictal,198,204,,27,EEG Cp2,True,4.4639216461617455,1.0390974973004345,0.08987300553565614,0.3032871919068076,4.624143080239052,0.9231761650557259,0.28549465744217106,0.15573999324269316,0.5587653493151358
interictal_034,interictal,198,204,,28,EEG Cp6,True,5.917429148349773,1.4839626715850196,0.09703679583197655,0.32091757102768287,4.075902215872226,0.912950410140348,0.21565721145104172,0.2753287877455188,0.5090140008034394
interictal_034,interictal,198,204,,29,EEG F10,True,11.301501813795172,4.530523605495017,0.1566265060240964,0.49193014245343747,2.6453826786947805,0.9030453852032831,0.45622796582944164,0.1710565098228377,0.3727155243477207
interictal_035,interictal,204,210,,1,EEG Fp1,True,25.136132938215898,3.801515999999271,0.07880169325952459,0.19692033034856044,5.611221875080826,0.7731939664088492,0.6962452477323592,0.06739872546008636,0.23635602680755446
interictal_035,interictal,204,210,,2,EEG F3,True,10.977648539048031,2.237564858305215,0.11820253988928688,0.26372247237201013,4.606290348319322,0.9083430176746726,0.36887510340884794,0.12813268031997121,0.5029922162711807
interictal_035,interictal,204,210,,3,EEG C3,True,5.81497422191729,1.3695283075994193,0.08954737870400521,0.29420682032735873,4.525440844552556,0.9403900221278692,0.21466130840772576,0.29369075958087765,0.4916479320113965
interictal_035,interictal,204,210,,4,EEG P3,True,6.976711427804207,1.1617823510001093,0.07228915662650602,0.21123955974910286,6.282590106921518,0.9187428708893336,0.34900823846253415,0.21210226344771688,0.438889498089749
interictal_035,interictal,204,210,,5,EEG O1,True,7.368721553078569,2.301942742919418,0.13253012048192772,0.39677506808671187,3.4105384446006815,0.856230583653575,0.5141636077994183,0.16586495282788039,0.3199714393727014
interictal_035,interictal,204,210,,6,EEG F7,True,25.78972312398677,2.081008369485513,0.06284597850862911,0.10583128137297823,11.529982547198037,0.8220963189478523,0.5991547682237885,0.15409421627230702,0.24675101550390455
interictal_035,interictal,204,210,,7,EEG T3,True,10.759843766841518,1.7379281504719932,0.09768804949527841,0.20462722044620504,6.389743713180929,0.9016052649436866,0.40919351439306423,0.19357732362988478,0.39722916197705105
interictal_035,interictal,204,210,,8,EEG T5,True,6.344791700390653,1.7505171162967068,0.1263432106805601,0.35333726749040667,3.6830044015790078,0.8767890808405259,0.4404297131063922,0.18219231618910725,0.37737797070450046
interictal_035,interictal,204,210,,9,EEG Fc1,True,4.426858211271441,1.205102196494138,0.10615434711820254,0.34630167544879686,3.7361562637085477,0.9113443842140577,0.2665993049382328,0.18585752257573074,0.5475431724860365
interictal_035,interictal,204,210,,10,EEG Fc5,True,10.986486257057164,1.733256514839733,0.0846629762292413,0.20437784309842572,6.792124554073271,0.9121891850129916,0.3857515544506004,0.2029317696621557,0.41131667588724385
interictal_035,interictal,204,210,,11,EEG Cp1,True,4.160553643899899,1.0424672350583495,0.11787691305763595,0.3224982871524082,4.251030759379595,0.931256321931459,0.27809712899927125,0.183900868164634,0.5380020028360946
interictal_035,interictal,204,210,,12,EEG Cp5,True,6.562987056092787,1.1330654391721404,0.06805600781504396,0.22049805942641545,6.004617607737757,0.9388093446897771,0.2235992409006402,0.2665741031373825,0.5098266559619773
interictal_035,interictal,204,210,,13,EEG F9,True,15.905530433707472,3.5299253283784053,0.11331813741452296,0.2731095599762492,4.733908507277343,0.7951702489222553,0.566993723227873,0.1870025052125387,0.24600377155958836
interictal_035,interictal,204,210,,14,EEG Fz,True,8.354448411379344,1.3035736364862653,0.09247802018886356,0.198557514183782,6.5611600401071035,0.796168956584919,0.6248325395440529,0.11040532337913399,0.26476213707681306
interictal_035,interictal,204,210,,15,EEG Cz,True,3.96921360479849,1.236807948803525,0.1299251058287203,0.3968486539374879,3.3093276066000192,0.8996771686383104,0.245921584845474,0.12336544323191576,0.6307129719226102
interictal_035,interictal,204,210,,16,EEG Pz,True,4.094368085577751,0.9939169714156633,0.11331813741452296,0.3168179987201081,4.274809472304636,0.9336648784952396,0.28446596651833983,0.18345371727208998,0.5320803162095703
interictal_035,interictal,204,210,,17,EEG Fp2,True,27.295401799003503,2.5832541606952453,0.06773038098339303,0.12215844223996389,9.433047148251012,0.6591906134109264,0.8508111737804499,0.06294801742467564,0.0862408087948745
interictal_035,interictal,204,210,,18,EEG F4,True,14.116063033418298,3.019228478058241,0.09899055682188213,0.2971496974779582,4.1106408610966,0.833093788771526,0.4853841294460395,0.09410082639808838,0.42051504415587204
interictal_035,interictal,204,210,,19,EEG C4,True,5.62148889804908,1.8051208986050862,0.13643764246173884,0.40509958176656535,3.125837338275874,0.8730500115113,0.44941615332005563,0.15321385198200874,0.39736999469793566
interictal_035,interictal,204,210,,20,EEG P4,True,5.211332723011949,1.351200706373113,0.1208075545424943,0.33671949852204097,3.8041808863616797,0.9313175426186331,0.22298778049763815,0.185850541034199,0.5911616784681629
interictal_035,interictal,204,210,,21,EEG O2,True,7.873081673563439,2.2379569491639852,0.11722565939433409,0.36783525708366993,3.7369208578421844,0.9173487961885479,0.3194363944228988,0.15644039797372655,0.5241232076033746
interictal_035,interictal,204,210,,22,EEG F8,True,36.831522545206035,2.690053731214371,0.032888309996743734,0.09267197952033976,12.87609456630047,0.6641957042547749,0.8317631043610635,0.06850810786846213,0.0997287877704743
interictal_035,interictal,204,210,,23,EEG T4,True,12.145960783917088,3.4855176185767833,0.13969391077824814,0.38869432579688984,2.795877662244797,0.9082726911708718,0.13277245695194284,0.09520035535570015,0.7720271876923571
interictal_035,interictal,204,210,,24,EEG T6,True,10.324813961241695,3.763598730517337,0.14946271572777597,0.49567733956580173,2.462439186408436,0.9149823057853853,0.17580352987157577,0.12516211558575407,0.6990343545426702
interictal_035,interictal,204,210,,25,EEG Fc2,True,6.472368860901308,2.7059577818798703,0.16444154998371865,0.5465332102601431,2.1621276196023675,0.8402824417066324,0.4742367335828528,0.09394550626867136,0.4318177601484758
interictal_035,interictal,204,210,,26,EEG Fc6,True,12.2501727013773,3.2676418813893986,0.13741452295669163,0.369213274993262,3.3795824620119794,0.8943759237250648,0.4085003609840015,0.12087473531808422,0.4706249036979143
interictal_035,interictal,204,210,,27,EEG Cp2,True,3.381744213929858,0.9572137214352294,0.10322370563334418,0.3685202498856248,3.754464095068542,0.946513687498069,0.2516780806320266,0.18969985232857392,0.5586220670393995
interictal_035,interictal,204,210,,28,EEG Cp6,True,6.440592641019434,1.4727252279943814,0.10778248127645718,0.29416897352990506,4.263951311148303,0.9234452368615851,0.21973255980523243,0.15928177492065423,0.6209856652741134
interictal_035,interictal,204,210,,29,EEG F10,True,17.351947676761426,4.513153705592979,0.12276131553239987,0.318396646440188,4.0437958625795565,0.8973154983380118,0.43211842870969475,0.1924196087411608,0.3754619625491443
interictal_036,interictal,210,216,,1,EEG Fp1,True,40.47909861704762,4.068815883013674,0.060240963855421686,0.13056835594349842,8.464502094945292,0.6728639372468018,0.7985234910763642,0.04218468099228162,0.15929182793135419
interictal_036,interictal,210,216,,2,EEG F3,True,15.562398169399314,2.36551289711586,0.07131227613155323,0.19957004360722766,5.957800045470701,0.8863070621892193,0.3967678849093822,0.13424828494219243,0.4689838301484253
interictal_036,interictal,210,216,,3,EEG C3,True,4.00764091300984,1.3205953016445606,0.13318137414522957,0.41607226348796694,3.2040176829260774,0.9010193450839902,0.4327418351531347,0.16224995997437602,0.4050082048724894
interictal_036,interictal,210,216,,4,EEG P3,True,5.17183858099295,1.1452928956381836,0.08368609573428851,0.28231426558253203,4.684954254491809,0.8785320471612194,0.4569528957974454,0.19151215362588453,0.35153495057667
interictal_036,interictal,210,216,,5,EEG O1,True,8.848472197002627,2.2754915266558715,0.12373819602735266,0.3269081707972261,4.152653101784501,0.9126976039675254,0.33875078979276124,0.1947805024734552,0.4664687077337835
interictal_036,interictal,210,216,,6,EEG F7,True,23.790164728028145,2.0952421720497267,0.028980788016932595,0.11288565026960988,10.95020602351314,0.7924690357033372,0.6120973364400284,0.12254029955727486,0.2653623640026967
interictal_036,interictal,210,216,,7,EEG T3,True,6.616296519143991,1.6905694440732728,0.09931618365353305,0.32590374380119363,4.040156953522948,0.8686456291519227,0.45682381359782437,0.15416686391441617,0.38900932248775943
interictal_036,interictal,210,216,,8,EEG T5,True,6.591936731513458,1.7355323912514882,0.11071312276131554,0.3365051009727128,3.9150334330178542,0.8899707289503738,0.45837011802926914,0.17517207458750622,0.36645780738322475
interictal_036,interictal,210,216,,9,EEG Fc1,True,5.512482503152945,1.1938026404374946,0.09117551286225985,0.27814942659099484,4.619972718690849,0.9118601028643523,0.2975046129240605,0.17447264663730774,0.5280227404386317
interictal_036,interictal,210,216,,10,EEG Fc5,True,9.458360378076415,1.7081401132246183,0.06349723217193097,0.23783499058006183,5.884718164410034,0.8834498407147575,0.43285042678043334,0.1587873792499745,0.40836219396959217
interictal_036,interictal,210,216,,11,EEG Cp1,True,3.098694369247336,1.023839574946965,0.14816020840117225,0.4326392822008512,3.179740959445703,0.9094960677460219,0.36573269455818486,0.2486253644942057,0.38564194094760945
interictal_036,interictal,210,216,,12,EEG Cp5,True,5.445647286279866,1.0967768585192355,0.08205796157603387,0.2568970212958479,5.262427393548118,0.8763379301774044,0.47233328540219843,0.16804296441429586,0.35962375018350573
interictal_036,interictal,210,216,,13,EEG F9,True,9.996016933545818,3.4874042473753226,0.1335070009768805,0.4308565798350334,3.0155301742663503,0.8175807031153175,0.5857185921288266,0.14998156714798264,0.2642998407231907
interictal_036,interictal,210,216,,14,EEG Fz,True,14.312387436980048,1.334687448551809,0.05144903940084663,0.11892748472870492,10.73224105308036,0.8050014660590715,0.5781272345976384,0.13929115652190294,0.2825816088804586
interictal_036,interictal,210,216,,15,EEG Cz,True,4.125725660157625,1.2681616376035245,0.11364376424617388,0.3967528857314869,3.241896790074024,0.9250799575001087,0.1869910177872954,0.13317045017327545,0.6798385320394291
interictal_036,interictal,210,216,,16,EEG Pz,True,3.8183965077804265,1.0217946988535087,0.0986649299902312,0.35035785204304315,3.845871923041125,0.9069178033799897,0.3715476514664983,0.19269690586625926,0.4357554426672424
interictal_036,interictal,210,216,,17,EEG Fp2,True,35.17221370839529,2.698031773983142,0.057310322370563334,0.09796392659779166,11.712009511599717,0.5968879695002339,0.8721139807847245,0.054059282667031396,0.07382673654824409
interictal_036,interictal,210,216,,18,EEG F4,True,12.304181831429574,3.2290432478292956,0.11559752523607945,0.3635986059756832,3.4090399641760607,0.8571737716032028,0.4898840175950539,0.10479347047185188,0.40532251193309426
interictal_036,interictal,210,216,,19,EEG C4,True,9.517304081636068,1.824605546733064,0.06252035167697818,0.24461216028599045,5.1531254833443745,0.9233374403910442,0.2972908355654776,0.19033209026354417,0.5123770741709782
interictal_036,interictal,210,216,,20,EEG P4,True,5.640157716660245,1.333825441827415,0.10875936177140996,0.307066469387916,4.240122622379068,0.8947422901588801,0.35827079337965323,0.19665141728625263,0.4450777893340942
interictal_036,interictal,210,216,,21,EEG O2,True,9.193521799047733,2.1532526594374586,0.10647997394985347,0.30696710701749486,4.520318534079686,0.9088768261025076,0.2960600804101082,0.12302458370348753,0.5809153358864043
interictal_036,interictal,210,216,,22,EEG F8,True,27.35599577957059,2.6060637087576928,0.045262129599479,0.12053754557134258,10.130183873056119,0.6249170898628139,0.8372554523474698,0.06349236811783915,0.09925217953469113
interictal_036,interictal,210,216,,23,EEG T4,True,12.234384652502513,3.3948910637339855,0.11364376424617388,0.37821437948423514,2.9142145065808522,0.9469393522454695,0.16552777087689516,0.1720012334725633,0.6624709956505416
interictal_036,interictal,210,216,,24,EEG T6,True,11.054668613176828,3.62752397736219,0.12927385216541842,0.4506056071392715,2.694150713952077,0.9264761136464796,0.17517771512817293,0.19305238549677833,0.6317698993750487
interictal_036,interictal,210,216,,25,EEG Fc2,True,6.625597390575248,2.774727703110458,0.16183653533051123,0.5468039046404669,2.152268992418337,0.8868875569592621,0.378799746326367,0.11122729104826774,0.5099729626253653
interictal_036,interictal,210,216,,26,EEG Fc6,True,9.780312888369684,3.1703779906818235,0.12732009117551285,0.450473195508136,2.7701436027409376,0.9027903718801852,0.37476469609243357,0.13346904820119151,0.4917662557063749
interictal_036,interictal,210,216,,27,EEG Cp2,True,4.11799947655327,1.0142887476022187,0.10126994464343862,0.319304755445218,4.291552923880501,0.9061954879534438,0.30803125381648677,0.21371137691910985,0.4782573692644034
interictal_036,interictal,210,216,,28,EEG Cp6,True,7.7680739057101755,1.4394510258537732,0.0696841419732986,0.24092258370625644,5.292386106648944,0.9113489468523334,0.33471271326668267,0.23716601516994482,0.42812127156337243
interictal_036,interictal,210,216,,29,EEG F10,True,19.930844107367246,4.377705657249849,0.09996743731683491,0.26757230717432967,4.819134376717665,0.8536486377421868,0.515716203850198,0.20397337913719063,0.2803104170126114
interictal_037,interictal,216,222,,1,EEG Fp1,True,28.32919331513233,3.838328817195994,0.05600781504395962,0.17870672664757004,6.225767645798752,0.7349289247066855,0.7582447714647653,0.09718778115627752,0.14456744737895705
interictal_037,interictal,216,222,,2,EEG F3,True,13.706955789960489,2.264780783898671,0.0742429176164116,0.21539864446061774,5.679276226960563,0.8746658240036191,0.48005310644018145,0.10470464975783039,0.41524224380198826
interictal_037,interictal,216,222,,3,EEG C3,True,5.433781929267084,1.3311706471061073,0.07326603712145881,0.30644372629487865,4.4181419564978786,0.8472468009585195,0.497328815801338,0.16826751156861355,0.33440367263004844
interictal_037,interictal,216,222,,4,EEG P3,True,3.9926446628132846,1.0809950734240494,0.12406382285900358,0.34765813486127467,3.9310561607166394,0.940186139119785,0.26960542395599985,0.2755794042073741,0.45481517183662595
interictal_037,interictal,216,222,,5,EEG O1,True,6.400543026373244,2.1742892852234337,0.14653207424291761,0.43317194351582156,3.1701513502284597,0.8842840186579907,0.5051839536569249,0.16382857913610693,0.3309874672069682
interictal_037,interictal,216,222,,6,EEG F7,True,24.46102669507206,2.121983902942792,0.018886356235753826,0.11188828516849988,11.31429740555257,0.750377094729796,0.6960601327832654,0.1772375707557393,0.12670229646099543
interictal_037,interictal,216,222,,7,EEG T3,True,8.6930871654783,1.7196321263826326,0.051123412569195704,0.25066631175873855,5.2416708259789795,0.845251922091294,0.4360615668674323,0.20482340682796413,0.35911502630460357
interictal_037,interictal,216,222,,8,EEG T5,True,5.3708593848690676,1.7016070384753113,0.12601758384890915,0.4044230444435521,3.269150717694703,0.932173336007483,0.28450687908220695,0.1953555104343732,0.5201376104834199
interictal_037,interictal,216,222,,9,EEG Fc1,True,4.850951802313885,1.2338602299326809,0.09573428850537284,0.3221900508282247,4.028271554327003,0.8948311948675818,0.3906497293154716,0.13183654944300627,0.47751372124152214
interictal_037,interictal,216,222,,10,EEG Fc5,True,11.966517092522862,1.655134164368172,0.029957668511885378,0.1816719925244238,7.679344406700529,0.8243394907015607,0.543240036524233,0.1636132393981008,0.2931467240776661
interictal_037,interictal,216,222,,11,EEG Cp1,True,3.1402905748571563,1.0058090273295046,0.1520677303809834,0.4146437645874398,3.3622202043122282,0.9132578462342106,0.3316711312172518,0.3162802118760594,0.35204865690668863
interictal_037,interictal,216,222,,12,EEG Cp5,True,4.035937133127956,1.079387060571412,0.11234125691957017,0.34467293471920324,3.958462791422303,0.8997229503217947,0.30430087582492193,0.2426760805011403,0.4530230436739379
interictal_037,interictal,216,222,,13,EEG F9,True,11.519029509526758,3.4813430601610156,0.1045262129599479,0.37451364968964435,3.467763441436643,0.8529846728947985,0.3983155516198436,0.30331145263387504,0.2983729957462814
interictal_037,interictal,216,222,,14,EEG Fz,True,7.61836596561208,1.283718820749199,0.07359166395310973,0.21256609951530997,6.209472382593851,0.847792710903114,0.5684642703280712,0.14541170768926318,0.2861240219826656
interictal_037,interictal,216,222,,15,EEG Cz,True,4.148711512750975,1.2453796623312439,0.11462064474112667,0.37830713540034777,3.4779593877679376,0.8930319419780693,0.3110644778079797,0.1653060906802336,0.5236294315117866
interictal_037,interictal,216,222,,16,EEG Pz,True,3.515134508621533,0.9932757199479233,0.09899055682188213,0.3650302258286936,3.73590492472581,0.8886105303324334,0.4431298590832917,0.2703249040867981,0.28654523682991023
interictal_037,interictal,216,222,,17,EEG Fp2,True,22.10697229582176,2.5548832838372553,0.08987300553565614,0.14852506357460624,7.970179655372806,0.7582984499481266,0.7375732683477138,0.10292962141748224,0.15949711023480412
interictal_037,interictal,216,222,,18,EEG F4,True,10.906313999081602,2.5825958779264973,0.1103874959296646,0.3397696992453983,3.692872405928003,0.9476041206403562,0.18741241295994182,0.1797355847760197,0.6328520022640385
interictal_037,interictal,216,222,,19,EEG C4,True,5.371291035626795,1.762976716099219,0.11755128622598503,0.4177116226787792,3.065758269291734,0.9224616567327232,0.3219068034500347,0.19868209578088442,0.47941110076908083
interictal_037,interictal,216,222,,20,EEG P4,True,4.785860068801853,1.3077752018106266,0.09475740801042006,0.3536449001154609,3.695731912560019,0.9161648702761329,0.3392595822895787,0.18520515612845304,0.47553526158196835
interictal_037,interictal,216,222,,21,EEG O2,True,6.668929669679928,2.125802310169815,0.12504070335395637,0.4097768062464351,3.4543682531916846,0.8931125263906269,0.47849057697447406,0.14981560341950537,0.37169381960602055
interictal_037,interictal,216,222,,22,EEG F8,True,32.88473255901654,2.491852348699434,0.03744708563985672,0.09501971806419364,13.217870196421655,0.8402608504472757,0.4983503813641754,0.2354422336740405,0.2662073849617841
interictal_037,interictal,216,222,,23,EEG T4,True,10.26471539622137,2.8949244022329133,0.11462064474112667,0.39350781734539253,2.9042221498539,0.9438817509406776,0.26827295186607947,0.1953542149681505,0.5363728331657701
interictal_037,interictal,216,222,,24,EEG T6,True,8.683127276198682,3.283328944382617,0.15141647671768155,0.5183298728313849,2.3640337514480554,0.9198863694193087,0.21905164262567237,0.14528319935883469,0.635665158015493
interictal_037,interictal,216,222,,25,EEG Fc2,True,5.443708090826183,2.664029415666169,0.18853793552588732,0.6453602555877034,1.8369023248684764,0.9312075748391675,0.2389034056415472,0.15678032175869142,0.6043162725997614
interictal_037,interictal,216,222,,26,EEG Fc6,True,8.405825825334452,2.6059891328155778,0.1693259524584826,0.4389432059457637,2.964949068712714,0.9045581455382843,0.396507163177832,0.19315904037882245,0.4103337964433455
interictal_037,interictal,216,222,,27,EEG Cp2,True,3.532370319250903,0.9381529322714848,0.09443178117876913,0.3428569457155046,4.091514943346501,0.9060411582393216,0.37731119257037893,0.22727426263211423,0.3954145447975069
interictal_037,interictal,216,222,,28,EEG Cp6,True,5.7093810071850735,1.3600419980940393,0.0742429176164116,0.307344539312339,4.2582228659168475,0.9219664026039635,0.3479340241186498,0.19671867577124988,0.45534730011010033
interictal_037,interictal,216,222,,29,EEG F10,True,19.152080213185236,4.436396628655913,0.11592315206773038,0.28276043990924776,4.569278803755517,0.8015816970473203,0.557729841578695,0.22147482599969404,0.22079533242161087
interictal_038,interictal,222,228,,1,EEG Fp1,True,30.21748677367024,3.8821951871129268,0.09475740801042006,0.16629981941048444,6.466716632197746,0.6369795789361599,0.8179392673323933,0.04983233578280551,0.13222839688480126
interictal_038,interictal,222,228,,2,EEG F3,True,13.582551036664206,2.198834430944402,0.0928036470205145,0.2121828829509861,5.726979217617415,0.8268329859607388,0.5209256005314625,0.05252202305449477,0.4265523764140427
interictal_038,interictal,222,228,,3,EEG C3,True,4.252779449854306,1.3738773151759673,0.12211006186909801,0.41101267635668576,3.271906619879728,0.8587451833111754,0.44614256839804106,0.14630293047856166,0.40755450112339725
interictal_038,interictal,222,228,,4,EEG P3,True,4.747480000463992,1.1980061419402703,0.09150113969391079,0.32483952753746953,4.173159911262017,0.8896126324221058,0.34630206357820337,0.19989441957683857,0.4538035168449581
interictal_038,interictal,222,228,,5,EEG O1,True,8.746363919659803,2.3685108207169465,0.08791924454575056,0.34231850972200517,4.017057578239387,0.8809811671578287,0.4530504013444763,0.20143021794936444,0.3455193807061594
interictal_038,interictal,222,228,,6,EEG F7,True,24.129997253993906,2.0470117658288323,0.05828720286551612,0.11014702816970509,11.40832540778936,0.7499677990308576,0.7095135735988862,0.10509715910550921,0.1853892672956046
interictal_038,interictal,222,228,,7,EEG T3,True,7.790172434425098,1.6508508251828724,0.1162487788993813,0.2719710131285171,4.905431497103979,0.8657958962718109,0.3958161108410993,0.23307604862274192,0.3711078405361587
interictal_038,interictal,222,228,,8,EEG T5,True,5.6749579209829175,1.7384049618603532,0.12699446434386194,0.39244895136864283,3.425932842850514,0.9021239187631441,0.37815822344527383,0.19009283996036125,0.4317489365943649
interictal_038,interictal,222,228,,9,EEG Fc1,True,5.199042367560209,1.2063200642722247,0.09475740801042006,0.2977624832150426,4.446467699860102,0.8911020635058626,0.3827556838052823,0.10874743239370496,0.5084968838010127
interictal_038,interictal,222,228,,10,EEG Fc5,True,9.666899333213054,1.6430073453662624,0.08498860306089222,0.2241279883949854,6.261268232833234,0.8783487273330867,0.420830513216232,0.17286471766282988,0.4063047691209382
interictal_038,interictal,222,228,,11,EEG Cp1,True,3.8681877371160995,1.088002917933319,0.09378052751546727,0.36750571653775144,3.7510567247765416,0.9225999842903969,0.4005235873172837,0.1458693171903458,0.45360709549237055
interictal_038,interictal,222,228,,12,EEG Cp5,True,5.262250795899746,1.0958621849940957,0.07847606642787365,0.2714442127762239,5.065868633388746,0.87163550555871,0.414299126099324,0.222020999548706,0.36367987435197
interictal_038,interictal,222,228,,13,EEG F9,True,12.248338566687046,3.4264953368938267,0.16248778899381308,0.346899898577489,3.753440239781575,0.8209600144120812,0.606290936889454,0.12840408390836794,0.26530497920217805
interictal_038,interictal,222,228,,14,EEG Fz,True,9.352299858417549,1.298075942346507,0.07847606642787365,0.176884770900069,7.435306393217081,0.7081862211058264,0.7192873440713624,0.07576507818080347,0.20494757774783415
interictal_038,interictal,222,228,,15,EEG Cz,True,3.950890349255152,1.2877151268963394,0.12927385216541842,0.4152176823341489,3.18170891968565,0.9233857469908235,0.3081390390358396,0.1256984904625584,0.5661624705016018
interictal_038,interictal,222,228,,16,EEG Pz,True,3.5968252234085054,1.063547549015481,0.1103874959296646,0.38505141222599276,3.531909725292402,0.9044406524336255,0.4261188161356186,0.1874185671788665,0.386462616685515
interictal_038,interictal,222,228,,17,EEG Fp2,True,27.431281162580785,2.638019376248464,0.04949527841094106,0.12249114363354291,9.449223245557226,0.5829483415154335,0.8991608588601897,0.04413649229337902,0.05670264884643121
interictal_038,interictal,222,228,,18,EEG F4,True,11.469363405156562,2.7092445668796197,0.11234125691957017,0.3303428857050742,3.715851533366343,0.8413275646227336,0.5019770559790445,0.09245737738640718,0.4055655666345482
interictal_038,interictal,222,228,,19,EEG C4,True,7.334990386728845,1.8375132689832594,0.10973624226636275,0.31971175733529555,3.9963713839665895,0.9411442583839921,0.26705911807106375,0.28126666028554237,0.45167422164339377
interictal_038,interictal,222,228,,20,EEG P4,True,4.832390626824996,1.3445320451898852,0.12015630087919245,0.36036862945982523,3.6456606947617884,0.9279584062360343,0.20006371212562268,0.2541984258522935,0.5457378620220839
interictal_038,interictal,222,228,,21,EEG O2,True,7.896486564826527,2.281033936623357,0.13090198632367306,0.3727015100808358,3.737979064029429,0.9046859290699679,0.291093480209383,0.18440009231711357,0.5245064274735032
interictal_038,interictal,222,228,,22,EEG F8,True,28.538506208488634,2.5848907475070133,0.05079778573754477,0.11423821469628893,10.731476071138882,0.6448572754176192,0.8472315767977655,0.06828921089980068,0.08447921230243376
interictal_038,interictal,222,228,,23,EEG T4,True,10.047822837370934,3.0646808875960905,0.11787691305763595,0.42278825843436085,2.6644258328153287,0.9489836048638475,0.18728519445350775,0.16655075318332108,0.6461640523631711
interictal_038,interictal,222,228,,24,EEG T6,True,9.60300655326063,3.36311950613867,0.13318137414522957,0.4804719406212145,2.5416117765581308,0.9213073922000388,0.1864117853889025,0.13236753953020386,0.6812206750808937
interictal_038,interictal,222,228,,25,EEG Fc2,True,6.025390083746569,2.7345164692542743,0.17844350374470858,0.5976357412887553,1.9727413200968875,0.920966075802413,0.3201511395444916,0.2028211717024841,0.47702768875302437
interictal_038,interictal,222,228,,26,EEG Fc6,True,9.694640480819436,2.660326223115458,0.14360143275805926,0.3821844590737184,3.4277966724669553,0.8835094355243048,0.4542689397283947,0.1512978770055052,0.3944331832661001
interictal_038,interictal,222,228,,27,EEG Cp2,True,3.2832771591693386,1.0280821176133124,0.1126668837512211,0.4028113023543273,3.4620427207932325,0.9324544903724227,0.2633413407600556,0.23539476014969507,0.5012638990902493
interictal_038,interictal,222,228,,28,EEG Cp6,True,7.282088057973124,1.3865299607011967,0.0674047541517421,0.2451995490077281,5.3186067133799675,0.9368239761506046,0.2891004652846017,0.22265461833403255,0.48824491638136575
interictal_038,interictal,222,228,,29,EEG F10,True,18.06404592135238,4.4306417749885805,0.1383914034516444,0.3003598761555042,4.2910268965458584,0.8198013543193539,0.5784423573640219,0.1647528423667308,0.2568048002692472
interictal_039,interictal,228,234,,1,EEG Fp1,True,36.496663337300284,3.8856385498099657,0.03028329534353631,0.13732881222263882,7.854789811120379,0.658625040545109,0.8548864541847692,0.058801172732646734,0.08631237308258399
interictal_039,interictal,228,234,,2,EEG F3,True,14.45736975052844,2.1043458249413214,0.07228915662650602,0.190598790885642,6.46044858952109,0.8515755280920844,0.5759191702676327,0.08293530597925561,0.34114552375311175
interictal_039,interictal,228,234,,3,EEG C3,True,4.017820481579681,1.3077077243869981,0.13676326929338978,0.4121256618272853,3.265151468247473,0.8664562953846191,0.43492930712001987,0.1911197504171872,0.37395094246279287
interictal_039,interictal,228,234,,4,EEG P3,True,5.136831519538836,1.0974839971696113,0.09182676652556171,0.27635408379941906,4.923149015297661,0.8475663227570592,0.47555216699953057,0.13533391133801398,0.38911392166245545
interictal_039,interictal,228,234,,5,EEG O1,True,9.43812115185498,2.3468583223119963,0.10094431781178768,0.3134117503940498,4.336547892441388,0.9019184519712302,0.4118632918631245,0.1721760276684151,0.4159606804684604
interictal_039,interictal,228,234,,6,EEG F7,True,25.74419080441071,2.0506969853778108,0.0348420709866493,0.10485538307720901,11.85689961565457,0.7244428923188241,0.7886758274247603,0.10271825092085131,0.1086059216543884
interictal_039,interictal,228,234,,7,EEG T3,True,8.107688980358033,1.697357385848626,0.10322370563334418,0.2659598523225566,4.959214938147544,0.9158839761010004,0.39647087645992396,0.19086292423287346,0.4126661993072027
interictal_039,interictal,228,234,,8,EEG T5,True,6.622606279200312,1.8007751472106754,0.11787691305763595,0.3484330080243808,3.7896033895579606,0.9283871288780129,0.2374824458165506,0.15756257184581005,0.6049549823376394
interictal_039,interictal,228,234,,9,EEG Fc1,True,5.226012954093029,1.186041112226431,0.09019863236730706,0.2903555853357566,4.492520031247527,0.9010310306396652,0.3778781355984146,0.10771204892790372,0.5144098154736817
interictal_039,interictal,228,234,,10,EEG Fc5,True,10.046204563341002,1.6124667855501207,0.06447411266688376,0.21129990895093048,6.569734640555926,0.8920990809181394,0.46689072603993764,0.15383847758682054,0.37927079637324185
interictal_039,interictal,228,234,,11,EEG Cp1,True,3.977543080788931,0.9915719346546824,0.09182676652556171,0.3253209133629209,4.319438756684773,0.8525321813950916,0.43345691632601524,0.17107297375939798,0.39547010991458675
interictal_039,interictal,228,234,,12,EEG Cp5,True,4.640168973019777,1.1082856699052779,0.08498860306089222,0.30505605576503275,4.443248383892307,0.8817271392298417,0.4303977615265969,0.19277207091213228,0.37683016756127075
interictal_039,interictal,228,234,,13,EEG F9,True,11.895252031210628,3.5333148839879147,0.14620644741126668,0.36901490222942385,3.51013576357477,0.8626894327141457,0.5470505672463507,0.17838661532132447,0.2745628174323248
interictal_039,interictal,228,234,,14,EEG Fz,True,11.284789870848352,1.3104025444867153,0.058612829697167045,0.1482432000840393,8.588290197381657,0.7534634199786785,0.7403242966447122,0.06841544133102988,0.1912602620242579
interictal_039,interictal,228,234,,15,EEG Cz,True,3.6569362191757064,1.2030029659332242,0.12341256919570173,0.421636628566146,3.1359750267658533,0.8953380559495053,0.2151027540037413,0.0933976201077263,0.6914996258885324
interictal_039,interictal,228,234,,16,EEG Pz,True,3.853816495118917,1.0029270669285513,0.11690003256268316,0.33624231233605195,4.105140914776373,0.8590182019603089,0.42919703497411055,0.20739247829657395,0.3634104867293154
interictal_039,interictal,228,234,,17,EEG Fp2,True,33.35260235958989,2.6983402841410964,0.03874959296646044,0.10387070830832275,10.951617070653644,0.6163613240228607,0.8962090041136928,0.05212331715120834,0.05166767873509892
interictal_039,interictal,228,234,,18,EEG F4,True,12.567172872694044,2.8958846115494112,0.11071312276131554,0.3177731569440761,3.8691556951525468,0.8610411417091826,0.5298929977772188,0.1102094406948733,0.359897561527908
interictal_039,interictal,228,234,,19,EEG C4,True,7.40621030834451,1.7173539686387929,0.10843373493975904,0.29700210281483025,4.21355097989089,0.9246847490740538,0.3117644730707695,0.22908151583437147,0.45915401109485904
interictal_039,interictal,228,234,,20,EEG P4,True,5.2923816718835734,1.3300489474573214,0.10126994464343862,0.3222089341073001,4.070411276856072,0.9201826641105197,0.24589988798343101,0.2243441105194881,0.5297560014970808
interictal_039,interictal,228,234,,21,EEG O2,True,9.059006835535236,2.2412561384373983,0.10289807880169326,0.31914155886522705,4.401004603277902,0.9157554263719665,0.26935338075130316,0.21068584520849715,0.5199607740401996
interictal_039,interictal,228,234,,22,EEG F8,True,33.13554790641772,2.649343784594771,0.052425919895799415,0.10206067218624182,11.856871057797814,0.6566363596093665,0.8575249192109969,0.0753587829630614,0.06711629782594154
interictal_039,interictal,228,234,,23,EEG T4,True,11.460796089855215,2.9444437183398655,0.11657440573103224,0.35271231427534755,3.147915319986725,0.9351943405370391,0.27002752997876606,0.15138305351699544,0.5785894165042385
interictal_039,interictal,228,234,,24,EEG T6,True,11.3540273724211,3.5163769501778006,0.10843373493975904,0.4198751473848644,2.9270059925660767,0.908374593787825,0.18499831698914845,0.14226833426810484,0.6727333487427467
interictal_039,interictal,228,234,,25,EEG Fc2,True,5.77797456224601,2.697484819253986,0.17844350374470858,0.6136725339472691,1.922407960354656,0.9090641196677028,0.2824566559866387,0.17335161266918914,0.544191731344172
interictal_039,interictal,228,234,,26,EEG Fc6,True,10.736277843034776,2.70321228844062,0.13253012048192772,0.34440721201291075,3.500923481256967,0.8668733887850824,0.5060973535324297,0.15506084778983503,0.3388417986777353
interictal_039,interictal,228,234,,27,EEG Cp2,True,3.727281681931609,0.9831693551433467,0.10094431781178768,0.34154070808809456,4.10876224206076,0.9418648860825392,0.2210881118769114,0.2610152533875869,0.5178966347355017
interictal_039,interictal,228,234,,28,EEG Cp6,True,7.176502343604,1.3688788252702553,0.0674047541517421,0.24407831702112845,5.366485426182911,0.9023613945780912,0.31230273909323814,0.23564450249888727,0.4520527584078746
interictal_039,interictal,228,234,,29,EEG F10,True,21.407707040185553,4.303305525946472,0.11559752523607945,0.2447483775023371,5.196965619849047,0.7545712953593017,0.7112348114685773,0.12056949666169868,0.16819569186972402
interictal_040,interictal,234,240,,1,EEG Fp1,True,38.03444891934436,3.732135823265557,0.05405405405405406,0.12878828365621875,8.51029765169127,0.6397373355620067,0.8540575470932549,0.05551448014605137,0.09042797276069378
interictal_040,interictal,234,240,,2,EEG F3,True,14.362552392516017,1.9858057085103527,0.06219472484532725,0.18053935648985722,6.8540622784100504,0.7871870154969771,0.6147740402184643,0.12170008304453875,0.26352587673699696
interictal_040,interictal,234,240,,3,EEG C3,True,4.798921394095767,1.3036462789821612,0.10810810810810811,0.34668702556764935,3.848209368855747,0.8865909164109002,0.4671767468465576,0.14144339515921922,0.39137985799422326
interictal_040,interictal,234,240,,4,EEG P3,True,4.923850293152488,1.130464830185591,0.08661673721914685,0.299346014317048,4.448974068219293,0.9273985310409988,0.3289232347247723,0.16141690006711087,0.5096598652081168
interictal_040,interictal,234,240,,5,EEG O1,True,8.913897821869199,2.278928821766562,0.11820253988928688,0.32720764508021755,4.0907973569794915,0.8941359714266003,0.4386056036719709,0.20347697720232966,0.3579174191256995
interictal_040,interictal,234,240,,6,EEG F7,True,24.969203218009934,2.0586556692432048,0.0325626831650928,0.10732249454025682,11.71887825999196,0.6907567020193517,0.7823885097057801,0.10255620244121622,0.11505528785300369
interictal_040,interictal,234,240,,7,EEG T3,True,8.966048615664121,1.7009002627274998,0.08336046890263758,0.24138309494532667,5.5089524097221085,0.875209341242297,0.4683312535407294,0.15850275314125098,0.37316599331801953
interictal_040,interictal,234,240,,8,EEG T5,True,7.425418546194747,1.82697249901651,0.10192119830674047,0.3143934132716412,4.078913814504535,0.8947441858092029,0.3847375806421579,0.07230600197275631,0.5429564173850858
interictal_040,interictal,234,240,,9,EEG Fc1,True,5.653145034232652,1.186346966938956,0.085965483555845,0.26937901566884426,4.788038515886802,0.8607125771868593,0.47792653856224687,0.10228875600805581,0.4197847054296973
interictal_040,interictal,234,240,,10,EEG Fc5,True,9.63223835609422,1.6469026219596203,0.09833930315858026,0.22445404666588709,6.254738428796076,0.7910749476379754,0.5864919033245755,0.1363887709537873,0.27711932572163717
interictal_040,interictal,234,240,,11,EEG Cp1,True,3.799471837835664,0.9989942485747265,0.1263432106805601,0.3483589379821407,3.988515009397842,0.8980327512347624,0.44840354021124684,0.18516480314909375,0.3664316566396594
interictal_040,interictal,234,240,,12,EEG Cp5,True,5.930894520736858,1.107629383112374,0.07489417127971344,0.24011573593510308,5.670648127568322,0.9112503108398013,0.4255488247127043,0.1123349877542063,0.4621161875330894
interictal_040,interictal,234,240,,13,EEG F9,True,13.513287269258754,3.4758593202139143,0.12797134483881473,0.3202931247810023,4.063952958398307,0.799744258659236,0.612232616261255,0.14895152306176293,0.23881586067698213
interictal_040,interictal,234,240,,14,EEG Fz,True,13.027199746052403,1.2816585932620954,0.05796157603386519,0.12710637897056845,10.231738579113653,0.7228663976747287,0.7272439425626707,0.09465050433606848,0.17810555310126092
interictal_040,interictal,234,240,,15,EEG Cz,True,4.9979056260913675,1.2266555587820083,0.09573428850537284,0.31802360500297994,4.137322800681612,0.9193460892951701,0.3269563037821268,0.09726787477956175,0.5757758214383115
interictal_040,interictal,234,240,,16,EEG Pz,True,4.462585547266458,1.0056958134512135,0.10420058612829697,0.29386078222990786,4.615772403435968,0.8636118188454377,0.5060672127584295,0.1973302251983986,0.29660256204317187
interictal_040,interictal,234,240,,17,EEG Fp2,True,35.18616663562698,2.6521110941447232,0.052100293064148484,0.0959706925076925,11.768326010545703,0.642412397120175,0.8593278909027218,0.05640351579595497,0.08426859330132339
interictal_040,interictal,234,240,,18,EEG F4,True,13.648899479001688,2.7078492017734033,0.08205796157603387,0.2755750877378429,4.421017402287365,0.8668817771291908,0.4675600105607037,0.11735024789936506,0.4150897415399313
interictal_040,interictal,234,240,,19,EEG C4,True,7.057742172447474,1.7426890067509575,0.09215239335721263,0.31703487316863416,3.966528728532598,0.9128925127421756,0.393270271259275,0.19567512191352182,0.41105460682720313
interictal_040,interictal,234,240,,20,EEG P4,True,6.499510219647317,1.3285048354364954,0.08531422989254314,0.2620317410395866,4.924525280091963,0.9295305155818552,0.2685951782550222,0.13855008947771322,0.5928547322672646
interictal_040,interictal,234,240,,21,EEG O2,True,8.512965607809301,2.099266411189798,0.09605991533702377,0.31893297288755584,4.315561244085518,0.9202711234984354,0.3276009953717217,0.14884923617067522,0.523549768457603
interictal_040,interictal,234,240,,22,EEG F8,True,33.32027366279068,2.6398547137169075,0.02311950504721589,0.10172001963645712,11.919200978820886,0.6935373208969917,0.7956530982960862,0.09558765291130447,0.10875924879260937
interictal_040,interictal,234,240,,23,EEG T4,True,11.981257188626929,2.9817211899473484,0.09215239335721263,0.3518509628435253,3.048203303018224,0.942694979567463,0.19271302061808396,0.15101581214533447,0.6562711672365815
interictal_040,interictal,234,240,,24,EEG T6,True,10.726909973771056,3.367969194316958,0.1263432106805601,0.42300944552576786,2.9167751926122536,0.933097890317027,0.22200407417143767,0.12354198869604693,0.6544539371325154
interictal_040,interictal,234,240,,25,EEG Fc2,True,6.538273093460376,2.7038585564884485,0.16411592315206774,0.5431648480924504,2.1699358868181076,0.9161948492245285,0.3761443375804141,0.1535537080704073,0.4703019543491787
interictal_040,interictal,234,240,,26,EEG Fc6,True,11.28388126291388,2.604896653005101,0.07945294692282644,0.3161884704351257,3.803426250095676,0.9001713322192629,0.3851804543323222,0.14803705285076477,0.46678249281691314
interictal_040,interictal,234,240,,27,EEG Cp2,True,3.7166684980640405,0.9594875746055928,0.10680560078150439,0.34126712577316065,4.0762193203537445,0.9293624718419189,0.3272604984920005,0.2053389229260169,0.4674005785819825
interictal_040,interictal,234,240,,28,EEG Cp6,True,7.489923895607818,1.360550762428295,0.06219472484532725,0.23261169158786657,5.512246122080784,0.945318662870732,0.2584492988794521,0.1842256477064849,0.5573250534140629
interictal_040,interictal,234,240,,29,EEG F10,True,20.815334209466897,4.296425565430369,0.07456854444806252,0.251758599541772,5.073771334888112,0.8051013343576724,0.6014809805512703,0.16721232330434743,0.23130669614438223
interictal_041,interictal,2118,2124,,1,EEG Fp1,True,28.64111265457277,7.255943118850321,0.16183653533051123,0.32147154163597325,3.4932335733482924,0.7754255710736907,0.6831592912960254,0.06763206947970338,0.24920863922427122
interictal_041,interictal,2118,2124,,2,EEG F3,True,13.84617476920447,6.324477569186875,0.20449365027678282,0.5888136178637452,2.067591759728776,0.916786318243465,0.28367555621530127,0.050248238911600074,0.6660762048730986
interictal_041,interictal,2118,2124,,3,EEG C3,True,4.103420296044012,1.0136550628546763,0.11136437642461738,0.3186951804660682,4.224736238878389,0.8738853236175714,0.5263508670505516,0.11054977791937586,0.3630993550300726
interictal_041,interictal,2118,2124,,4,EEG P3,True,4.567529993795859,0.9194290695044685,0.08531422989254314,0.2599597971710471,5.243357574052424,0.8767970939682612,0.4486208854234746,0.17545729499367396,0.37592181958285137
interictal_041,interictal,2118,2124,,5,EEG O1,True,7.599584575872302,1.21074707380426,0.06577661999348747,0.20156851480811586,6.347697766405734,0.8865861785336757,0.47910990750278637,0.13222483014546038,0.38866526235175336
interictal_041,interictal,2118,2124,,6,EEG F7,True,16.862695786051233,3.222953236098281,0.09182676652556171,0.24383671569681048,4.556392193078141,0.7943041859344822,0.6500633498118721,0.08856461165018219,0.2613720385379456
interictal_041,interictal,2118,2124,,7,EEG T3,True,5.105400404169749,1.9996786878139126,0.1556496255291436,0.5267312305713407,2.458100871482788,0.9329482897725323,0.35619309768482627,0.15783144276399946,0.48597545955117427
interictal_041,interictal,2118,2124,,8,EEG T5,True,5.637446832253148,1.6753666068972686,0.1103874959296646,0.4592529939380347,2.692482369805454,0.9171211900968403,0.3730993368795117,0.14011764216799752,0.48678302095249076
interictal_041,interictal,2118,2124,,9,EEG Fc1,True,4.409270510410538,1.1107121962295772,0.10289807880169326,0.31995345428071337,3.9828248859960507,0.8679074223809461,0.5061183037344702,0.09325123108896015,0.4006304651765697
interictal_041,interictal,2118,2124,,10,EEG Fc5,True,6.180005915017996,2.4870563175287916,0.17974601107131227,0.5356712325765317,2.5752346789188842,0.8729861617478974,0.5028624159459799,0.15686684900282657,0.34027073505119354
interictal_041,interictal,2118,2124,,11,EEG Cp1,True,3.9490535071880637,0.8204899016930233,0.09084988603060892,0.2708420060250508,5.237292584223777,0.8985553980581517,0.3893861301141847,0.1963915746029415,0.41422229528287385
interictal_041,interictal,2118,2124,,12,EEG Cp5,True,4.322241401180919,1.0485810407296356,0.08726799088244871,0.3165519791131302,4.281268918684103,0.8727120379237374,0.5101906177736012,0.1033262044429639,0.3864831777834349
interictal_041,interictal,2118,2124,,13,EEG F9,True,6.246285215734593,1.6958786632679228,0.1263432106805601,0.3513802446484455,3.6195238607731213,0.8723919472645514,0.44613306484362425,0.2202456887475776,0.33362124640879814
interictal_041,interictal,2118,2124,,14,EEG Fz,True,9.10962625825515,1.262579183768686,0.06773038098339303,0.1765319800919588,7.262850695905035,0.7801723436324135,0.7135576846356418,0.08774790062843969,0.19869441473591842
interictal_041,interictal,2118,2124,,15,EEG Cz,True,4.472800566476878,0.9836379734748115,0.08368609573428851,0.2796400936295484,4.589556497659804,0.8747507307882234,0.3290611060413612,0.09930564470831199,0.5716332492503269
interictal_041,interictal,2118,2124,,16,EEG Pz,True,4.896596389761197,0.8406648795233159,0.08205796157603387,0.2228413578942732,6.245205775646892,0.8635646172747816,0.4941420669227343,0.2192760470202003,0.28658188605706536
interictal_041,interictal,2118,2124,,17,EEG Fp2,True,23.25334546141838,2.931190503200604,0.06479973949853468,0.16537235512750684,6.854511222756479,0.6988570919056196,0.8005936233917805,0.04418729201145343,0.15521908459676617
interictal_041,interictal,2118,2124,,18,EEG F4,True,9.112923493915853,2.9323023708577862,0.13513513513513514,0.42755926769682284,2.9455861966569903,0.9013529365180928,0.3354353503897428,0.08404191078036075,0.5805227388298965
interictal_041,interictal,2118,2124,,19,EEG C4,True,4.280121262610375,1.2964323862805114,0.12145880820579616,0.3906646144163868,3.3957646224580293,0.9274244918065365,0.3453442318674308,0.17462665148753032,0.48002911664503883
interictal_041,interictal,2118,2124,,20,EEG P4,True,4.816581243470153,1.231305734864499,0.1185281667209378,0.33744249875732946,3.979098538064796,0.9088698559616666,0.42093578314197516,0.1925690107435007,0.3864952061145242
interictal_041,interictal,2118,2124,,21,EEG O2,True,7.2277817269351115,1.362789461514878,0.085965483555845,0.23851112246217038,5.43547217029421,0.8693932167650965,0.5130271443757239,0.16835836043571992,0.31861449518855606
interictal_041,interictal,2118,2124,,22,EEG F8,True,14.021101443708961,2.1751955497759683,0.07000976880494952,0.20138980848888563,6.354923158656617,0.7756973245419589,0.5674457556261583,0.16690761104358692,0.26564663333025484
interictal_041,interictal,2118,2124,,23,EEG T4,True,8.949537573378512,3.4289051902016836,0.14718332790621946,0.5125440689662348,2.2862109468370466,0.923469421850334,0.16005117768234695,0.06966247250335177,0.7702863498143013
interictal_041,interictal,2118,2124,,24,EEG T6,True,7.818711338540124,2.922970308366277,0.15076522305437967,0.5002747705704448,2.5505691748454846,0.9433092199513613,0.24947930949720282,0.1487632322930443,0.6017574582097529
interictal_041,interictal,2118,2124,,25,EEG Fc2,True,4.93585141945335,1.3990692326568963,0.11169000325626832,0.36434989259924333,3.4129920325400303,0.9042309849674239,0.35916293134508387,0.17825168670785765,0.46258538194705834
interictal_041,interictal,2118,2124,,26,EEG Fc6,True,6.9826366067964765,2.339155126105427,0.12797134483881473,0.4701613316237648,2.670248202072013,0.9275728455265211,0.28133054434930865,0.15783870789863366,0.5608307477520577
interictal_041,interictal,2118,2124,,27,EEG Cp2,True,3.9256496968375294,0.8369856994380542,0.08205796157603387,0.278344670993297,5.062935305270183,0.8709529764791626,0.4399018217642581,0.2470105191615286,0.31308765907421326
interictal_041,interictal,2118,2124,,28,EEG Cp6,True,5.022117114385443,1.6157136976755049,0.12829697167046564,0.4251120861743339,3.1218910563032463,0.9347954992706282,0.3314589312483272,0.1222543110690384,0.5462867576826343
interictal_041,interictal,2118,2124,,29,EEG F10,True,13.448298724009963,2.643102187050007,0.07033539563660046,0.2775975009746248,5.012968039778588,0.8578191158722168,0.47347605686946137,0.2211096861451048,0.3054142569854339
interictal_042,interictal,2124,2130,,1,EEG Fp1,True,30.84488890646901,7.013529516041662,0.1383914034516444,0.2894659290160253,3.9168699045693405,0.7897667976491982,0.6342971794159545,0.06130117568968546,0.30440164489436006
interictal_042,interictal,2124,2130,,2,EEG F3,True,15.396147459107338,6.601487718519208,0.1895148160208401,0.5555984121118285,2.1833557991296395,0.9108148884929615,0.23846822303845752,0.03494639800851235,0.72658537895303
interictal_042,interictal,2124,2130,,3,EEG C3,True,3.3795882202112852,1.0760040043074723,0.12959947899706936,0.40804659945365757,3.350450912054414,0.8959589891519437,0.3814813244924304,0.1567482416347781,0.4617704338727914
interictal_042,interictal,2124,2130,,4,EEG P3,True,4.429487849030615,0.9777805875818286,0.09605991533702377,0.28404763867917127,4.746210725320475,0.9323577433444411,0.33516329418136076,0.17613574865749573,0.48870095716114353
interictal_042,interictal,2124,2130,,5,EEG O1,True,8.44385223028297,1.3006139270261003,0.0742429176164116,0.19583688718664907,6.513491776908926,0.9090491134081948,0.3827004657409615,0.19300864700096626,0.4242908872580722
interictal_042,interictal,2124,2130,,6,EEG F7,True,17.083129304856932,3.5157067884373148,0.07359166395310973,0.26696273025605355,4.035260031105654,0.8929993219495347,0.4193680834684657,0.11325792672075116,0.46737398981078326
interictal_042,interictal,2124,2130,,7,EEG T3,True,5.361136238312027,2.1141274616756727,0.1510908498860306,0.5198340336132173,2.4767487516606463,0.9056385886640315,0.32835622366006706,0.14388737998593226,0.5277563963540007
interictal_042,interictal,2124,2130,,8,EEG T5,True,6.175936783932474,1.8674182458052666,0.11950504721589059,0.46094830347667176,2.6821684858484667,0.8922297187303415,0.42014807175076685,0.1960302222809416,0.38382170596829157
interictal_042,interictal,2124,2130,,9,EEG Fc1,True,4.972211648017714,1.1846189509649885,0.08954737870400521,0.3038990090259717,4.191919534082057,0.8889529626488242,0.3476164803365139,0.0772211281603036,0.5751623915031825
interictal_042,interictal,2124,2130,,10,EEG Fc5,True,6.299397403194319,2.612359317736588,0.17160534028003907,0.5449594418985707,2.5274626960472184,0.9362140132535527,0.3349134866080879,0.12302652135950577,0.5420599920324063
interictal_042,interictal,2124,2130,,11,EEG Cp1,True,3.1574946742256937,0.8553966071830549,0.10354933246499512,0.354636185691294,4.0401348771087005,0.911999037989519,0.3718979689372627,0.20493737562991418,0.4231646554328231
interictal_042,interictal,2124,2130,,12,EEG Cp5,True,4.792907085560553,1.1232010616879013,0.08433734939759036,0.3010661110136638,4.414100578727181,0.9017655563342954,0.33548103953962,0.17347434328304628,0.49104461717733383
interictal_042,interictal,2124,2130,,13,EEG F9,True,7.322597857969762,1.8670522517462618,0.09573428850537284,0.3293309764824941,3.8186250167119815,0.8614246498490943,0.5059213263349617,0.1652667430299352,0.328811930635103
interictal_042,interictal,2124,2130,,14,EEG Fz,True,10.985570841009643,1.3183498091924448,0.05796157603386519,0.15199868445384648,8.336449515284738,0.8104956288572209,0.5943861967599987,0.08128047048182854,0.32433333275817283
interictal_042,interictal,2124,2130,,15,EEG Cz,True,3.8271268897913773,1.0028455623169847,0.10517746662324975,0.33907159832470846,3.814641616215652,0.9108433702428137,0.22623538031769647,0.12443874972099683,0.6493258699613067
interictal_042,interictal,2124,2130,,16,EEG Pz,True,4.454120752877577,0.8848117398716644,0.07619667860631717,0.2588723591492988,5.48812084700147,0.912617770777345,0.354545445836598,0.21916573396618738,0.4262888201972145
interictal_042,interictal,2124,2130,,17,EEG Fp2,True,27.792160327688023,3.000534693084154,0.08042982741777922,0.13970904013611038,7.982703754659719,0.6686269507024731,0.8426388756059449,0.06135066397549393,0.09601046041856133
interictal_042,interictal,2124,2130,,18,EEG F4,True,9.708027331501356,2.9468763163872804,0.1439270595897102,0.40690138983851687,3.0925458997998154,0.8909147617789971,0.4122964371491662,0.13616840071364553,0.45153516213718825
interictal_042,interictal,2124,2130,,19,EEG C4,True,4.311628282795605,1.2860385277510693,0.11950504721589059,0.38273329646993276,3.4595289821053834,0.9178562346125891,0.35287500263363775,0.15360443344501265,0.49352056392134974
interictal_042,interictal,2124,2130,,20,EEG P4,True,5.329891056978878,1.26095773027333,0.10875936177140996,0.3142542840980253,4.312964659401437,0.9472933156151755,0.2557745607067565,0.15542812915785606,0.5887973101353875
interictal_042,interictal,2124,2130,,21,EEG O2,True,7.4300114021900265,1.4701412624450485,0.07815043959622273,0.25202196614430783,5.196724921712743,0.8932488225284095,0.47659481254429953,0.14820129238693538,0.375203895068765
interictal_042,interictal,2124,2130,,22,EEG F8,True,15.87402349104852,2.278121384703109,0.057635949202214265,0.18991122100806362,6.572192666279433,0.7362698435706237,0.7791933733689208,0.08728323559928354,0.13352339103179556
interictal_042,interictal,2124,2130,,23,EEG T4,True,8.322442582041186,3.511643331208421,0.16737219146857701,0.57051000300407,2.0473859715237306,0.9151046119387712,0.26456685052324164,0.09536476542328516,0.6400683840534733
interictal_042,interictal,2124,2130,,24,EEG T6,True,8.173228403320467,2.9862830543534593,0.14164767176815368,0.4892367361655902,2.623419322677094,0.9184865095927987,0.2968326099370361,0.18341750911563376,0.5197498809473301
interictal_042,interictal,2124,2130,,25,EEG Fc2,True,5.855817660868079,1.4384358370975459,0.09801367632692934,0.31299764569271216,3.9349646125896656,0.9254367785221682,0.298274430556252,0.15933784058817949,0.5423877288555685
interictal_042,interictal,2124,2130,,26,EEG Fc6,True,6.924491319445351,2.39647959838463,0.12504070335395637,0.48179745501825466,2.5729832951171625,0.8785396899095865,0.45522146016818593,0.12398164287148175,0.4207968969603323
interictal_042,interictal,2124,2130,,27,EEG Cp2,True,3.1244832059326444,0.8645222050854487,0.09899055682188213,0.36038424189509327,3.9911126824529197,0.9288056959484674,0.30128357163113323,0.17986092209670607,0.5188555062721606
interictal_042,interictal,2124,2130,,28,EEG Cp6,True,5.416572882363636,1.6926257389105668,0.11364376424617388,0.41595339369849615,3.198445812281875,0.9303350401706599,0.333981825244696,0.1706428741990652,0.49537530055623874
interictal_042,interictal,2124,2130,,29,EEG F10,True,11.715719369423773,2.6939763227185782,0.08498860306089222,0.32139255535745576,4.296273499859389,0.8148514132807402,0.5915937211358611,0.1420029847694923,0.2664032940946467
interictal_043,interictal,2130,2136,,1,EEG Fp1,True,29.111305768450805,7.364271761547325,0.13513513513513514,0.32207995952402946,3.4701391047616807,0.8738715774344422,0.37312893489617255,0.07444699753861582,0.5524240675652117
interictal_043,interictal,2130,2136,,2,EEG F3,True,15.838736051729907,6.752756620374364,0.1940735916639531,0.5546180279583931,2.136806302052039,0.903912467195167,0.10646776985370879,0.06034351181545078,0.8331887183308405
interictal_043,interictal,2130,2136,,3,EEG C3,True,4.788238557791103,1.1091507754301524,0.08042982741777922,0.29635665066668865,4.59412936762009,0.8872424200217297,0.4123776642361144,0.19219277889997324,0.3954295568639124
interictal_043,interictal,2130,2136,,4,EEG P3,True,5.0293919127627555,1.0065253673982426,0.07717355910126994,0.2587375576910084,5.336128720761906,0.9160695950766184,0.3522217994968414,0.2644309298498678,0.3833472706532908
interictal_043,interictal,2130,2136,,5,EEG O1,True,6.805321263665154,1.2978976756339635,0.07228915662650602,0.24424849631928386,5.259022587044349,0.8550029054596444,0.48886642307317474,0.2237335115926161,0.28740006533420914
interictal_043,interictal,2130,2136,,6,EEG F7,True,18.268311509675694,3.4126576399627666,0.08629111038749593,0.24204749947961493,4.442280411865557,0.907506632270525,0.3841671292712095,0.17209640230788353,0.44373646842090697
interictal_043,interictal,2130,2136,,7,EEG T3,True,6.119231323378092,2.1700529390920313,0.12699446434386194,0.4702922799387283,2.7323459573507707,0.9381653769069517,0.28893144736630627,0.26679777035419366,0.44427078227950006
interictal_043,interictal,2130,2136,,8,EEG T5,True,5.598345756194498,1.900679357580659,0.12015630087919245,0.5092179330858846,2.4353621745687977,0.9322468657215557,0.2704775622544345,0.2010767068331028,0.5284457309124627
interictal_043,interictal,2130,2136,,9,EEG Fc1,True,5.641198776234055,1.1928739291602013,0.10322370563334418,0.2739746751635756,4.629040516479031,0.8955919613723158,0.29043926291729305,0.11412675504985324,0.5954339820328536
interictal_043,interictal,2130,2136,,10,EEG Fc5,True,6.630708440090156,2.5578009339834984,0.1647671768153696,0.5134734742164269,2.6836877629582054,0.8868916094753845,0.41634183161656535,0.19039776629192243,0.39326040209151214
interictal_043,interictal,2130,2136,,11,EEG Cp1,True,4.509169380527568,0.912521153394563,0.07163790296320417,0.26228325351290843,5.454469236314066,0.8904600192619304,0.3491833597131287,0.3531733904003817,0.2976432498864895
interictal_043,interictal,2130,2136,,12,EEG Cp5,True,5.1542971468626675,1.1432199737805753,0.08889612504070335,0.28665975772834257,4.72625866450181,0.9053469383373011,0.37462012272926937,0.1976793828615945,0.42770049440913616
interictal_043,interictal,2130,2136,,13,EEG F9,True,8.640851092216067,1.8733100187030027,0.07717355910126994,0.2810619869552772,4.442597090249483,0.8886943436031066,0.4447579979627665,0.28909521130614535,0.2661467907310881
interictal_043,interictal,2130,2136,,14,EEG Fz,True,8.462532829520324,1.3219719686939577,0.0778248127645718,0.19953559286082223,6.352636294097333,0.8416601325139568,0.5089973173440512,0.11543656118210896,0.3755661214738397
interictal_043,interictal,2130,2136,,15,EEG Cz,True,3.8275119957836483,1.0258917887174097,0.10647997394985347,0.34638110632162067,3.824861898710353,0.8976337437950668,0.3480024426510135,0.10856331958692576,0.5434342377620608
interictal_043,interictal,2130,2136,,16,EEG Pz,True,4.654785950299858,0.9227598610925906,0.057635949202214265,0.25884160443876286,5.472945931001263,0.9093447958127308,0.36076884838685613,0.27201375639706427,0.3672173952160797
interictal_043,interictal,2130,2136,,17,EEG Fp2,True,23.27271476917869,3.191973339150177,0.07033539563660046,0.174782229913481,6.396430860434614,0.7978999665753093,0.6192997314918118,0.10269620914430579,0.2780040593638823
interictal_043,interictal,2130,2136,,18,EEG F4,True,9.093790380570786,3.1161063271881067,0.16248778899381308,0.45799448470748333,2.768387876784359,0.9028554563118121,0.4183082327803787,0.10346404135738581,0.47822772586223544
interictal_043,interictal,2130,2136,,19,EEG C4,True,3.6352270071829,1.3090908931953762,0.1439270595897102,0.4677485743108113,2.845783885353769,0.9029636828107956,0.37596381737001083,0.18251524243834727,0.44152094019164184
interictal_043,interictal,2130,2136,,20,EEG P4,True,5.298081437307612,1.2318841374649316,0.08857049820905243,0.30653725398375264,4.41546015140416,0.8808885556102525,0.3933416606025304,0.21886778725744943,0.38779055214002023
interictal_043,interictal,2130,2136,,21,EEG O2,True,7.26638766197713,1.4254230105951642,0.08075545424943015,0.2516321311903473,5.116797409422549,0.8831260789968552,0.42830198769691114,0.18035279572780086,0.39134521657528815
interictal_043,interictal,2130,2136,,22,EEG F8,True,17.146789651573126,2.288326587972236,0.06642787365678932,0.17364567159114086,7.233724348275084,0.860311340569264,0.5572911994871719,0.18003406067980537,0.2626747398330227
interictal_043,interictal,2130,2136,,23,EEG T4,True,9.437924286627247,3.6640043442983834,0.1579290133507001,0.523279302648568,2.270178217288166,0.920019139317322,0.24898640722749102,0.10963049935724967,0.6413830934152593
interictal_043,interictal,2130,2136,,24,EEG T6,True,8.599410835296561,2.9183687930496065,0.1484858352328232,0.4528524419973389,2.8531272004422115,0.8775122998121422,0.4313363761189963,0.12125789277114393,0.4474057311098597
interictal_043,interictal,2130,2136,,25,EEG Fc2,True,6.217001206095851,1.4943398489234063,0.08368609573428851,0.30773468488681116,4.068056080786134,0.8954214358287967,0.32996342340191953,0.1397717517732727,0.5302648248248079
interictal_043,interictal,2130,2136,,26,EEG Fc6,True,7.530517876059177,2.4099908431240937,0.13187886681862585,0.45108979311349734,2.7694427077854575,0.9390177729497197,0.34200218379936903,0.21894910112748667,0.4390487150731444
interictal_043,interictal,2130,2136,,27,EEG Cp2,True,5.111529258036143,0.9519026700775522,0.04819277108433735,0.24050358932188645,5.921642755280033,0.9333151533515439,0.3175177926456215,0.23951207222627113,0.4429701351281075
interictal_043,interictal,2130,2136,,28,EEG Cp6,True,5.322944896123931,1.6248818918372954,0.1302507326603712,0.4078964955052466,3.309398837373879,0.8721567069297645,0.4809809134259643,0.20868947400662885,0.3103296125674069
interictal_043,interictal,2130,2136,,29,EEG F10,True,14.732197508490898,2.7159732152875384,0.06935851514164768,0.2541752385049962,5.391447208995453,0.872007802384206,0.4215431810031105,0.19146896530364307,0.3869878536932464
interictal_044,interictal,2136,2142,,1,EEG Fp1,True,36.816219813187686,7.512476323005876,0.09996743731683491,0.26036303843367015,4.260019618064452,0.7928285759064179,0.5640041712231777,0.051487550058767366,0.3845082787180549
interictal_044,interictal,2136,2142,,2,EEG F3,True,18.37257410098244,6.872267415121903,0.17355910126994464,0.4893261192515856,2.456308842552045,0.927637606930305,0.19338610872222411,0.08503443865632881,0.7215794526214472
interictal_044,interictal,2136,2142,,3,EEG C3,True,5.391131979765249,1.1301063148875397,0.090524259198958,0.2745424560190372,4.893370702611788,0.9246028599829286,0.33500171845669063,0.22142951971938957,0.4435687618239198
interictal_044,interictal,2136,2142,,4,EEG P3,True,6.358089216480367,1.0358362681686353,0.07684793226961902,0.21338345282880977,6.270678944679154,0.936319995861059,0.22464345398581995,0.2041595363267122,0.5711970096874678
interictal_044,interictal,2136,2142,,5,EEG O1,True,7.878847350215303,1.3176624092233948,0.07098664929990231,0.21360212479488627,5.828971045627563,0.9191276231314003,0.32002797859777304,0.20546011300752368,0.4745119083947033
interictal_044,interictal,2136,2142,,6,EEG F7,True,29.519321973549907,3.49000286592404,0.08401172256593943,0.1545023881692535,6.997945265316407,0.8724126893069885,0.4727001343120524,0.13330717440151463,0.393992691286433
interictal_044,interictal,2136,2142,,7,EEG T3,True,9.001878603961517,2.1664502176243983,0.13448388147183327,0.3189327752200457,4.043859452819416,0.9278486166595774,0.3495740924509201,0.18353986058308272,0.46688604696599706
interictal_044,interictal,2136,2142,,8,EEG T5,True,6.533655077789664,1.738945942236661,0.10550309345490068,0.39873681719379944,3.094086395989963,0.9193104471803473,0.29213471460018675,0.22242349482094587,0.4854417905788673
interictal_044,interictal,2136,2142,,9,EEG Fc1,True,5.725803477607418,1.2572264553579138,0.08857049820905243,0.28549663081499554,4.37894793127161,0.8979905307303372,0.30724817009757877,0.10435310815461463,0.5883987217478066
interictal_044,interictal,2136,2142,,10,EEG Fc5,True,10.762996159656339,2.6518082781524246,0.14099641810485183,0.3240793720690436,4.202678591149615,0.915664102557924,0.39480326646878916,0.12321991437206883,0.4819768191591419
interictal_044,interictal,2136,2142,,11,EEG Cp1,True,4.7063564212397635,0.91654842361376,0.08140670791273201,0.2587568085555657,5.497210867144583,0.9166093291921906,0.37658319346393293,0.174368659582947,0.4490481469531202
interictal_044,interictal,2136,2142,,12,EEG Cp5,True,7.111530627568834,1.1577562632861247,0.06317160534028005,0.2114891010430483,6.2594408348545905,0.9255451023700848,0.25750446625030043,0.19625521139880908,0.5462403223508906
interictal_044,interictal,2136,2142,,13,EEG F9,True,13.373478119610683,1.8792173769301184,0.10159557147508955,0.17999203030732788,6.903545348674586,0.852010577131153,0.5506272903928516,0.17467383858641417,0.27469887102073415
interictal_044,interictal,2136,2142,,14,EEG Fz,True,10.591369850721188,1.4145984970412901,0.06545099316183653,0.17144675098758455,7.174605146846473,0.780365237280781,0.631446466283725,0.09796063045746617,0.2705929032588089
interictal_044,interictal,2136,2142,,15,EEG Cz,True,4.8257477483586655,1.0525671160499137,0.08922175187235429,0.28794647579307836,4.52470676091706,0.8788606427443028,0.31189616791947206,0.07533361115315576,0.6127702209273722
interictal_044,interictal,2136,2142,,16,EEG Pz,True,5.693784049320994,0.9209732411896828,0.07261478345815696,0.2144116215638682,6.568927048661031,0.909332439017684,0.36943643383479363,0.23230679381147198,0.39825677235373425
interictal_044,interictal,2136,2142,,17,EEG Fp2,True,32.557141911827024,3.4408040256825894,0.03972647346141322,0.14209843772714534,7.787948309576419,0.658147702321125,0.8126292998749066,0.04861906708843401,0.13875163303665933
interictal_044,interictal,2136,2142,,18,EEG F4,True,17.18861383806452,3.460975854339654,0.10615434711820254,0.2953594680516704,4.036192034026717,0.8990360288572905,0.4008752561250737,0.11062252769943712,0.48850221617548906
interictal_044,interictal,2136,2142,,19,EEG C4,True,6.016765474504652,1.3834852899262098,0.11917942038423966,0.30429041854874284,4.3937518926195605,0.9096974575057644,0.37363629576189306,0.1525955242632945,0.47376817997481235
interictal_044,interictal,2136,2142,,20,EEG P4,True,6.174735496023618,1.278910056825397,0.10973624226636275,0.27575201920868553,4.855311832827353,0.934281360484014,0.2492019799952126,0.23574379528218878,0.5150542247225984
interictal_044,interictal,2136,2142,,21,EEG O2,True,7.8874391735344425,1.399789325856203,0.058938456528817976,0.2300139590288191,5.5557885437941135,0.9164663224917708,0.3218618838673255,0.1626716090790455,0.5154665070536292
interictal_044,interictal,2136,2142,,22,EEG F8,True,39.407274815651135,2.67363358695014,0.03386519049169651,0.09171209783320038,13.35307317801416,0.7563058097132911,0.729295744328839,0.0898164490254228,0.18088780664573811
interictal_044,interictal,2136,2142,,23,EEG T4,True,14.914716781853642,3.9924328890649834,0.11917942038423966,0.35751502196779306,3.324302450006598,0.9407468471681021,0.14706813175635566,0.09279282368296284,0.7601390445606816
interictal_044,interictal,2136,2142,,24,EEG T6,True,10.676826879243391,2.946152129136833,0.11364376424617388,0.373340847799423,3.4193183702209033,0.9424842589744866,0.19749918688568152,0.19793980834620384,0.6045610047681146
interictal_044,interictal,2136,2142,,25,EEG Fc2,True,7.621288269178333,1.5216240524345996,0.07228915662650602,0.2560787804467992,4.847931685816417,0.9039444729925327,0.288807686542176,0.20134017260534534,0.5098521408524787
interictal_044,interictal,2136,2142,,26,EEG Fc6,True,14.74400764805647,2.5826539778775532,0.09964181048518397,0.2454828946850255,5.110374959570605,0.9188085980376715,0.3728481222592151,0.18226527616430832,0.4448866015764766
interictal_044,interictal,2136,2142,,27,EEG Cp2,True,4.32001680946048,0.9219187436987262,0.09605991533702377,0.283487948563387,4.982261032482349,0.915903886431463,0.3726566446738642,0.18377312927058648,0.44357022605554935
interictal_044,interictal,2136,2142,,28,EEG Cp6,True,7.36977933785832,1.730993398017246,0.09345490068381634,0.31019381343298874,4.27217895044439,0.9343362993416958,0.28703590538797746,0.2096954543107269,0.5032686403012956
interictal_044,interictal,2136,2142,,29,EEG F10,True,27.79287207953364,2.7884760318608213,0.04428524910452621,0.1399824865039578,9.73404257845837,0.9034095739192093,0.4285802474603278,0.22058187516555072,0.3508378773741214
interictal_045,interictal,2142,2148,,1,EEG Fp1,True,79.7389774045267,7.065996569449934,0.05665906870726148,0.11374820041511824,9.757951529309516,0.7632261615828664,0.6870650825312586,0.06888870567152347,0.24404621179721778
interictal_045,interictal,2142,2148,,2,EEG F3,True,41.712471600128374,6.306448756985505,0.057310322370563334,0.19935840301437185,6.0781364276791034,0.9021985536116283,0.29323354961527176,0.06120972751650652,0.6455567228682217
interictal_045,interictal,2142,2148,,3,EEG C3,True,14.977735271460933,1.1040386036945293,0.019211983067404754,0.09632880348830618,13.69107344098778,0.8749499566672726,0.37541289005800194,0.12083629710067327,0.503750812841325
interictal_045,interictal,2142,2148,,4,EEG P3,True,4.8844909130091905,0.921260324718907,0.07456854444806252,0.259632876574015,5.169986201566509,0.9006636822694896,0.2942727497348293,0.1531018661057789,0.5526253841593918
interictal_045,interictal,2142,2148,,5,EEG O1,True,11.589947483987746,1.2448194897676905,0.06870726147834581,0.1400102045436219,8.949231578194766,0.899728250113021,0.37157845057009936,0.12290853732551182,0.5055130121043888
interictal_045,interictal,2142,2148,,6,EEG F7,True,96.90199014936844,3.447548331278636,0.0185607294041029,0.04616703950948587,22.941617310927782,0.7201991912388849,0.7695266938820297,0.10904890211372172,0.12142440400424852
interictal_045,interictal,2142,2148,,7,EEG T3,True,26.58326829547078,2.2372611661833477,0.03647020514490394,0.11008779992940276,11.581250720584029,0.8867042429465587,0.45407334456849824,0.12598162235422705,0.4199450330772748
interictal_045,interictal,2142,2148,,8,EEG T5,True,9.214343034906895,1.8042624053990073,0.06447411266688376,0.2834158429552673,4.2566467789299205,0.9265626857154353,0.2193046931584984,0.14786464381992093,0.6328306630215805
interictal_045,interictal,2142,2148,,9,EEG Fc1,True,13.594736616624013,1.2066422963535615,0.04233148811462065,0.11588811279582141,10.764631265564327,0.905901374253137,0.2700051798170347,0.11520775103541141,0.6147870691475539
interictal_045,interictal,2142,2148,,10,EEG Fc5,True,31.740012129993872,2.7495891406770157,0.0371214588082058,0.11388697116797274,12.052203734589018,0.7933508329613314,0.6176169334714536,0.1226702169274112,0.2597128496011351
interictal_045,interictal,2142,2148,,11,EEG Cp1,True,3.1628445596292836,0.8100686595842342,0.10941061543471182,0.3621193750630657,3.8991726342046706,0.9263682081515782,0.2882969763128914,0.16503636294287918,0.5466666607442294
interictal_045,interictal,2142,2148,,12,EEG Cp5,True,9.281148357991247,1.201812986544638,0.0348420709866493,0.16784538503913485,7.699398045431342,0.9214432016412264,0.2357677742073069,0.16756243408685853,0.5966697917058346
interictal_045,interictal,2142,2148,,13,EEG F9,True,38.88333735692914,2.1513792637330975,0.02507326603712146,0.0722731066730514,16.637772229795097,0.8286935018667343,0.6111741999540732,0.1547970188441877,0.23402878120173914
interictal_045,interictal,2142,2148,,14,EEG Fz,True,18.60154291342574,1.3411828436982234,0.026050146532074242,0.09274711706054722,13.345425634842329,0.8682574961821558,0.5240672926087337,0.12267126921814522,0.35326143817312095
interictal_045,interictal,2142,2148,,15,EEG Cz,True,4.920234256488485,1.0066942738765725,0.07880169325952459,0.27518321939892026,4.564757499269931,0.9100368947951786,0.1386184963501801,0.1236004011877308,0.7377811024620891
interictal_045,interictal,2142,2148,,16,EEG Pz,True,4.713923866561281,0.8484718795885747,0.07294041028980788,0.2502082756112753,5.5952154568069545,0.8619553593245382,0.37166094880339584,0.23098187899608918,0.397357172200515
interictal_045,interictal,2142,2148,,17,EEG Fp2,True,30.957777742261158,3.853406225487088,0.05307717355910127,0.16628971552713456,6.6747364803411715,0.7462583937114303,0.7072195664129358,0.06702541776271512,0.225755015824349
interictal_045,interictal,2142,2148,,18,EEG F4,True,30.500061310057117,4.242878973061586,0.03744708563985672,0.18929359549768032,6.2518013565621615,0.943790251677929,0.18747922195727748,0.1264680930250429,0.6860526850176796
interictal_045,interictal,2142,2148,,19,EEG C4,True,16.530546448936548,1.479007312022107,0.023445131878866817,0.11528935289798072,11.172767959584515,0.9054543649836406,0.3795014442362876,0.20489718380649313,0.41560137195721925
interictal_045,interictal,2142,2148,,20,EEG P4,True,12.688707846300186,1.3760211564740097,0.03647020514490394,0.1426333885533889,9.112216162000072,0.889638988935787,0.37861708554558576,0.13249092313080052,0.4888919913236136
interictal_045,interictal,2142,2148,,21,EEG O2,True,14.59240087666296,1.4062872432821854,0.05177466623249756,0.1241753417731596,10.20865483698907,0.9075097435237944,0.3556252967426675,0.10936886182018135,0.5350058414371512
interictal_045,interictal,2142,2148,,22,EEG F8,True,102.0674929509973,3.0118927990777578,0.006186909801367633,0.038976444054847216,29.794136091758574,0.7718228501838867,0.6410589967244067,0.16904894219914052,0.18989206107645287
interictal_045,interictal,2142,2148,,23,EEG T4,True,36.564531474024314,3.9706420987053535,0.052425919895799415,0.14524846860013033,7.805851540880057,0.887378657695812,0.36646395155628064,0.08663434525554424,0.5469017031881752
interictal_045,interictal,2142,2148,,24,EEG T6,True,24.958788331438164,3.148646645762188,0.052100293064148484,0.1682092126427867,7.346300060366018,0.9042876526883802,0.344188529716952,0.15222997028011315,0.5035815000029349
interictal_045,interictal,2142,2148,,25,EEG Fc2,True,6.679921537397794,1.5049999487800634,0.08759361771409964,0.2890140630163183,4.175081998317611,0.9278681762438723,0.24662828985664234,0.18427579805577549,0.5690959120875823
interictal_045,interictal,2142,2148,,26,EEG Fc6,True,31.356074267176826,2.854168146083647,0.05079778573754477,0.12531551644414762,9.867160421448679,0.8642686116616393,0.45694595465202936,0.13809314083958285,0.4049609045083878
interictal_045,interictal,2142,2148,,27,EEG Cp2,True,5.822259009371227,0.9190348594153892,0.05014653207424292,0.2120256865076605,6.4650918191175215,0.9004969531522963,0.3687777332770015,0.19022042178758725,0.4410018449354112
interictal_045,interictal,2142,2148,,28,EEG Cp6,True,23.58188357578467,1.8642575101629388,0.02702702702702703,0.10218205755088544,12.42859348737084,0.8683568889040912,0.45336329962871275,0.1252616299349571,0.42137507043633016
interictal_045,interictal,2142,2148,,29,EEG F10,True,73.17710726488757,2.779689590433907,0.0162813415825464,0.05207673067091833,25.167844093090707,0.7136868736222319,0.6788813205647373,0.15647857555760353,0.16464010387765915
interictal_046,interictal,2148,2154,,1,EEG Fp1,True,35.10826083393026,8.05961167534447,0.09605991533702377,0.2960303350147681,3.7600846908686263,0.8084109649851008,0.6196570223590182,0.04634309624984122,0.3339998813911406
interictal_046,interictal,2148,2154,,2,EEG F3,True,17.596678272893524,7.422420988097454,0.16704656463692608,0.5527412909712314,2.207162511046874,0.9121896305737753,0.23710632939566395,0.05346877164250685,0.7094248989618293
interictal_046,interictal,2148,2154,,3,EEG C3,True,3.9594707445284634,1.1452455866017175,0.10159557147508955,0.37036922060731037,3.6842528503121743,0.9357251447842218,0.29087726684357557,0.14178865065546492,0.5673340825009595
interictal_046,interictal,2148,2154,,4,EEG P3,True,7.0610273066690175,1.060411786943202,0.03842396613480951,0.1926005619644817,7.078081755482243,0.9059973233920166,0.3188216325424523,0.1728685702604234,0.5083097971971242
interictal_046,interictal,2148,2154,,5,EEG O1,True,9.14354148142705,1.353136049676783,0.05958971019211983,0.1882082123427512,6.666167967815621,0.8843208581360941,0.4157783467198969,0.15692496346722762,0.4272966898128755
interictal_046,interictal,2148,2154,,6,EEG F7,True,17.289469026772856,3.611449817113945,0.0846629762292413,0.2675074481308944,4.0968911351735,0.8428835068302628,0.513721560640658,0.06452371929927282,0.4217547200600692
interictal_046,interictal,2148,2154,,7,EEG T3,True,5.725578712773392,2.2944524865971117,0.16313904265711496,0.5255417064108081,2.4459539338324876,0.941629841823466,0.27147550610383875,0.14393052274639256,0.5845939711497686
interictal_046,interictal,2148,2154,,8,EEG T5,True,6.711628457852186,1.6059318908766507,0.09247802018886356,0.3222387034145022,3.8466382577981473,0.9142057460660687,0.37923238410740007,0.12829840287219288,0.4924692130204071
interictal_046,interictal,2148,2154,,9,EEG Fc1,True,5.212263042063502,1.2245714219218626,0.08922175187235429,0.3001202801895017,4.359138915395555,0.92063932326848,0.2824911843075518,0.07832948878633897,0.6391793269061091
interictal_046,interictal,2148,2154,,10,EEG Fc5,True,7.063122872745074,2.682238715873905,0.14360143275805926,0.5060576861825408,2.7354577729123926,0.9141978633926319,0.3713235793524225,0.12153463872016575,0.5071417819274118
interictal_046,interictal,2148,2154,,11,EEG Cp1,True,4.624513126459068,0.9519304419998674,0.06610224682513839,0.2652246788947127,5.378250918890612,0.9290372214577773,0.22029782522512262,0.22151830529997224,0.5581838694749053
interictal_046,interictal,2148,2154,,12,EEG Cp5,True,5.285097869606821,1.1663766357249834,0.07815043959622273,0.28248657951294553,4.786297744342915,0.9279256173555509,0.34543094997784013,0.17559987736277582,0.4789691726593841
interictal_046,interictal,2148,2154,,13,EEG F9,True,7.03105982353005,2.1238073233016115,0.11592315206773038,0.3854560281117141,3.3332372470277516,0.8946288634802916,0.4337019891284111,0.19607047484438342,0.3702275360272054
interictal_046,interictal,2148,2154,,14,EEG Fz,True,10.93986673716957,1.4123969405465626,0.06707912732009118,0.16369208711443137,7.750901271054791,0.8311385219736324,0.6064856390415061,0.07116251505867635,0.32235184589981764
interictal_046,interictal,2148,2154,,15,EEG Cz,True,4.906194786958433,1.0091862674712477,0.08075545424943015,0.26573836415901875,5.183912065311064,0.8920636864902736,0.33790995869533563,0.06540750990037655,0.5966825314042877
interictal_046,interictal,2148,2154,,16,EEG Pz,True,5.197174703012378,0.9765822638413392,0.07749918593292088,0.24190016420930857,5.857117166771831,0.9083307383136878,0.36851885917443605,0.21345346783772726,0.4180276729878366
interictal_046,interictal,2148,2154,,17,EEG Fp2,True,33.044090202263526,3.6336935719770893,0.027352653858677956,0.1405936862693393,8.085110104680819,0.6775851641245298,0.8289621157473945,0.03000204832376336,0.14103583592884203
interictal_046,interictal,2148,2154,,18,EEG F4,True,10.887190134849988,3.836717403762773,0.14978834255942688,0.46973972911510026,2.7103503804405413,0.9178051996363906,0.3794248767685535,0.11468635320256276,0.5058887700288837
interictal_046,interictal,2148,2154,,19,EEG C4,True,4.63395660520936,1.4096676506320922,0.12601758384890915,0.3913704134413291,3.435356341443257,0.9050155504224972,0.35958595418342615,0.08577368192754427,0.5546403638890296
interictal_046,interictal,2148,2154,,20,EEG P4,True,4.8776753148179885,1.2858414476931432,0.10159557147508955,0.34390650901082126,3.9528544195568447,0.9195848563485157,0.2839766275083784,0.12545583735811033,0.5905675351335112
interictal_046,interictal,2148,2154,,21,EEG O2,True,8.262495006944475,1.3918379288814693,0.0638228590035819,0.21690221870329543,6.039820826614853,0.8882543405485365,0.43967615555835743,0.13696957334998736,0.4233542710916552
interictal_046,interictal,2148,2154,,22,EEG F8,True,14.659654716577766,2.6152558109889505,0.06642787365678932,0.23435772770524382,5.3530222328109325,0.8272583152926964,0.5628931146480661,0.12691946240569077,0.310187422946243
interictal_046,interictal,2148,2154,,23,EEG T4,True,9.344972891303943,3.771193082680764,0.15076522305437967,0.5359096516609851,2.21940628724109,0.9422069002570581,0.1747996618028065,0.1281722378004008,0.6970281003967926
interictal_046,interictal,2148,2154,,24,EEG T6,True,9.592580362025574,2.9135500228083857,0.11494627157277759,0.4041488463151722,3.1122071701350853,0.9111742869599148,0.2784643546647074,0.12908055417649258,0.5924550911587999
interictal_046,interictal,2148,2154,,25,EEG Fc2,True,4.983980664716113,1.4739512591387,0.12569195701725822,0.37567582641352054,3.4200512561746628,0.9001424904764889,0.4423670457824521,0.1169751416709503,0.44065781254659764
interictal_046,interictal,2148,2154,,26,EEG Fc6,True,7.098146492006005,2.6651325122955005,0.1475089547378704,0.5183837364833089,2.38090644870892,0.9261667811782714,0.3303083907445411,0.1304703473450828,0.5392212619103761
interictal_046,interictal,2148,2154,,27,EEG Cp2,True,4.9759861638844125,0.9444623656643156,0.06642787365678932,0.24592670511245437,5.861266298788691,0.9101693302556854,0.31394028826963855,0.16690508345330182,0.5191546282770596
interictal_046,interictal,2148,2154,,28,EEG Cp6,True,5.786369060465689,1.6692217305822568,0.10582872028655162,0.37818576852191554,3.4905521664709265,0.9357409190338392,0.27378672087849254,0.15669340081914102,0.5695198783023665
interictal_046,interictal,2148,2154,,29,EEG F10,True,11.331533783031732,2.604609788149406,0.07749918593292088,0.3182546045379012,4.348288722373431,0.9329550468307983,0.35690236093255984,0.18801073068559018,0.45508690838185006
interictal_047,interictal,2154,2160,,1,EEG Fp1,True,64.5407902708922,8.957870152018076,0.03451644415499837,0.19144301585003284,6.0234513221672845,0.7053056140208305,0.7380729423961585,0.06364294133524082,0.19828411626860065
interictal_047,interictal,2154,2160,,2,EEG F3,True,26.18563363439221,8.193740904510028,0.13220449365027678,0.49509180428470084,2.552237056567166,0.901797526896928,0.2907197400993016,0.06985473006553085,0.6394255298351675
interictal_047,interictal,2154,2160,,3,EEG C3,True,7.390312362203514,2.077805469903214,0.09801367632692934,0.5715713586352485,2.2527357720234376,0.8533342832779064,0.514999810074074,0.11157469518227375,0.3734254947436521
interictal_047,interictal,2154,2160,,4,EEG P3,True,8.282514511945445,1.5741970556251819,0.0801042005861283,0.2904578287955719,4.908521725678906,0.8311225856270819,0.4743072181045235,0.144085573409151,0.3816072084863256
interictal_047,interictal,2154,2160,,5,EEG O1,True,24.52763210539342,2.2189289178396963,0.058612829697167045,0.14460700640860333,8.732702836654408,0.8679959129810081,0.42076738314557366,0.1204755202858061,0.4587570965686202
interictal_047,interictal,2154,2160,,6,EEG F7,True,48.24907366457862,6.93323553408285,0.04493650276782807,0.29160099750057117,4.7353254522800095,0.8131416101880075,0.6403268679518279,0.08743641955391379,0.2722367124942583
interictal_047,interictal,2154,2160,,7,EEG T3,True,26.844373518634384,4.424916087835322,0.05600781504395962,0.3040380718501965,4.084183376508343,0.9302145391420845,0.37517980748260954,0.1415996521925914,0.48322054032479916
interictal_047,interictal,2154,2160,,8,EEG T5,True,10.802453564712533,2.3988841717034948,0.08336046890263758,0.3403102400192673,3.912776245917157,0.8140224762386538,0.48292970763628784,0.11791572228730164,0.3991545700764106
interictal_047,interictal,2154,2160,,9,EEG Fc1,True,8.730662709249003,1.9680997389236439,0.0755454249430153,0.39965233046741533,3.3057478883257856,0.8253110650644269,0.5494745609616827,0.09095454679033928,0.3595708922479781
interictal_047,interictal,2154,2160,,10,EEG Fc5,True,20.1347869995156,5.53903406541413,0.07912732009117551,0.6658446839218186,2.0382687136102993,0.87522278195327,0.5022830645113043,0.12344174759381175,0.37427518789488384
interictal_047,interictal,2154,2160,,11,EEG Cp1,True,6.345926153363167,1.393181518708555,0.09443178117876913,0.3344865655656488,4.295583021022947,0.9295591113229413,0.26835964808956125,0.18973501699583376,0.5419053349146051
interictal_047,interictal,2154,2160,,12,EEG Cp5,True,10.252882987549794,2.134719715635908,0.07294041028980788,0.4505876460974301,2.8769802235684536,0.8595130830495262,0.48426937271551607,0.1416401281346749,0.37409049914980913
interictal_047,interictal,2154,2160,,13,EEG F9,True,37.41575397456092,4.726685015913372,0.04135460761966786,0.24766724645965668,5.503135333502542,0.8306279326376599,0.594729523836473,0.1446291153822915,0.2606413607812353
interictal_047,interictal,2154,2160,,14,EEG Fz,True,24.01557445286582,2.222499188801243,0.05079778573754477,0.13705759733971457,9.802925970597,0.6640237521713314,0.7493808653818491,0.09182145344702215,0.15879768117112883
interictal_047,interictal,2154,2160,,15,EEG Cz,True,9.793431622563078,1.4672888675226503,0.0778248127645718,0.2258375293498385,6.334480568733011,0.8700942172896019,0.47578274242010393,0.17128654984068403,0.35293070773921215
interictal_047,interictal,2154,2160,,16,EEG Pz,True,5.892923729548968,1.3228719507938727,0.07652230543796809,0.3318634624952085,4.455779502674271,0.930301328670036,0.2702728887886922,0.21983537852702906,0.5098917326842789
interictal_047,interictal,2154,2160,,17,EEG Fp2,True,70.57263083430354,6.563571123605454,0.06121784435037447,0.14202914677454595,8.289703853151883,0.6497853645881839,0.8008175442548103,0.06677531699527768,0.1324071387499119
interictal_047,interictal,2154,2160,,18,EEG F4,True,36.40957084976557,7.156970342420026,0.07619667860631717,0.36107566878018116,3.512826367687939,0.8834364000658916,0.41580292728105844,0.09342975405571559,0.49076731866322604
interictal_047,interictal,2154,2160,,19,EEG C4,True,11.865614646885508,2.822890679960717,0.1103874959296646,0.46336492688097514,2.8265261128396677,0.8897516496584176,0.4417747232462156,0.14121380688086638,0.41701146987291804
interictal_047,interictal,2154,2160,,20,EEG P4,True,8.009774123896559,1.9467936098446215,0.10192119830674047,0.3944524552109657,3.5611432769871096,0.924598663748894,0.2993954300701725,0.19092770370000017,0.5096768662298273
interictal_047,interictal,2154,2160,,21,EEG O2,True,19.08075542104184,2.1191052166755946,0.05014653207424292,0.17069382415093104,7.974200874892264,0.8959310968437751,0.3957089194461345,0.17923146789613278,0.42505961265773273
interictal_047,interictal,2154,2160,,22,EEG F8,True,50.316795471566635,7.3089972684913596,0.03842396613480951,0.31636649401647704,4.5010166999024275,0.7086727358866703,0.7500143531456755,0.08173708720770263,0.16824855964662178
interictal_047,interictal,2154,2160,,23,EEG T4,True,21.876145745552602,8.138958974583417,0.13708889612504072,0.6941087047049017,1.9054572523852789,0.9267497254008141,0.26653201498530865,0.09174935920368911,0.6417186258110023
interictal_047,interictal,2154,2160,,24,EEG T6,True,18.13999820735029,4.511565863450451,0.10322370563334418,0.36438128860646424,3.6062522620892263,0.9070949181475504,0.35075984721637776,0.13087860348450678,0.5183615492991154
interictal_047,interictal,2154,2160,,25,EEG Fc2,True,17.455202129099764,2.5909518687308566,0.04884402474763921,0.2616951993911784,4.996262407590731,0.8483148130316971,0.5003442870636295,0.1265666600301026,0.37308905290626776
interictal_047,interictal,2154,2160,,26,EEG Fc6,True,25.056158163532718,6.781976055113546,0.09345490068381634,0.5823334962625575,2.452536902460816,0.8695754228191425,0.48044039969001284,0.10186771039468308,0.41769188991530404
interictal_047,interictal,2154,2160,,27,EEG Cp2,True,7.368446333225985,1.4395351391696307,0.0846629762292413,0.30074794301865054,4.754276770314828,0.8984578146343621,0.41365662036589423,0.22646648850536266,0.3598768911287432
interictal_047,interictal,2154,2160,,28,EEG Cp6,True,10.118709701101457,3.0804923519082865,0.11690003256268316,0.5168773027561075,2.65782429690149,0.8959069253653626,0.44540964308486697,0.1108820275743603,0.44370832934077276
interictal_047,interictal,2154,2160,,29,EEG F10,True,31.572249022863147,5.952050281437999,0.07261478345815696,0.33781051913864935,4.22844480661867,0.8084493020351855,0.6501750162427886,0.09267855372411073,0.25714643003310056
interictal_048,interictal,2160,2166,,1,EEG Fp1,True,57.85907987571768,6.2024693636931,0.07326603712145881,0.1416055306237898,7.8993899631096065,0.7258866031730861,0.768299132409247,0.06701089863762551,0.16468996895312757
interictal_048,interictal,2160,2166,,2,EEG F3,True,27.136858177916697,6.108754434147004,0.14881146206447413,0.3038310008823884,3.915580846655133,0.914758334895448,0.3039955516576144,0.05234904071112825,0.6436554076312575
interictal_048,interictal,2160,2166,,3,EEG C3,True,7.258068102034421,1.4788869646979415,0.09540866167372192,0.28128507363756305,4.945852429070471,0.9331922743588636,0.36488786108945787,0.13041370256097418,0.5046984363495679
interictal_048,interictal,2160,2166,,4,EEG P3,True,6.72720035331733,1.3826445993466696,0.08694236405079779,0.274315650817409,5.202365824249323,0.9134680801100897,0.3172844695910973,0.20544108516423742,0.47727444524466534
interictal_048,interictal,2160,2166,,5,EEG O1,True,23.350960729106916,2.3639158183333486,0.030608922175187236,0.13070892524541547,10.800701346213328,0.8487751435954574,0.5293251237869979,0.11526381036569122,0.3554110658473108
interictal_048,interictal,2160,2166,,6,EEG F7,True,50.096268996033636,4.6918698710086035,0.06121784435037447,0.13120306878434923,9.964366804328307,0.8418292717726915,0.557212651679749,0.12101348734961861,0.3217738609706324
interictal_048,interictal,2160,2166,,7,EEG T3,True,13.014890246475298,3.6930048498796864,0.14457831325301204,0.4186216013401336,3.1267293717647258,0.9422640459261608,0.23358139156070687,0.15341274157311785,0.6130058668661753
interictal_048,interictal,2160,2166,,8,EEG T5,True,7.17610862187041,2.41154370191141,0.14881146206447413,0.4430049059702982,3.1114072705841576,0.8913887036293485,0.40446947446255427,0.19693636596461564,0.3985941595728302
interictal_048,interictal,2160,2166,,9,EEG Fc1,True,9.44666371946383,1.4630624191862083,0.08954737870400521,0.21058311521660217,6.492403938798293,0.8903231173388234,0.4857626524955475,0.07769412228741097,0.4365432252170415
interictal_048,interictal,2160,2166,,10,EEG Fc5,True,17.123649060512935,3.5512628163624353,0.13969391077824814,0.2932870102103014,4.689916354558643,0.9237389199055801,0.32884461712345436,0.15089655335359767,0.5202588295229479
interictal_048,interictal,2160,2166,,11,EEG Cp1,True,4.562439382371738,1.1377729738766362,0.11983067404754151,0.33655048075734667,4.373792323352054,0.9220768862401555,0.34011194573314496,0.16670271666463277,0.4931853376022223
interictal_048,interictal,2160,2166,,12,EEG Cp5,True,6.158706849845654,1.673700324307254,0.10778248127645718,0.3650964591787977,3.847440418971367,0.9304448697135013,0.34165573312079917,0.2026960672119028,0.45564819966729797
interictal_048,interictal,2160,2166,,13,EEG F9,True,18.23812038811514,3.8770938718682526,0.12829697167046564,0.2861632234490269,4.816391444114984,0.9290025263662518,0.3197401367441837,0.23749820445106026,0.4427616588047561
interictal_048,interictal,2160,2166,,14,EEG Fz,True,13.307706670623084,1.7805108189380923,0.07456854444806252,0.1782559848476053,7.50766465467083,0.7423840672585384,0.7556000633440144,0.053203004072675676,0.19119693258330983
interictal_048,interictal,2160,2166,,15,EEG Cz,True,5.436584314655926,1.2857128301554308,0.08759361771409964,0.3124898161389307,4.52037805602513,0.9270683407188488,0.27785176680441936,0.16350865571486572,0.5586395774807148
interictal_048,interictal,2160,2166,,16,EEG Pz,True,6.538449136916446,1.1757843340964946,0.09150113969391079,0.23593901473676934,6.222622126412516,0.9288931330034065,0.3408371977155073,0.17021443662324887,0.48894836566124394
interictal_048,interictal,2160,2166,,17,EEG Fp2,True,34.2698247141101,4.685066612009813,0.05503093454900684,0.20138613521539,5.73435433971797,0.6935710351735567,0.8090658206107605,0.06845715085939941,0.12247702852984005
interictal_048,interictal,2160,2166,,18,EEG F4,True,26.404337736223194,6.743009133097799,0.10973624226636275,0.39201383227281095,3.2727899511407044,0.9109710432282281,0.34404250086357374,0.12398535599445895,0.5319721431419672
interictal_048,interictal,2160,2166,,19,EEG C4,True,14.595172608363628,2.630165697158357,0.0696841419732986,0.2830893636489969,4.712313177312336,0.9567376244235009,0.1918617366849683,0.19142580877668164,0.6167124545383501
interictal_048,interictal,2160,2166,,20,EEG P4,True,9.485689898880093,1.8565128749074336,0.08726799088244871,0.2666533582151249,5.122358036398537,0.9419170567226094,0.22514234839531694,0.23410724021794074,0.5407504113867423
interictal_048,interictal,2160,2166,,21,EEG O2,True,10.340756337299279,2.5172388554752056,0.12406382285900358,0.3188484231271464,4.345052568775464,0.9060287099878056,0.39491742348610936,0.15671066618445556,0.448371910329435
interictal_048,interictal,2160,2166,,22,EEG F8,True,47.673954139336566,6.871321115828116,0.07880169325952459,0.21536066767010686,6.517834302690457,0.7384983156693896,0.7042736224942611,0.10589083296182206,0.18983554454391685
interictal_048,interictal,2160,2166,,23,EEG T4,True,24.565288612125133,7.445282782875451,0.14360143275805926,0.5116616499059685,2.5865940851279863,0.9572440710497893,0.18602794154161972,0.2011348974077764,0.6128371610506038
interictal_048,interictal,2160,2166,,24,EEG T6,True,18.09652647100016,4.693202398762467,0.11787691305763595,0.3540654959122312,3.6730161545371733,0.9456212187990373,0.2533446270528739,0.17770113234827165,0.5689542405988545
interictal_048,interictal,2160,2166,,25,EEG Fc2,True,10.891708061781713,2.301528043255384,0.06935851514164768,0.29029795096382965,4.491477887512366,0.9308918852365361,0.3241352389384647,0.16454440116433133,0.5113203598972039
interictal_048,interictal,2160,2166,,26,EEG Fc6,True,23.998052670255667,7.414609234496054,0.16769781830022795,0.5025010045173404,2.7992538469494375,0.9318700505819845,0.2942247805659813,0.14093914132612675,0.564836078107892
interictal_048,interictal,2160,2166,,27,EEG Cp2,True,5.845480423926626,1.2824428779428045,0.09605991533702377,0.29728137194830706,4.833640283231496,0.952035971335399,0.24088843875525068,0.17226568226371713,0.5868458789810322
interictal_048,interictal,2160,2166,,28,EEG Cp6,True,12.48993014800781,2.93617927487184,0.11885379355258874,0.3576526418680096,3.8126495528400453,0.9485313566664884,0.3073445219434678,0.19653198165049812,0.4961234964060342
interictal_048,interictal,2160,2166,,29,EEG F10,True,38.56695729625857,6.5690678331157555,0.10843373493975904,0.24290227615718957,5.894929905343606,0.8436732015490248,0.5446723193998908,0.15919885178897356,0.29612882881113556
interictal_049,interictal,2166,2172,,1,EEG Fp1,True,30.285402084086396,5.381413152738956,0.08531422989254314,0.2319276747195502,4.723659690168396,0.7638058501546385,0.6783933210525461,0.07690353467058383,0.24470314427686998
interictal_049,interictal,2166,2172,,2,EEG F3,True,14.214369045537197,5.4672307609629645,0.17193096711169,0.5138423718964802,2.328770073781425,0.9200985889453561,0.2527281171258445,0.09210096380338108,0.6551709190707743
interictal_049,interictal,2166,2172,,3,EEG C3,True,4.669199636854103,1.1719909366766543,0.10289807880169326,0.3213974257463021,4.341382161256633,0.9172812884591992,0.3369100402312778,0.16916733482046534,0.49392262494825684
interictal_049,interictal,2166,2172,,4,EEG P3,True,7.220033328327694,1.1900405524039346,0.05144903940084663,0.21288689026315738,6.585160920057126,0.9266131941379744,0.31874295160220206,0.22941103242528166,0.45184601597251633
interictal_049,interictal,2166,2172,,5,EEG O1,True,7.204777830100614,2.093989543176712,0.10680560078150439,0.3766559559256416,3.7962021899588945,0.8845259544624379,0.39372960266251933,0.2220533798575332,0.38421701747994735
interictal_049,interictal,2166,2172,,6,EEG F7,True,18.71805996657027,3.4457181378868555,0.11494627157277759,0.24070495874843872,4.859819637630411,0.8354190238647502,0.5287008219139371,0.1144291371670134,0.3568700409190496
interictal_049,interictal,2166,2172,,7,EEG T3,True,8.15426784036527,2.8473653230989564,0.13090198632367306,0.4621287208855302,2.7119204444132645,0.9336776436637719,0.2962106053617365,0.21629202206949988,0.4874973725687635
interictal_049,interictal,2166,2172,,8,EEG T5,True,6.45425777332864,2.2598491784644468,0.1276457180071638,0.46065983734730054,2.9459226378281786,0.9279960032001012,0.3203949698617808,0.17743357833033863,0.5021714518078806
interictal_049,interictal,2166,2172,,9,EEG Fc1,True,5.298918537094219,1.2041409530812313,0.09150113969391079,0.29475962233331265,4.549133729238301,0.900099609126443,0.3202846734733798,0.11842192366489242,0.5612934028617278
interictal_049,interictal,2166,2172,,10,EEG Fc5,True,8.47713410607279,2.7684375428108616,0.15271898404428524,0.4326848535952802,3.1012004045741457,0.9001806230208564,0.386505758140881,0.14597268227668075,0.46752155958243824
interictal_049,interictal,2166,2172,,11,EEG Cp1,True,4.341724217526452,0.9660024034404745,0.11331813741452296,0.2924308811976825,4.946686553977398,0.9205202217772349,0.28993157975231815,0.2823752902324853,0.42769313001519643
interictal_049,interictal,2166,2172,,12,EEG Cp5,True,6.036041786710995,1.3703912228354755,0.07684793226961902,0.2921076050249775,4.730613202345945,0.9363586697674658,0.28460750975396254,0.23149567602165194,0.4838968142243856
interictal_049,interictal,2166,2172,,13,EEG F9,True,8.873956213801806,2.911365385924096,0.13806577661999347,0.4203564237939258,3.2923104251797644,0.8958358217173222,0.3462721228200461,0.24839058460635788,0.40533729257359596
interictal_049,interictal,2166,2172,,14,EEG Fz,True,8.968934473549563,1.3277267482298536,0.07749918593292088,0.18871499808370035,7.106807873230239,0.8424235429008867,0.5775365423673512,0.11970858467762584,0.30275487295502296
interictal_049,interictal,2166,2172,,15,EEG Cz,True,4.5378414771635365,1.145512298180415,0.09833930315858026,0.3241662043234493,4.081711803017989,0.9093252526597629,0.21339729050334458,0.13735735993938564,0.6492453495572698
interictal_049,interictal,2166,2172,,16,EEG Pz,True,4.545770913594187,1.031391439705501,0.09345490068381634,0.2973423160459214,4.758132763324743,0.9056886875941912,0.33319271097606057,0.29123597560868764,0.37557131341525174
interictal_049,interictal,2166,2172,,17,EEG Fp2,True,26.973875214222108,3.0867765265483906,0.04916965157929013,0.14830161261556213,7.864105617364901,0.70467576573401,0.781359917676278,0.07173599862411371,0.14690408369960822
interictal_049,interictal,2166,2172,,18,EEG F4,True,12.058365539852247,3.95312555549155,0.13546076196678605,0.4497204920853279,2.8066200210716468,0.9345710465381687,0.25240152113598047,0.1903656499188349,0.5572328289451847
interictal_049,interictal,2166,2172,,19,EEG C4,True,5.4549645462809195,1.4978315508305469,0.10550309345490068,0.3515335997223784,3.8072770166952874,0.9277585201004699,0.3043835784111515,0.19719407086100524,0.49842235072784336
interictal_049,interictal,2166,2172,,20,EEG P4,True,4.898481726087074,1.3565564037012499,0.10420058612829697,0.36496249219697496,3.6926978493740563,0.9439897468871068,0.20598528327098467,0.24893450451167404,0.5450802122173412
interictal_049,interictal,2166,2172,,21,EEG O2,True,6.719027701873135,2.1627579655295057,0.11917942038423966,0.4287210163321745,3.233710261070342,0.9212254761082117,0.3226436734055282,0.21664007516132103,0.46071625143315076
interictal_049,interictal,2166,2172,,22,EEG F8,True,21.303387198725694,3.2641049464510847,0.06284597850862911,0.196214508882984,6.926073196130284,0.8481796509800226,0.5409556523482507,0.1449126082624501,0.3141317393892991
interictal_049,interictal,2166,2172,,23,EEG T4,True,9.973268778601105,3.8477935101483047,0.1592315206773038,0.5236117289619026,2.2035611386144724,0.9232412984035843,0.0920113901253076,0.10899947370467808,0.7989891361700143
interictal_049,interictal,2166,2172,,24,EEG T6,True,8.899782925416154,3.271925430569208,0.13448388147183327,0.5110411155172608,2.429024156312356,0.9575535690047416,0.2512639776784707,0.18923624942672018,0.5594997728948091
interictal_049,interictal,2166,2172,,25,EEG Fc2,True,7.12516509498397,1.7544331325668738,0.11006186909801367,0.3142672815617279,4.0044079307093545,0.9132638363538709,0.38964005521491374,0.17525655092266557,0.43510339386242075
interictal_049,interictal,2166,2172,,26,EEG Fc6,True,8.377667717954216,3.387974444347795,0.1683490719635298,0.551941486255743,2.267704989818468,0.9389720416456896,0.2493708226800281,0.1834404196414864,0.5671887576784855
interictal_049,interictal,2166,2172,,27,EEG Cp2,True,4.795088871366553,1.0291297256146734,0.07684793226961902,0.28118307577790647,5.03836627987559,0.9311370840254969,0.2150048093271158,0.303923229090849,0.48107196158203525
interictal_049,interictal,2166,2172,,28,EEG Cp6,True,5.159606819801035,1.5264853582821518,0.10387495929664604,0.3818180551379628,3.490007675791822,0.9216618342001234,0.25606865549825153,0.2452922458838983,0.49863909861785016
interictal_049,interictal,2166,2172,,29,EEG F10,True,12.517161139656512,3.2707479174999223,0.11820253988928688,0.3389868008654971,4.109641541688435,0.8991942975022472,0.3776043009508748,0.2558725873463252,0.3665231117027999
interictal_050,interictal,2172,2178,,1,EEG Fp1,True,26.495727465721966,4.8615401829066816,0.13448388147183327,0.23911643631629195,4.6366820632151216,0.7715446082020208,0.6877490493279843,0.061982009249672405,0.25026894142234324
interictal_050,interictal,2172,2178,,2,EEG F3,True,12.61107626104712,4.7357563114186165,0.16900032562683165,0.4960448330384389,2.467583839812925,0.927974816663057,0.22223258965336803,0.13439877061956315,0.6433686397270687
interictal_050,interictal,2172,2178,,3,EEG C3,True,4.230119835557584,1.0643993546939015,0.11690003256268316,0.32509910603706077,4.222555319570809,0.940560205276916,0.25894136814811664,0.16295381971347983,0.5781048121384036
interictal_050,interictal,2172,2178,,4,EEG P3,True,5.31864222185817,1.1024723716564266,0.07521979811136438,0.26647696305852403,5.186542613873893,0.9203783475621078,0.2895364189986993,0.2616806515521318,0.4487829294491689
interictal_050,interictal,2172,2178,,5,EEG O1,True,6.886009347827524,1.9807604682685205,0.10582872028655162,0.36912206348054916,3.833079569534476,0.8929856743459813,0.45358457936266555,0.18105239185314295,0.36536302878419147
interictal_050,interictal,2172,2178,,6,EEG F7,True,16.649335763735497,3.073817931081644,0.07977857375447737,0.23783310036535288,4.952116260427803,0.8177593583072511,0.585713740870632,0.1409755960077769,0.273310663121591
interictal_050,interictal,2172,2178,,7,EEG T3,True,6.685720209241368,2.3287134397881504,0.1569521328557473,0.45528955918770425,2.8892807100488604,0.9541039782744126,0.26219963818147207,0.1990365134057266,0.5387638484128013
interictal_050,interictal,2172,2178,,8,EEG T5,True,6.308524446956723,2.5416202520149116,0.17844350374470858,0.5285690994418036,2.515272912145331,0.9333046433755086,0.3114468770430367,0.20292462479353232,0.48562849816343107
interictal_050,interictal,2172,2178,,9,EEG Fc1,True,5.505684174438125,1.1213296022274288,0.07880169325952459,0.2619295680244708,5.037427836180879,0.9195888003524112,0.3542756393915251,0.13847597700838266,0.5072483836000923
interictal_050,interictal,2172,2178,,10,EEG Fc5,True,7.412214072512691,2.544674694691514,0.15890589384565287,0.4550198983285367,3.0447371316243093,0.9190374864317707,0.3615494367921514,0.20543532224930885,0.43301524095853966
interictal_050,interictal,2172,2178,,11,EEG Cp1,True,3.6079300581246394,0.8810801795685066,0.09475740801042006,0.32146877403052776,4.398200641913252,0.9182080981783685,0.30675471568763324,0.21703107418229792,0.4762142101300687
interictal_050,interictal,2172,2178,,12,EEG Cp5,True,4.246772032154183,1.3374142619211207,0.12699446434386194,0.4100292587463485,3.2988892395858973,0.9483526768229458,0.23442259931842369,0.25882968236934983,0.5067477183122265
interictal_050,interictal,2172,2178,,13,EEG F9,True,8.612805478887536,2.820392456629628,0.11299251058287203,0.414578437035425,3.269798335907167,0.9188750094357694,0.39706798172294533,0.22640909833215278,0.37652291994490195
interictal_050,interictal,2172,2178,,14,EEG Fz,True,9.175054139682919,1.2511377454732915,0.06642787365678932,0.17440597532639326,7.525206092497864,0.8108678847566787,0.6146414786098497,0.12911040800706985,0.2562481133830803
interictal_050,interictal,2172,2178,,15,EEG Cz,True,4.88466677704317,1.056806661198343,0.08531422989254314,0.2775189546867161,4.756028595096202,0.929781417075775,0.2727282189755825,0.16023736705412628,0.5670344139702912
interictal_050,interictal,2172,2178,,16,EEG Pz,True,3.9762651465099363,0.9355647283929439,0.08368609573428851,0.30658664333621877,4.517481776703758,0.9175184064090214,0.308666247103196,0.24683964728132993,0.4444941056154741
interictal_050,interictal,2172,2178,,17,EEG Fp2,True,23.69066877742174,2.7849532018712697,0.07098664929990231,0.15003809584823816,7.868797111959837,0.7149350887368496,0.7847931790838539,0.06210239954102019,0.15310442137512584
interictal_050,interictal,2172,2178,,18,EEG F4,True,10.671750174422726,3.5503320094566875,0.13253012048192772,0.4454530241018067,2.829508566081887,0.9228798404120526,0.28112163325905143,0.17446050465549104,0.5444178620854575
interictal_050,interictal,2172,2178,,19,EEG C4,True,3.648805472892001,1.4199960032411647,0.1602084011722566,0.503442687753621,2.6183147944685135,0.9485927924076855,0.18520454983356743,0.1782102817298783,0.6365851684365542
interictal_050,interictal,2172,2178,,20,EEG P4,True,4.518617241552623,1.2474380968960468,0.11234125691957017,0.358542718605946,3.701313801135643,0.9482947576435814,0.2478014942669267,0.18462705902005588,0.5675714467130174
interictal_050,interictal,2172,2178,,21,EEG O2,True,6.809592223739575,1.7766079032792046,0.11429501790947574,0.33504734779428447,4.071615672906455,0.9049543190890607,0.36966596544541863,0.17117976433124518,0.45915427022333616
interictal_050,interictal,2172,2178,,22,EEG F8,True,21.757676257120586,2.8570142417350564,0.06317160534028005,0.1700876673467733,7.709246103227745,0.8608496403357587,0.5259413858871821,0.15333693780616497,0.32072167630665294
interictal_050,interictal,2172,2178,,23,EEG T4,True,10.352223145858014,3.583626312150428,0.14099641810485183,0.4707437047677379,2.3489823826701244,0.9276705248144594,0.16047434765706814,0.10340378979595465,0.7361218625469772
interictal_050,interictal,2172,2178,,24,EEG T6,True,8.699430791582316,2.908089444546917,0.13643764246173884,0.48548485195763064,2.4975915590200612,0.9355673094963437,0.25776312354273134,0.19595427707481358,0.5462825993824549
interictal_050,interictal,2172,2178,,25,EEG Fc2,True,5.380864675455738,1.7007604139509258,0.13415825464018236,0.4019130084479559,3.0820683378431855,0.9225613606632123,0.3482679393790805,0.1846406998716201,0.46709136074929936
interictal_050,interictal,2172,2178,,26,EEG Fc6,True,8.86009838229894,3.1898288565034787,0.13806577661999347,0.5016547520324991,2.47608446766525,0.9443766323482844,0.19035145711086474,0.1627088090763244,0.6469397338128109
interictal_050,interictal,2172,2178,,27,EEG Cp2,True,3.854938832453467,0.9536594994727585,0.0986649299902312,0.31929585795869597,4.363915729593611,0.9515326248987162,0.2603094342074167,0.18193120200431048,0.5577593637882728
interictal_050,interictal,2172,2178,,28,EEG Cp6,True,5.129930890093287,1.4058497887722237,0.12504070335395637,0.3553437197092643,3.6689651917936095,0.9513690642154737,0.2667861794845634,0.21524864356214657,0.51796517695329
interictal_050,interictal,2172,2178,,29,EEG F10,True,15.917979636718966,2.782065406569657,0.08791924454575056,0.2232336528187758,6.1347596597709995,0.8367295030602246,0.55531011806973,0.16220190257791833,0.28248797935235165
interictal_051,interictal,2178,2184,,1,EEG Fp1,True,23.820694532893846,5.146652362232354,0.11364376424617388,0.2851544529647124,3.853497937425964,0.7953121518421096,0.6533796917110847,0.10910285075917127,0.23751745752974396
interictal_051,interictal,2178,2184,,2,EEG F3,True,11.514893293770385,4.888221450520697,0.18853793552588732,0.569715483030712,2.180214797868899,0.9487745637239242,0.26017983775727804,0.12915032212857808,0.6106698401141438
interictal_051,interictal,2178,2184,,3,EEG C3,True,3.539711664054824,1.0385048302460023,0.11201563008791925,0.3784758038257487,3.6331242425945653,0.9452574907741161,0.2963503921517764,0.22729275149252562,0.476356856355698
interictal_051,interictal,2178,2184,,4,EEG P3,True,6.089551072264103,1.148363966886704,0.05568218821230869,0.24349248020394307,5.577939187139261,0.9085716743005402,0.3323645715076755,0.24662682180569856,0.421008606686626
interictal_051,interictal,2178,2184,,5,EEG O1,True,6.775585247448965,2.1240081929810763,0.12601758384890915,0.4050337228401815,3.423742567481244,0.9106474359249862,0.41788162733014844,0.1586782540033742,0.42344011866647746
interictal_051,interictal,2178,2184,,6,EEG F7,True,11.427222885802575,2.957414305363736,0.1253663301856073,0.333586915072587,3.4250579999496957,0.8809932250471597,0.4714549985937212,0.166693278442406,0.36185172296387275
interictal_051,interictal,2178,2184,,7,EEG T3,True,5.479187247276881,2.4308574951941004,0.1787691305763595,0.587361181750486,2.2218640223967108,0.9468840897506684,0.27656217822090523,0.21703190296711186,0.5064059188119828
interictal_051,interictal,2178,2184,,8,EEG T5,True,6.901848930586562,2.7490412625676766,0.16672093780527517,0.5228449197593408,2.5404963476760085,0.9175111348154301,0.37196311508369634,0.10704790378951812,0.5209889811267855
interictal_051,interictal,2178,2184,,9,EEG Fc1,True,5.126084979265129,1.1327215490873908,0.08726799088244871,0.282389012072396,4.574149182817593,0.9265548998326024,0.31824376160417617,0.12153258044346178,0.5602236579523621
interictal_051,interictal,2178,2184,,10,EEG Fc5,True,5.5785904764680465,2.5717753698678743,0.1869098013676327,0.6116813199649299,2.250682657087446,0.9205451784043969,0.30890724699165506,0.20499483025334506,0.48609792275499997
interictal_051,interictal,2178,2184,,11,EEG Cp1,True,4.148813708663098,0.9097852218873156,0.07587105177466623,0.2836699156991605,5.013329600194913,0.9109754879657277,0.3724152051030466,0.26600020984330824,0.3615845850536451
interictal_051,interictal,2178,2184,,12,EEG Cp5,True,4.40872621086457,1.4027858568362679,0.12959947899706936,0.4131955336059843,3.2243655583181523,0.9212512151470321,0.3154571929999643,0.2059857965981235,0.47855701040191234
interictal_051,interictal,2178,2184,,13,EEG F9,True,7.365757509244592,2.6089520056504756,0.14522956691631392,0.4572096848388706,2.937588095487818,0.8837828139016418,0.46262455542539455,0.24245783753698347,0.294917607037622
interictal_051,interictal,2178,2184,,14,EEG Fz,True,7.761687613120736,1.2656899788003,0.06545099316183653,0.20713150083826717,6.321442604829943,0.8054799173812432,0.682797830004611,0.09033180329447685,0.22687036670091207
interictal_051,interictal,2178,2184,,15,EEG Cz,True,3.7111048976876098,1.0539918287656933,0.10257245197004233,0.3669727731661565,3.5646839416804235,0.8934392452078881,0.25188809726882433,0.055797635283651656,0.692314267447524
interictal_051,interictal,2178,2184,,16,EEG Pz,True,4.308946220412599,0.9617352331164994,0.08889612504070335,0.287701024213219,4.880002030313358,0.8489709360519935,0.46484553632244846,0.30155457754455434,0.2335998861329972
interictal_051,interictal,2178,2184,,17,EEG Fp2,True,21.800319274549807,2.8815607580272036,0.08498860306089222,0.1710335316399089,6.700234230258148,0.7221572772694511,0.7758907593287457,0.09224490733106594,0.1318643333401883
interictal_051,interictal,2178,2184,,18,EEG F4,True,10.136955200523214,3.6609730263979077,0.1556496255291436,0.49143202188961915,2.5372008054365507,0.8905343575766078,0.46794806347599843,0.08544354746746656,0.446608389056535
interictal_051,interictal,2178,2184,,19,EEG C4,True,5.336842729305817,1.4583892786267156,0.08791924454575056,0.35480079059496683,3.733327017862098,0.9373925165647782,0.29291432393555855,0.18039998508399713,0.5266856909804443
interictal_051,interictal,2178,2184,,20,EEG P4,True,4.199982070621003,1.2265092285569328,0.11136437642461738,0.37745610836300064,3.5932301423941757,0.9177560896041003,0.2733880572550495,0.2844662293840468,0.4421457133609038
interictal_051,interictal,2178,2184,,21,EEG O2,True,6.523946792325268,1.7786843708881277,0.11885379355258874,0.3526082821419184,3.8526657895544347,0.9239709702931954,0.3625837907906097,0.16729149589839798,0.47012471331099226
interictal_051,interictal,2178,2184,,22,EEG F8,True,16.823759989801015,2.662998664001266,0.07977857375447737,0.20277518801501224,6.314066925139691,0.7200841714262763,0.7417557366998366,0.1063833607241851,0.15186090257597845
interictal_051,interictal,2178,2184,,23,EEG T4,True,9.388744193614427,3.5246299649229273,0.15630087919244545,0.5033222378650155,2.219120023786832,0.9091137232742342,0.18183554948534775,0.11141609891884578,0.7067483515958065
interictal_051,interictal,2178,2184,,24,EEG T6,True,8.071370467555818,2.7527724215928924,0.13546076196678605,0.48735358144140967,2.490823568567179,0.948085234937048,0.26344843205817076,0.1576623244069686,0.5788892435348607
interictal_051,interictal,2178,2184,,25,EEG Fc2,True,4.697695785574275,1.735743400018992,0.14197329859980462,0.4673147774169824,2.6453883648739183,0.9033409586955963,0.35140906042739467,0.09410354616775056,0.5544873934048548
interictal_051,interictal,2178,2184,,26,EEG Fc6,True,7.361455014967425,2.963431455654987,0.1592315206773038,0.5628397878315619,2.180266481079789,0.8781360778965649,0.43443481125861866,0.15709043835925596,0.4084747503821253
interictal_051,interictal,2178,2184,,27,EEG Cp2,True,2.7879362365486893,0.9468522842949979,0.12145880820579616,0.4444842388694831,3.1720597060024636,0.9162762504258444,0.34706816809288005,0.294598839080171,0.3583329928269488
interictal_051,interictal,2178,2184,,28,EEG Cp6,True,5.117926488120019,1.3523431690710215,0.11071312276131554,0.3376596411984574,3.938837092083964,0.9124263877199024,0.33241024612769315,0.24680577811214813,0.42078397576015875
interictal_051,interictal,2178,2184,,29,EEG F10,True,11.649795660921486,2.35287285796377,0.08270921523933572,0.254987436647148,5.264086885082974,0.8888483988459303,0.43730013508812726,0.24719666001344404,0.3155032048984286
interictal_052,interictal,2184,2190,,1,EEG Fp1,True,21.414618176439614,4.970339988049599,0.17616411592315206,0.3051858435907665,3.6466512890021674,0.9276703344511759,0.1565907696964204,0.11901579953848306,0.7243934307650965
interictal_052,interictal,2184,2190,,2,EEG F3,True,10.778333384849159,4.608875684580731,0.20579615760338651,0.5610940819075945,2.2369745355879465,0.9472795189195223,0.17009675559583812,0.08894554482025287,0.740957699583909
interictal_052,interictal,2184,2190,,3,EEG C3,True,3.594080753005067,1.001226817908686,0.1126668837512211,0.3567484516668688,3.7972435960582724,0.9147150796291245,0.38527430310083227,0.1868246404116814,0.4279010564874865
interictal_052,interictal,2184,2190,,4,EEG P3,True,4.283695512349266,1.1569837180904456,0.10029306414848584,0.345552469604617,3.9010594597362305,0.9097561229012107,0.37497056628196995,0.1574349195019381,0.46759451421609194
interictal_052,interictal,2184,2190,,5,EEG O1,True,7.0406470311822655,2.2590444287351485,0.1302507326603712,0.40812675949647126,3.397456799099723,0.8595246387673602,0.5278839007977785,0.16123634152269692,0.31087975767952464
interictal_052,interictal,2184,2190,,6,EEG F7,True,12.105693808408983,2.8840202219518996,0.10647997394985347,0.30872660309495936,3.7259725409954054,0.9168493977018051,0.35588138727791235,0.124621728425579,0.5194968842965088
interictal_052,interictal,2184,2190,,7,EEG T3,True,7.140535371038802,2.9426408659892522,0.17258222077499186,0.5397210997704197,2.3164372361951333,0.9135119620362192,0.3366794062176615,0.11143508869675235,0.5518855050855862
interictal_052,interictal,2184,2190,,8,EEG T5,True,6.665733906251943,3.209371322828113,0.21295994789970693,0.6239048378876559,2.0838065497490703,0.9342679010302,0.27783411193443486,0.14384289114604565,0.5783229969195195
interictal_052,interictal,2184,2190,,9,EEG Fc1,True,4.163995093449491,1.0255120345807813,0.11331813741452296,0.31601126414607317,4.146055054199436,0.9068784757233614,0.396122612607944,0.17869984261642255,0.4251775447756333
interictal_052,interictal,2184,2190,,10,EEG Fc5,True,6.289193527001625,2.768383927447214,0.17942038423966133,0.5836464247813768,2.346097488931944,0.9208483968852126,0.35754016068784983,0.14201201970044466,0.5004478196117055
interictal_052,interictal,2184,2190,,11,EEG Cp1,True,3.2599318349240836,0.8240036139682627,0.10582872028655162,0.32398676633724227,4.398270567932638,0.8652268782823351,0.49338482984498955,0.19415146035623954,0.31246370979877097
interictal_052,interictal,2184,2190,,12,EEG Cp5,True,4.600066117638347,1.4791980129455897,0.1263432106805601,0.41653891256641873,3.14047131737777,0.9130926670177492,0.35459151007513057,0.16222793487931678,0.48318055504555274
interictal_052,interictal,2184,2190,,13,EEG F9,True,8.077757419556587,2.679883180342582,0.13285574731357863,0.4270923633994006,3.1252168315619353,0.8819208102787749,0.4436969778448456,0.16647088423249634,0.3898321379226581
interictal_052,interictal,2184,2190,,14,EEG Fz,True,6.748791082216453,1.1676190722350686,0.09768804949527841,0.2196187746380908,5.958909858161616,0.872091445712715,0.4593120034950799,0.16188174437280717,0.37880625213211294
interictal_052,interictal,2184,2190,,15,EEG Cz,True,3.947554238289651,0.9523342422358938,0.10810810810810811,0.3092010380464686,4.298411138556463,0.8558759180044122,0.4675764316191685,0.21566498424787475,0.3167585841329568
interictal_052,interictal,2184,2190,,16,EEG Pz,True,3.6053906909647675,0.8655735554872521,0.09768804949527841,0.31013764305252195,4.5295275745190775,0.8819452289233,0.4276494000933926,0.24867242759854571,0.3236781723080618
interictal_052,interictal,2184,2190,,17,EEG Fp2,True,16.22666074841943,2.8433290918019263,0.13383262780853142,0.22444748292106664,5.215728110826168,0.9298895844632691,0.28076535278336845,0.1591011009180479,0.5601335462985837
interictal_052,interictal,2184,2190,,18,EEG F4,True,8.505710846509356,3.2594503850249947,0.15043959622272876,0.5092330469290174,2.4444021808301533,0.9400492720143535,0.29978198610646223,0.1143118969430128,0.585906116950525
interictal_052,interictal,2184,2190,,19,EEG C4,True,3.8335453488733995,1.3638473231081139,0.14653207424291761,0.4563288086070893,2.8471991385328836,0.9268923636415108,0.37041338203514024,0.19755317624540245,0.43203344171945723
interictal_052,interictal,2184,2190,,20,EEG P4,True,3.811393387635192,1.1682070544834537,0.11917942038423966,0.3985770536388447,3.35085608374996,0.9178006318904004,0.30848990352009836,0.24417702709248545,0.4473330693874162
interictal_052,interictal,2184,2190,,21,EEG O2,True,5.353274964849941,1.7465553072834286,0.12829697167046564,0.4172981423139067,3.290734057839906,0.8971572258025675,0.44930410760185446,0.17649238041057888,0.37420351198756674
interictal_052,interictal,2184,2190,,22,EEG F8,True,13.810394876247956,2.4735934457992825,0.06675350048844025,0.2288234685552231,5.6624676338120326,0.8765235909999155,0.45226762777424195,0.173242811677958,0.3744895605478
interictal_052,interictal,2184,2190,,23,EEG T4,True,9.001660600207304,3.422219269026939,0.1566265060240964,0.512894334929124,2.192116681524926,0.8734935079411191,0.12712776480666582,0.07453701137209381,0.7983352238212403
interictal_052,interictal,2184,2190,,24,EEG T6,True,7.75836611863595,2.7860492903597582,0.15304461087593618,0.5126805729317349,2.3694765259052986,0.9265065450763139,0.22590910576992027,0.1838376788148853,0.5902532154151944
interictal_052,interictal,2184,2190,,25,EEG Fc2,True,5.682932308297134,1.633696254779775,0.10094431781178768,0.36580773328695415,3.333021310544897,0.8670371245523061,0.4447760555864296,0.1420871714726367,0.4131367729409337
interictal_052,interictal,2184,2190,,26,EEG Fc6,True,7.016266339810637,2.8481270068767977,0.14262455226310647,0.5785490645740239,2.1231717003405097,0.9050785614665434,0.31056300436368756,0.12948039729974403,0.5599565983365684
interictal_052,interictal,2184,2190,,27,EEG Cp2,True,3.121705901658368,0.8686120093863291,0.11820253988928688,0.3617080612460932,3.8964146681641774,0.8688104117287428,0.3519305786826596,0.28798185260782383,0.3600875687095167
interictal_052,interictal,2184,2190,,28,EEG Cp6,True,4.838455317659879,1.317711225374501,0.12504070335395637,0.35083185729964245,3.750785906494793,0.8915177904376581,0.36420931078277163,0.2527150244183128,0.38307566479891564
interictal_052,interictal,2184,2190,,29,EEG F10,True,10.831258564893949,2.3652059196811845,0.09084988603060892,0.27486352389521257,4.825499119847443,0.8697592895265188,0.43116096537662935,0.20785635175103967,0.36098268287233115
interictal_053,interictal,2190,2196,,1,EEG Fp1,True,15.416438723333167,4.8937636320594455,0.15955714750895475,0.4077092861947528,2.7304067751683374,0.9391549352059892,0.3040697427781475,0.13574626328824582,0.5601839939336067
interictal_053,interictal,2190,2196,,2,EEG F3,True,20.156453974314378,4.741554987224648,0.08987300553565614,0.3052829950314616,4.142130758156793,0.9563480457007858,0.19072186186641588,0.12824093006691686,0.6810372080666672
interictal_053,interictal,2190,2196,,3,EEG C3,True,5.925199967406607,1.0913352139588934,0.0986649299902312,0.23847999467697956,5.661042431056914,0.8763112647085507,0.4794371447915508,0.19709815705459577,0.3234646981538535
interictal_053,interictal,2190,2196,,4,EEG P3,True,4.435073398274635,1.166131047806749,0.10192119830674047,0.33624679607823904,4.056806893120856,0.9404907699932267,0.2760444859556237,0.19314520342476135,0.5308103106196149
interictal_053,interictal,2190,2196,,5,EEG O1,True,7.679558341938481,2.2215742908634466,0.10810810810810811,0.37397746860684095,3.6730023109940415,0.8821877298646409,0.5112117091462816,0.17246643570991543,0.316321855143803
interictal_053,interictal,2190,2196,,6,EEG F7,True,9.026335658762337,2.890203694071878,0.12797134483881473,0.4119285538370295,2.8340424998666807,0.9149927584414562,0.27222879558994884,0.12539936293479712,0.602371841475254
interictal_053,interictal,2190,2196,,7,EEG T3,True,5.7194067747364485,2.865197874550449,0.20644741126668836,0.6556645771064561,1.9187094602206807,0.9332304284084144,0.16845126954051648,0.19021743557359827,0.6413312948858853
interictal_053,interictal,2190,2196,,8,EEG T5,True,6.823696782557687,3.1513005462230734,0.1891891891891892,0.5990740194888423,2.1922005168274215,0.9194288715988489,0.25523984013622564,0.20803750115067532,0.5367226587130991
interictal_053,interictal,2190,2196,,9,EEG Fc1,True,4.030091986212598,1.1221084825055658,0.11299251058287203,0.3521254968993229,3.7321083707102143,0.9080331395277274,0.26493288126786074,0.16315926198644737,0.5719078567456919
interictal_053,interictal,2190,2196,,10,EEG Fc5,True,6.782693707375646,2.888875523981383,0.1683490719635298,0.561481908823045,2.4396045022745088,0.9333900411340225,0.2544733430318128,0.1543639030408461,0.5911627539273412
interictal_053,interictal,2190,2196,,11,EEG Cp1,True,3.9208236973996318,0.8924979739236687,0.08889612504070335,0.2926137855261098,4.8314283391662505,0.9236874115884486,0.337083036061676,0.19865023334265666,0.4642667305956673
interictal_053,interictal,2190,2196,,12,EEG Cp5,True,5.057896691107884,1.463508809747021,0.11559752523607945,0.37322296874132155,3.5666185100608656,0.9364448577241151,0.24621398908721834,0.2363175291299086,0.517468481782873
interictal_053,interictal,2190,2196,,13,EEG F9,True,7.101879602497643,2.5772187162455262,0.15499837186584176,0.4621261452049317,2.907513239845438,0.9323834360192734,0.31848257681325676,0.21783826423328367,0.4636791589534596
interictal_053,interictal,2190,2196,,14,EEG Fz,True,6.50583236959938,1.2024967166596148,0.08336046890263758,0.23502662476453332,5.6338020129136925,0.8989329862863569,0.4143882580024766,0.188832068993571,0.39677967300395234
interictal_053,interictal,2190,2196,,15,EEG Cz,True,4.2999219285282955,1.0099717092249167,0.09345490068381634,0.30050459681283304,4.448053021112308,0.875021926378865,0.3285685603429276,0.12587287466215427,0.5455585649949181
interictal_053,interictal,2190,2196,,16,EEG Pz,True,4.510969261323314,0.910238681679543,0.07652230543796809,0.26231422059220233,5.29362161042906,0.8937625207987556,0.39906373603467815,0.1649876580747797,0.43594860589054224
interictal_053,interictal,2190,2196,,17,EEG Fp2,True,14.622993568575419,2.715419420448965,0.08205796157603387,0.23594005587967185,5.078496049392818,0.8807201940362952,0.4984424041301839,0.1510087569892352,0.35054883888058086
interictal_053,interictal,2190,2196,,18,EEG F4,True,8.895860771916837,3.0486644207221287,0.12797134483881473,0.4477714795086739,2.756634077816976,0.9244468942294082,0.16705992180617632,0.09821075301534869,0.734729325178475
interictal_053,interictal,2190,2196,,19,EEG C4,True,4.552920253868913,1.4196111701867602,0.1302507326603712,0.396007081528164,3.3609124199724367,0.9299174078881881,0.27945686207133275,0.18344903037040353,0.5370941075582638
interictal_053,interictal,2190,2196,,20,EEG P4,True,3.8935807052867277,1.21815663933444,0.1230869423640508,0.4086807571058351,3.272591105024559,0.9402485143385065,0.28187393590688736,0.22893689644485082,0.48918916764826187
interictal_053,interictal,2190,2196,,21,EEG O2,True,5.985348609067443,1.7118223771385652,0.12959947899706936,0.37213881012680283,3.6946648513456273,0.8417395392734538,0.5748600453146518,0.17677217547963384,0.24836777920571443
interictal_053,interictal,2190,2196,,22,EEG F8,True,15.390374755494687,2.2544272088851605,0.06805600781504396,0.1867385166021505,7.012344101845835,0.8755079812431256,0.5107605183794119,0.18229209175753294,0.30694738986305514
interictal_053,interictal,2190,2196,,23,EEG T4,True,9.366645054140085,3.491694102331186,0.15760338651904918,0.49918265875361334,2.2603520991291455,0.8193095104424046,0.10169538488930475,0.08124205586243531,0.8170625592482599
interictal_053,interictal,2190,2196,,24,EEG T6,True,6.931738073437445,2.7032401293732824,0.14913708889612504,0.5569321351446734,2.182408514475079,0.9380353223817426,0.20699481192825922,0.21245828575695622,0.5805469023147845
interictal_053,interictal,2190,2196,,25,EEG Fc2,True,5.379947790629437,1.6829670673264734,0.12048192771084337,0.3958804876033038,3.1314839743599774,0.9116391735730273,0.33164365613357955,0.18329123315224907,0.4850651107141713
interictal_053,interictal,2190,2196,,26,EEG Fc6,True,7.710927514169588,2.757999468318109,0.13318137414522957,0.5083561431308109,2.4018770195001684,0.9472370319044489,0.21940356114917842,0.15357350587599566,0.6270229329748259
interictal_053,interictal,2190,2196,,27,EEG Cp2,True,3.9669184432393836,0.9084542469300565,0.08336046890263758,0.30026333464429095,4.701055515497708,0.9081961207617374,0.35687452919118656,0.23259417376075375,0.4105312970480597
interictal_053,interictal,2190,2196,,28,EEG Cp6,True,4.663476887683838,1.3593700041017098,0.11917942038423966,0.3775874899290655,3.4672495919168074,0.9418265368225053,0.2528202414573431,0.26897889371026207,0.47820086483239477
interictal_053,interictal,2190,2196,,29,EEG F10,True,12.473938293053363,2.2619120389754728,0.04135460761966786,0.22570278897115884,5.937305778133137,0.871329003229947,0.48319309296196383,0.1900232169624575,0.32678369007557867
interictal_054,interictal,2196,2202,,1,EEG Fp1,True,25.747991878516668,4.9742751371145,0.11755128622598503,0.2535276875882694,4.421307298524671,0.7794213244491716,0.6548001900047902,0.07849931302575949,0.2667004969694503
interictal_054,interictal,2196,2202,,2,EEG F3,True,10.89750594792174,4.683882611041908,0.19309671116900032,0.571842732431718,2.1453046044520327,0.9227141802110846,0.29335499704045126,0.13302666600827526,0.5736183369512735
interictal_054,interictal,2196,2202,,3,EEG C3,True,4.583116190113914,1.0434169080202202,0.09833930315858026,0.2915620999124941,4.70279765568256,0.9145732388027118,0.34796104886191337,0.20058004530179235,0.45145890583629433
interictal_054,interictal,2196,2202,,4,EEG P3,True,5.87930200216229,1.2245659647401825,0.09215239335721263,0.27145094527979263,5.037582075696878,0.8869166432865963,0.42201906757063046,0.14665199860784142,0.43132893382152804
interictal_054,interictal,2196,2202,,5,EEG O1,True,7.9764892939207614,2.2612604227177666,0.0986649299902312,0.3656786993226068,3.7866777896304957,0.8266296986307226,0.44026438700441334,0.2517671455234553,0.3079684674721313
interictal_054,interictal,2196,2202,,6,EEG F7,True,14.490394374890123,2.9734533467355417,0.07684793226961902,0.2640073776793149,4.373475710453552,0.831976420636189,0.5692469595747041,0.12058455186959667,0.3101684885556993
interictal_054,interictal,2196,2202,,7,EEG T3,True,6.382086819193101,2.891552230312046,0.1940735916639531,0.5920154309558093,2.113443419714968,0.9408866820694641,0.2826080129986161,0.19254049354930464,0.5248514934520793
interictal_054,interictal,2196,2202,,8,EEG T5,True,7.236925189408554,3.198019317152484,0.1742103549332465,0.5722417709458734,2.2737058206394463,0.9543037232257032,0.21019486412911995,0.13782399734262474,0.6519811385282553
interictal_054,interictal,2196,2202,,9,EEG Fc1,True,3.324750883841359,1.0755619301130543,0.12048192771084337,0.41047499166653745,3.2056732826569627,0.9241368971420417,0.24459852266660226,0.12972137153917734,0.6256801057942204
interictal_054,interictal,2196,2202,,10,EEG Fc5,True,5.844478404641786,2.838022404342317,0.18658417453598178,0.6446062408164895,2.1129898055113574,0.9286846949981822,0.3434834021706039,0.171901366463026,0.4846152313663701
interictal_054,interictal,2196,2202,,11,EEG Cp1,True,3.4042845357378484,0.8851026772059383,0.09671116900032563,0.3368576470996887,4.207019734650183,0.8411969047153132,0.5320884865981652,0.08350427785254791,0.38440723554928696
interictal_054,interictal,2196,2202,,12,EEG Cp5,True,4.396584723734479,1.4801516396603716,0.13904265711494626,0.43565173478639996,3.0742060530416193,0.9218999466367424,0.33804002761529134,0.20754709722591932,0.4544128751587894
interictal_054,interictal,2196,2202,,13,EEG F9,True,9.038424628918591,2.6348782101829404,0.11983067404754151,0.3724022444075183,3.5789762992850638,0.9097039145890766,0.4109111832860906,0.19237266636671177,0.39671615034719765
interictal_054,interictal,2196,2202,,14,EEG Fz,True,8.531600711522135,1.2110847855109919,0.08303484207098664,0.18179928384122618,7.135901158816743,0.8109093878569563,0.588348850859062,0.12213747277271829,0.28951367636821973
interictal_054,interictal,2196,2202,,15,EEG Cz,True,3.5722414226649004,0.9771872810639731,0.10257245197004233,0.35192421434084387,3.7962546659869205,0.9226735039120246,0.1993675834501316,0.09829670393184006,0.7023357126180283
interictal_054,interictal,2196,2202,,16,EEG Pz,True,4.538484892461722,0.9321900457045114,0.07521979811136438,0.2658198802611879,5.25969894498903,0.9084382604504742,0.4157814634689237,0.1630148822715586,0.4212036542595176
interictal_054,interictal,2196,2202,,17,EEG Fp2,True,21.799854858971365,3.1044964230189205,0.09671116900032563,0.182631250124117,6.4014757064563526,0.734140752956407,0.7446769440858938,0.07095739132651262,0.18436566458759357
interictal_054,interictal,2196,2202,,18,EEG F4,True,9.883719671257591,3.4603256341509914,0.14946271572777597,0.4715638523708934,2.619132507146866,0.9218263468866026,0.27428451099391915,0.10905896066029996,0.6166565283457809
interictal_054,interictal,2196,2202,,19,EEG C4,True,4.191539084527623,1.4170541843502378,0.1393682839465972,0.43374355797368763,3.0021626760218494,0.9486445203207385,0.28901350658022673,0.2120346744477907,0.49895181897198243
interictal_054,interictal,2196,2202,,20,EEG P4,True,4.878965091941486,1.256943720865554,0.10647997394985347,0.33626083211522084,3.961834419977789,0.9212587656631593,0.2752932575991711,0.3077945748153671,0.4169121675854618
interictal_054,interictal,2196,2202,,21,EEG O2,True,7.952029973783515,1.719738262124582,0.09671116900032563,0.2810997411714123,4.88394019630139,0.8690935616497895,0.45338505899188475,0.21793307010469415,0.3286818709034211
interictal_054,interictal,2196,2202,,22,EEG F8,True,16.99768726694376,2.2655167385108026,0.06349723217193097,0.1699452147617464,7.38839164552546,0.7513613778451913,0.7302523599723781,0.09391906449372392,0.17582857553389794
interictal_054,interictal,2196,2202,,23,EEG T4,True,9.391987843877304,3.560376866100245,0.14099641810485183,0.5123228965229333,2.1856163746436863,0.9302629017515008,0.20764612300273536,0.09985365437152383,0.692500222625741
interictal_054,interictal,2196,2202,,24,EEG T6,True,7.778496982631589,2.6813301145856747,0.1475089547378704,0.49182901819594493,2.4790179603508116,0.945713028668754,0.22047329609815983,0.2586151567967945,0.5209115471050456
interictal_054,interictal,2196,2202,,25,EEG Fc2,True,4.938536610330719,1.666731299125368,0.135786388798437,0.4266474065833762,2.907950690407314,0.9386359529908159,0.33379709765180865,0.18827362176014953,0.4779292805880418
interictal_054,interictal,2196,2202,,26,EEG Fc6,True,8.387133485095267,3.0143294804638034,0.13904265711494626,0.5056814570474694,2.399728319941032,0.9273196088473571,0.31553722550493557,0.1270227016692004,0.557440072825864
interictal_054,interictal,2196,2202,,27,EEG Cp2,True,3.1903664718862643,0.9449721201999611,0.10647997394985347,0.3852457787076091,3.6190645040878535,0.932553671207728,0.29808338836855264,0.23928902126864582,0.46262759036280154
interictal_054,interictal,2196,2202,,28,EEG Cp6,True,4.820662538428887,1.4035577184762054,0.12276131553239987,0.3738100126613722,3.4982239917337097,0.8963366943381242,0.36071981746859566,0.22830605050984557,0.4109741320215588
interictal_054,interictal,2196,2202,,29,EEG F10,True,11.606642252827449,2.35468438737894,0.06610224682513839,0.2533245978992722,5.18151658852846,0.8124585842506034,0.6046096659812815,0.1291629550894338,0.2662273789292846
interictal_055,interictal,2202,2208,,1,EEG Fp1,True,26.31076477187173,4.999896400100984,0.13871703028329535,0.24560143728765602,4.486141133086619,0.7470251097566358,0.69747433806925,0.06082537378295192,0.24170028814779818
interictal_055,interictal,2202,2208,,2,EEG F3,True,11.20646868931546,4.608164253038157,0.19667860631716053,0.5419755116768306,2.2899545257791267,0.9471152799896858,0.230687460327369,0.10415130264381707,0.665161237028814
interictal_055,interictal,2202,2208,,3,EEG C3,True,3.540150840063649,1.0321897539597262,0.11885379355258874,0.3759738261847498,3.5974419727015863,0.9180319790612018,0.2887111096311227,0.22169904057426515,0.489589849794612
interictal_055,interictal,2202,2208,,4,EEG P3,True,5.8216563254568285,1.2729167462842859,0.08042982741777922,0.2804116123418062,4.872243989632089,0.9219344851788335,0.31228822913661325,0.15928276272500402,0.5284290081383828
interictal_055,interictal,2202,2208,,5,EEG O1,True,7.244447189108304,2.2896420982738235,0.1302507326603712,0.40500602595830715,3.403920079944624,0.892631278424261,0.438661832195434,0.1637455529104554,0.39759261489411074
interictal_055,interictal,2202,2208,,6,EEG F7,True,11.364768051880382,2.9608496522369774,0.1230869423640508,0.33310799298349986,3.4344447407151466,0.9008825089576421,0.39501547400919806,0.12037989624206497,0.48460462974873686
interictal_055,interictal,2202,2208,,7,EEG T3,True,6.754692195884586,2.9898901630054664,0.17974601107131227,0.5744671306528506,2.128541625874709,0.9092873395857427,0.3134114244779875,0.09705381669567432,0.5895347588263383
interictal_055,interictal,2202,2208,,8,EEG T5,True,7.9605090090716875,3.4030917601696156,0.17583848909150113,0.5521359042003023,2.3380189207983704,0.9235711986466276,0.27282935731789515,0.13704481274937613,0.5901258299327288
interictal_055,interictal,2202,2208,,9,EEG Fc1,True,4.029629798294728,1.0819679731047926,0.10387495929664604,0.34424002835169365,3.7251671293226516,0.8913217506456009,0.3213707075281628,0.10496793799194956,0.5736613544798876
interictal_055,interictal,2202,2208,,10,EEG Fc5,True,6.056789610500781,2.8542452224631165,0.185607294041029,0.6168372906336204,2.2164882414098126,0.9120804621486982,0.36674289447183717,0.13880002769864638,0.49445707782951653
interictal_055,interictal,2202,2208,,11,EEG Cp1,True,3.6450485039991634,0.8759779393911665,0.10713122761315533,0.3130656958722772,4.5478185540709255,0.8999819422750736,0.3375789906369401,0.18538428758526507,0.47703672177779477
interictal_055,interictal,2202,2208,,12,EEG Cp5,True,5.023427116986021,1.543840987376416,0.11820253988928688,0.39295102039477336,3.354939143875917,0.8882639145481142,0.3350194033197616,0.1807402605225685,0.48424033615767004
interictal_055,interictal,2202,2208,,13,EEG F9,True,8.547881502840134,2.680477493440581,0.1660696841419733,0.39611849343061606,3.37267718854104,0.8141375934070685,0.6019012038173353,0.10959900265937521,0.28849979352328947
interictal_055,interictal,2202,2208,,14,EEG Fz,True,8.568719493539334,1.246738318379829,0.0882448713774015,0.1848515585805334,6.959335178446795,0.8163822194760056,0.607107093699744,0.0913033679489418,0.30158953835131413
interictal_055,interictal,2202,2208,,15,EEG Cz,True,4.54374454296368,1.0222255657084867,0.0928036470205145,0.2916574261334595,4.426405716001119,0.8622257007285592,0.242381656629654,0.09163312734925624,0.6659852160210897
interictal_055,interictal,2202,2208,,16,EEG Pz,True,4.180126419654258,0.9287186848605345,0.07652230543796809,0.28762389261429894,4.895130630195308,0.8993049229889111,0.42502739330234096,0.1847262572070859,0.39024634949057324
interictal_055,interictal,2202,2208,,17,EEG Fp2,True,25.912956889042228,2.9999999556636006,0.090524259198958,0.14763634647479482,7.8512211414882085,0.6728652260826739,0.8348451258477487,0.06018752894188954,0.10496734521036177
interictal_055,interictal,2202,2208,,18,EEG F4,True,19.21727397518401,3.581952852792069,0.09117551286225985,0.24846973726485871,4.949158319396992,0.9037450052943553,0.40361606720177523,0.1416211886398053,0.45476274415841944
interictal_055,interictal,2202,2208,,19,EEG C4,True,3.730253552699832,1.4568051697589302,0.1602084011722566,0.504730198433756,2.604149718606381,0.8990052566496044,0.3764374896337422,0.14904247086333036,0.4745200395029273
interictal_055,interictal,2202,2208,,20,EEG P4,True,3.8420777458278113,1.2586764626956353,0.13383262780853142,0.4226809588428639,3.163173869015198,0.9269666767820997,0.33591447062363866,0.1912745840145123,0.4728109453618489
interictal_055,interictal,2202,2208,,21,EEG O2,True,6.568131755023205,1.795357300388606,0.11527189840442853,0.34772697786076984,3.9678477812131794,0.9184595299971031,0.3844150246459233,0.18914666549010037,0.4264383098639762
interictal_055,interictal,2202,2208,,22,EEG F8,True,20.313320941086946,2.176030977953519,0.05275154672745034,0.13617557073149747,9.04214445432955,0.6735276695414504,0.8259002236133413,0.05578408908565304,0.11831568730100574
interictal_055,interictal,2202,2208,,23,EEG T4,True,9.512807705515302,3.5420251570424197,0.14620644741126668,0.49560008151567564,2.22914951458518,0.9002226833371079,0.25834711596266163,0.07627272252218993,0.6653801615151483
interictal_055,interictal,2202,2208,,24,EEG T6,True,8.524964972177854,2.7226571439313787,0.12276131553239987,0.45367261899428385,2.680447370687547,0.930708567834549,0.2729806066057792,0.17025821955955844,0.5567611738346623
interictal_055,interictal,2202,2208,,25,EEG Fc2,True,5.4834377280934685,1.7360185303815465,0.13546076196678605,0.4032075810000697,3.051624490866783,0.8562212103048742,0.4428466715301485,0.10571560399352192,0.4514377244763295
interictal_055,interictal,2202,2208,,26,EEG Fc6,True,8.86529977304928,3.0184783028860016,0.14067079127320092,0.4846479001293791,2.4959014486309647,0.8504192979123335,0.4814724447009464,0.11441922978717439,0.40410832551187925
interictal_055,interictal,2202,2208,,27,EEG Cp2,True,3.241288644821425,0.9223842003410377,0.1185281667209378,0.37156299758314576,3.775807726867626,0.8963840627370342,0.39092975238969596,0.18165699733259677,0.4274132502777072
interictal_055,interictal,2202,2208,,28,EEG Cp6,True,4.323010095065531,1.3544048580816268,0.13318137414522957,0.4002943697461703,3.264406508638086,0.9001089659736633,0.4001184515441379,0.1453421338015624,0.4545394146542998
interictal_055,interictal,2202,2208,,29,EEG F10,True,14.226029526347292,2.276941189598784,0.06903288830999674,0.20388763670114152,6.36074317971006,0.7763872942877368,0.6187566351364923,0.1357436968008519,0.24549966806265583
interictal_056,interictal,2208,2214,,1,EEG Fp1,True,16.72149942851795,5.141043471991482,0.17127971344838816,0.3982445730615412,2.796816099235106,0.8657977743750045,0.4631041009117314,0.09080453549405455,0.44609136359421414
interictal_056,interictal,2208,2214,,2,EEG F3,True,9.563677013875967,4.76292881076801,0.20026050146532073,0.6562421032803172,1.8954989285369803,0.9394168672492339,0.15533145012295718,0.07500793501296875,0.769660614864074
interictal_056,interictal,2208,2214,,3,EEG C3,True,4.25552471284395,1.0489215537132737,0.10843373493975904,0.3157222987961214,4.328447433202265,0.9385614395026339,0.3115369188557284,0.16319649579978202,0.5252665853444897
interictal_056,interictal,2208,2214,,4,EEG P3,True,3.7110125207988376,1.2478686304335482,0.13774014978834256,0.4313965674637089,3.179080875170817,0.9089599471211658,0.2801894493264389,0.27785564329114953,0.44195490738241155
interictal_056,interictal,2208,2214,,5,EEG O1,True,7.263156826594594,2.2454770458898072,0.1253663301856073,0.4005302977724449,3.4428391121536914,0.8317458763428739,0.4826168381080881,0.17743854112040422,0.3399446207715077
interictal_056,interictal,2208,2214,,6,EEG F7,True,9.676820962150627,2.944791303438901,0.1335070009768805,0.3923943374255287,2.950256996613255,0.9225927172134463,0.322442767077024,0.12752032927017523,0.5500369036528008
interictal_056,interictal,2208,2214,,7,EEG T3,True,6.628594181946874,3.0561692445292383,0.1777922500814067,0.6038086731519255,2.065903299159963,0.9309844475295084,0.25315310215295933,0.11624208204571937,0.6306048158013213
interictal_056,interictal,2208,2214,,8,EEG T5,True,6.6329306637518,3.5275941716804007,0.22240312601758386,0.6883013687873434,1.8897750219041405,0.9470838741460917,0.22249893414847594,0.1402212501942206,0.6372798156573035
interictal_056,interictal,2208,2214,,9,EEG Fc1,True,3.9003038044919895,1.0868579509771379,0.10354933246499512,0.35468813454801795,3.6920724074854836,0.9034734032315276,0.2300586670843944,0.1219212571040611,0.6480200758115445
interictal_056,interictal,2208,2214,,10,EEG Fc5,True,5.543391632296514,2.8932613943897745,0.2090524259198958,0.6957819988117407,1.9627912065469604,0.9141504807481079,0.24280532645745442,0.11777530234174002,0.6394193712008056
interictal_056,interictal,2208,2214,,11,EEG Cp1,True,3.2367563479512613,0.86769510285339,0.10745685444480625,0.34868693098142517,4.096075789232364,0.8960181499464225,0.3562692395763678,0.2480760154454169,0.3956547449782151
interictal_056,interictal,2208,2214,,12,EEG Cp5,True,7.194903589325085,1.5582674922181394,0.12601758384890915,0.2787006959859695,4.727789899431536,0.9345460754029609,0.32164977918744087,0.1685133342304149,0.5098368865821444
interictal_056,interictal,2208,2214,,13,EEG F9,True,6.925354781468003,2.5809469256111885,0.1602084011722566,0.47516438222977236,2.8515890165667477,0.8455933779043049,0.5455966927151548,0.15667295548326832,0.297730351801577
interictal_056,interictal,2208,2214,,14,EEG Fz,True,5.588254505308818,1.2244560822537267,0.07749918593292088,0.2770582391099923,4.687736387802632,0.8624332061290042,0.5143828626660991,0.17178713135548293,0.313830005978418
interictal_056,interictal,2208,2214,,15,EEG Cz,True,3.4369989615079075,1.0076634773129032,0.11657440573103224,0.3734741270985577,3.5754978324633755,0.9028964588294567,0.26434987226895396,0.15921683160750322,0.5764332961235428
interictal_056,interictal,2208,2214,,16,EEG Pz,True,3.6170529142608614,0.921045613698783,0.11396939107782482,0.3282813842597792,4.324318673244493,0.8915688202187914,0.41198117764951536,0.2630791009943224,0.3249397213561622
interictal_056,interictal,2208,2214,,17,EEG Fp2,True,14.847367879874435,3.1074699429118824,0.10094431781178768,0.2686130050048405,4.319669042926433,0.7488138940325177,0.6909176826288271,0.1397119783288235,0.16937033904234938
interictal_056,interictal,2208,2214,,18,EEG F4,True,8.925474651332824,3.470750717383847,0.14816020840117225,0.5196868720791378,2.366706118668334,0.9225188077556071,0.2690143258132107,0.11781003903089994,0.6131756351558894
interictal_056,interictal,2208,2214,,19,EEG C4,True,5.182246976848068,1.4652943572494979,0.10094431781178768,0.36375434005385754,3.6162322171704644,0.8998909315770341,0.35637112847472546,0.1523153833416791,0.4913134881835955
interictal_056,interictal,2208,2214,,20,EEG P4,True,3.853647269607757,1.3325634845673497,0.1302507326603712,0.45019886378101653,3.02852823410008,0.9383273534714566,0.21064747760244618,0.22464249086207805,0.5647100315354757
interictal_056,interictal,2208,2214,,21,EEG O2,True,5.087940924407061,1.7489559701512023,0.13383262780853142,0.44511709856497217,3.0813023037523157,0.902385610868357,0.3506514946406583,0.19054537237259747,0.4588031329867442
interictal_056,interictal,2208,2214,,22,EEG F8,True,14.411866578277976,2.2933965606426607,0.05535656138065777,0.2032149961076645,6.079231583998595,0.7543593109136328,0.6941962678954008,0.15259694062254525,0.15320679148205404
interictal_056,interictal,2208,2214,,23,EEG T4,True,8.744423342687238,3.603763026303957,0.15402149137088897,0.5457685554881723,2.081565102567205,0.886138954810417,0.1416864423800371,0.06857234624438507,0.7897412113755777
interictal_056,interictal,2208,2214,,24,EEG T6,True,7.275258120202145,2.892378644949406,0.16802344513187886,0.5613675827496708,2.178478882176311,0.9472948158018899,0.2187175941809071,0.19580139001554236,0.5854810158035506
interictal_056,interictal,2208,2214,,25,EEG Fc2,True,4.793411669161024,1.742730751430069,0.14946271572777597,0.4581448714284687,2.6711005946185487,0.9170837184397214,0.32597481940761086,0.12618121426647155,0.5478439663259176
interictal_056,interictal,2208,2214,,26,EEG Fc6,True,7.888769514487315,3.1595295063436777,0.14685770107456855,0.568968476297605,2.120141575028238,0.9117329864712589,0.2804300160548636,0.12034691602464541,0.599223067920491
interictal_056,interictal,2208,2214,,27,EEG Cp2,True,3.3449865259242197,0.9625091456249995,0.10322370563334418,0.3702294520710284,3.8335647055131177,0.9107319967995592,0.3678905123334916,0.22635488102842238,0.40575460663808594
interictal_056,interictal,2208,2214,,28,EEG Cp6,True,4.537090258347301,1.479012676894963,0.12862259850211658,0.4213374273560326,3.13711542276056,0.9236434118634804,0.292493905943428,0.15293347684318062,0.5545726172133915
interictal_056,interictal,2208,2214,,29,EEG F10,True,10.283172954689359,2.33714731773526,0.0928036470205145,0.28722267919982636,4.611935939444078,0.8501068352047818,0.4481212631423003,0.19403589527230816,0.3578428415853916
interictal_057,interictal,2214,2220,,1,EEG Fp1,True,32.637259724104425,7.756580977659188,0.12471507652230544,0.3254877865918026,3.4814435527027077,0.8388012892436982,0.5085348972559357,0.12129941518425667,0.37016568755980755
interictal_057,interictal,2214,2220,,2,EEG F3,True,28.196108432917647,6.794026501495389,0.11364376424617388,0.33501702810774464,3.561397969972435,0.9260051478457892,0.19421021593265758,0.09116808411032308,0.7146216999570193
interictal_057,interictal,2214,2220,,3,EEG C3,True,10.654685498340463,1.4316511884378431,0.07912732009117551,0.18445301248727944,7.593807281679705,0.881654398746989,0.4019705468866401,0.20278788513537693,0.39524156797798293
interictal_057,interictal,2214,2220,,4,EEG P3,True,8.770300840629945,1.4488471890585177,0.08954737870400521,0.22762395978984384,6.008687397349574,0.9230665162091406,0.30062711273205833,0.2148247981394481,0.48454808912849345
interictal_057,interictal,2214,2220,,5,EEG O1,True,27.60686914619634,2.1467803456909356,0.02963204168023445,0.10688218428235643,12.714633867519417,0.8628013654441498,0.5364026914399366,0.21860676444318408,0.24499054411687926
interictal_057,interictal,2214,2220,,6,EEG F7,True,69.03520747041264,4.2375895796209475,0.034190817323347444,0.08342000100274531,13.550382406276077,0.8446715405363683,0.4732645801283414,0.18376675680636992,0.3429686630652887
interictal_057,interictal,2214,2220,,7,EEG T3,True,29.42431152284265,3.9712283226894387,0.07326603712145881,0.18987984528278906,6.478688480951116,0.9292892347091921,0.24376056377970148,0.24922752389545066,0.5070119123248479
interictal_057,interictal,2214,2220,,8,EEG T5,True,13.87423707352648,2.814733262924728,0.12276131553239987,0.29731170151649716,4.121802195442156,0.9290128067299971,0.2376370597966531,0.19187963166811575,0.5704833085352312
interictal_057,interictal,2214,2220,,9,EEG Fc1,True,10.382071309521566,1.4768527341278779,0.06805600781504396,0.19635980564970196,6.91058176063081,0.8653658182193037,0.48214121364992496,0.11750903953899017,0.4003497468110848
interictal_057,interictal,2214,2220,,10,EEG Fc5,True,27.349330802080683,3.5156210960654484,0.06610224682513839,0.17367661106649201,7.98492647737709,0.860696903046063,0.40573126221423517,0.24306185847002887,0.35120687931573585
interictal_057,interictal,2214,2220,,11,EEG Cp1,True,6.907234143824111,1.165563834694665,0.05405405405405406,0.23904735083437975,6.104347377407138,0.9167637573069185,0.35146642349230506,0.24169352894240836,0.4068400475652866
interictal_057,interictal,2214,2220,,12,EEG Cp5,True,15.37567861444859,1.7556655252486566,0.04623901009443178,0.15615333932078523,8.427016113823496,0.9216031473370664,0.2804644428037384,0.22752648780181864,0.49200906939444294
interictal_057,interictal,2214,2220,,13,EEG F9,True,46.2724666557874,3.2074349657934476,0.08563985672419408,0.08965600114373198,14.927763210899407,0.878370039819903,0.42614905722363267,0.2532579074334503,0.32059303534291717
interictal_057,interictal,2214,2220,,14,EEG Fz,True,11.036081902739484,1.8631548561518851,0.06707912732009118,0.23816795302221744,5.408345879198287,0.8614325135058402,0.5149005851046891,0.1520383512181361,0.33306106367717475
interictal_057,interictal,2214,2220,,15,EEG Cz,True,4.313692845854104,1.2150578200941073,0.13513513513513514,0.4000717876573573,3.55546874732867,0.8864656671980291,0.4126930113475149,0.18317260461740195,0.4041343840350832
interictal_057,interictal,2214,2220,,16,EEG Pz,True,14.334220530104538,1.1721911242051568,0.027352653858677956,0.11544136366975796,12.513339328007383,0.8888745563128629,0.4045602665053139,0.16812945220530684,0.42731028128937926
interictal_057,interictal,2214,2220,,17,EEG Fp2,True,52.46588119818574,7.125320704683425,0.03353956366004559,0.21644817160451535,5.18970649654357,0.8582764285437198,0.4937722207012268,0.11678800376286969,0.38943977553590353
interictal_057,interictal,2214,2220,,18,EEG F4,True,42.035866681889615,6.600145006051667,0.060240963855421686,0.22473767565742317,4.870745798391649,0.9468897933900445,0.16729748088302274,0.1261859273751964,0.7065165917417807
interictal_057,interictal,2214,2220,,19,EEG C4,True,12.743367642752611,1.8502768910196012,0.08954737870400521,0.19641472097148635,6.871440865663708,0.91964643128654,0.3262379040067269,0.23396562141156924,0.4397964745817038
interictal_057,interictal,2214,2220,,20,EEG P4,True,8.192921287152814,1.5148241139664342,0.09182676652556171,0.2554664621940408,5.499864339983255,0.8750923448372454,0.4414646421314248,0.18141242427811513,0.37712293359046
interictal_057,interictal,2214,2220,,21,EEG O2,True,11.685920876040235,1.9213687620347581,0.058938456528817976,0.2197961483181857,6.399345444465101,0.8205465619269617,0.5488388600138665,0.14202542327328133,0.3091357167128522
interictal_057,interictal,2214,2220,,22,EEG F8,True,105.10213340550536,3.9031768822403086,0.013350700097688049,0.05056849953553494,22.89695107271547,0.8084721175971343,0.5928358381674049,0.08869296301083349,0.31847119882176167
interictal_057,interictal,2214,2220,,23,EEG T4,True,33.40535638484873,5.271381846942251,0.06219472484532725,0.23344931986060619,5.211278513275342,0.9530215076142717,0.21424954585217568,0.14602491877910534,0.639725535368719
interictal_057,interictal,2214,2220,,24,EEG T6,True,12.298254182918766,3.569061473272464,0.14229892543145556,0.4122277364062001,3.04001709633132,0.9224270216725853,0.3103515552403301,0.1783925746669288,0.5112558700927411
interictal_057,interictal,2214,2220,,25,EEG Fc2,True,19.50013733467339,1.9652899735729639,0.03809833930315858,0.13504155157101197,9.40015507614592,0.8807687462798185,0.47012822197022486,0.1519334481951312,0.377938329834644
interictal_057,interictal,2214,2220,,26,EEG Fc6,True,33.13724058581882,3.9917754806384815,0.07521979811136438,0.16703621262023183,7.680679203612939,0.9079520847752015,0.3641570654404753,0.15734241934748674,0.47850051521203796
interictal_057,interictal,2214,2220,,27,EEG Cp2,True,6.632355398469219,1.1800693017734465,0.095083034842071,0.25283030166325693,5.774242766257786,0.8595960125686938,0.5226820410212678,0.11872979650664947,0.3585881624720828
interictal_057,interictal,2214,2220,,28,EEG Cp6,True,15.160468158799928,1.9110082993557,0.04395962227287528,0.16994951181181145,7.842963248421854,0.8888688281553894,0.3673044740387404,0.24841112500836743,0.3842844009528922
interictal_057,interictal,2214,2220,,29,EEG F10,True,52.242261816721694,3.0984189249764453,0.03744708563985672,0.07852008057554628,16.715839884191872,0.8151166224594268,0.5737236716937228,0.13335485794444946,0.29292147036182775
interictal_058,interictal,2220,2226,,1,EEG Fp1,True,30.71830742863288,5.6800425130856596,0.11136437642461738,0.23820978742490267,4.666058394122843,0.7418728319564367,0.7228016699590064,0.0808085899842632,0.19638974005673032
interictal_058,interictal,2220,2226,,2,EEG F3,True,15.033786920624287,5.358651102261579,0.15304461087593618,0.45956984153719066,2.627170507884412,0.8984926695406503,0.35633176125372323,0.08949913818011158,0.5541691005661652
interictal_058,interictal,2220,2226,,3,EEG C3,True,4.277211383096906,1.1098645169374317,0.10485183979159883,0.33805608851369945,3.953493110228816,0.9109651501833937,0.3473671586695381,0.11669600448220714,0.5359368368482548
interictal_058,interictal,2220,2226,,4,EEG P3,True,6.696601456274551,1.1146646879432274,0.05047215890589384,0.21697060131220813,6.172592582236881,0.9060262766954772,0.3299832198779988,0.22756769926856096,0.4424490808534403
interictal_058,interictal,2220,2226,,5,EEG O1,True,9.009952466496896,1.6539719896298717,0.07684793226961902,0.23527947756919113,5.722725246046445,0.9019435490745555,0.3781555393873754,0.2554329395941146,0.36641152101850993
interictal_058,interictal,2220,2226,,6,EEG F7,True,15.633209667973198,2.9361607202259075,0.095083034842071,0.24130717798892581,4.819702007342019,0.8153888903594044,0.57223324426907,0.18803313256401427,0.2397336231669157
interictal_058,interictal,2220,2226,,7,EEG T3,True,7.6068101695371935,2.604064906699875,0.13253012048192772,0.46336958153025376,2.6935007726664475,0.9244283972818877,0.2405112408867203,0.30236945806431936,0.4571193010489604
interictal_058,interictal,2220,2226,,8,EEG T5,True,6.612642389521175,1.661172182323966,0.11494627157277759,0.32839531029197483,3.933804176246926,0.8978254176863696,0.3839065929534389,0.1754495945612437,0.4406438124853175
interictal_058,interictal,2220,2226,,9,EEG Fc1,True,5.296712253962095,1.1433860344199653,0.09215239335721263,0.2790768783722836,4.674832421711829,0.8621211611399209,0.4183882650393147,0.09876212229143536,0.48284961266924986
interictal_058,interictal,2220,2226,,10,EEG Fc5,True,7.300829465704665,2.6867298655596064,0.15890589384565287,0.49236765404364274,2.7517140031362555,0.8802254858649331,0.4279699360415889,0.22851460254460995,0.3435154614138011
interictal_058,interictal,2220,2226,,11,EEG Cp1,True,4.558127795513358,0.9257479556958418,0.07880169325952459,0.2687574813500455,5.222258102242531,0.9496168017736553,0.24411827251889057,0.20061918426866676,0.5552625432124426
interictal_058,interictal,2220,2226,,12,EEG Cp5,True,5.7583418828736335,1.1979428688329532,0.07521979811136438,0.266356673294239,5.016533977147588,0.9237093316372997,0.2730445079976121,0.23903013311076812,0.4879253588916197
interictal_058,interictal,2220,2226,,13,EEG F9,True,8.849164807588286,2.5227029636808997,0.11429501790947574,0.36300727927666776,3.716311477673848,0.8809892000364543,0.31288180367028795,0.37631639235589726,0.3108018039738149
interictal_058,interictal,2220,2226,,14,EEG Fz,True,10.684584860553764,1.3060442640356724,0.07587105177466623,0.1543197723511161,8.26586114294308,0.7391339315277415,0.7209183018460473,0.08269925040556739,0.19638244774838529
interictal_058,interictal,2220,2226,,15,EEG Cz,True,4.191924794675393,1.0336265549917718,0.09996743731683491,0.3226946235684324,4.104789966056171,0.901912980179661,0.25056118098024643,0.11942424916841198,0.6300145698513416
interictal_058,interictal,2220,2226,,16,EEG Pz,True,4.6741638708388615,0.938077849772467,0.08759361771409964,0.26383633630828857,5.296729162561386,0.9409193241860226,0.2859455572956224,0.2650822138201179,0.4489722288842598
interictal_058,interictal,2220,2226,,17,EEG Fp2,True,29.855712898106667,3.6221541598897127,0.04884402474763921,0.15770209528255044,7.114678675547996,0.6785680477690753,0.7774298970347671,0.0935112673374139,0.12905883562781906
interictal_058,interictal,2220,2226,,18,EEG F4,True,13.588174400861625,4.4610282881478955,0.14327580592640835,0.4418599523057677,2.683051282569648,0.91508700989721,0.26127345364474974,0.09040093723245551,0.6483256091227948
interictal_058,interictal,2220,2226,,19,EEG C4,True,5.172157917875223,1.4338625692391733,0.10550309345490068,0.36181596855065556,3.631924841410365,0.9496997215691068,0.1975055303422677,0.15417128174730182,0.6483231879104304
interictal_058,interictal,2220,2226,,20,EEG P4,True,5.189365353134853,1.2670778503672775,0.09573428850537284,0.3218416730277753,4.203754892365005,0.9227297707438995,0.27037076653229164,0.1286595129072349,0.6009697205604734
interictal_058,interictal,2220,2226,,21,EEG O2,True,8.211082106553366,1.7144439247005785,0.09443178117876913,0.27185087552743264,5.025283869957607,0.912131599273308,0.3549319622647227,0.14257487271622318,0.502493165019054
interictal_058,interictal,2220,2226,,22,EEG F8,True,20.840799827837028,2.648132575103575,0.03972647346141322,0.16331590977679145,7.464810455467752,0.7712901251798976,0.6821872108846341,0.1002127311293007,0.21760005798606524
interictal_058,interictal,2220,2226,,23,EEG T4,True,11.257489840928066,3.749197934531616,0.13643764246173884,0.4456018211853116,2.6091234446476665,0.8972821387000944,0.2880270265782891,0.06958815519195484,0.6423848182297559
interictal_058,interictal,2220,2226,,24,EEG T6,True,10.020038929639131,3.3334385923736445,0.12601758384890915,0.449615241097463,2.746052016970726,0.8915597691468576,0.414093120248217,0.09163941858743282,0.4942674611643503
interictal_058,interictal,2220,2226,,25,EEG Fc2,True,6.757650645341214,1.5906646245125564,0.09019863236730706,0.3023159819588222,4.067429792974501,0.9323615083721454,0.28343960707562027,0.16910352663729544,0.5474568662870842
interictal_058,interictal,2220,2226,,26,EEG Fc6,True,9.360497464236223,3.1740529133377753,0.14360143275805926,0.4707705223492434,2.6111878640615593,0.8901265818214935,0.3839392206663235,0.10244252979897195,0.5136182495347046
interictal_058,interictal,2220,2226,,27,EEG Cp2,True,3.8010900134652568,0.9365548955619323,0.11201563008791925,0.32474457170824395,4.347822465006826,0.9614799166121107,0.21555582950527336,0.2223447645118729,0.5620994059828538
interictal_058,interictal,2220,2226,,28,EEG Cp6,True,6.206156998581985,1.629239793378828,0.10973624226636275,0.3396878106520439,3.8177260636438626,0.8726076474270265,0.43180356156111016,0.10502306200019869,0.4631733764386911
interictal_058,interictal,2220,2226,,29,EEG F10,True,16.29963706073293,2.35367360302612,0.06675350048844025,0.18281872457236809,7.120771468776769,0.7589097451653397,0.6653013699785697,0.0876250828579425,0.24707354716348784
interictal_059,interictal,2226,2232,,1,EEG Fp1,True,28.022659207390234,5.110261816438695,0.08270921523933572,0.23607223628040439,4.584151851102428,0.7909240422168711,0.655379681500729,0.08605268918207007,0.25856762931720095
interictal_059,interictal,2226,2232,,2,EEG F3,True,13.148852553392794,4.893056566394819,0.1647671768153696,0.4865915698970035,2.5353032004696447,0.9262694226124923,0.2602185178463837,0.08084100464313135,0.6589404775104849
interictal_059,interictal,2226,2232,,3,EEG C3,True,4.300906867530504,1.0028434551402863,0.09182676652556171,0.30110478753267533,4.603884189500116,0.8548213603286458,0.478492788777166,0.13960431779709195,0.381902893425742
interictal_059,interictal,2226,2232,,4,EEG P3,True,4.665535295283501,1.0298018536257942,0.08889612504070335,0.2871793233348148,4.695148714640857,0.9301623677896962,0.26529804079680347,0.17775634783612154,0.556945611367075
interictal_059,interictal,2226,2232,,5,EEG O1,True,8.00920787171861,1.489967938125553,0.0674047541517421,0.2396934294796567,5.398870389577946,0.8777405408454286,0.47426930493019637,0.15526357279174968,0.37046712227805395
interictal_059,interictal,2226,2232,,6,EEG F7,True,16.22060969276398,2.8216017473293205,0.04819277108433735,0.2247520672926042,5.112192502082047,0.8057950945711861,0.6110805514342236,0.12057140655722827,0.26834804200854806
interictal_059,interictal,2226,2232,,7,EEG T3,True,6.566761394831168,2.3254301451884523,0.11983067404754151,0.4786709596244392,2.6287030604595887,0.9389722784062915,0.26959517661473326,0.2478273626712431,0.4825774607140237
interictal_059,interictal,2226,2232,,8,EEG T5,True,6.017197151527778,1.4881311197048648,0.10192119830674047,0.32336093724489956,3.946657179464671,0.9221617252793415,0.29460583218301356,0.17377768413304256,0.5316164836839439
interictal_059,interictal,2226,2232,,9,EEG Fc1,True,4.659184126525187,1.0843634841484537,0.0941061543471182,0.2982164553233695,4.377643560079451,0.8818318468089109,0.3856311215482634,0.13272491228713335,0.4816439661646032
interictal_059,interictal,2226,2232,,10,EEG Fc5,True,6.335714917026525,2.508307472665857,0.14620644741126668,0.5366637749050823,2.564979866355193,0.8686446027209167,0.4650921908674629,0.15185445855080296,0.38305335058173423
interictal_059,interictal,2226,2232,,11,EEG Cp1,True,3.5622417492040257,0.847154757192422,0.08987300553565614,0.31404775115098277,4.485042808104487,0.9007938662261953,0.471509077092971,0.13703662277237103,0.39145430013465793
interictal_059,interictal,2226,2232,,12,EEG Cp5,True,4.8947630499419,1.1011026300084226,0.09540866167372192,0.2920320859807359,4.602186815127489,0.9613674159701439,0.23170561558153022,0.1920763877419368,0.576217996676533
interictal_059,interictal,2226,2232,,13,EEG F9,True,7.709254670811114,2.4124425753745466,0.1162487788993813,0.3994435319842393,3.3148441362077823,0.8424464488619039,0.545477668580399,0.1807358000563456,0.2737865313632554
interictal_059,interictal,2226,2232,,14,EEG Fz,True,8.744044786134667,1.2103745682387284,0.0592640833604689,0.17731170561883022,7.172969049735829,0.8767085994840944,0.47939553723569367,0.17701766418843262,0.3435867985758737
interictal_059,interictal,2226,2232,,15,EEG Cz,True,4.7125748950062185,0.9576833152702018,0.07880169325952459,0.26237839347761743,5.0220476521585296,0.9026208580526545,0.3523844276174269,0.1309575327017744,0.5166580396807987
interictal_059,interictal,2226,2232,,16,EEG Pz,True,4.052577135535701,0.8751808574075821,0.10745685444480625,0.2832387423292035,4.888307217212649,0.9132793316353708,0.4308523292985774,0.18005240138023482,0.3890952693211877
interictal_059,interictal,2226,2232,,17,EEG Fp2,True,26.8721708331081,3.260599548668191,0.0592640833604689,0.15620634982082068,7.113090244451256,0.7215855465211675,0.7705362038761391,0.07910263140175972,0.15036116472210126
interictal_059,interictal,2226,2232,,18,EEG F4,True,11.125764682494301,3.5093569114096907,0.14457831325301204,0.42177917903594725,2.841814056697511,0.9300480384392006,0.25997216075035795,0.09644145933035643,0.6435863799192857
interictal_059,interictal,2226,2232,,19,EEG C4,True,4.784747151253303,1.3216143846495838,0.10941061543471182,0.35781666531888523,3.651602393583667,0.921430040797691,0.363689984869742,0.1574169164771935,0.47889309865306445
interictal_059,interictal,2226,2232,,20,EEG P4,True,4.6325800010700044,1.2231840416897093,0.10973624226636275,0.3437461775304978,3.849919900872654,0.9255411053379563,0.30672570854845466,0.1613402265633956,0.5319340648881499
interictal_059,interictal,2226,2232,,21,EEG O2,True,7.29516173625109,1.4910307857212899,0.07847606642787365,0.26228391875638996,5.032042410342569,0.8966973089651402,0.3788629158857113,0.14642401146026768,0.47471307265402096
interictal_059,interictal,2226,2232,,22,EEG F8,True,21.887388552855832,2.347914889634966,0.047215890589384565,0.13920231436336553,8.476194526843601,0.7923277934534442,0.657444238652627,0.07349777583815321,0.26905798550921967
interictal_059,interictal,2226,2232,,23,EEG T4,True,9.804362574975475,3.465481709070173,0.13708889612504072,0.46855703605368293,2.5377970403304695,0.9362030116615528,0.26774829100984815,0.0782955595552403,0.6539561494349115
interictal_059,interictal,2226,2232,,24,EEG T6,True,9.73243522311089,2.9658522411395456,0.11885379355258874,0.408914952391818,3.055395973615901,0.939780254545941,0.2869820054815351,0.159444950084557,0.5535730444339079
interictal_059,interictal,2226,2232,,25,EEG Fc2,True,4.713426082766527,1.503812542076805,0.13806577661999347,0.40252645126552555,2.9904346782621665,0.9241078863780737,0.3473088267870791,0.14005566922239948,0.5126355039905215
interictal_059,interictal,2226,2232,,26,EEG Fc6,True,8.7362796092304,2.8218487674973374,0.12601758384890915,0.4468609711627694,2.721841057992776,0.9210837164767526,0.36456129002892423,0.09924663286885888,0.5361920771022168
interictal_059,interictal,2226,2232,,27,EEG Cp2,True,3.8144074129883974,0.8822119463982644,0.08922175187235429,0.30187005459289445,4.653062202795898,0.9054869056717484,0.33180032096926776,0.24909436884633385,0.4191053101843984
interictal_059,interictal,2226,2232,,28,EEG Cp6,True,6.357996692250572,1.5325598802162554,0.095083034842071,0.3111990467485046,4.192874345791171,0.9101504893902508,0.3902390082084569,0.14500130774159894,0.4647596840499441
interictal_059,interictal,2226,2232,,29,EEG F10,True,15.280514357605874,2.202144932920141,0.04916965157929013,0.18228096808563005,7.089107125949791,0.8377314981901468,0.6156363978322674,0.11992210447126363,0.2644414976964689
interictal_060,interictal,2232,2238,,1,EEG Fp1,True,34.0612287318532,5.149624033875636,0.09833930315858026,0.1955498392810668,5.58534339766217,0.786103658049636,0.666218397076563,0.08494748195391444,0.2488341209695225
interictal_060,interictal,2232,2238,,2,EEG F3,True,14.797910495880785,5.2825935228146585,0.17193096711169,0.46609794386978687,2.5979615861476155,0.924158182661654,0.2855004758015826,0.11296843702156262,0.6015310871768548
interictal_060,interictal,2232,2238,,3,EEG C3,True,3.4913649402364646,1.0542711886816858,0.12211006186909801,0.3919465606202875,3.451347655864809,0.9319258936298748,0.24681468405731008,0.16200436106267815,0.5911809548800118
interictal_060,interictal,2232,2238,,4,EEG P3,True,7.299645579177108,1.1112255362622918,0.07587105177466623,0.1973404135058625,6.857561540039367,0.9137241863031869,0.30221955614200174,0.14747185525384948,0.5503085886041488
interictal_060,interictal,2232,2238,,5,EEG O1,True,7.738679570504246,1.5543092161883656,0.07880169325952459,0.25629470758572626,5.1949124806363285,0.8578311063350623,0.5252182005965116,0.15792719865705904,0.31685460074642946
interictal_060,interictal,2232,2238,,6,EEG F7,True,16.91209298161849,2.8646058084039034,0.05600781504395962,0.22036389256196917,5.286726517433452,0.8599662442004486,0.496936903083818,0.14096809529532736,0.3620950016208548
interictal_060,interictal,2232,2238,,7,EEG T3,True,6.821332883855389,2.3820207067848105,0.14262455226310647,0.4671038536222054,2.7149192979776218,0.940373567695929,0.2643788513672483,0.21331163840026268,0.5223095102324891
interictal_060,interictal,2232,2238,,8,EEG T5,True,7.259730129540504,1.534561403827199,0.08661673721914685,0.27504541935903953,4.743773561054164,0.9258538040422296,0.3092690417550294,0.20150207662813124,0.4892288816168394
interictal_060,interictal,2232,2238,,9,EEG Fc1,True,5.117555458718312,1.1136499685911796,0.08303484207098664,0.2804871708404204,4.578759753014404,0.9147708613392012,0.22647785983058574,0.09069568136600219,0.6828264588034121
interictal_060,interictal,2232,2238,,10,EEG Fc5,True,6.79120857260133,2.558390144810651,0.15239335721263433,0.5047539346935611,2.6633963021789997,0.9206481958291165,0.3385578582460206,0.14258386065440876,0.5188582810995707
interictal_060,interictal,2232,2238,,11,EEG Cp1,True,3.6098125020855454,0.8931504750327094,0.09736242266362748,0.3260077350361898,4.318107067441123,0.935056482462079,0.2940566681289182,0.15703118689834403,0.5489121449727379
interictal_060,interictal,2232,2238,,12,EEG Cp5,True,5.640844883982912,1.1694943046766573,0.08563985672419408,0.26899969613505464,5.034473627541669,0.9324467808699252,0.22848355573533427,0.1740990737943867,0.597417370470279
interictal_060,interictal,2232,2238,,13,EEG F9,True,10.71032717281706,2.472451565405887,0.090524259198958,0.2956382272751049,4.553161680289187,0.8607149381863939,0.5256910979563206,0.21366952330886355,0.26063937873481585
interictal_060,interictal,2232,2238,,14,EEG Fz,True,12.245169093698486,1.2620505859096074,0.040703353956366005,0.13180301049545876,9.607013803039786,0.8341518673699029,0.5980759286909741,0.11930579094258786,0.28261828036643816
interictal_060,interictal,2232,2238,,15,EEG Cz,True,5.4389516071710196,1.034849449484132,0.06935851514164768,0.2466383355371576,5.174085471760404,0.9074665146319814,0.17901286693309745,0.08272148980681711,0.7382656432600854
interictal_060,interictal,2232,2238,,16,EEG Pz,True,4.185781669605037,0.9006755833806258,0.07391729078476067,0.28051246571024024,5.00940859665206,0.9163542451737109,0.4117174237993473,0.2217634270841043,0.36651914911654837
interictal_060,interictal,2232,2238,,17,EEG Fp2,True,37.960164333038435,3.421213079173776,0.06121784435037447,0.12268449741217828,9.228642441526809,0.7035252341570071,0.8060436802255586,0.09443056930122386,0.09952575047321752
interictal_060,interictal,2232,2238,,18,EEG F4,True,14.203018114403397,3.7561313132791,0.13774014978834256,0.35751698297026135,3.3948925617014183,0.9129124100834918,0.314997978821872,0.10742537369726123,0.5775766474808667
interictal_060,interictal,2232,2238,,19,EEG C4,True,4.994907466846761,1.3792166222084865,0.10550309345490068,0.3572193988807116,3.6602376052285734,0.914929893109304,0.36408746880856324,0.2014190010269217,0.4344935301645152
interictal_060,interictal,2232,2238,,20,EEG P4,True,4.44684844225456,1.174342600341432,0.11331813741452296,0.3440466766027278,3.947654155503679,0.9339783946693673,0.2586765701434639,0.18844597930811902,0.5528774505484172
interictal_060,interictal,2232,2238,,21,EEG O2,True,7.839803967255238,1.5346821682454874,0.09443178117876913,0.251559881281588,5.357615617923428,0.8296109088602225,0.5825870492623002,0.10708821178214506,0.3103247389555548
interictal_060,interictal,2232,2238,,22,EEG F8,True,25.97898896405218,2.442078444422851,0.030934549006838164,0.12636188094132508,9.458358125249847,0.718181663910095,0.8028770203442906,0.0990671769633298,0.09805580269237965
interictal_060,interictal,2232,2238,,23,EEG T4,True,9.245809564629218,3.5860146744519033,0.16118528166720938,0.5159909992915325,2.2687502829169386,0.9448855604445903,0.1475615535137414,0.18303607650301132,0.6694023699832472
interictal_060,interictal,2232,2238,,24,EEG T6,True,9.142415630083375,2.98972335181492,0.13318137414522957,0.43671258968034327,2.851283321645945,0.9367862275567518,0.20117095249659347,0.20705443650308894,0.5917746110003176
interictal_060,interictal,2232,2238,,25,EEG Fc2,True,5.039702559676276,1.534424742360729,0.13513513513513514,0.38744787071746867,3.1537553903950295,0.9323143065390753,0.28356111395890804,0.16169145345278774,0.5547474325883044
interictal_060,interictal,2232,2238,,26,EEG Fc6,True,9.652197247909186,2.8493593203922822,0.10647997394985347,0.4125346907553649,2.944590949674773,0.9024394787263809,0.40218393769448196,0.1383343843764613,0.45948167792905675
interictal_060,interictal,2232,2238,,27,EEG Cp2,True,3.7004070705457948,0.8922431780445276,0.09833930315858026,0.31597352776944626,4.46907331336915,0.9414221788939264,0.3217140736206827,0.21535529047852317,0.4629306359007941
interictal_060,interictal,2232,2238,,28,EEG Cp6,True,5.018737636471465,1.4833382484344597,0.09833930315858026,0.379334536659324,3.413489138436163,0.9434296817294993,0.21507898800178782,0.27259232677287004,0.5123286852253423
interictal_060,interictal,2232,2238,,29,EEG F10,True,12.461465880829502,2.266247832346778,0.07521979811136438,0.2304952611599145,5.59960796844372,0.8890395598512532,0.4396360014039854,0.20638575056916586,0.3539782480268488
interictal_061,interictal,2238,2244,,1,EEG Fp1,True,29.000491238491808,4.95985801876196,0.06707912732009118,0.2216755345703408,4.965757928156347,0.8015635047037895,0.63288906186084,0.09980759163257677,0.2673033465065831
interictal_061,interictal,2238,2244,,2,EEG F3,True,13.806406552341212,5.137734882902406,0.16281341582546402,0.48537857272354196,2.548757791643306,0.9377622048777774,0.2882223417299403,0.11792968180347595,0.5938479764665837
interictal_061,interictal,2238,2244,,3,EEG C3,True,4.270664391336808,1.062826800010193,0.0801042005861283,0.32030341300779086,4.226745877771444,0.9406364777987825,0.25657424600446654,0.11834512153093109,0.6250806324646024
interictal_061,interictal,2238,2244,,4,EEG P3,True,4.734318269059338,1.061005038837864,0.07717355910126994,0.2914289970476362,4.663140796279937,0.9298299729219901,0.35166636148277886,0.13269828601150058,0.5156353525057205
interictal_061,interictal,2238,2244,,5,EEG O1,True,7.665078816225575,1.5292545609010522,0.0801042005861283,0.25432475973657814,5.113121202131728,0.8942122695371884,0.41302247166911454,0.12608666248898756,0.4608908658418979
interictal_061,interictal,2238,2244,,6,EEG F7,True,18.103612188053383,2.792360428225283,0.030608922175187236,0.1983117099191233,5.743592929042935,0.8838586160022452,0.38944414732070637,0.1760372327686879,0.4345186199106058
interictal_061,interictal,2238,2244,,7,EEG T3,True,6.307384253584346,2.3898849853918875,0.14978834255942688,0.5042156447799123,2.491959442429756,0.935570867348819,0.25360291914147953,0.1507295964265953,0.5956674844319251
interictal_061,interictal,2238,2244,,8,EEG T5,True,8.758489560117413,1.5533415499166177,0.06284597850862911,0.23357496628707008,5.347880146721683,0.9038524906040938,0.34914040161495646,0.114396347324157,0.5364632510608865
interictal_061,interictal,2238,2244,,9,EEG Fc1,True,5.28941918210322,1.154282476647406,0.07684793226961902,0.2789556397498096,4.44033649198642,0.8772937709534722,0.26947931570056244,0.10414779575892284,0.6263728885405148
interictal_061,interictal,2238,2244,,10,EEG Fc5,True,7.5341471904068165,2.5631273356582076,0.14588082057961577,0.45509429691985764,3.020260102448314,0.9447930328054173,0.19037976116077204,0.2421610557323954,0.5674591831068324
interictal_061,interictal,2238,2244,,11,EEG Cp1,True,4.281207341793138,0.916143742203944,0.08173233474438293,0.27736645737610527,5.0685216327508105,0.9111241895671831,0.36780189749001596,0.19287320495630225,0.4393248975536818
interictal_061,interictal,2238,2244,,12,EEG Cp5,True,4.4320562361592835,1.1184119539673172,0.1103874959296646,0.3258774106033115,4.16864479077409,0.9376054182882981,0.2982953595114707,0.17248564619352358,0.5292189942950059
interictal_061,interictal,2238,2244,,13,EEG F9,True,9.206319505648214,2.423758261827221,0.12959947899706936,0.33807844715444424,3.9384763444544277,0.8811139806618918,0.46650626296890485,0.2058713653818359,0.32762237164925934
interictal_061,interictal,2238,2244,,14,EEG Fz,True,10.240135485957355,1.2692919111485783,0.06805600781504396,0.15683201015897333,7.914576865364063,0.8363849485868482,0.5791511367055923,0.12355222961764613,0.29729663367676157
interictal_061,interictal,2238,2244,,15,EEG Cz,True,5.546976913900175,1.0522621894618898,0.07098664929990231,0.2435228635278505,5.225451657391049,0.8730604023803218,0.2229927257129031,0.112707692466812,0.6642995818202849
interictal_061,interictal,2238,2244,,16,EEG Pz,True,5.611048341959627,0.9174380118616632,0.0592640833604689,0.21033961763161063,6.610935496273934,0.8909409892448424,0.45475534246592697,0.1424747594590977,0.40276989807497526
interictal_061,interictal,2238,2244,,17,EEG Fp2,True,27.362675348771052,3.188670401606436,0.04916965157929013,0.1506739523488,7.395355238452342,0.7653708822552593,0.7160131518383439,0.09409146694424415,0.18989538121741184
interictal_061,interictal,2238,2244,,18,EEG F4,True,10.931357463488098,3.657989610603783,0.14001953760989905,0.4552440152557612,2.6572054535167573,0.9451013342976293,0.27882999878907994,0.12751092588963217,0.5936590753212878
interictal_061,interictal,2238,2244,,19,EEG C4,True,5.061026828578992,1.3581226671146363,0.10354933246499512,0.3477900175170295,3.7648897618875696,0.9412389025501523,0.29985591676452833,0.16909159729882903,0.5310524859366427
interictal_061,interictal,2238,2244,,20,EEG P4,True,5.2956642163331225,1.2323147776595966,0.09703679583197655,0.30357754843496265,4.401110689407473,0.924898574746857,0.3054633211003713,0.1682914252052001,0.5262452536944285
interictal_061,interictal,2238,2244,,21,EEG O2,True,7.411006602451539,1.5442354239622036,0.07945294692282644,0.2671137415105845,4.979837634464922,0.8647685888986507,0.4973012661179374,0.12792172060252135,0.3747770132795411
interictal_061,interictal,2238,2244,,22,EEG F8,True,20.62081452013948,2.428140419990653,0.0475415174210355,0.15407520980912484,7.571102097006158,0.8546076656431141,0.5432228889579527,0.09986715493287593,0.35690995610917126
interictal_061,interictal,2238,2244,,23,EEG T4,True,10.448331527179022,3.473492880724461,0.13806577661999347,0.4422143913552986,2.6827274214763706,0.9381831389326892,0.13916915818838851,0.087452323475645,0.7733785183359665
interictal_061,interictal,2238,2244,,24,EEG T6,True,8.713044503419681,2.8372588175039404,0.1253663301856073,0.4385058632659625,2.88004763909937,0.9268817284938964,0.24331283937312725,0.17375098336665545,0.5829361772602174
interictal_061,interictal,2238,2244,,25,EEG Fc2,True,6.6625540758211095,1.5395618452056485,0.08433734939759036,0.29328774275712,4.135864303896026,0.9041083461291591,0.22269595668179487,0.16798952742345774,0.6093145158947474
interictal_061,interictal,2238,2244,,26,EEG Fc6,True,8.919570586756919,2.8859364692186484,0.14164767176815368,0.4537548756748263,2.688041763357606,0.9473978555063249,0.25561114351416936,0.14128136626665785,0.6031074902191728
interictal_061,interictal,2238,2244,,27,EEG Cp2,True,3.2946358834904577,0.9073049843207491,0.09899055682188213,0.35745479878243536,3.947896329487145,0.9082752643451169,0.33456913782160885,0.19998650418739003,0.46544435799100103
interictal_061,interictal,2238,2244,,28,EEG Cp6,True,6.621583772026132,1.5380103698100736,0.08531422989254314,0.2990446891174072,4.3346088560313785,0.9474261907726595,0.27105551221360724,0.1870545826221821,0.5418899051642107
interictal_061,interictal,2238,2244,,29,EEG F10,True,14.212016358669018,2.2182870476427325,0.05665906870726148,0.19707412588654957,6.582628954261658,0.9150739663374748,0.37188430933077515,0.1779422823574147,0.4501734083118102
interictal_062,interictal,2244,2250,,1,EEG Fp1,True,33.4186155760772,5.030722950136763,0.06186909801367633,0.19593446430485623,5.5973564625289844,0.701288420139508,0.7000063660984752,0.07959505730168528,0.22039857659983952
interictal_062,interictal,2244,2250,,2,EEG F3,True,14.995823721108057,5.146650505742535,0.14783458156952134,0.45361100470163424,2.6941383191398898,0.900903589927948,0.35682655513167294,0.09397057513627474,0.5492028697320523
interictal_062,interictal,2244,2250,,3,EEG C3,True,3.910379366568349,1.0231043151075236,0.10224682513839141,0.3362958438262833,4.008093881440648,0.9510056605447444,0.2722815451777353,0.25804023693881345,0.46967821788345115
interictal_062,interictal,2244,2250,,4,EEG P3,True,6.062058188731701,1.070949294772656,0.06545099316183653,0.22572941570453364,5.921853071805171,0.9237036177270451,0.2669187409175846,0.2762888319793975,0.4567924271030178
interictal_062,interictal,2244,2250,,5,EEG O1,True,7.560335324467758,1.4977164065990878,0.09117551286225985,0.2513120195019872,5.176450554309918,0.930446682138945,0.3405997072917435,0.2394039161108202,0.4199963765974363
interictal_062,interictal,2244,2250,,6,EEG F7,True,15.543281262075709,2.613525547343463,0.08433734939759036,0.21690781567518957,5.303786897986929,0.8310817734283938,0.5316107612759704,0.12488170434317172,0.3435075343808579
interictal_062,interictal,2244,2250,,7,EEG T3,True,6.589520025698805,2.360906553558347,0.14197329859980462,0.47689798603977085,2.6364504855754918,0.9157905038885403,0.3424397438135621,0.18084560348699144,0.4767146526994464
interictal_062,interictal,2244,2250,,8,EEG T5,True,6.524217901616025,1.5819335629151972,0.10680560078150439,0.32036898966078436,3.90552952899032,0.8504149869899991,0.39507837823204456,0.12318709823455905,0.4817345235333964
interictal_062,interictal,2244,2250,,9,EEG Fc1,True,4.8494355810382,1.16178930660044,0.09378052751546727,0.3030942202446464,4.069627532221837,0.888074110956957,0.27634814243723405,0.12328298252140558,0.6003688750413604
interictal_062,interictal,2244,2250,,10,EEG Fc5,True,6.66410612097319,2.532822712546633,0.1602084011722566,0.5038023445604984,2.6962179193095834,0.9253621804513232,0.32310235605108906,0.16198649591108852,0.5149111480378225
interictal_062,interictal,2244,2250,,11,EEG Cp1,True,3.677250517141502,0.8716439093640584,0.08889612504070335,0.3059740036109255,4.56691581159548,0.8789000654702008,0.3241686780617373,0.3475621795411849,0.32826914239707783
interictal_062,interictal,2244,2250,,12,EEG Cp5,True,5.120504146658253,1.1315950017397152,0.09899055682188213,0.28262445818824156,4.743984402636843,0.876941544309986,0.38621663316054333,0.1874040680544453,0.4263792987850114
interictal_062,interictal,2244,2250,,13,EEG F9,True,6.763242401586212,2.4364791160050543,0.15727775968739824,0.4620970747795945,2.897984180214819,0.8678116148701064,0.4781929786908581,0.15931093369571847,0.36249608761342356
interictal_062,interictal,2244,2250,,14,EEG Fz,True,11.585205666278561,1.2561050726238396,0.053402800390752195,0.13811671958807367,8.857957690674082,0.7228615797957794,0.6899266016574663,0.10817453713442056,0.20189886120811307
interictal_062,interictal,2244,2250,,15,EEG Cz,True,4.113748664266709,1.027750823692036,0.10354933246499512,0.319522913543984,3.908251179760567,0.8556108275704408,0.3234274856171687,0.10861449325067657,0.5679580211321548
interictal_062,interictal,2244,2250,,16,EEG Pz,True,4.616411492606348,0.874030695213818,0.07359166395310973,0.2444140089135014,5.632585811485022,0.8776026186951288,0.4022213046025193,0.28485982842539015,0.3129188669720906
interictal_062,interictal,2244,2250,,17,EEG Fp2,True,33.510226131701735,3.418473343139059,0.03028329534353631,0.13471093557188,8.217594930810552,0.6230536834268774,0.8052451437255935,0.07642854244197796,0.11832631383242846
interictal_062,interictal,2244,2250,,18,EEG F4,True,12.77026181366526,3.8572169055647176,0.1335070009768805,0.403353240402781,2.963647888511602,0.895611778063398,0.2831894755032354,0.12157888838180116,0.5952316361149635
interictal_062,interictal,2244,2250,,19,EEG C4,True,4.933242596306547,1.36835601293335,0.10941061543471182,0.35881928686585823,3.6327421465030354,0.8505983846837745,0.4704498761313435,0.1532726592421705,0.3762774646264861
interictal_062,interictal,2244,2250,,20,EEG P4,True,4.826545727058783,1.211411605909523,0.095083034842071,0.32824596913449716,4.068465723275283,0.9451635212833293,0.27929603597998376,0.20681066684873892,0.5138932971712774
interictal_062,interictal,2244,2250,,21,EEG O2,True,6.693388325683886,1.5653174965043128,0.10875936177140996,0.2981458552420387,4.381636640703677,0.9346942354555237,0.23114970597293946,0.19244220798092368,0.5764080860461369
interictal_062,interictal,2244,2250,,22,EEG F8,True,20.42400053723953,2.519375846542512,0.059915337023770755,0.16240137542051608,7.419662344577542,0.7157590166580394,0.6304650700587834,0.15408549198216853,0.2154494379590481
interictal_062,interictal,2244,2250,,23,EEG T4,True,9.647894816022886,3.5314504073018407,0.14327580592640835,0.49085671063386344,2.405491928720904,0.9386428816271689,0.17451503913501915,0.14014544721816238,0.6853395136468184
interictal_062,interictal,2244,2250,,24,EEG T6,True,8.32270743422294,3.0019918821908402,0.14360143275805926,0.4860138623459032,2.5630512255465474,0.9545466636978646,0.19962672762653186,0.21233365620873532,0.5880396161647328
interictal_062,interictal,2244,2250,,25,EEG Fc2,True,5.148894279983349,1.53138832354045,0.11592315206773038,0.3783036898998707,3.1639651720507302,0.8852738677290126,0.31498210983354574,0.16896527637392927,0.516052613792525
interictal_062,interictal,2244,2250,,26,EEG Fc6,True,9.482886632128363,2.9877246725095405,0.13611201563008793,0.44272876569282854,2.7377966849824533,0.8774688156231898,0.3656902712736964,0.2418042279476054,0.3925055007786981
interictal_062,interictal,2244,2250,,27,EEG Cp2,True,3.1376250903210243,0.8663969977575989,0.13513513513513514,0.36187753627295377,3.8694169627205883,0.9008190269433412,0.4184192070823388,0.1852719621843791,0.3963088307332821
interictal_062,interictal,2244,2250,,28,EEG Cp6,True,5.02607286928829,1.5208351105524167,0.1348095083034842,0.3895307775850577,3.3664469481883046,0.9147444792606434,0.33628178827681404,0.26337906550163454,0.40033914622155137
interictal_062,interictal,2244,2250,,29,EEG F10,True,14.83184653967622,2.1566411351263293,0.04819277108433735,0.18434533122628854,7.136445214405637,0.9196233964950136,0.3396850630771117,0.2898667806679422,0.37044815625494604
interictal_063,interictal,2250,2256,,1,EEG Fp1,True,25.917637484933437,4.602783581935694,0.0755454249430153,0.23032210015806082,4.624055076191534,0.7991724781885059,0.6228576211930729,0.06178880898690387,0.31535356982002327
interictal_063,interictal,2250,2256,,2,EEG F3,True,12.12467026055011,4.984353453120525,0.1683490719635298,0.5409912749876054,2.2564741098950236,0.9220606613587836,0.17614052410460673,0.07397207508263323,0.7498874008127601
interictal_063,interictal,2250,2256,,3,EEG C3,True,3.821990112146845,1.014515108901171,0.0963855421686747,0.33965722559487715,4.022705160481771,0.8998321541568657,0.3575945913221108,0.16572784612245384,0.47667756255543536
interictal_063,interictal,2250,2256,,4,EEG P3,True,5.451604496458972,1.0233374993734092,0.06577661999348747,0.24378480127485017,5.586434539683127,0.9070102213171138,0.3753292501354058,0.22109921899653487,0.4035715308680592
interictal_063,interictal,2250,2256,,5,EEG O1,True,7.805755094373036,1.415876750495703,0.06121784435037447,0.23063430980089009,5.722884853048216,0.9311122848293278,0.2818306815930078,0.17737568468769815,0.540793633719294
interictal_063,interictal,2250,2256,,6,EEG F7,True,12.07848604298553,2.573425116236451,0.08922175187235429,0.2771747814508702,4.106738766829799,0.8272433327285083,0.5872121695483545,0.0731130085740085,0.33967482187763703
interictal_063,interictal,2250,2256,,7,EEG T3,True,4.93915943714616,2.219283285541801,0.1787691305763595,0.6023523607221523,2.0991449551856785,0.9292894193502442,0.3246074841166831,0.1274332337665791,0.5479592821167377
interictal_063,interictal,2250,2256,,8,EEG T5,True,5.68134859086819,1.643763212167835,0.12015630087919245,0.40044961938933865,3.117767704156904,0.9179748049106685,0.33214151012967197,0.08629133592322497,0.5815671539471031
interictal_063,interictal,2250,2256,,9,EEG Fc1,True,4.340293252424317,1.0731165074982805,0.10224682513839141,0.31530975137973233,4.094863047500519,0.8769880961622492,0.3323198885935011,0.11228071500406508,0.5553993964024337
interictal_063,interictal,2250,2256,,10,EEG Fc5,True,5.771741612655217,2.44627922937069,0.16216216216216217,0.5716674454411407,2.387760053850736,0.8913189872065538,0.36530865066772883,0.11797393588458922,0.516717413447682
interictal_063,interictal,2250,2256,,11,EEG Cp1,True,3.7036012381682935,0.8510698640018713,0.08205796157603387,0.2976362562506699,4.783494523563805,0.8883598506312111,0.46249017372665996,0.20478479437354782,0.3327250318997922
interictal_063,interictal,2250,2256,,12,EEG Cp5,True,4.881398205516709,1.1097462239138167,0.09768804949527841,0.2904942502101872,4.707207380713663,0.9156753038055744,0.34528892014363344,0.14692034607883397,0.5077907337775326
interictal_063,interictal,2250,2256,,13,EEG F9,True,5.94925086901223,2.337539954741383,0.14099641810485183,0.4993054483788239,2.7262711575312886,0.8724518380300239,0.5077307737550751,0.1381079885180424,0.35416123772688246
interictal_063,interictal,2250,2256,,14,EEG Fz,True,8.345041842931659,1.1824746643279838,0.0755454249430153,0.17946387106304573,7.070036071574682,0.7752335532527491,0.49400417634909227,0.09025173169077184,0.41574409196013595
interictal_063,interictal,2250,2256,,15,EEG Cz,True,4.966585301431089,0.9724741684371954,0.0801042005861283,0.25098285356270233,5.205243611987826,0.8885756928193259,0.3817316485664283,0.10957586938283936,0.5086924820507323
interictal_063,interictal,2250,2256,,16,EEG Pz,True,3.7475036176475935,0.8744844057117875,0.08726799088244871,0.3019569801906319,4.667416581258211,0.8821997960140818,0.45731383990123076,0.19619465890126928,0.34649150119749994
interictal_063,interictal,2250,2256,,17,EEG Fp2,True,24.341246594841603,3.0436585470324755,0.045913383262780855,0.16084222174448254,7.016309450371721,0.7482109109586449,0.7146084518151544,0.0780511915569949,0.2073403566278508
interictal_063,interictal,2250,2256,,18,EEG F4,True,10.625316240517682,3.286660731051654,0.12113318137414524,0.41806972621922867,2.916703231385904,0.9311433626046882,0.267087270120741,0.09246483128938468,0.6404478985898743
interictal_063,interictal,2250,2256,,19,EEG C4,True,5.508297197034284,1.3478790546851112,0.08563985672419408,0.3160798946631044,4.175234777218538,0.9454182464428369,0.27250811849842743,0.18590000694836423,0.5415918745532083
interictal_063,interictal,2250,2256,,20,EEG P4,True,4.412609487818828,1.1967876035720504,0.09899055682188213,0.3503053566223098,3.9366018475309708,0.9465878414163111,0.24676079743467183,0.18683035276808893,0.5664088497972392
interictal_063,interictal,2250,2256,,21,EEG O2,True,7.581607710834524,1.55859875836087,0.0755454249430153,0.2621569473821197,5.191205143782365,0.9247115423722438,0.3297068222760458,0.1477957096484392,0.5224974680755149
interictal_063,interictal,2250,2256,,22,EEG F8,True,17.945244588522083,2.2453493830134783,0.04005210029306415,0.1625310549848628,7.4630563634791605,0.7965396425783361,0.6081318930169731,0.0838632611451138,0.3080048458379132
interictal_063,interictal,2250,2256,,23,EEG T4,True,8.970401736039166,3.1794927131708217,0.13415825464018236,0.47869350090482254,2.4538029600358953,0.9377710730252008,0.20365780970371078,0.10429864020076654,0.6920435500955227
interictal_063,interictal,2250,2256,,24,EEG T6,True,8.520600822994984,2.70104600101034,0.10550309345490068,0.4294045250739983,2.9803640107040077,0.927121888745555,0.33860813847846893,0.15427788349858856,0.5071139780229426
interictal_063,interictal,2250,2256,,25,EEG Fc2,True,5.379129620593149,1.5061492955847566,0.10778248127645718,0.35313484100029213,3.4716451325165325,0.9163920068226796,0.31501495982132843,0.12124506799018335,0.563739972188488
interictal_063,interictal,2250,2256,,26,EEG Fc6,True,8.907869385530658,2.7698058949988744,0.1302507326603712,0.4386439077054212,2.744548831583845,0.9168741041893735,0.2918446485678082,0.11018639180271432,0.5979689596294776
interictal_063,interictal,2250,2256,,27,EEG Cp2,True,3.185616002285324,0.8791016089417018,0.11462064474112667,0.3579566706026839,3.9990720264425175,0.9112591436909617,0.38313067526244365,0.17134699763745745,0.445522327100099
interictal_063,interictal,2250,2256,,28,EEG Cp6,True,4.604972708834716,1.4159883488190717,0.1185281667209378,0.39605890800348775,3.4144622152476627,0.905203318524831,0.34666585116008275,0.20674091644899745,0.4465932323909198
interictal_063,interictal,2250,2256,,29,EEG F10,True,11.580377877302753,2.0787894403644636,0.07163790296320417,0.225317873235124,5.83958710716234,0.8592847096151874,0.48547366033758527,0.15813393881545776,0.3563924008469569
interictal_064,interictal,2256,2262,,1,EEG Fp1,True,31.03970842951945,4.785705221736941,0.095083034842071,0.2012847441661398,5.323876418233718,0.7341745857388737,0.7260340093934065,0.06676710468791318,0.20719888591868033
interictal_064,interictal,2256,2262,,2,EEG F3,True,13.659362830164886,5.241374512377685,0.1732334744382937,0.5011518812433606,2.428060842291434,0.9170607671244878,0.30011293721387516,0.08351431226229038,0.6163727505238343
interictal_064,interictal,2256,2262,,3,EEG C3,True,10.907066866645348,1.1083029709348546,0.04949527841094106,0.1453483017286529,8.649063417254586,0.8897367309528947,0.47019992864230614,0.17668503418031273,0.35311503717738113
interictal_064,interictal,2256,2262,,4,EEG P3,True,6.319542455665216,1.1058960090725574,0.06577661999348747,0.22397601800369227,5.928388922142582,0.9338908913822126,0.2424794919957734,0.1629133860348875,0.5946071219693391
interictal_064,interictal,2256,2262,,5,EEG O1,True,8.638798277305984,1.571541618581237,0.08531422989254314,0.22981367321728516,5.885298118311818,0.9034626481372329,0.43556563549740723,0.13728804562194788,0.42714631888064497
interictal_064,interictal,2256,2262,,6,EEG F7,True,18.262289485237545,2.5574270866041062,0.07880169325952459,0.17965225357931255,6.361575121043948,0.7826133702506992,0.6711371729702784,0.08251974031545535,0.2463430867142664
interictal_064,interictal,2256,2262,,7,EEG T3,True,6.242230140760392,2.2198597807017753,0.14425268642136113,0.4761186002559739,2.646655250126693,0.940695346305882,0.3003005296814752,0.1560053374512016,0.5436941328673233
interictal_064,interictal,2256,2262,,8,EEG T5,True,7.563042154252929,1.7309754777623818,0.09573428850537284,0.32229839737287985,3.9313234871780613,0.9076916402873972,0.33308548207384353,0.07484199372897633,0.5920725241971802
interictal_064,interictal,2256,2262,,9,EEG Fc1,True,5.836509092109957,1.1663047246110623,0.07847606642787365,0.25390261603835884,4.879362787273078,0.8769149049177845,0.26697652056086857,0.08707158547475007,0.6459518939643815
interictal_064,interictal,2256,2262,,10,EEG Fc5,True,7.437697481053597,2.3993255643105034,0.14099641810485183,0.4350211723873954,3.1352714281306233,0.9082867889305952,0.4014803288486069,0.13550564126146308,0.46301402988993
interictal_064,interictal,2256,2262,,11,EEG Cp1,True,3.6021185477218705,0.9174548988447835,0.09573428850537284,0.33133143846562735,4.213977518720769,0.9193486848327785,0.2806419690475104,0.21329088076552752,0.5060671501869621
interictal_064,interictal,2256,2262,,12,EEG Cp5,True,4.707927962123817,1.1670091770116426,0.1208075545424943,0.3190964103409281,4.186885368295064,0.9282014043562997,0.2715142300706118,0.1341067009957615,0.5943790689336267
interictal_064,interictal,2256,2262,,13,EEG F9,True,8.384614595023564,2.396864909537813,0.13774014978834256,0.36240225483891486,3.7068192744501025,0.8658403099579259,0.5164216520441783,0.13618420899316797,0.3473941389626537
interictal_064,interictal,2256,2262,,14,EEG Fz,True,10.138456934352613,1.2530153088687757,0.058612829697167045,0.15759577097029515,7.985895584826863,0.8131681818034721,0.5985858470654593,0.08979999732312172,0.3116141556114191
interictal_064,interictal,2256,2262,,15,EEG Cz,True,6.4718209477465525,1.1055741777890729,0.06479973949853468,0.21985809679966575,5.586616476056095,0.8681435255092618,0.19899401379477882,0.08669942992114094,0.7143065562840802
interictal_064,interictal,2256,2262,,16,EEG Pz,True,3.79975831801524,0.9168185138255683,0.0941061543471182,0.3138879121190586,4.465468176983755,0.8850433620040061,0.32009627322736733,0.2706271189362949,0.4092766078363379
interictal_064,interictal,2256,2262,,17,EEG Fp2,True,29.575376801914185,3.1854833952028385,0.05144903940084663,0.14043127989466775,7.908966999019173,0.6875669752613442,0.8096146322291412,0.0685411085081248,0.12184425926273404
interictal_064,interictal,2256,2262,,18,EEG F4,True,12.115600342795501,3.3315929214940594,0.1162487788993813,0.37311983392151066,3.2728998968661744,0.9193671560234069,0.3709493739149441,0.10313272885873002,0.5259178972263259
interictal_064,interictal,2256,2262,,19,EEG C4,True,4.133935615138029,1.3520042044649878,0.11429501790947574,0.42153084471847374,3.1398742582107575,0.9265424941548062,0.3152260536159611,0.17299908393831295,0.5117748624457259
interictal_064,interictal,2256,2262,,20,EEG P4,True,4.645139015994512,1.2225897112300375,0.10192119830674047,0.3424091910921404,3.885424681167882,0.9440483926509781,0.18759502906443257,0.1545044229219678,0.6579005480135997
interictal_064,interictal,2256,2262,,21,EEG O2,True,7.54624088040074,1.694552678600309,0.0963855421686747,0.286668492649932,4.678670941044025,0.9110013723856295,0.29709693148035143,0.1333091762899052,0.5695938922297433
interictal_064,interictal,2256,2262,,22,EEG F8,True,21.617209207355774,2.352818699919519,0.04428524910452621,0.14182374242362,8.325030741384792,0.7631534286117392,0.6799584899564955,0.12117260207615417,0.19886890796735024
interictal_064,interictal,2256,2262,,23,EEG T4,True,9.591506393808949,3.202794307442486,0.13220449365027678,0.4453217566514596,2.6357993362282643,0.9351317237854996,0.21955893331007237,0.12823172984436723,0.6522093368455605
interictal_064,interictal,2256,2262,,24,EEG T6,True,9.541655164654385,2.716692768218397,0.10843373493975904,0.3791521578972819,3.3318203323718185,0.9354595917865192,0.23943049376688072,0.13492687022111302,0.6256426360120061
interictal_064,interictal,2256,2262,,25,EEG Fc2,True,5.383544677819154,1.5368187571428322,0.12504070335395637,0.36282094750646376,3.4099239973052904,0.913248388341259,0.27816406796166365,0.10896471115727653,0.6128712208810597
interictal_064,interictal,2256,2262,,26,EEG Fc6,True,8.311466694385613,2.7814024197196954,0.12211006186909801,0.4686948292755697,2.579703934870167,0.8947746179385259,0.41185060335686396,0.1296350717377656,0.45851432490537053
interictal_064,interictal,2256,2262,,27,EEG Cp2,True,3.5874968606138897,0.9108183593733413,0.10192119830674047,0.33100747486384524,4.230120863223694,0.9444813946479836,0.24937044507392697,0.17793427696016495,0.5726952779659081
interictal_064,interictal,2256,2262,,28,EEG Cp6,True,6.314955695504396,1.428641548575805,0.0963855421686747,0.2927954143915764,4.434856781072454,0.9336463493160659,0.28004084794215045,0.157982289526247,0.5619768625316025
interictal_064,interictal,2256,2262,,29,EEG F10,True,15.092155109379059,2.1643913507525023,0.05079778573754477,0.18254479959449932,7.0859113092711485,0.8446873801478223,0.5329372317430348,0.17841496886101435,0.28864779939595103
interictal_065,interictal,2262,2268,,1,EEG Fp1,True,27.024131490045516,4.613723146769449,0.07131227613155323,0.22119780836812228,4.971486220083398,0.746836000004452,0.7140145046116154,0.10609457355537034,0.1798909218330142
interictal_065,interictal,2262,2268,,2,EEG F3,True,13.685570789603645,4.971011814469817,0.1592315206773038,0.46920986150672556,2.6390929530630536,0.9161835918872929,0.32154679822787524,0.09892598482862767,0.5795272169434972
interictal_065,interictal,2262,2268,,3,EEG C3,True,4.123587374225042,1.0245597850451698,0.09573428850537284,0.32211065608430073,4.300998564265501,0.9034571781672167,0.38811960659956035,0.204813819266878,0.40706657413356173
interictal_065,interictal,2262,2268,,4,EEG P3,True,5.008108441387389,1.0668430886155236,0.08205796157603387,0.27938758411198844,4.674784656198156,0.9480430882498082,0.21233372555953536,0.22645793970533035,0.5612083347351343
interictal_065,interictal,2262,2268,,5,EEG O1,True,10.889680139293738,1.5176766607092416,0.06121784435037447,0.18182036915842442,6.951196227643074,0.9252369025807513,0.2602726856070215,0.1794899233337071,0.5602373910592714
interictal_065,interictal,2262,2268,,6,EEG F7,True,12.588700183753767,2.447201946423979,0.09801367632692934,0.2543076107812184,4.520793592562282,0.7973462516646922,0.5548226698799779,0.14182888798284737,0.30334844213717493
interictal_065,interictal,2262,2268,,7,EEG T3,True,5.646448434592265,2.3045216156197053,0.17486160859654837,0.5457303069348155,2.29509741956387,0.9204569216528288,0.30565009148274697,0.19710296405634756,0.49724694446090534
interictal_065,interictal,2262,2268,,8,EEG T5,True,7.042209768095926,1.7032845078947945,0.09996743731683491,0.34385727726334403,3.4934134519049107,0.9071194305143786,0.15071993038657183,0.1547431081740783,0.6945369614393498
interictal_065,interictal,2262,2268,,9,EEG Fc1,True,4.555307029563845,1.0649849908612155,0.09899055682188213,0.30049650866070876,4.367555953661841,0.892887092012007,0.4021920376080168,0.14795839485722734,0.4498495675347558
interictal_065,interictal,2262,2268,,10,EEG Fc5,True,6.587883506990234,2.5624071876804386,0.1732334744382937,0.5218118712250284,2.6355811675365284,0.8485346148187117,0.460544055885586,0.1442743607342136,0.3951815833802005
interictal_065,interictal,2262,2268,,11,EEG Cp1,True,3.2284537985415604,0.8577216250811012,0.10647997394985347,0.34947201425009977,4.002178883625803,0.9273851410083389,0.2763161397411758,0.24824290661588613,0.47544095364293815
interictal_065,interictal,2262,2268,,12,EEG Cp5,True,4.802157251550258,1.125668012239092,0.08629111038749593,0.29949184189930605,4.446376890241808,0.9308919514924131,0.2793033840202192,0.19327478086720876,0.527421835112572
interictal_065,interictal,2262,2268,,13,EEG F9,True,8.02254678890014,2.398425703492004,0.1302507326603712,0.3827975244062271,3.452496730850755,0.9012004186182108,0.39955018202315834,0.21251570637872136,0.38793411159812025
interictal_065,interictal,2262,2268,,14,EEG Fz,True,8.37912976793324,1.1942944623589573,0.06577661999348747,0.1817234582473062,7.094767077161817,0.8256317841551235,0.5934687188805264,0.1447469831519625,0.261784297967511
interictal_065,interictal,2262,2268,,15,EEG Cz,True,3.3247221115727412,0.958479235447169,0.11429501790947574,0.37761338872154127,3.5263052464411246,0.9167116279071359,0.29710115432618983,0.15450156756591574,0.5483972781078944
interictal_065,interictal,2262,2268,,16,EEG Pz,True,3.8193026926276588,0.8778892484982403,0.08303484207098664,0.3018716802586636,4.577111752810713,0.9001521016920311,0.303990314785318,0.24162864113243088,0.454381044082251
interictal_065,interictal,2262,2268,,17,EEG Fp2,True,26.017695559348965,3.369763823460882,0.04982090524259199,0.16819514609780845,6.73211885262827,0.7305695482403871,0.7604865554476593,0.10116469268424773,0.13834875186809295
interictal_065,interictal,2262,2268,,18,EEG F4,True,11.107693858612079,3.8305285005015723,0.14457831325301204,0.46594055999154815,2.524247243429829,0.9519735394572078,0.24148125707191728,0.12618938826713033,0.6323293546609524
interictal_065,interictal,2262,2268,,19,EEG C4,True,4.512647748951531,1.3806218609065783,0.11462064474112667,0.3937194245882732,3.28459809938795,0.941057350170788,0.2213111161649021,0.16608417305348164,0.6126047107816163
interictal_065,interictal,2262,2268,,20,EEG P4,True,4.354110832824303,1.1784897816322242,0.10680560078150439,0.3551571613909833,3.824013933626354,0.9093771941162537,0.3188550513371775,0.24706689791929176,0.4340780507435307
interictal_065,interictal,2262,2268,,21,EEG O2,True,8.282273413811037,1.6460081343042297,0.0801042005861283,0.2535524847060832,5.142023966453219,0.9026693005141065,0.24453381075939692,0.21546918174686536,0.5399970074937377
interictal_065,interictal,2262,2268,,22,EEG F8,True,18.69188388945581,2.6060111244973108,0.05633344187561055,0.18098105501817477,6.477654309409775,0.8433655504190127,0.588868845366776,0.1362838490876355,0.27484730554558867
interictal_065,interictal,2262,2268,,23,EEG T4,True,9.876298611004993,3.6150116322727937,0.1439270595897102,0.4837614535796751,2.3669743778331984,0.9466962750553145,0.17962521187009303,0.11397941309516559,0.7063953750347414
interictal_065,interictal,2262,2268,,24,EEG T6,True,9.956520037572833,2.6092776081615847,0.10647997394985347,0.3516120543299308,3.5657553254778036,0.928718014177307,0.26538906026060405,0.24486902263854332,0.48974191710085274
interictal_065,interictal,2262,2268,,25,EEG Fc2,True,5.849082613149161,1.533866362001874,0.08205796157603387,0.3309311842769982,3.6918642372853405,0.9038167829156344,0.4353014921579187,0.1401236553168273,0.4245748525252539
interictal_065,interictal,2262,2268,,26,EEG Fc6,True,7.922272748363467,2.9130269515057354,0.14490394008466298,0.5135689797365488,2.346607782631485,0.9520822058034867,0.19282299944180215,0.11760217876249487,0.689574821795703
interictal_065,interictal,2262,2268,,27,EEG Cp2,True,3.156401734193382,0.8511031617664089,0.10778248127645718,0.3546936744841837,3.9651199671242914,0.9200742363151289,0.3208195374028009,0.2296048396781485,0.4495756229190507
interictal_065,interictal,2262,2268,,28,EEG Cp6,True,5.170793244069399,1.4017434633029748,0.11983067404754151,0.3501020947848695,3.7736372109921406,0.9134922549208226,0.38104207952105135,0.19285644930284881,0.4261014711760998
interictal_065,interictal,2262,2268,,29,EEG F10,True,14.052838273535272,2.1733887665854077,0.05470530771735591,0.1932739458358434,6.561241079036484,0.8922026156251499,0.40762807142260993,0.2317880057869221,0.360583922790468
interictal_066,interictal,2268,2274,,1,EEG Fp1,True,25.310582630384065,4.540959845435754,0.08531422989254314,0.23566614932712449,4.648702720904171,0.7671754698257223,0.6428700525782292,0.053643670621212974,0.30348627680055773
interictal_066,interictal,2268,2274,,2,EEG F3,True,13.370254303081799,4.660144302723822,0.1566265060240964,0.45914973370616874,2.7150112884732525,0.9329059180116939,0.23917802781621586,0.09332992969475482,0.6674920424890293
interictal_066,interictal,2268,2274,,3,EEG C3,True,4.237735794797353,1.000561036840734,0.095083034842071,0.3062518220004436,4.436531933184207,0.9167132414903756,0.3872321739326548,0.16276307150115554,0.45000475456618966
interictal_066,interictal,2268,2274,,4,EEG P3,True,5.170989794376914,1.0564354212866125,0.08075545424943015,0.2673815116219077,4.942342759932866,0.919502776532721,0.23730668214586045,0.22212620528929652,0.5405671125648431
interictal_066,interictal,2268,2274,,5,EEG O1,True,8.357972154731561,1.5027192727647176,0.06805600781504396,0.22748375941760157,5.828135480843423,0.8502437058650585,0.5484523335776207,0.1191598958442321,0.3323877705781472
interictal_066,interictal,2268,2274,,6,EEG F7,True,17.18521959072733,2.469520138207371,0.05535656138065777,0.1831831052247382,6.279545311947468,0.8052250870740706,0.586021670797745,0.09701198008741202,0.3169663491148429
interictal_066,interictal,2268,2274,,7,EEG T3,True,6.626299612268625,2.2235777426674974,0.1383914034516444,0.44847002479988407,2.8200630863202325,0.925212511159341,0.3203965352740172,0.20605832738206042,0.47354513734392245
interictal_066,interictal,2268,2274,,8,EEG T5,True,6.714599882831766,1.8202042429812786,0.11657440573103224,0.38980859989508204,3.159453989019492,0.9163560344338065,0.40114539798162446,0.17028688090731045,0.42856772111106506
interictal_066,interictal,2268,2274,,9,EEG Fc1,True,4.352020659232347,1.0357480220666417,0.09671116900032563,0.311311331519613,4.193227740610617,0.8757576066788506,0.44575969947772065,0.08901237272078458,0.4652279278014948
interictal_066,interictal,2268,2274,,10,EEG Fc5,True,6.670287630517441,2.512361899604201,0.18430478671442527,0.5113177443154063,2.720311441649789,0.8869613277165485,0.4034713171796011,0.14921110645278962,0.4473175763676093
interictal_066,interictal,2268,2274,,11,EEG Cp1,True,4.553239661752049,0.8524476773885353,0.0755454249430153,0.24715751547501164,5.607532337056816,0.9143206910491687,0.3510122887653483,0.19516659210558857,0.45382111912906314
interictal_066,interictal,2268,2274,,12,EEG Cp5,True,4.647631178991943,1.1365653462720093,0.0986649299902312,0.31600148090986263,4.207207448482023,0.917485438640306,0.2645071522779752,0.21809534608982525,0.5173975016321994
interictal_066,interictal,2268,2274,,13,EEG F9,True,9.308505079910548,2.2931301740560808,0.09605991533702377,0.3142663548383661,4.289393793814425,0.8450704790884084,0.4800306807583907,0.16657225804939935,0.35339706119220987
interictal_066,interictal,2268,2274,,14,EEG Fz,True,8.094611187076868,1.13740322635301,0.07717355910126994,0.17982614895781968,7.181196388050831,0.8454695424572735,0.5727466505725078,0.11385254201369258,0.31340080741379944
interictal_066,interictal,2268,2274,,15,EEG Cz,True,4.352403574402046,0.94906588669804,0.07228915662650602,0.2809166512152213,4.6753571444155995,0.8491526041964438,0.40064267244459423,0.08788824665362455,0.5114690809017812
interictal_066,interictal,2268,2274,,16,EEG Pz,True,4.068598466270458,0.876636516170968,0.09475740801042006,0.282526985048,4.883697288155654,0.8696934732554529,0.45680758236469615,0.2253638969545354,0.3178285206807685
interictal_066,interictal,2268,2274,,17,EEG Fp2,True,22.600350058084647,3.0985314099470673,0.07945294692282644,0.1770751666509031,6.386578027067677,0.7330928662434814,0.7201303555694386,0.06450563546862176,0.2153640089619396
interictal_066,interictal,2268,2274,,18,EEG F4,True,10.438118653748587,3.269988823607351,0.13090198632367306,0.4153742953719447,2.9052703180900714,0.9480183701063256,0.2490338952789992,0.1369442004438288,0.6140219042771721
interictal_066,interictal,2268,2274,,19,EEG C4,True,5.774766935871864,1.3123120456359672,0.10387495929664604,0.292231552870427,4.509642993577565,0.9216992196808619,0.29932005994981464,0.23543895101732085,0.46524098903286454
interictal_066,interictal,2268,2274,,20,EEG P4,True,4.663983195684429,1.2258031848813216,0.09899055682188213,0.3448674878752041,3.9706380414512275,0.908632448750387,0.35434204157099053,0.1683409343619873,0.4773170240670222
interictal_066,interictal,2268,2274,,21,EEG O2,True,7.948313947305756,1.6306293409182948,0.08531422989254314,0.26441789828340134,5.116780988333568,0.8673858335272525,0.5212161673160113,0.12687056427119464,0.35191326841279413
interictal_066,interictal,2268,2274,,22,EEG F8,True,22.234148985689192,2.409434722776952,0.035818951481602086,0.14290480879443584,8.3378558424142,0.8210938024766611,0.6073874225217185,0.129596771589063,0.26301580588921847
interictal_066,interictal,2268,2274,,23,EEG T4,True,10.331007517574232,3.3856277637615064,0.12211006186909801,0.43812826873203553,2.684512745426531,0.9276083964131998,0.15658611454975493,0.08251031452463232,0.7609035709256127
interictal_066,interictal,2268,2274,,24,EEG T6,True,9.475864573998603,2.7538661353346714,0.11787691305763595,0.3896529517319111,3.274643837730518,0.9102721921779329,0.376065622915204,0.1266763617941471,0.49725801529064884
interictal_066,interictal,2268,2274,,25,EEG Fc2,True,4.790017019708761,1.4634405498227234,0.1230869423640508,0.39047756618945384,3.1013399547567366,0.8935024032063835,0.3835758405411618,0.11049888007214231,0.5059252793866958
interictal_066,interictal,2268,2274,,26,EEG Fc6,True,7.973084831539102,2.763027143795161,0.13448388147183327,0.4809075101175069,2.535154664994578,0.944925715902768,0.23443106116953258,0.1395442049924968,0.6260247338379706
interictal_066,interictal,2268,2274,,27,EEG Cp2,True,3.4000336700305134,0.8646833816570062,0.09605991533702377,0.3303715291641841,4.282184817635128,0.9065435792075137,0.3263133986435523,0.22056055938740027,0.45312604196904754
interictal_066,interictal,2268,2274,,28,EEG Cp6,True,5.697674172698423,1.426797706636027,0.10257245197004233,0.3208276815314845,4.130945042741085,0.9052850172601398,0.3403401767170532,0.17816043159908584,0.48149939168386097
interictal_066,interictal,2268,2274,,29,EEG F10,True,15.659822465507457,2.0368535199841635,0.0475415174210355,0.16323438541789942,7.976310952822531,0.8834435962930897,0.514739682149774,0.14842578126482092,0.3368345365854052
interictal_067,interictal,2274,2280,,1,EEG Fp1,True,43.28491225526929,5.526580450300183,0.04168023445131879,0.16850953687183542,6.7206778667509,0.7217285338050038,0.6701173221882745,0.08744960195052924,0.24243307586119617
interictal_067,interictal,2274,2280,,2,EEG F3,True,15.636129118149691,5.673562672410827,0.1429501790947574,0.48771546424985995,2.5302047768322553,0.9180188389348644,0.19534492073737636,0.0716071730209811,0.7330479062416426
interictal_067,interictal,2274,2280,,3,EEG C3,True,6.740756546626469,1.3016630261247968,0.07228915662650602,0.26326649152102716,5.302262607719136,0.912000103298982,0.39236428945204066,0.19342191109268994,0.4142137994552695
interictal_067,interictal,2274,2280,,4,EEG P3,True,8.014566370409263,1.338798437264666,0.07684793226961902,0.22634099907699434,6.109816456244177,0.8908585123916788,0.3641359118984497,0.2864632175538089,0.34940087054774144
interictal_067,interictal,2274,2280,,5,EEG O1,True,17.836516376048362,1.8783470619924834,0.04982090524259199,0.14229550377427974,9.30186206184482,0.9052495929246925,0.32964343397772855,0.19303382477898537,0.47732274124328605
interictal_067,interictal,2274,2280,,6,EEG F7,True,13.630307972699931,3.462559015125291,0.09899055682188213,0.36723528096404706,3.4378636582501922,0.8940928370556397,0.40122641133796305,0.0875232270797193,0.5112503615823175
interictal_067,interictal,2274,2280,,7,EEG T3,True,9.769341319828122,2.9279515789736434,0.10941061543471182,0.46498093201542584,2.8180808995287228,0.9190132387746618,0.38646046104609333,0.12570714220223597,0.4878323967516708
interictal_067,interictal,2274,2280,,8,EEG T5,True,9.281105017316024,2.26324316505072,0.0882448713774015,0.35714481138829174,3.5388192295449366,0.9232080726547061,0.3325930522453532,0.15345753626052655,0.5139494114941202
interictal_067,interictal,2274,2280,,9,EEG Fc1,True,7.101008007955602,1.3564293014933264,0.09182676652556171,0.2564546109986338,5.251229277531241,0.9375500570613085,0.2538621411170869,0.18339743626480737,0.5627404226181058
interictal_067,interictal,2274,2280,,10,EEG Fc5,True,7.757868072299082,3.0911051178529685,0.15467274503419082,0.5759040209373864,2.3504776651991865,0.9302929884576672,0.3337666136703257,0.11852741554650666,0.5477059707831676
interictal_067,interictal,2274,2280,,11,EEG Cp1,True,6.414517152095638,1.130606044338722,0.07000976880494952,0.23875202265969195,6.0073944016847864,0.8368411846897957,0.48211525310618436,0.18972633576888265,0.328158411124933
interictal_067,interictal,2274,2280,,12,EEG Cp5,True,6.830923051204902,1.4897084236866212,0.07684793226961902,0.29867901280235676,4.584216932134381,0.8901288429283541,0.3909033215039977,0.229145315272245,0.37995136322375733
interictal_067,interictal,2274,2280,,13,EEG F9,True,13.67654347228992,3.0181834309473095,0.07815043959622273,0.3123796837160781,4.258530432593836,0.8597448360617755,0.5058651467841667,0.11409483329939982,0.3800400199164334
interictal_067,interictal,2274,2280,,14,EEG Fz,True,14.290981202922177,1.5910868398239706,0.05796157603386519,0.15184754566063763,8.55477547300791,0.7844638192089888,0.5849769553459003,0.1704910219029894,0.24453202275111036
interictal_067,interictal,2274,2280,,15,EEG Cz,True,5.907993439196648,1.249685813052293,0.07066102246825139,0.2987751117957159,4.578330313850553,0.905936119929158,0.26061652120285844,0.19470473017461284,0.5446787486225287
interictal_067,interictal,2274,2280,,16,EEG Pz,True,7.783333822062787,1.1520267768901682,0.06707912732009118,0.19871513331411006,7.206399202716661,0.8627053324741789,0.387693937117879,0.203567578061106,0.4087384848210151
interictal_067,interictal,2274,2280,,17,EEG Fp2,True,55.56058247753414,5.196484671423097,0.035818951481602086,0.14655660999562334,7.760674114116904,0.6614648707012961,0.7379440528565978,0.05385751584910266,0.20819843129429963
interictal_067,interictal,2274,2280,,18,EEG F4,True,20.171346837802997,4.932293662131208,0.0986649299902312,0.34987065456752586,3.469451484708878,0.880685792237317,0.37499501487569586,0.09939277517493307,0.5256122099493712
interictal_067,interictal,2274,2280,,19,EEG C4,True,7.09068133068779,1.7645835461746988,0.11983067404754151,0.3715184165143069,3.550447133883553,0.9254381801555581,0.34270081666905733,0.21237513415265316,0.44492404917828954
interictal_067,interictal,2274,2280,,20,EEG P4,True,7.413887050620298,1.4714737030679212,0.07489417127971344,0.26932392496349566,5.073733191944626,0.9238465825406991,0.2462119353655086,0.28832377019553485,0.4654642944389564
interictal_067,interictal,2274,2280,,21,EEG O2,True,11.241761583670714,2.0008672703026664,0.07359166395310973,0.27529076048849827,4.59442928163069,0.9037638638725011,0.24295663656016228,0.2822287503378135,0.4748146131020242
interictal_067,interictal,2274,2280,,22,EEG F8,True,35.820734087038694,3.8237475769516354,0.05437968088570498,0.1598733893466072,8.358722217995426,0.6779953443941537,0.7074485303697831,0.08230798891923632,0.21024348071098056
interictal_067,interictal,2274,2280,,23,EEG T4,True,12.061458125386775,4.965699142381616,0.15467274503419082,0.6667148227951916,1.9054083765182899,0.9386009085755035,0.2326462922110072,0.10732514161037512,0.6600285661786177
interictal_067,interictal,2274,2280,,24,EEG T6,True,11.258210988073541,3.5026792983868074,0.12341256919570173,0.44729737199370573,2.749669571458643,0.9357876021462032,0.2149268145047236,0.28856773615152415,0.4965054493437522
interictal_067,interictal,2274,2280,,25,EEG Fc2,True,10.006866763321831,1.9632167458304943,0.0801042005861283,0.2860939970620142,4.4470006863680585,0.9362170722356544,0.29732415867251155,0.23635196888434232,0.46632387244314616
interictal_067,interictal,2274,2280,,26,EEG Fc6,True,14.914459779615264,4.217200998606635,0.11234125691957017,0.46027223620371943,2.9528560980736196,0.8535749250668168,0.4970967086909447,0.11227789453657362,0.3906253967724817
interictal_067,interictal,2274,2280,,27,EEG Cp2,True,5.7035203347070205,1.0989328506108602,0.09443178117876913,0.2627228783471223,5.570314684642098,0.9122262740655761,0.28315344932506514,0.24135377757150595,0.475492773103429
interictal_067,interictal,2274,2280,,28,EEG Cp6,True,6.471238609618739,1.9156542492816802,0.10485183979159883,0.462425972418609,2.8703585125299993,0.9029769619399369,0.3591500728168729,0.261207665587822,0.3796422615953051
interictal_067,interictal,2274,2280,,29,EEG F10,True,15.837891508915861,3.121015994193291,0.058612829697167045,0.2961279130124614,4.674278866606719,0.8071405597859814,0.4727158221718619,0.17962943836763337,0.3476547394605048
interictal_068,interictal,2280,2286,,1,EEG Fp1,True,27.92989120881382,5.240975529041912,0.10582872028655162,0.24943334938256304,4.333530884880739,0.8309469226998344,0.5505440843574846,0.08437853608720011,0.3650773795553153
interictal_068,interictal,2280,2286,,2,EEG F3,True,14.646608006915253,5.329535179178556,0.13643764246173884,0.4841900913132043,2.5065856470871726,0.9483340052020063,0.13640158027534435,0.11072832919862954,0.7528700905260262
interictal_068,interictal,2280,2286,,3,EEG C3,True,5.248787826870042,1.2246009470583548,0.09150113969391079,0.30609785719706023,4.468129785005837,0.9368415772023865,0.3309477077174603,0.1742788562622942,0.49477343602024537
interictal_068,interictal,2280,2286,,4,EEG P3,True,6.375094576956508,1.2749944071139558,0.0823835884076848,0.26167367583569173,5.198335103879838,0.9443425744036348,0.19983183482856315,0.23371621094528947,0.5664519542261472
interictal_068,interictal,2280,2286,,5,EEG O1,True,16.402343672522257,2.0109193873990696,0.05535656138065777,0.1622646883812757,8.486601932836525,0.9097091715508584,0.3551403037396594,0.16378372413040315,0.48107597212993736
interictal_068,interictal,2280,2286,,6,EEG F7,True,18.642151846457242,3.574700259936437,0.05828720286551612,0.25765431972780184,4.700159556241025,0.9357496202608184,0.240839732115,0.12412425254129926,0.6350360153437008
interictal_068,interictal,2280,2286,,7,EEG T3,True,8.6741835068357,2.706273042316071,0.11136437642461738,0.42324014114219005,3.059788411633793,0.9491580950897497,0.20590200447892737,0.24515016992139096,0.5489478255996817
interictal_068,interictal,2280,2286,,8,EEG T5,True,7.798540144045114,2.1575451400699275,0.10582872028655162,0.3661703145813856,3.6551425345731086,0.9319906568078462,0.241254308639144,0.15540833290905554,0.6033373584518005
interictal_068,interictal,2280,2286,,9,EEG Fc1,True,4.856746788322808,1.242614084175445,0.09931618365353305,0.33269509924493124,3.951038063800696,0.9142161256646808,0.26447653820056455,0.10889885724943053,0.626624604550005
interictal_068,interictal,2280,2286,,10,EEG Fc5,True,9.471354910770016,2.933895049623851,0.10029306414848584,0.4247039064904523,3.2603070265564047,0.9511160775238163,0.1746590873030826,0.1957367319505194,0.629604180746398
interictal_068,interictal,2280,2286,,11,EEG Cp1,True,4.231142842243184,1.041772584752243,0.10224682513839141,0.3214895668865299,4.420741023183376,0.9303252303021571,0.27449313027120703,0.2166724751490181,0.508834394579775
interictal_068,interictal,2280,2286,,12,EEG Cp5,True,5.75610092031702,1.3987501246730525,0.08336046890263758,0.31769268931972744,4.256758852885656,0.944420794583348,0.23253333582288163,0.246255397389433,0.5212112667876854
interictal_068,interictal,2280,2286,,13,EEG F9,True,9.848928144094726,3.0371847843106305,0.10224682513839141,0.4052330949493222,3.3313503510764204,0.9176120587926743,0.3936885321258941,0.1728147682107073,0.43349669966339854
interictal_068,interictal,2280,2286,,14,EEG Fz,True,9.178918167902697,1.3680265257219213,0.06545099316183653,0.19049334687009778,6.855908705179457,0.8599734863997607,0.47175311993685226,0.12941416515594842,0.39883271490719924
interictal_068,interictal,2280,2286,,15,EEG Cz,True,4.162917506152113,1.1740450663746376,0.12048192771084337,0.36721528037482076,3.554738124154937,0.8989704347826413,0.2347472445638559,0.08581005746187803,0.679442697974266
interictal_068,interictal,2280,2286,,16,EEG Pz,True,5.450863337128862,1.0300393425468484,0.08368609573428851,0.25041838197392896,5.689771774340666,0.9225743696330014,0.3255590751841448,0.21876987996588956,0.4556710448499656
interictal_068,interictal,2280,2286,,17,EEG Fp2,True,27.19994916147592,3.876669713233908,0.0674047541517421,0.19236279226655997,5.938556878068755,0.7354712478397387,0.7428588632295419,0.07665652553408411,0.18048461123637402
interictal_068,interictal,2280,2286,,18,EEG F4,True,14.811775234147934,4.768546250672877,0.14425268642136113,0.4470237402204063,2.7382776014971517,0.9258064877036148,0.24854993471944548,0.1239815251966701,0.6274685400838844
interictal_068,interictal,2280,2286,,19,EEG C4,True,5.968893078892277,1.668815413948526,0.10615434711820254,0.37950111692844807,3.5180935485441753,0.8929236130967736,0.35271896955492105,0.16839134696620722,0.4788896834788718
interictal_068,interictal,2280,2286,,20,EEG P4,True,6.154562621038239,1.3171811337079673,0.10778248127645718,0.28312320439381355,4.772524083739987,0.9286548614139486,0.18718438753068747,0.2019079201928273,0.6109076922764852
interictal_068,interictal,2280,2286,,21,EEG O2,True,7.015655002023276,1.8122372222763659,0.0986649299902312,0.3302467571000182,4.076579824582841,0.9173690429465905,0.2886094901359816,0.1329115258219082,0.5784789840421102
interictal_068,interictal,2280,2286,,22,EEG F8,True,30.075143152109003,3.8087820883162684,0.06219472484532725,0.18683461103288615,7.204637046141131,0.73905737580377,0.7316062940175597,0.08281819973864891,0.18557550624379143
interictal_068,interictal,2280,2286,,23,EEG T4,True,11.5769008319319,4.355441273340161,0.14457831325301204,0.5739482260379563,2.1507026901102773,0.9169529932329293,0.11169124885807404,0.09218251206680654,0.7961262390751194
interictal_068,interictal,2280,2286,,24,EEG T6,True,11.653242927954265,3.043550383606762,0.11885379355258874,0.370944141216087,3.239904741611164,0.9355527552003328,0.17216592220273547,0.19924024996326206,0.6285938278340023
interictal_068,interictal,2280,2286,,25,EEG Fc2,True,9.711840789434154,1.8727177675626678,0.08694236405079779,0.24796463039975494,5.05732944258016,0.9170108460809245,0.28115714767302036,0.11439958067188169,0.604443271655098
interictal_068,interictal,2280,2286,,26,EEG Fc6,True,11.743264004902727,4.148125810768246,0.13871703028329535,0.5634575014800244,2.3667674941132764,0.9137559421653455,0.2638647155364426,0.12653272337876828,0.6096025610847892
interictal_068,interictal,2280,2286,,27,EEG Cp2,True,4.743267258098109,1.0087681550393917,0.085965483555845,0.2844194852682173,5.0126325758443055,0.9233600250788616,0.2994564198247123,0.20393387018175269,0.496609709993535
interictal_068,interictal,2280,2286,,28,EEG Cp6,True,6.983232380208166,1.5908300730931622,0.07619667860631717,0.31431973797189194,4.199356984079339,0.9347761550001725,0.1604590663454909,0.18369155478935362,0.6558493788651556
interictal_068,interictal,2280,2286,,29,EEG F10,True,15.458550774959722,3.183829392066669,0.08759361771409964,0.289558130716713,4.755799825353443,0.873099928351768,0.4308853023816632,0.14430456046199083,0.4248101371563459
interictal_069,interictal,2286,2292,,1,EEG Fp1,True,27.533380646561163,4.733217703052059,0.06838163464669489,0.22787809871117135,4.704710438847261,0.7863375337190365,0.6665348855054934,0.07164126667243853,0.261823847822068
interictal_069,interictal,2286,2292,,2,EEG F3,True,11.771521913826588,4.627833592769994,0.16118528166720938,0.5240692603536866,2.356855542882044,0.9376925356010608,0.2885200754829535,0.07650490667318267,0.6349750178438638
interictal_069,interictal,2286,2292,,3,EEG C3,True,3.9133239146425414,1.0035070347530077,0.12178443503744708,0.3302444068966525,4.078761781423858,0.930974944950716,0.3043753618364944,0.17229277028740594,0.5233318678760996
interictal_069,interictal,2286,2292,,4,EEG P3,True,4.4521029777972965,1.0992079051898285,0.11396939107782482,0.3202488921896428,4.247692561134953,0.8953585700018805,0.3165930279237959,0.2367896543093622,0.4466173177668418
interictal_069,interictal,2286,2292,,5,EEG O1,True,6.8162045240135605,1.9686158166519125,0.11396939107782482,0.3789572729627898,3.6456283914423757,0.938071236400959,0.29268831467795203,0.19779410394620192,0.5095175813758461
interictal_069,interictal,2286,2292,,6,EEG F7,True,15.142215175693133,2.900034309441993,0.06121784435037447,0.250963345002522,4.521330676435417,0.8760484567047574,0.5128980057804309,0.11408376331336934,0.37301823090619973
interictal_069,interictal,2286,2292,,7,EEG T3,True,7.422603121706909,2.6563470133319904,0.1302507326603712,0.4713518690295139,2.617167347068044,0.9158417011525427,0.27143937255461237,0.285893544708053,0.44266708273733457
interictal_069,interictal,2286,2292,,8,EEG T5,True,7.428390624253732,2.5996975115728134,0.13871703028329535,0.45669091454380717,2.8091285886011086,0.9383821998340706,0.2301549069271721,0.1803847987182529,0.5894602943545749
interictal_069,interictal,2286,2292,,9,EEG Fc1,True,3.9198800302637884,1.0521060889714535,0.10094431781178768,0.344615169325817,3.7272463969478276,0.9037037105874128,0.31189623031213387,0.09382178941406726,0.594281980273799
interictal_069,interictal,2286,2292,,10,EEG Fc5,True,6.639711909769179,2.6402782719945694,0.15141647671768155,0.5285613030704497,2.574478385802544,0.917111765811971,0.3767399117182155,0.1752937363751676,0.44796635190661677
interictal_069,interictal,2286,2292,,11,EEG Cp1,True,3.3692259313045168,0.8326495613191288,0.09475740801042006,0.32239243669525003,4.389117128932849,0.9287928044528827,0.28581816221176337,0.23367268968999472,0.48050914809824186
interictal_069,interictal,2286,2292,,12,EEG Cp5,True,6.372592748333255,1.3677364303068147,0.09443178117876913,0.27581089423018934,4.765001740397038,0.9340871873188898,0.24540208865516958,0.21544708790819375,0.5391508234366368
interictal_069,interictal,2286,2292,,13,EEG F9,True,10.424225046803175,2.678524050156361,0.09117551286225985,0.3269077993405341,4.001411523768946,0.8819004736693846,0.48233168131804344,0.18796368533982735,0.3297046333421291
interictal_069,interictal,2286,2292,,14,EEG Fz,True,8.938562980957057,1.1954679536935426,0.06577661999348747,0.16997395197758583,7.411110289177555,0.8014921390968036,0.6793860696956474,0.07706268085201896,0.2435512494523336
interictal_069,interictal,2286,2292,,15,EEG Cz,True,3.2923919618593342,0.969275212894651,0.11462064474112667,0.3783052164513161,3.4058827779086362,0.8551224643164943,0.2167974082043634,0.10158986093294788,0.6816127308626887
interictal_069,interictal,2286,2292,,16,EEG Pz,True,3.0720892008718335,0.8458917218871989,0.11331813741452296,0.35932102611157535,3.89953691636534,0.9285335032852511,0.34283633273876873,0.22881651865844616,0.42834714860278505
interictal_069,interictal,2286,2292,,17,EEG Fp2,True,28.610080692206015,3.2208870263603457,0.0429827417779225,0.14643456494789536,7.631456979574454,0.6982318523526995,0.804408715469055,0.03196097968127299,0.16363030484967223
interictal_069,interictal,2286,2292,,18,EEG F4,True,12.956517592787995,3.8019481803361845,0.1393682839465972,0.395726452756465,3.085874708318132,0.8877184350249085,0.4026333693256326,0.06947641281693069,0.5278902178574367
interictal_069,interictal,2286,2292,,19,EEG C4,True,4.849143382807694,1.3664021921583767,0.10810810810810811,0.36386754125942683,3.5939630899199604,0.9006096237859188,0.34897535492620546,0.24099083431241228,0.4100338107613823
interictal_069,interictal,2286,2292,,20,EEG P4,True,4.172811883862325,1.1173732858167345,0.11983067404754151,0.3476125934556804,3.860819461690341,0.938528130114102,0.3007206557837584,0.23647100644043273,0.46280833777580893
interictal_069,interictal,2286,2292,,21,EEG O2,True,6.643335868166148,1.6113044170907695,0.09573428850537284,0.3072579652536268,4.4024089803719075,0.9325138985066972,0.1595234042332244,0.20313182895977505,0.6373447668070006
interictal_069,interictal,2286,2292,,22,EEG F8,True,22.862835725804324,2.613631415874348,0.04233148811462065,0.14796004803422452,7.93825682036169,0.6613221292967142,0.8277249998890005,0.055309029792164975,0.1169659703188346
interictal_069,interictal,2286,2292,,23,EEG T4,True,8.722078930776249,3.538976428565466,0.1533702377075871,0.5473562451929577,2.031322260834147,0.9272550711944694,0.2043616514537138,0.08684827068758677,0.7087900778586995
interictal_069,interictal,2286,2292,,24,EEG T6,True,8.115891313966214,2.692525240776186,0.1185281667209378,0.49335321175657915,2.4477892740601526,0.9359687497929403,0.2191356122380934,0.2592500237895769,0.5216143639723295
interictal_069,interictal,2286,2292,,25,EEG Fc2,True,5.235331981944604,1.7212453290749694,0.15043959622272876,0.4159747162454231,2.930272595180602,0.9229229351808127,0.2698640352762288,0.1489639043175711,0.5811720604062002
interictal_069,interictal,2286,2292,,26,EEG Fc6,True,8.109748952361159,3.0872591567107706,0.15434711820253988,0.5361460386898838,2.2258150448499947,0.8531417351161611,0.45560641843183886,0.12374103057068422,0.4206525509974769
interictal_069,interictal,2286,2292,,27,EEG Cp2,True,3.3065329512293102,0.8838308271621232,0.09964181048518397,0.34282588075622183,4.109056596824797,0.9387111320309363,0.289768014518647,0.19235238718687817,0.5178795982944749
interictal_069,interictal,2286,2292,,28,EEG Cp6,True,5.177452267954172,1.2717500038068028,0.08759361771409964,0.3137152714377695,4.139637789824891,0.9056569629973772,0.3143424223441614,0.27640014264130364,0.409257435014535
interictal_069,interictal,2286,2292,,29,EEG F10,True,10.348541046572047,2.340839998709398,0.11071312276131554,0.28449230072338194,4.52810946517598,0.7447529385674545,0.6447757161285093,0.1309630796260007,0.22426120424549006
interictal_070,interictal,2292,2298,,1,EEG Fp1,True,20.82208940019552,4.400940617550291,0.10810810810810811,0.28178323562592694,3.8565911125337657,0.8442722573271624,0.5667475663935241,0.07282980601043855,0.3604226275960373
interictal_070,interictal,2292,2298,,2,EEG F3,True,10.126136111605499,4.157825583084397,0.1774666232497558,0.5519943895591994,2.2393456659918347,0.9478670670625314,0.18064642285411348,0.1431353618147842,0.6762182153311024
interictal_070,interictal,2292,2298,,3,EEG C3,True,4.128317571887613,1.014512652308146,0.08889612504070335,0.3181368967897004,4.299101638877593,0.8751817455949675,0.49956057821888444,0.1773214564476685,0.323117965333447
interictal_070,interictal,2292,2298,,4,EEG P3,True,5.391453245825315,1.1597497935688879,0.0846629762292413,0.2768947035961349,4.857527383987007,0.9447607356608072,0.264902489332438,0.23856459059265514,0.4965329200749068
interictal_070,interictal,2292,2298,,5,EEG O1,True,6.152211270447911,2.04387711305013,0.14197329859980462,0.430007547708485,3.1472876334478412,0.9370375181096384,0.26399821625947056,0.17835953759275813,0.5576422461477712
interictal_070,interictal,2292,2298,,6,EEG F7,True,15.283174814317928,2.711325279994917,0.042005861282969716,0.22959380575723562,4.980247713582198,0.8938506586017516,0.4704865527038194,0.20477341314432917,0.3247400341518513
interictal_070,interictal,2292,2298,,7,EEG T3,True,7.744397180894314,2.7118228929832022,0.13448388147183327,0.4560409522848541,2.6898624994985325,0.9258294219853037,0.32863378113592545,0.15075396502796148,0.5206122538361131
interictal_070,interictal,2292,2298,,8,EEG T5,True,7.345934977097637,2.8768088783825205,0.1660696841419733,0.5043929003550909,2.5683328096928855,0.9515546099516132,0.2336389981623586,0.13915679728069258,0.6272042045569488
interictal_070,interictal,2292,2298,,9,EEG Fc1,True,6.104625107539993,1.0657067538468066,0.046890263757733634,0.2250695764470931,5.828065338833019,0.8610091469690898,0.3553179866260849,0.1065276036761518,0.5381544096977633
interictal_070,interictal,2292,2298,,10,EEG Fc5,True,7.334467175198121,2.5786292977441554,0.13057635949202215,0.4695749018447331,2.866518257175765,0.9051133073166119,0.37402635915550747,0.21763429850352847,0.408339342340964
interictal_070,interictal,2292,2298,,11,EEG Cp1,True,3.1812929852521465,0.8291046560671885,0.09931618365353305,0.341852644287976,4.189029364894382,0.8965684900993319,0.4006074793011582,0.2609088637795201,0.33848365691932175
interictal_070,interictal,2292,2298,,12,EEG Cp5,True,4.642177283577358,1.411598944529649,0.12699446434386194,0.3923517540068107,3.3493996322261115,0.90652247512962,0.3722700544286166,0.20934250782990826,0.4183874377414751
interictal_070,interictal,2292,2298,,13,EEG F9,True,11.223055240552105,2.6218823466236287,0.08922175187235429,0.2980532468447119,4.434471863620254,0.8576994000263652,0.5733603895577485,0.1740716700145831,0.25256794042766834
interictal_070,interictal,2292,2298,,14,EEG Fz,True,9.710802871128198,1.2205496804053266,0.06056659068707262,0.15998281265166767,7.943423140710427,0.8749932742196956,0.5062124505040899,0.1419883000291769,0.3517992494667333
interictal_070,interictal,2292,2298,,15,EEG Cz,True,3.5685155729692997,0.9791632665565849,0.1162487788993813,0.3523897707264772,3.860036177795893,0.8916282848135255,0.3278038168521415,0.10606908102482264,0.5661271021230359
interictal_070,interictal,2292,2298,,16,EEG Pz,True,4.167652879900311,0.8746515024108855,0.09671116900032563,0.2733876973470762,5.218728807600888,0.9075124291243212,0.38169657017508124,0.2828986613365854,0.33540476848833345
interictal_070,interictal,2292,2298,,17,EEG Fp2,True,24.978851022061477,3.1099560624435982,0.0801042005861283,0.159215684849571,7.173031182047058,0.7282816551090826,0.7906079569799286,0.05776950338758998,0.15162253963248137
interictal_070,interictal,2292,2298,,18,EEG F4,True,12.791540233806794,3.5030838046683765,0.13546076196678605,0.3641851407290553,3.31736336692893,0.918108212301958,0.4028709024749454,0.11064864645028659,0.486480451074768
interictal_070,interictal,2292,2298,,19,EEG C4,True,4.681020507228867,1.3894963002985286,0.11722565939433409,0.3825626628054491,3.4509360183651716,0.9231622761360266,0.2716142758328408,0.2977581245074009,0.4306275996597582
interictal_070,interictal,2292,2298,,20,EEG P4,True,3.845479008531816,1.1718423323653235,0.11429501790947574,0.39675333491462245,3.3937838788093617,0.9285674774142814,0.20201797295133905,0.31184264535905215,0.48613938168960885
interictal_070,interictal,2292,2298,,21,EEG O2,True,5.82643059328728,1.52550558068694,0.10941061543471182,0.33581577579508143,3.9643576311123763,0.9220005539734057,0.2951348118935655,0.32745590756119886,0.37740928054523576
interictal_070,interictal,2292,2298,,22,EEG F8,True,27.88460273068754,2.5179454557008314,0.04005210029306415,0.11781794559954802,9.830968800201624,0.7040215222457509,0.813694214369049,0.09403641342977735,0.09226937220117365
interictal_070,interictal,2292,2298,,23,EEG T4,True,9.184132362737842,3.447182456882424,0.135786388798437,0.510985647362974,2.1693928122058064,0.9197308057510126,0.15695026992429234,0.12759167717219122,0.7154580529035164
interictal_070,interictal,2292,2298,,24,EEG T6,True,7.348100686050628,2.622021236301335,0.14588082057961577,0.5252882342325561,2.2954063183625886,0.9467605774068303,0.15448837873330284,0.22060928139229952,0.6249023398743976
interictal_070,interictal,2292,2298,,25,EEG Fc2,True,5.502696220122159,1.750909891689785,0.11787691305763595,0.40248349150142615,3.038197440658914,0.9174713349665968,0.3146458560230347,0.16585091554408612,0.5195032284328793
interictal_070,interictal,2292,2298,,26,EEG Fc6,True,9.677049300297865,3.084816181004955,0.12927385216541842,0.44581239547642904,2.696543020895962,0.8841470295954158,0.4752467838567498,0.13937328023351225,0.38537993590973796
interictal_070,interictal,2292,2298,,27,EEG Cp2,True,3.986400613858509,0.8969776388714127,0.08042982741777922,0.29300555267927764,4.877028362023395,0.9372311878951278,0.2500676884507471,0.2859920296968514,0.4639402818524015
interictal_070,interictal,2292,2298,,28,EEG Cp6,True,4.573665702149683,1.2929171669602264,0.11820253988928688,0.36118179893735897,3.6268666195760524,0.9093556209762536,0.24704509169870667,0.38810660465856517,0.36484830364272813
interictal_070,interictal,2292,2298,,29,EEG F10,True,12.67562999445732,2.297309567614942,0.07391729078476067,0.22855712151133312,5.660106933316374,0.8263807412112628,0.5781561718606336,0.155429890632836,0.2664139375065303
interictal_071,interictal,2298,2304,,1,EEG Fp1,True,66.23470482249421,5.175098755020277,0.028980788016932595,0.106117340220052,10.541587361906995,0.7688225726767044,0.6972650596520255,0.07085993301622259,0.23187500733175198
interictal_071,interictal,2298,2304,,2,EEG F3,True,21.319120352609616,4.589979650189031,0.11299251058287203,0.2949550025588458,4.165679367121923,0.9492348281072283,0.1848028276843285,0.10051598443747625,0.7146811878781952
interictal_071,interictal,2298,2304,,3,EEG C3,True,7.997755086212524,1.1374941111620245,0.04428524910452621,0.18394871284069753,7.627700834620485,0.9160024485980094,0.30703442045992185,0.25518392945770774,0.43778165008237047
interictal_071,interictal,2298,2304,,4,EEG P3,True,7.201123068716432,1.2862610785375364,0.05665906870726148,0.2327023487917942,5.89911427154915,0.9368680046811912,0.29256993487148764,0.16892890457653248,0.53850116055198
interictal_071,interictal,2298,2304,,5,EEG O1,True,11.24586104149923,2.1017959088851024,0.09247802018886356,0.24085294954652647,5.598425508285362,0.896136844259801,0.4045222324000721,0.15120599807520954,0.4442717695247184
interictal_071,interictal,2298,2304,,6,EEG F7,True,28.03158690266189,2.927094481734223,0.03972647346141322,0.1372998413699729,8.697235624774013,0.8768193164836604,0.4545877017308325,0.17634967347293348,0.3690626247962341
interictal_071,interictal,2298,2304,,7,EEG T3,True,8.778678343703813,2.806441770098485,0.14262455226310647,0.4197289394872935,2.9312067263757786,0.9225307737790094,0.32427156788187594,0.13899369346164817,0.5367347386564759
interictal_071,interictal,2298,2304,,8,EEG T5,True,9.093222482438017,3.1227862869366385,0.13187886681862585,0.44738401692310675,2.8804826183226626,0.9227651642892485,0.2383528064951104,0.11198696667605552,0.6496602268288341
interictal_071,interictal,2298,2304,,9,EEG Fc1,True,7.384127497909713,1.1665939575941706,0.06935851514164768,0.20609669145166165,6.615205448795276,0.9180624842775347,0.32361049908176337,0.1655680523228613,0.5108214485953754
interictal_071,interictal,2298,2304,,10,EEG Fc5,True,9.763011141720828,2.6326508320171507,0.11820253988928688,0.3542592646177486,3.8202675211904222,0.9210641187464321,0.3375209765206657,0.18735842312277007,0.47512060035656417
interictal_071,interictal,2298,2304,,11,EEG Cp1,True,3.6673584256738483,0.9760164940719077,0.09345490068381634,0.3538269393639487,4.075761191404562,0.9258809242126496,0.3212085585376313,0.20468017179646963,0.474111269665899
interictal_071,interictal,2298,2304,,12,EEG Cp5,True,6.12236231845494,1.5586303872451819,0.08954737870400521,0.32882454123093724,4.101438623705904,0.9510619527231984,0.29712877166554086,0.1916768947171725,0.5111943336172866
interictal_071,interictal,2298,2304,,13,EEG F9,True,11.18491824215468,2.705413372295915,0.09019863236730706,0.30756452149484087,4.337073006564096,0.8459642592987986,0.5336638151845898,0.20844811206328917,0.25788807275212106
interictal_071,interictal,2298,2304,,14,EEG Fz,True,19.949204699453027,1.427068501533053,0.032888309996743734,0.09563696413997812,13.737746534724188,0.8356355966414188,0.6086809230060932,0.09680660463122336,0.29451247236268335
interictal_071,interictal,2298,2304,,15,EEG Cz,True,4.250313702284165,1.0700066602859823,0.10420058612829697,0.32839237463430204,4.246565472429627,0.8989242716770147,0.3864625953301896,0.11480205402781603,0.4987353506419944
interictal_071,interictal,2298,2304,,16,EEG Pz,True,5.383318983894526,1.0228035942174483,0.0674047541517421,0.2499953366497643,5.688770873204551,0.9244046237253079,0.3186000639500117,0.19522803242234357,0.48617190362764473
interictal_071,interictal,2298,2304,,17,EEG Fp2,True,70.14887577769194,3.7324192587309875,0.02507326603712146,0.07533270662787965,15.961646901131367,0.6528158766058667,0.857895818034504,0.047416893746743814,0.0946872882187522
interictal_071,interictal,2298,2304,,18,EEG F4,True,18.58403537599669,4.100069880404407,0.10061869098013676,0.30504079848288335,4.014174690978155,0.9034725217056463,0.4118947599855316,0.10764985749312918,0.4804553825213393
interictal_071,interictal,2298,2304,,19,EEG C4,True,5.251778245462622,1.517435969129834,0.11722565939433409,0.3728521027563152,3.6050878404652273,0.9271714994685252,0.32462073476436937,0.1980217947881193,0.4773574704475112
interictal_071,interictal,2298,2304,,20,EEG P4,True,5.801374321418232,1.247646705948211,0.07749918593292088,0.281718093046903,4.904516468515569,0.9375139950746783,0.21596789550297077,0.31099252866243,0.4730395758345993
interictal_071,interictal,2298,2304,,21,EEG O2,True,10.822265214383831,1.5892434347857187,0.05405405405405406,0.1881967340116777,7.157690446105436,0.935939308812729,0.31449496453758297,0.21390437952304223,0.4716006559393748
interictal_071,interictal,2298,2304,,22,EEG F8,True,29.630800307833546,3.0712714116680657,0.047215890589384565,0.1496110104402991,8.471210470817091,0.6271413380298743,0.8516201349025959,0.04904579739333116,0.09933406770407284
interictal_071,interictal,2298,2304,,23,EEG T4,True,10.466345884492616,3.56147619267365,0.15369586453923803,0.46526977021449023,2.4172007394647697,0.9486461796133526,0.13558258044702504,0.12046369396764843,0.7439537255853265
interictal_071,interictal,2298,2304,,24,EEG T6,True,11.53410051938601,2.5674812863028134,0.09573428850537284,0.32982116550193874,3.6433597918826615,0.94566568760031,0.20461590824428386,0.24101497998976007,0.554369111765956
interictal_071,interictal,2298,2304,,25,EEG Fc2,True,7.077637501255521,1.8338374680391265,0.1045262129599479,0.3328948335829922,3.7788485449488625,0.9110724664678878,0.3683616557073641,0.14018989810225707,0.49144844619037875
interictal_071,interictal,2298,2304,,26,EEG Fc6,True,10.727988638247398,3.2482173876463447,0.12569195701725822,0.4230258633750683,2.840969768142622,0.8818958135610488,0.42668476650887277,0.11861819723197284,0.45469703625915436
interictal_071,interictal,2298,2304,,27,EEG Cp2,True,4.156345548187198,1.000729864986945,0.09019863236730706,0.3163766902302671,4.60290212119953,0.9297878285016822,0.33947254812000643,0.21866317574526262,0.44186427613473095
interictal_071,interictal,2298,2304,,28,EEG Cp6,True,7.748698621442209,1.3736549645197587,0.06838163464669489,0.22997460390602226,5.803877461216063,0.9309052964059329,0.2661888038049233,0.33079286917967626,0.4030183270154003
interictal_071,interictal,2298,2304,,29,EEG F10,True,14.693199286879631,2.3033345410264348,0.08042982741777922,0.1988543661988789,6.597894967614641,0.8172103554616215,0.5779980078047604,0.16327880854952612,0.25872318364571334
interictal_072,interictal,2304,2310,,1,EEG Fp1,True,17.39753575209261,4.706038735979594,0.10713122761315533,0.36172615986739226,2.994864748298481,0.9507328507805215,0.18389412091066507,0.13530795478115223,0.6807979243081826
interictal_072,interictal,2304,2310,,2,EEG F3,True,9.589321620433406,4.328737609986871,0.18528166720937805,0.6176145653041017,1.979667101959835,0.9460070825126876,0.1708529628173899,0.12194476313486667,0.7072022740477435
interictal_072,interictal,2304,2310,,3,EEG C3,True,4.38770206679914,0.9653721410336904,0.10289807880169326,0.2819293354046903,4.843807622056113,0.8886886487252211,0.4017305634577991,0.24117887343776628,0.3570905631044346
interictal_072,interictal,2304,2310,,4,EEG P3,True,5.442060865229581,1.2056783677429674,0.10517746662324975,0.28645076592452107,4.683006840961465,0.9095056524426548,0.3103470065491525,0.19098283178696795,0.49867016166387956
interictal_072,interictal,2304,2310,,5,EEG O1,True,7.212869484893139,2.027537078107003,0.1162487788993813,0.36522955361054016,3.692086843733115,0.8625371268796113,0.4721766662052215,0.201035020188227,0.32678831360655164
interictal_072,interictal,2304,2310,,6,EEG F7,True,21.53085402017048,2.688463669208519,0.022793878215564962,0.16205889332725998,6.887768373891272,0.8829945568410736,0.4733037168584217,0.21724586579668367,0.3094504173448947
interictal_072,interictal,2304,2310,,7,EEG T3,True,7.955268122045896,2.7411641221323557,0.1520677303809834,0.45161669518271813,2.688788502398539,0.9425593638684198,0.2874350726550392,0.2567046696264484,0.4558602577185125
interictal_072,interictal,2304,2310,,8,EEG T5,True,10.99453068918898,3.168186909935891,0.126668837512211,0.3731503296331123,3.3992056943019193,0.9456655122345702,0.21071033767989175,0.14028052870181612,0.6490091336182922
interictal_072,interictal,2304,2310,,9,EEG Fc1,True,3.549562094519012,0.9870279542200457,0.11527189840442853,0.35569465102181036,3.7328693407703315,0.9177034643998694,0.3879667284602405,0.1346070302897408,0.4774262412500187
interictal_072,interictal,2304,2310,,10,EEG Fc5,True,7.914675232044527,2.6082174118512844,0.15988277434060566,0.44739198392100665,3.02874772763872,0.917939997458788,0.39616473143731123,0.22945473070771913,0.37438053785496966
interictal_072,interictal,2304,2310,,11,EEG Cp1,True,4.119301361490152,0.8515801414929951,0.07619667860631717,0.2669725032056421,5.221810084581597,0.9304945717583544,0.23522670660418601,0.2305700356867902,0.5342032577090239
interictal_072,interictal,2304,2310,,12,EEG Cp5,True,4.688251378223784,1.4593696790852828,0.11299251058287203,0.4013458168879464,3.237845971319531,0.9228573935344241,0.3135668407343194,0.20169358646634336,0.48473957279933727
interictal_072,interictal,2304,2310,,13,EEG F9,True,12.42390263806239,2.549951862459787,0.0986649299902312,0.2629403026540846,4.921019127706643,0.8793591173600828,0.4540062002991636,0.264708922588939,0.28128487711189726
interictal_072,interictal,2304,2310,,14,EEG Fz,True,5.818640060126089,1.1677661388038163,0.07000976880494952,0.25626370496908724,5.068254214579501,0.8250733625501028,0.5961389255761044,0.06815673292375417,0.33570434150014156
interictal_072,interictal,2304,2310,,15,EEG Cz,True,6.72355541832061,0.9737003460285532,0.0592640833604689,0.18568662088983948,7.162850945344746,0.864646452162841,0.45660660650352086,0.16618860217814915,0.37720479131833
interictal_072,interictal,2304,2310,,16,EEG Pz,True,3.472433522211155,0.8715959044497986,0.1045262129599479,0.32728134941165693,4.2024658378295685,0.9346489758849748,0.32314984379656597,0.20196338446744447,0.4748867717359894
interictal_072,interictal,2304,2310,,17,EEG Fp2,True,17.56885321327507,3.210085488224905,0.07000976880494952,0.23367855720831154,4.794277532237728,0.9501745115386078,0.25816044030701185,0.1351321322540481,0.6067074274389401
interictal_072,interictal,2304,2310,,18,EEG F4,True,9.391614712707918,3.7190974966613313,0.1533702377075871,0.5297359039258435,2.2696880258561793,0.9398487077869411,0.245036344322216,0.1126580045656022,0.6423056511121817
interictal_072,interictal,2304,2310,,19,EEG C4,True,5.763905289020231,1.4451209387320119,0.07326603712145881,0.31804203914980633,4.100555476030045,0.9126032278257002,0.3540734721255093,0.21239498203672635,0.4335315458377644
interictal_072,interictal,2304,2310,,20,EEG P4,True,4.212630292729433,1.1742544108726924,0.10257245197004233,0.36296717140485246,3.669834198634135,0.9135397459377271,0.3508569592928926,0.1483264952822269,0.5008165454248806
interictal_072,interictal,2304,2310,,21,EEG O2,True,5.85719657942938,1.4375825360475207,0.08531422989254314,0.3136422187800456,4.179311461069999,0.8737323325241237,0.47534921368337,0.17429894021136694,0.35035184610526304
interictal_072,interictal,2304,2310,,22,EEG F8,True,18.82851315164307,2.550348815625117,0.05958971019211983,0.17431301926770398,6.6905121520758515,0.8502394448313376,0.5096643685850235,0.22686720921945258,0.2634684221955238
interictal_072,interictal,2304,2310,,23,EEG T4,True,9.732677953638543,3.5854494145514164,0.13806577661999347,0.49524449140225546,2.243557861554037,0.9164654331231522,0.12371974347197721,0.13554339787613823,0.7407368586518845
interictal_072,interictal,2304,2310,,24,EEG T6,True,7.478882211117407,2.464427531413377,0.13318137414522957,0.4958711803468832,2.393422860407032,0.9395311868477073,0.18571724500358264,0.18319853562275837,0.631084219373659
interictal_072,interictal,2304,2310,,25,EEG Fc2,True,6.294409004708151,1.753483791845948,0.10224682513839141,0.35310337276095055,3.4726530046195236,0.8836007746030495,0.4487472954389417,0.14933430646245707,0.40191839809860136
interictal_072,interictal,2304,2310,,26,EEG Fc6,True,9.77499581839927,3.155942479104627,0.13057635949202215,0.453245670643517,2.611621610592734,0.9507682893991095,0.2429154346271957,0.17024635709745378,0.5868382082753506
interictal_072,interictal,2304,2310,,27,EEG Cp2,True,3.136008130362543,0.9007276210040047,0.11103874959296646,0.3730219052962009,3.7098356167128075,0.9254222862621003,0.3275918331851769,0.19390963515235665,0.4784985316624665
interictal_072,interictal,2304,2310,,28,EEG Cp6,True,4.564694095315412,1.284333332187433,0.10745685444480625,0.36156391018100664,3.6201981124695886,0.9138752346824318,0.35589431088822726,0.18036237795755308,0.4637433111542195
interictal_072,interictal,2304,2310,,29,EEG F10,True,13.08656459255881,2.21299012394099,0.03907521979811136,0.21506455779890218,6.002322732483615,0.8685948605669735,0.42737809405430616,0.29127851204420663,0.2813433939014872
interictal_073,interictal,2310,2316,,1,EEG Fp1,True,16.060897700954726,4.18656381795043,0.13969391077824814,0.35285841511194416,3.0722489760069918,0.8381750860372408,0.582027282023922,0.09465711737610161,0.32331560059997655
interictal_073,interictal,2310,2316,,2,EEG F3,True,9.898015340035762,3.70524663795781,0.14783458156952134,0.5013337842004433,2.5230233035154117,0.9588396425279884,0.15067106621946774,0.1202235965612807,0.7291053372192516
interictal_073,interictal,2310,2316,,3,EEG C3,True,4.155769995314221,0.982020263867208,0.08987300553565614,0.3049838048914241,4.476407139889417,0.8772536097295016,0.4383808494411672,0.213377036520019,0.34824211403881383
interictal_073,interictal,2310,2316,,4,EEG P3,True,4.942712636535254,1.2060109769526737,0.0941061543471182,0.31428617923121677,4.34420812754361,0.9361560687838784,0.3663273027554598,0.22921194616050072,0.4044607510840395
interictal_073,interictal,2310,2316,,5,EEG O1,True,7.2829967711411525,2.0881226486286053,0.09084988603060892,0.36616321047195305,3.6865406251769213,0.8869440898109936,0.4328444667336845,0.2393386404996926,0.3278168927666229
interictal_073,interictal,2310,2316,,6,EEG F7,True,12.34668594641692,2.4662971505263194,0.07326603712145881,0.2595250812399711,4.395175037836599,0.9296677570921774,0.3636431536434364,0.17030321485951602,0.46605363149704754
interictal_073,interictal,2310,2316,,7,EEG T3,True,7.963230515236254,2.6401918476830346,0.11950504721589059,0.4420774411238948,2.807594042328795,0.9156092167544893,0.1914760780852536,0.18446523457974773,0.6240586873349987
interictal_073,interictal,2310,2316,,8,EEG T5,True,6.545785227048131,3.221151691359579,0.19700423314881146,0.6472979119046003,2.015694765122755,0.964494583626257,0.19553285149599087,0.1964505912078024,0.6080165572962067
interictal_073,interictal,2310,2316,,9,EEG Fc1,True,3.361519290157306,0.9766982456280883,0.11234125691957017,0.373877788727641,3.5880903895150587,0.9093488706560684,0.33230317582390023,0.16946694138247498,0.4982298827936248
interictal_073,interictal,2310,2316,,10,EEG Fc5,True,5.73119467321319,2.4830317183785375,0.15499837186584176,0.5923184388168262,2.325844103186963,0.9453096286548324,0.2767700940346018,0.19739732240317354,0.5258325835622246
interictal_073,interictal,2310,2316,,11,EEG Cp1,True,3.367666787509687,0.8418675914282563,0.11983067404754151,0.3207189111898087,4.402079073828328,0.9175568179162856,0.3550492876025922,0.2703307192268278,0.37461999317058003
interictal_073,interictal,2310,2316,,12,EEG Cp5,True,5.66177413245455,1.4437401181614424,0.11494627157277759,0.3267997218250642,4.058247033864489,0.8947137252092717,0.37271120292378357,0.16182587001131524,0.46546292706490117
interictal_073,interictal,2310,2316,,13,EEG F9,True,8.122179124167115,2.55400057734732,0.1243894496906545,0.3989807231908345,3.3150252997525955,0.9282687940190024,0.30107548479454777,0.2321441681971926,0.46678034700825954
interictal_073,interictal,2310,2316,,14,EEG Fz,True,6.087509861856642,1.1188371548740068,0.0986649299902312,0.2330497822815726,5.629054001907265,0.852364117209262,0.48633919330725106,0.16551325861189098,0.34814754808085785
interictal_073,interictal,2310,2316,,15,EEG Cz,True,3.4841985388146255,0.9317392424576088,0.10517746662324975,0.34242236415342986,3.9246376169537323,0.8703877555260422,0.35679869974155215,0.16150906242748508,0.48169223783096277
interictal_073,interictal,2310,2316,,16,EEG Pz,True,3.3423895257517287,0.8684493810094776,0.08987300553565614,0.3351136317150545,4.188423727074291,0.9112515468064912,0.3544733613989845,0.28781030609887664,0.35771633250213886
interictal_073,interictal,2310,2316,,17,EEG Fp2,True,17.52878217419098,3.0392547085027184,0.08108108108108109,0.22099660523893416,5.2248629323198905,0.7446268768487111,0.7524533542725761,0.08521613602358519,0.1623305097038387
interictal_073,interictal,2310,2316,,18,EEG F4,True,11.007334710222052,3.3403233326566406,0.10647997394985347,0.3982175831550454,3.0007226676352623,0.9188198902503598,0.32759794434152945,0.08759608946257569,0.5848059661958949
interictal_073,interictal,2310,2316,,19,EEG C4,True,4.188921177293606,1.3754785093101058,0.12145880820579616,0.4192411817882095,3.194720491218231,0.9124721889672489,0.34705611290490196,0.1957983243671806,0.45714556272791756
interictal_073,interictal,2310,2316,,20,EEG P4,True,3.6927747804975977,1.2058521854802873,0.1276457180071638,0.4241028967541318,3.2002527393907463,0.9086075614479501,0.3817071751454052,0.17460235632029097,0.4436904685343038
interictal_073,interictal,2310,2316,,21,EEG O2,True,5.956448131136507,1.4108254438950558,0.09084988603060892,0.29922722907978144,4.387814475974429,0.9005237385866186,0.42719108079845824,0.17300607913078128,0.39980284007076056
interictal_073,interictal,2310,2316,,22,EEG F8,True,25.180958602203987,2.3043722886158764,0.021165744057310323,0.11755011417265872,10.221646552159914,0.6755832254302608,0.8217229236414814,0.08045075711967092,0.09782631923884769
interictal_073,interictal,2310,2316,,23,EEG T4,True,9.85913679219374,3.5720484910115973,0.13318137414522957,0.4728329055530228,2.4276549495896664,0.8971426414608841,0.1708448286334959,0.07570608150996343,0.7534490898565407
interictal_073,interictal,2310,2316,,24,EEG T6,True,6.713342407476329,2.421502447405815,0.1243894496906545,0.5443172471907091,2.1453783287396417,0.9500569206421061,0.24366295599189555,0.18439244680029915,0.5719445972078053
interictal_073,interictal,2310,2316,,25,EEG Fc2,True,5.153165284581725,1.7002684512636552,0.126668837512211,0.419962026489269,2.9203294084373517,0.9130247069333256,0.375392804522492,0.17149895527142425,0.45310824020608365
interictal_073,interictal,2310,2316,,26,EEG Fc6,True,10.138086686910617,3.112507426910338,0.1208075545424943,0.42939040741337453,2.7850684883293697,0.8659586485611164,0.41135343741934355,0.09883938670158435,0.489807175879072
interictal_073,interictal,2310,2316,,27,EEG Cp2,True,3.669824533881824,0.8813432596979154,0.0963855421686747,0.3098551401174459,4.6057302246054235,0.9150706565946282,0.31278888811178424,0.2859398147694171,0.40127129711879866
interictal_073,interictal,2310,2316,,28,EEG Cp6,True,4.274959264153825,1.303432071806234,0.11364376424617388,0.39073048007228534,3.3639123316110235,0.9350260162046848,0.33226867271580096,0.2059410798192973,0.46179024746490166
interictal_073,interictal,2310,2316,,29,EEG F10,True,13.91467511756539,2.303023603087231,0.045913383262780855,0.20700542835830596,6.316628996438636,0.8524238196251883,0.5231968364613961,0.1664515748666576,0.3103515886719463
interictal_074,interictal,2316,2322,,1,EEG Fp1,True,25.963640404374395,5.109171131363164,0.09182676652556171,0.2573604243360983,4.233368813327019,0.842385252308159,0.5469011918276712,0.07772000569891377,0.375378802473415
interictal_074,interictal,2316,2322,,2,EEG F3,True,11.256691927365273,4.263858984682263,0.16704656463692608,0.4997635772278918,2.435756424297958,0.937588670351785,0.1970237444088846,0.08593996154229375,0.7170362940488217
interictal_074,interictal,2316,2322,,3,EEG C3,True,3.1200449983237792,1.035896806057971,0.12601758384890915,0.42878600634318415,3.3070350654065708,0.9453501052908629,0.2662817823333726,0.23070828482707612,0.5030099328395513
interictal_074,interictal,2316,2322,,4,EEG P3,True,5.747799030890941,1.2949234408232992,0.10354933246499512,0.2890484200715738,4.7416938317633095,0.9312727105909199,0.2880202306975456,0.22709543128671753,0.48488433801573694
interictal_074,interictal,2316,2322,,5,EEG O1,True,7.582557387893981,2.15976048480854,0.12211006186909801,0.36602720752873164,3.675321128361134,0.8537991008298297,0.481407914837276,0.18786278788893102,0.33072929727379297
interictal_074,interictal,2316,2322,,6,EEG F7,True,13.59438119023254,2.759641953957331,0.09150113969391079,0.26496465878115294,4.261123231591676,0.9281036375321994,0.36304455509469524,0.16163950303416147,0.4753159418711434
interictal_074,interictal,2316,2322,,7,EEG T3,True,7.993586313456874,2.8284489801074835,0.12829697167046564,0.46563747136965866,2.6739650279223026,0.9350458046381617,0.2574805006194776,0.19225539637043465,0.5502641030100878
interictal_074,interictal,2316,2322,,8,EEG T5,True,7.73761153349812,3.4347449533418177,0.18365353305112342,0.5837159398285305,2.1990955665513248,0.9439404468997794,0.22542979213699224,0.22026533400583265,0.5543048738571752
interictal_074,interictal,2316,2322,,9,EEG Fc1,True,3.8043847024963613,1.0384385024138463,0.0963855421686747,0.35368153024079146,3.913217282753682,0.9369681980236717,0.3371738120550265,0.1632545446192601,0.49957164332571347
interictal_074,interictal,2316,2322,,10,EEG Fc5,True,7.251298724173199,2.6582407703015085,0.15597525236079454,0.4927124862865428,2.7845162243365813,0.9440207221768218,0.23668296223857926,0.1561418866425504,0.6071751511188703
interictal_074,interictal,2316,2322,,11,EEG Cp1,True,4.733804892761931,0.9486469704472,0.08108108108108109,0.25914195467820267,5.547874466430352,0.9119158020824037,0.35947049355068444,0.25387727269793553,0.3866522337513801
interictal_074,interictal,2316,2322,,12,EEG Cp5,True,5.971444944089045,1.523654784848802,0.08173233474438293,0.33230863925784987,4.011922100384794,0.9395054217163145,0.20229717330714825,0.1981766518527377,0.5995261748401141
interictal_074,interictal,2316,2322,,13,EEG F9,True,9.471104161211867,2.6353155106824855,0.12341256919570173,0.3528514654837405,3.7668539368343272,0.8570930496063973,0.5531178575931426,0.18091261364562233,0.26596952876123503
interictal_074,interictal,2316,2322,,14,EEG Fz,True,9.47419734559363,1.2584812052822278,0.06252035167697818,0.16938393245987546,7.84458849649161,0.8241394296305888,0.6062821328950649,0.13995688837289527,0.25376097873203984
interictal_074,interictal,2316,2322,,15,EEG Cz,True,5.850358763413857,1.026569464098193,0.08336046890263758,0.22642002463961283,6.1486944022631755,0.9176778054212399,0.373170518793499,0.14173112703053853,0.4850983541759624
interictal_074,interictal,2316,2322,,16,EEG Pz,True,6.011741147946869,1.0022515952668316,0.06317160534028005,0.21705852098983172,6.540356510218539,0.9046468813744699,0.42589474027276275,0.22032601661268883,0.35377924311454845
interictal_074,interictal,2316,2322,,17,EEG Fp2,True,27.433426357423503,3.4332238786366616,0.05665906870726148,0.16002335687501376,7.037805949064367,0.7227519884172423,0.7403835499533311,0.08203813951868844,0.17757831052798045
interictal_074,interictal,2316,2322,,18,EEG F4,True,11.930605234242128,4.182922295839023,0.14783458156952134,0.46100289576420805,2.6587562102469833,0.9167642184941065,0.3126205280266559,0.1476141888359182,0.5397652831374259
interictal_074,interictal,2316,2322,,19,EEG C4,True,6.1813706177061,1.5401956156866596,0.06903288830999674,0.3189022203428455,4.1387003729731076,0.9337243452005027,0.30763407451174796,0.21514651824486233,0.4772194072433898
interictal_074,interictal,2316,2322,,20,EEG P4,True,4.813103767188657,1.3154399883126595,0.09573428850537284,0.35155059354312496,3.8663186731286974,0.9433699370578887,0.24708979263752381,0.27598731008496463,0.4769228972775116
interictal_074,interictal,2316,2322,,21,EEG O2,True,6.85810170013301,1.5237917540065697,0.09019863236730706,0.28541055368022633,4.685092864517046,0.8820366067087507,0.45886033016184713,0.1838450786155319,0.35729459122262097
interictal_074,interictal,2316,2322,,22,EEG F8,True,21.60636225952659,2.663508150586585,0.0429827417779225,0.1592985797568116,7.364470200143059,0.7119125276681196,0.6974886431169421,0.11941228659539514,0.18309907028766265
interictal_074,interictal,2316,2322,,23,EEG T4,True,9.181930597671236,3.794090984721523,0.15858026701400196,0.5536238804093631,2.0138438500298133,0.9150588992889235,0.16838039807121405,0.12470254612632674,0.7069170558024592
interictal_074,interictal,2316,2322,,24,EEG T6,True,9.265510266389072,2.6894870375819973,0.08889612504070335,0.4342244807368034,2.7439519196913804,0.9145237090442591,0.28881967028028116,0.11448550919360456,0.5966948205261142
interictal_074,interictal,2316,2322,,25,EEG Fc2,True,6.00964815253206,1.8244384631950359,0.1230869423640508,0.38244722244831114,3.2529414928679654,0.9222652445574785,0.38772701494193385,0.20104791457743584,0.4112250704806304
interictal_074,interictal,2316,2322,,26,EEG Fc6,True,8.198679686107864,3.4030555424668347,0.1592315206773038,0.5715001423084101,2.0879192612006485,0.8986426523679739,0.2827155678609429,0.11369369013731928,0.6035907420017378
interictal_074,interictal,2316,2322,,27,EEG Cp2,True,4.998250712266204,1.0167951182159811,0.08205796157603387,0.26412981630590765,5.3423083850807,0.9538627692946021,0.2361799191097046,0.24504557969716262,0.518774501193133
interictal_074,interictal,2316,2322,,28,EEG Cp6,True,5.937559523513409,1.4432987286152694,0.08857049820905243,0.3090597001936195,4.292540791030646,0.942961669465442,0.2970535240642751,0.27387371869858296,0.42907275723714206
interictal_074,interictal,2316,2322,,29,EEG F10,True,9.754259104521193,2.2977426505752683,0.09475740801042006,0.2996210607430235,4.3717002131109,0.8874781670478091,0.45035410661445374,0.19517779781084182,0.3544680955747044
interictal_075,interictal,2322,2328,,1,EEG Fp1,True,26.881484787230132,5.044696303968833,0.08726799088244871,0.2623869059921146,4.257511730500312,0.8243318866083813,0.5788215763294944,0.08416150281375599,0.33701692085674967
interictal_075,interictal,2322,2328,,2,EEG F3,True,16.393946958168613,5.050971012798071,0.15076522305437967,0.49938396105904637,2.576015812003761,0.9339644877295478,0.16136842276136268,0.12304845225295213,0.7155831249856852
interictal_075,interictal,2322,2328,,3,EEG C3,True,4.6137470566755585,1.7264532588717287,0.15499837186584176,0.6176546357522136,2.141824389342068,0.9541811704532804,0.24413602002042248,0.1748076614941147,0.5810563184854629
interictal_075,interictal,2322,2328,,4,EEG P3,True,6.7722430497013555,1.5206730456423816,0.08954737870400521,0.32749166135225827,4.1970167556592894,0.9210230214094342,0.2871748883762368,0.1791743182945667,0.5336507933291966
interictal_075,interictal,2322,2328,,5,EEG O1,True,23.50172447883281,2.5316582684395583,0.035493324649951155,0.1446037995899598,9.353366057586152,0.9204168171740145,0.39384975678318385,0.138963492140853,0.46718675107596325
interictal_075,interictal,2322,2328,,6,EEG F7,True,21.1247983221566,5.035824676433225,0.08303484207098664,0.46486945513821687,2.9219194969629845,0.9514249009956918,0.1750116641719081,0.15093095072941826,0.6740573850986737
interictal_075,interictal,2322,2328,,7,EEG T3,True,10.838656217154218,3.8610457657861756,0.15532399869749267,0.6655828018847064,1.980745147196046,0.9337483086043709,0.15579830664848954,0.09968346768927383,0.7445182256622366
interictal_075,interictal,2322,2328,,8,EEG T5,True,8.73483575922187,2.6101178840750543,0.11169000325626832,0.5285717343570322,2.3878822192949967,0.9262154340809833,0.30081477881390206,0.18928496030972217,0.5099002608763759
interictal_075,interictal,2322,2328,,9,EEG Fc1,True,6.976415702269099,1.527782177592786,0.10908498860306089,0.3397443245677968,3.936378040979364,0.9322041466839474,0.29477040525324305,0.13925002743318032,0.5659795673135766
interictal_075,interictal,2322,2328,,10,EEG Fc5,True,9.000069748673582,3.9123149977256024,0.18658417453598178,0.806079089662127,1.7156233013070616,0.9323993296706043,0.10396366272895191,0.18624155101412526,0.7097947862569228
interictal_075,interictal,2322,2328,,11,EEG Cp1,True,5.322914283410859,1.3275437125311274,0.09605991533702377,0.35069827691499145,4.033533636720265,0.9337651595742669,0.25063618001414767,0.18254265338243178,0.5668211666034205
interictal_075,interictal,2322,2328,,12,EEG Cp5,True,5.610745214639063,1.6440101598528412,0.10745685444480625,0.4762382158223632,2.8787264791043246,0.913968187344564,0.3236203982410664,0.2035897040689204,0.47278989769001317
interictal_075,interictal,2322,2328,,13,EEG F9,True,13.375511810976311,4.882408431482787,0.15141647671768155,0.5417489323181451,2.569331143717183,0.9002033829381705,0.36019270004747717,0.21939957801443413,0.42040772193808873
interictal_075,interictal,2322,2328,,14,EEG Fz,True,10.002178209410815,1.6703625900071766,0.08042982741777922,0.24759942619536648,5.3297946550751885,0.800603560849171,0.5834036012512736,0.09062331966398314,0.32597307908474327
interictal_075,interictal,2322,2328,,15,EEG Cz,True,4.8126898509746185,1.5880323676214532,0.13318137414522957,0.44752243062660785,2.99414527908176,0.9585644444805231,0.1707725526665738,0.15506459437357767,0.6741628529598486
interictal_075,interictal,2322,2328,,16,EEG Pz,True,12.29965929313421,1.3927511129203847,0.045913383262780855,0.15622172976876816,8.998703412100676,0.9349726872695929,0.26949558387839007,0.23124636441812976,0.49925805170348025
interictal_075,interictal,2322,2328,,17,EEG Fp2,True,26.117593667916218,4.404583756952797,0.08498860306089222,0.2990482068445546,3.8346195811496866,0.8161578955499296,0.5687712435943975,0.06960513461863872,0.3616236217869639
interictal_075,interictal,2322,2328,,18,EEG F4,True,16.349912214793967,5.25230296117763,0.15141647671768155,0.5158636039837375,2.2181895917940797,0.9221266933964841,0.14952071461060862,0.1297401630576398,0.7207391223317516
interictal_075,interictal,2322,2328,,19,EEG C4,True,7.641109406840248,2.2957234594006697,0.10778248127645718,0.4126810790165762,3.0944308246739713,0.9427323475326449,0.14967399575582194,0.21305210867509156,0.6372738955690865
interictal_075,interictal,2322,2328,,20,EEG P4,True,8.612306518868541,1.8682606645994773,0.12406382285900358,0.354219325219168,3.84102289639983,0.9296815089650653,0.22631229602845535,0.2399001122272921,0.5337875917442526
interictal_075,interictal,2322,2328,,21,EEG O2,True,15.977130045198573,2.301403904363349,0.029957668511885378,0.20612811952229543,6.3656286829641395,0.9349345892604592,0.26510552412023525,0.24964038410089587,0.4852540917788689
interictal_075,interictal,2322,2328,,22,EEG F8,True,24.58960988892371,4.548333407541981,0.05828720286551612,0.2873871630469382,4.670614277046683,0.7980646796725123,0.6454953923788768,0.06086978651692351,0.2936348211041998
interictal_075,interictal,2322,2328,,23,EEG T4,True,18.708518083149677,5.2204081813898044,0.1126668837512211,0.47491169449520687,2.635509202352981,0.9460905924418312,0.1423348266994236,0.18100408528396222,0.6766610880166141
interictal_075,interictal,2322,2328,,24,EEG T6,True,17.692489587678587,4.560365486598528,0.09801367632692934,0.6147595012778958,1.9370769952742972,0.9152120225697292,0.10334320746638408,0.4316384855752202,0.46501830695839563
interictal_075,interictal,2322,2328,,25,EEG Fc2,True,12.317071048480797,3.115552335128166,0.07163790296320417,0.33457161038368266,3.5384912735080842,0.8961647185065911,0.4874823798461511,0.17493122777598197,0.33758639237786686
interictal_075,interictal,2322,2328,,26,EEG Fc6,True,14.92209782185003,4.952975299508868,0.1383914034516444,0.5427006509516463,2.4898242939695754,0.9336815994687652,0.2054298609807571,0.13215136903851335,0.6624187699807296
interictal_075,interictal,2322,2328,,27,EEG Cp2,True,9.264191695521598,1.372770414771959,0.02832953435363074,0.20756459081188797,6.825250859587557,0.9452654872595069,0.20414078622809578,0.24868987986429927,0.547169333907605
interictal_075,interictal,2322,2328,,28,EEG Cp6,True,10.839379705185154,2.1892715032743135,0.06903288830999674,0.38677039918247236,3.2076652657286657,0.9372826697736415,0.1948106074886698,0.26053704045605697,0.5446523520552732
interictal_075,interictal,2322,2328,,29,EEG F10,True,20.283165240976732,5.3313506766421535,0.11299251058287203,0.3586610308973429,3.6394039753355445,0.9324476158726908,0.34667887962019783,0.16743211292156468,0.48588900745823754
interictal_076,interictal,2328,2334,,1,EEG Fp1,True,25.020093393191292,4.162072725050369,0.07456854444806252,0.22434276745779505,4.7162070672028085,0.7837775702602757,0.6878240540282792,0.0927460022264221,0.21942994374529867
interictal_076,interictal,2328,2334,,2,EEG F3,True,9.749051925509187,3.3383574202451975,0.1615109084988603,0.46646837303588584,2.6735701934476306,0.9391842670221345,0.3591408647541271,0.10614425229635502,0.534714882949518
interictal_076,interictal,2328,2334,,3,EEG C3,True,4.385033409087384,1.339439128735834,0.12276131553239987,0.3885980323235739,3.4739288672976665,0.9279238894775247,0.3213617564103019,0.1730826044890319,0.5055556391006663
interictal_076,interictal,2328,2334,,4,EEG P3,True,6.644295385397983,1.1629041252964314,0.05470530771735591,0.22469609723372447,6.091704849189261,0.9037534126903765,0.3550192639404066,0.2816396629156628,0.3633410731439307
interictal_076,interictal,2328,2334,,5,EEG O1,True,8.33678995518926,2.0012435560501807,0.09345490068381634,0.30889232852371284,4.349042642719097,0.878092849200285,0.4744383454401023,0.13293592473362406,0.39262572982627375
interictal_076,interictal,2328,2334,,6,EEG F7,True,10.014990046275768,2.6805498859961574,0.1302507326603712,0.34650331817262403,3.325802479558283,0.9013778585712579,0.443357510249703,0.10149098849489444,0.45515150125540255
interictal_076,interictal,2328,2334,,7,EEG T3,True,5.614064458538903,2.5776140375487575,0.18984044285249105,0.6083287267633285,1.9981233937672946,0.9447089909884719,0.19331977241390513,0.14357370072672515,0.6631065268593698
interictal_076,interictal,2328,2334,,8,EEG T5,True,6.71475698575988,1.8912972358996156,0.10973624226636275,0.35719359384426735,3.760125664026506,0.9351550473936692,0.2499148054112393,0.16368172625269017,0.5864034683360706
interictal_076,interictal,2328,2334,,9,EEG Fc1,True,4.435837982254427,1.199649757041002,0.10550309345490068,0.3470757558868828,3.812633819378071,0.9208244516373162,0.3888396225084094,0.14917768052231856,0.461982696969272
interictal_076,interictal,2328,2334,,10,EEG Fc5,True,4.889415843028559,2.424096457146552,0.20123738196027352,0.6676465645011139,2.039028049769391,0.942304139906714,0.276874450629232,0.12640840661792663,0.5967171427528414
interictal_076,interictal,2328,2334,,11,EEG Cp1,True,3.9576817019262807,1.1240884668000588,0.09540866167372192,0.36512091856606255,3.7953277344050522,0.9262744353284404,0.37752410309157663,0.2372203899926048,0.38525550691581856
interictal_076,interictal,2328,2334,,12,EEG Cp5,True,4.965847348887825,1.1675345450739714,0.07847606642787365,0.2995761475489992,4.5621195445756175,0.9310833105762928,0.24066269167993384,0.26993940872929356,0.4893978995907725
interictal_076,interictal,2328,2334,,13,EEG F9,True,7.304898862840319,3.5098777094908575,0.1976554868121133,0.6016240580494701,2.1606597812624084,0.8746312669224509,0.4693652115501084,0.18873841748451273,0.34189637096537895
interictal_076,interictal,2328,2334,,14,EEG Fz,True,7.853760993826812,1.3222640962383658,0.07521979811136438,0.21584516084177707,6.0742637862938205,0.8062181241135151,0.6723368646231109,0.15243918713307672,0.17522394824381235
interictal_076,interictal,2328,2334,,15,EEG Cz,True,5.506315596735795,1.4411473581706362,0.11006186909801367,0.3313397311301822,3.941588585421592,0.9243047648138293,0.32303179823754014,0.16054385316232583,0.5164243486001341
interictal_076,interictal,2328,2334,,16,EEG Pz,True,4.847813507751223,1.1143792062160391,0.07163790296320417,0.29625543054760806,4.6032505150431895,0.8553845805537499,0.4629586829419461,0.23315718286046697,0.30388413419758686
interictal_076,interictal,2328,2334,,17,EEG Fp2,True,26.294833434280612,3.1807448100383837,0.057310322370563334,0.15796431259929397,7.065735103065062,0.7158265806710548,0.7767877227481651,0.09052133278384869,0.1326909444679863
interictal_076,interictal,2328,2334,,18,EEG F4,True,36.19163816011401,4.039447953869817,0.027352653858677956,0.15236227856854173,7.858803035572887,0.8729940568864754,0.48258961057785743,0.10805771281839023,0.4093526766037524
interictal_076,interictal,2328,2334,,19,EEG C4,True,4.871853897040672,1.8958975285797957,0.15369586453923803,0.5022109291171712,2.512095896412447,0.9554318499831521,0.23802326040477045,0.2060588377544735,0.5559179018407561
interictal_076,interictal,2328,2334,,20,EEG P4,True,3.742384427202029,1.3124997041270159,0.14653207424291761,0.45687273213137286,2.901386885136555,0.9405073792724317,0.3081399020180853,0.18032831286721343,0.5115317851147013
interictal_076,interictal,2328,2334,,21,EEG O2,True,7.006568329669648,1.4694224382822014,0.08531422989254314,0.2667159458971979,4.87446345105083,0.9049088466336224,0.34289009669282783,0.21204636069747992,0.4450635426096923
interictal_076,interictal,2328,2334,,22,EEG F8,True,24.764126387358136,2.8330433781110247,0.04265711494627157,0.14550504365246517,8.254240570008553,0.6892108093970086,0.7558730127322856,0.10372070770314509,0.14040627956456925
interictal_076,interictal,2328,2334,,23,EEG T4,True,10.434163792906162,3.746438577864251,0.13448388147183327,0.4963478953566382,2.258579703785771,0.8938654884307382,0.13925516592602613,0.06251650640629289,0.7982283276676809
interictal_076,interictal,2328,2334,,24,EEG T6,True,7.658785646926694,2.746779699704633,0.1475089547378704,0.50714714701712,2.3474895634850435,0.9116999279726975,0.2332282697272126,0.151979133380456,0.6147925968923312
interictal_076,interictal,2328,2334,,25,EEG Fc2,True,7.624876795261497,2.9470924821903517,0.14783458156952134,0.5060266899668336,2.3070520963881824,0.9085226694809325,0.38298510394286256,0.24522404158059694,0.3717908544765404
interictal_076,interictal,2328,2334,,26,EEG Fc6,True,9.220284414940773,3.3572975689510116,0.1439270595897102,0.4998260742085922,2.3770887602255355,0.9094843664449401,0.26733914806461745,0.13764704013240886,0.5950138118029737
interictal_076,interictal,2328,2334,,27,EEG Cp2,True,3.6772127004147417,1.0685736898192162,0.11559752523607945,0.37581567624564677,3.67381417299652,0.8855474504274777,0.3949576664638606,0.16651685132497973,0.4385254822111596
interictal_076,interictal,2328,2334,,28,EEG Cp6,True,4.812676872797668,1.2829388805709443,0.1162487788993813,0.34531344680402015,3.810089417210457,0.9218099865822141,0.3301154931340662,0.15472738638040667,0.5151571204855271
interictal_076,interictal,2328,2334,,29,EEG F10,True,12.611663127506475,4.114146930908566,0.10908498860306089,0.3955310807516052,3.234989753397096,0.8216872140339947,0.5322210911239611,0.19449605952067628,0.2732828493553626
interictal_077,interictal,2334,2340,,1,EEG Fp1,True,28.076065053038032,3.320028728318043,0.07912732009117551,0.1601977971891536,6.660653202080202,0.6652435751184436,0.7895376147318215,0.06519783381273755,0.1452645514554409
interictal_077,interictal,2334,2340,,2,EEG F3,True,12.14610829793323,2.467156212052989,0.08922175187235429,0.2765130352805216,4.44458050537992,0.8465479924704705,0.4835263832762607,0.10446814250607726,0.41200547421766215
interictal_077,interictal,2334,2340,,3,EEG C3,True,4.167955286208264,1.2206875643823523,0.11103874959296646,0.37112568458652273,3.597682441992765,0.9051088365553791,0.373372232466565,0.1828574529935772,0.4437703145398578
interictal_077,interictal,2334,2340,,4,EEG P3,True,3.611765009902762,1.0308198249726654,0.10647997394985347,0.36685067368892577,3.6755468803184894,0.9372940678935202,0.203671846575916,0.1753180305968825,0.6210101228272015
interictal_077,interictal,2334,2340,,5,EEG O1,True,6.864863862139919,1.9613411625907886,0.12406382285900358,0.36753618387846754,3.585575354442969,0.920702152689996,0.3456524244335523,0.2103779983008323,0.4439695772656155
interictal_077,interictal,2334,2340,,6,EEG F7,True,22.21243385076925,2.576495489579481,0.04982090524259199,0.15078007347125233,7.7148806120228475,0.796213257367134,0.6367944943640712,0.1442801518079251,0.21892535382800377
interictal_077,interictal,2334,2340,,7,EEG T3,True,7.873331817697752,2.5111889568560772,0.13676326929338978,0.41776737482046367,2.8743074630004597,0.9410166201325548,0.2662200642400158,0.19256819311324141,0.5412117426467428
interictal_077,interictal,2334,2340,,8,EEG T5,True,6.507977572247985,2.1060242610682787,0.12569195701725822,0.4214109656755282,3.0310721898088744,0.9429888987875003,0.22162273097143703,0.13490826768247915,0.6434690013460838
interictal_077,interictal,2334,2340,,9,EEG Fc1,True,4.1691769366065605,1.1118598727627398,0.10517746662324975,0.34307956039388,3.7177090225634597,0.9024954976498926,0.3858526516682853,0.08843709491793209,0.5257102534137827
interictal_077,interictal,2334,2340,,10,EEG Fc5,True,10.433821297567064,2.1666548123617533,0.08661673721914685,0.28358900150627,4.7268198090896885,0.8783943000477479,0.44781709123074914,0.1981664928152041,0.35401641595404665
interictal_077,interictal,2334,2340,,11,EEG Cp1,True,3.4574402273403755,0.9454053773475573,0.08857049820905243,0.3582460703723756,3.9128525498652866,0.9154557078043692,0.3499104139754174,0.20106340346498994,0.44902618255959253
interictal_077,interictal,2334,2340,,12,EEG Cp5,True,5.30071146402169,1.1701556581084804,0.08889612504070335,0.28611138293128685,4.6312503475300595,0.9365956343832955,0.24514325604422624,0.1942326461963674,0.5606240977594062
interictal_077,interictal,2334,2340,,13,EEG F9,True,10.994912831554892,3.557473788519719,0.14946271572777597,0.40203335626040343,3.229315376464934,0.893642343379758,0.4102151230016108,0.25799126403803896,0.3317936129603501
interictal_077,interictal,2334,2340,,14,EEG Fz,True,7.718065536484734,1.2045169397979756,0.07131227613155323,0.1986875950193524,6.393807941022593,0.7498991080323892,0.6531983655322013,0.10386431263952549,0.24293732182827327
interictal_077,interictal,2334,2340,,15,EEG Cz,True,4.408104467224497,1.2661463347435398,0.13741452295669163,0.36907339856670757,3.4961477592758765,0.9385795241118207,0.24270452301595039,0.15949684356008834,0.5977986334239614
interictal_077,interictal,2334,2340,,16,EEG Pz,True,3.1042934028640325,0.9521522657092576,0.13871703028329535,0.40123339801904634,3.424106689068979,0.8937475142030437,0.3727999192886844,0.21943545765812247,0.40776462305319316
interictal_077,interictal,2334,2340,,17,EEG Fp2,True,21.042016154192847,2.9162707051248327,0.09605991533702377,0.18045938116240057,6.315898761596155,0.6527684477613231,0.7857215494889541,0.06687193692192918,0.14740651358911677
interictal_077,interictal,2334,2340,,18,EEG F4,True,11.624894178784798,3.2237382170813764,0.12373819602735266,0.3702506396404367,3.208640603984994,0.917955724479955,0.32286714850711723,0.1662790577512476,0.5108537937416351
interictal_077,interictal,2334,2340,,19,EEG C4,True,5.0458100456718284,1.7436460793252966,0.14262455226310647,0.4452843306395162,2.836771459571262,0.9191789037690271,0.3462044228237417,0.23015013525629147,0.4236454419199668
interictal_077,interictal,2334,2340,,20,EEG P4,True,4.012482733302382,1.2125361732739255,0.1276457180071638,0.3924217649935188,3.3587684744447213,0.9088606502349019,0.3508657596164675,0.2586846205382805,0.39044961984525206
interictal_077,interictal,2334,2340,,21,EEG O2,True,7.253219407148798,1.3579388692310375,0.06414848583523282,0.23772999171060621,5.294226144367835,0.8954496753185001,0.32655660463583747,0.16280409103948465,0.510639304324678
interictal_077,interictal,2334,2340,,22,EEG F8,True,30.197716423126955,2.845036822292361,0.04005210029306415,0.11972678932813444,10.010362215105365,0.7474484462464686,0.7003488036886253,0.14409418023157936,0.15555701607979538
interictal_077,interictal,2334,2340,,23,EEG T4,True,10.350333256036402,3.3528242646616304,0.14490394008466298,0.446687958236434,2.5599123711431333,0.9387921628167494,0.23776381974674235,0.10100782812570755,0.6612283521275502
interictal_077,interictal,2334,2340,,24,EEG T6,True,8.519661663414318,2.74197868047949,0.12406382285900358,0.4650493299458585,2.560300133990942,0.9484051832540449,0.25643866236775653,0.18513331755485973,0.5584280200773837
interictal_077,interictal,2334,2340,,25,EEG Fc2,True,5.980217731624566,2.77036157778013,0.17095408661673722,0.610264821089494,1.9088687508403877,0.9201986004893208,0.3847843219659977,0.1162403836650503,0.49897529436895194
interictal_077,interictal,2334,2340,,26,EEG Fc6,True,9.6512226368441,3.0198986756642303,0.1475089547378704,0.4325042744003706,2.707103968211053,0.9388239787708887,0.3049517649121661,0.1287474381717398,0.5663007969160941
interictal_077,interictal,2334,2340,,27,EEG Cp2,True,3.2066311896004325,0.9173191776309897,0.1243894496906545,0.37486626564794767,3.7636985569201467,0.9113313605866483,0.3203569413059977,0.28363710620573584,0.3960059524882664
interictal_077,interictal,2334,2340,,28,EEG Cp6,True,5.985959973009835,1.2342637119750566,0.09345490068381634,0.26316459613738075,4.928186329706369,0.9042375373116676,0.4241502963788122,0.17073748286003748,0.40511222076115044
interictal_077,interictal,2334,2340,,29,EEG F10,True,17.658192164159267,4.181522860333463,0.12732009117551285,0.2862584880085262,4.45673163200982,0.8022136246627196,0.620690296773714,0.19251654859398243,0.18679315463230345
interictal_078,interictal,2340,2346,,1,EEG Fp1,True,29.501171137881038,3.160105494445299,0.07131227613155323,0.14710008334277125,7.454356225491718,0.7645393734192967,0.721003636410385,0.1112662286684378,0.16773013492117714
interictal_078,interictal,2340,2346,,2,EEG F3,True,13.237532315318308,2.4067311570658694,0.08042982741777922,0.24264037532604352,5.058763137854456,0.930973420287084,0.32116399991546973,0.13963906089466568,0.5391969391898644
interictal_078,interictal,2340,2346,,3,EEG C3,True,5.169606861539221,1.23535335775175,0.09215239335721263,0.30265177895088546,4.493050648621471,0.9057388831797362,0.4142855801710822,0.15871645462916745,0.42699796519975036
interictal_078,interictal,2340,2346,,4,EEG P3,True,5.51281510252648,1.0991761636759374,0.0823835884076848,0.2576561987539337,5.263724271116907,0.9039995984380091,0.4213893798382405,0.11199272038217387,0.4666178997795856
interictal_078,interictal,2340,2346,,5,EEG O1,True,6.3429093954456945,1.989593640271541,0.12211006186909801,0.40416792422842024,3.2817006771143724,0.9001480837070629,0.4401218793432967,0.20195992566608983,0.35791819499061345
interictal_078,interictal,2340,2346,,6,EEG F7,True,30.388277376948068,2.5978969229046105,0.046890263757733634,0.1124201225979028,10.515633766842482,0.7435547079127068,0.7104738458637555,0.15463141828585428,0.13489473585039022
interictal_078,interictal,2340,2346,,7,EEG T3,True,11.790754552583255,2.5835644667218403,0.095083034842071,0.2849841325144718,4.244619302999613,0.8430192733048623,0.5418103879256643,0.14690893546584463,0.31128067660849107
interictal_078,interictal,2340,2346,,8,EEG T5,True,6.933760347566005,2.4206720393135726,0.15076522305437967,0.45324146309745683,2.8478833158945442,0.8808018024172863,0.4375698089076176,0.178062202216846,0.38436798887553647
interictal_078,interictal,2340,2346,,9,EEG Fc1,True,5.438294310279502,1.1143858884596485,0.09475740801042006,0.2639159511833846,5.015367570175251,0.8871364744483315,0.44742392559642286,0.12091678379129307,0.43165929061228414
interictal_078,interictal,2340,2346,,10,EEG Fc5,True,11.34191257967544,2.2447850085647167,0.10387495929664604,0.26444468055813525,5.044988750384011,0.8710923873517423,0.4850311038530673,0.1530698146571123,0.3618990814898203
interictal_078,interictal,2340,2346,,11,EEG Cp1,True,4.3117171323059695,0.9796324842853033,0.09964181048518397,0.29719781375914917,4.742275882558415,0.923630338326902,0.32132170506541935,0.18229524902938823,0.4963830459051925
interictal_078,interictal,2340,2346,,12,EEG Cp5,True,6.611896291892487,1.2842101026668187,0.08563985672419408,0.2523144148057101,5.260467437959131,0.8892406785658653,0.4537983891900121,0.18043162039173322,0.36576999041825464
interictal_078,interictal,2340,2346,,13,EEG F9,True,14.764533992791863,3.6355369719921,0.1348095083034842,0.30840211023736497,4.208298881340457,0.7415585547730627,0.6859432495608425,0.17141753242065638,0.14263921801850107
interictal_078,interictal,2340,2346,,14,EEG Fz,True,8.399040223446073,1.2414349051629876,0.08889612504070335,0.19012317560703956,6.861940668195737,0.7988800995958908,0.6091339506126706,0.14323389912745174,0.2476321502598776
interictal_078,interictal,2340,2346,,15,EEG Cz,True,7.360456232192123,1.2793248801992085,0.07717355910126994,0.22585001384756923,5.84283653757502,0.8960211484827135,0.43745965832677186,0.1517752394969035,0.4107651021763246
interictal_078,interictal,2340,2346,,16,EEG Pz,True,3.48215849675865,1.0077056068115802,0.12243568870074895,0.3806320194879396,3.6190005436972235,0.9279977484866334,0.36688351016314996,0.17867426132705158,0.45444222850979843
interictal_078,interictal,2340,2346,,17,EEG Fp2,True,26.259259893175237,2.9651535925788943,0.07066102246825139,0.14608350367941436,7.849649683634319,0.6826878961785395,0.8063771336398798,0.04940669600157114,0.14421617035854895
interictal_078,interictal,2340,2346,,18,EEG F4,True,15.346383297317196,2.9981082321037786,0.10126994464343862,0.26492510900612337,4.422868074892722,0.8764251719025897,0.4877017041363621,0.11865488891641178,0.3936434069472261
interictal_078,interictal,2340,2346,,19,EEG C4,True,6.281430508698938,1.7336080370590181,0.10941061543471182,0.35464825259273086,3.594132579712066,0.9004961335651583,0.4273262256875239,0.17739034824639027,0.39528342606608585
interictal_078,interictal,2340,2346,,20,EEG P4,True,4.730030804696458,1.2798711825335838,0.10420058612829697,0.34857456763323597,3.820481956544265,0.934506150256915,0.29659804234950954,0.20918508225206137,0.4942168753984292
interictal_078,interictal,2340,2346,,21,EEG O2,True,6.582739636037195,1.3381701065069547,0.08498860306089222,0.25740183161398567,5.049279451262511,0.9088616928560055,0.3890307743443095,0.21162830301231592,0.3993409226433745
interictal_078,interictal,2340,2346,,22,EEG F8,True,43.904385565431916,2.6839677616127213,0.03842396613480951,0.0794255824809553,15.31222405958279,0.5935998737773139,0.8984783677576531,0.04594709929481198,0.05557453294753503
interictal_078,interictal,2340,2346,,23,EEG T4,True,13.823090599512064,3.2915251738023987,0.11494627157277759,0.3205472029003676,3.5369121914048742,0.9217259388823955,0.26380226060183826,0.09684598871085415,0.6393517506873077
interictal_078,interictal,2340,2346,,24,EEG T6,True,9.14796351129987,2.7619400834377337,0.11755128622598503,0.4284679492582284,2.7605635247650997,0.9401161194017472,0.22915589726440705,0.17641746245379264,0.5944266402818003
interictal_078,interictal,2340,2346,,25,EEG Fc2,True,7.835584251692651,2.7981372402220464,0.14457831325301204,0.4636348767528142,2.499913238877237,0.8953625981887515,0.4278469480604095,0.17561845665276624,0.3965345952868242
interictal_078,interictal,2340,2346,,26,EEG Fc6,True,14.679471061908677,2.932270402078621,0.11722565939433409,0.2714267235572012,4.545442164771996,0.8243362234360624,0.5634430608394194,0.11997334431189767,0.3165835948486829
interictal_078,interictal,2340,2346,,27,EEG Cp2,True,3.5680811150969474,0.9675294236788349,0.11169000325626832,0.35892717276294084,3.9295705809984365,0.8887150586576662,0.42005241835958124,0.17811794467743228,0.4018296369629866
interictal_078,interictal,2340,2346,,28,EEG Cp6,True,7.423098223935984,1.2761761023971823,0.06805600781504396,0.22241143152553794,5.9509052860860825,0.9166378077155073,0.33101914793151227,0.20672024851101894,0.46226060355746873
interictal_078,interictal,2340,2346,,29,EEG F10,True,25.28677305891324,4.121573040804726,0.08759361771409964,0.19832299252944824,6.452081127393346,0.732033463890965,0.7227078254792584,0.10835585775335828,0.16893631676738335
interictal_079,interictal,2346,2352,,1,EEG Fp1,True,45.05916431634024,3.7671533468259435,0.045262129599479,0.11077197625233708,9.746215133981968,0.7523344622394624,0.7449640135953737,0.11746014774803802,0.1375758386565883
interictal_079,interictal,2346,2352,,2,EEG F3,True,20.075427783885857,3.0153195420041645,0.04982090524259199,0.2000830623890497,6.140172037089069,0.9071593498054016,0.4068401835148945,0.1407873745607249,0.4523724419243807
interictal_079,interictal,2346,2352,,3,EEG C3,True,6.314915509904934,1.2122762777241536,0.0778248127645718,0.24744150442020685,5.4152689843457695,0.891344744163332,0.36098040457133684,0.1715799727674964,0.46743962266116673
interictal_079,interictal,2346,2352,,4,EEG P3,True,5.073241630756723,1.0209155659339568,0.08108108108108109,0.26052371554152426,5.348018451941784,0.9158022909234194,0.3810810746871964,0.18251821872666957,0.43640070658613417
interictal_079,interictal,2346,2352,,5,EEG O1,True,8.496272703451043,1.9685710450062748,0.10159557147508955,0.29494955133090694,4.578548886143804,0.9006255889097775,0.46130290379568073,0.1405890648612652,0.39810803134305395
interictal_079,interictal,2346,2352,,6,EEG F7,True,38.70468852842654,2.9546011980123046,0.00488440247476392,0.09823930987118812,11.726258769690443,0.8148896372201666,0.6527935464183986,0.19149137409808697,0.15571507948351435
interictal_079,interictal,2346,2352,,7,EEG T3,True,12.584604679559662,2.4430522816279634,0.06870726147834581,0.25266853259120753,4.749000679086752,0.9089630061598554,0.41980123527179625,0.2000023285615959,0.38019643616660775
interictal_079,interictal,2346,2352,,8,EEG T5,True,7.479617438551303,1.9302756201880085,0.11201563008791925,0.3295765044148493,4.05731648702313,0.8948500692495258,0.39944072085744325,0.1458899235764496,0.4546693555661072
interictal_079,interictal,2346,2352,,9,EEG Fc1,True,6.105151061236475,1.1984570381042519,0.0755454249430153,0.2542658750194778,5.025916137611721,0.9237896322191103,0.3093274514693628,0.11950013298082705,0.5711724155498101
interictal_079,interictal,2346,2352,,10,EEG Fc5,True,14.595736234286488,2.2413369685169107,0.03809833930315858,0.20274863576311775,6.448975475778448,0.9077732837012871,0.4359898571471941,0.20106483936839484,0.36294530348441106
interictal_079,interictal,2346,2352,,11,EEG Cp1,True,3.3089120040796804,0.9566916877228198,0.13643764246173884,0.3852801131166696,3.6476649204350076,0.9216317488639937,0.2757439613830165,0.2465815341407812,0.47767450447620236
interictal_079,interictal,2346,2352,,12,EEG Cp5,True,7.381137797746174,1.2207498245437323,0.07000976880494952,0.21062501200448872,6.388530197848492,0.8957538158615093,0.4028433994739142,0.20214227318409572,0.3950143273419901
interictal_079,interictal,2346,2352,,13,EEG F9,True,18.702235045823368,3.829134511053967,0.08336046890263758,0.25351612675527496,5.082125002006532,0.8521592716896662,0.5595508628019311,0.20409190958364937,0.2363572276144195
interictal_079,interictal,2346,2352,,14,EEG Fz,True,12.89992144584128,1.2748507442227184,0.04916965157929013,0.1264031135005863,10.07337570652848,0.8228501734408296,0.6257138405011301,0.12421200781705385,0.250074151681816
interictal_079,interictal,2346,2352,,15,EEG Cz,True,4.516311980221374,1.248451036668976,0.10875936177140996,0.3576272378936519,3.6772949836822266,0.9298723178438745,0.21294384198359873,0.09869011439715726,0.688366043619244
interictal_079,interictal,2346,2352,,16,EEG Pz,True,3.5104225034012906,0.9830035073505662,0.11201563008791925,0.37205079254846546,3.6785152427990826,0.8843938667277638,0.44481868487002685,0.23472283821442633,0.3204584769155469
interictal_079,interictal,2346,2352,,17,EEG Fp2,True,35.34190366734373,3.211995987757509,0.04982090524259199,0.11719320481582067,9.50972925658974,0.6766796943649173,0.8348603676834987,0.08165190424674611,0.08348772806975527
interictal_079,interictal,2346,2352,,18,EEG F4,True,25.19114308830209,3.461843504706635,0.052100293064148484,0.18320909777158084,6.407689971328345,0.8607251205746106,0.508058764576696,0.11298644672305526,0.37895478870024873
interictal_079,interictal,2346,2352,,19,EEG C4,True,8.348864556938876,1.7197800823994591,0.08726799088244871,0.26428308228882974,4.82062474000009,0.9094623813842712,0.38059227130428563,0.16385931982677104,0.4555484088689433
interictal_079,interictal,2346,2352,,20,EEG P4,True,6.355369177552834,1.2834930598960257,0.0592640833604689,0.2609977175045134,4.976220726344344,0.8745513572981249,0.4463774658564774,0.1642786895787987,0.3893438445647238
interictal_079,interictal,2346,2352,,21,EEG O2,True,8.755929489702647,1.459349974399382,0.05535656138065777,0.2114314488906952,6.176056896313017,0.8574606959219468,0.4940078063909848,0.12976390671429636,0.3762282868947189
interictal_079,interictal,2346,2352,,22,EEG F8,True,54.04472803057469,3.062397992227178,0.019211983067404754,0.07298915410194208,16.09714893089116,0.6121421379053237,0.8767703504827746,0.08321061944278382,0.04001903007444163
interictal_079,interictal,2346,2352,,23,EEG T4,True,17.581538743209048,3.6927057886010757,0.06805600781504396,0.2837144376824707,4.009710114975964,0.8829855755544398,0.44202923029964925,0.12025063463865068,0.4377201350617
interictal_079,interictal,2346,2352,,24,EEG T6,True,12.263727653964375,2.7991760426506955,0.08108108108108109,0.32464378089979634,3.678734800464022,0.872671228127884,0.46453446327400394,0.16968170873209304,0.365783827993903
interictal_079,interictal,2346,2352,,25,EEG Fc2,True,7.373041774892045,2.7428616765697758,0.13741452295669163,0.48233712229602305,2.433983866526096,0.917582165116248,0.3355126179396707,0.1349254172278649,0.5295619648324645
interictal_079,interictal,2346,2352,,26,EEG Fc6,True,17.93905846501018,3.4019304131505272,0.09801367632692934,0.2569839306150475,4.624189070883164,0.7945988814563738,0.6318679565572977,0.1331959751598303,0.23493606828287206
interictal_079,interictal,2346,2352,,27,EEG Cp2,True,4.124355299363576,0.9590686585064998,0.08694236405079779,0.3068519967218005,4.570900268793987,0.914598877433346,0.33307864642815294,0.2058384934321568,0.46108286013969035
interictal_079,interictal,2346,2352,,28,EEG Cp6,True,10.090055209494125,1.3695469883630724,0.02702702702702703,0.17216556626968638,7.472384153021826,0.8321607672639451,0.5662241578530578,0.13860474405746995,0.2951710980894723
interictal_079,interictal,2346,2352,,29,EEG F10,True,32.26796719955286,4.3988378287528525,0.04135460761966786,0.16580209031346924,7.639054155750754,0.6888571229730324,0.7961859602290763,0.12306048806938538,0.08075355170153839
interictal_080,interictal,2352,2358,,1,EEG Fp1,True,34.80426513408907,3.821248302313333,0.053728427222403126,0.14987388329646234,7.1739080385142575,0.8339697659032735,0.5768975282996989,0.13277694999960923,0.2903255217006919
interictal_080,interictal,2352,2358,,2,EEG F3,True,12.561942665288605,2.8433170521485054,0.09182676652556171,0.3069959353349218,4.077765889947586,0.9421046037231041,0.23519675871366907,0.15326675626823666,0.6115364850180943
interictal_080,interictal,2352,2358,,3,EEG C3,True,4.735606820816535,1.2729785732286718,0.09671116900032563,0.34384485136161924,3.9155062733610255,0.8742328984387123,0.4267697911356799,0.1740811364664199,0.39914907239790015
interictal_080,interictal,2352,2358,,4,EEG P3,True,6.521914227227749,1.1294213959081916,0.05144903940084663,0.22114364943643475,6.10880860526034,0.9397741974138294,0.2840511916128928,0.2513202358080442,0.46462857257906304
interictal_080,interictal,2352,2358,,5,EEG O1,True,8.888188508819892,1.8205395874513908,0.08336046890263758,0.25871420365236636,5.073266064905263,0.8515375007822772,0.5223524670153685,0.13114645797338131,0.34650107501125016
interictal_080,interictal,2352,2358,,6,EEG F7,True,17.21308730094079,2.621008434807666,0.048518397915988276,0.19576742903794614,5.926204230209755,0.9095315872399652,0.4190507952144601,0.2524196977302889,0.328529507055251
interictal_080,interictal,2352,2358,,7,EEG T3,True,7.014955672751159,2.3862729745534326,0.13806577661999347,0.449291269194883,2.6377299289847955,0.9404158358229564,0.29412679001939457,0.15691601727725582,0.5489571927033495
interictal_080,interictal,2352,2358,,8,EEG T5,True,6.966779141623108,1.9868494908055412,0.10908498860306089,0.36500495406099015,3.56184364747312,0.9219691968421883,0.24501462305526248,0.14286604824632632,0.6121193286984112
interictal_080,interictal,2352,2358,,9,EEG Fc1,True,5.804931497620537,1.160512177081279,0.08629111038749593,0.2586208674879539,5.077938670350855,0.8506578178930084,0.5377772281797039,0.14644798940485385,0.3157747824154422
interictal_080,interictal,2352,2358,,10,EEG Fc5,True,7.8165846136576835,2.161584304284801,0.12471507652230544,0.36117883195735573,3.6354852411151874,0.9117946808683796,0.34454998638016104,0.2170707429391496,0.4383792706806894
interictal_080,interictal,2352,2358,,11,EEG Cp1,True,4.770732360292315,1.07197020355024,0.06935851514164768,0.2933250369211582,4.751314690023475,0.8756830083581124,0.3827740785503183,0.27470496844474324,0.34252095300493846
interictal_080,interictal,2352,2358,,12,EEG Cp5,True,4.882423462259734,1.2069375887005191,0.08661673721914685,0.3151055465094578,4.261881753897781,0.9526517737308683,0.25191909647662813,0.20438739884423188,0.54369350467914
interictal_080,interictal,2352,2358,,13,EEG F9,True,11.50563672758299,3.6271726385378966,0.15271898404428524,0.39082010278754137,3.2943390707630487,0.8757631496090074,0.4995509431820125,0.19850537413067101,0.3019436826873164
interictal_080,interictal,2352,2358,,14,EEG Fz,True,10.73023839553172,1.3021307544929215,0.048518397915988276,0.1543401094324568,8.354676820492603,0.8346426052841509,0.5745582766415855,0.14896772242924533,0.27647400092916924
interictal_080,interictal,2352,2358,,15,EEG Cz,True,3.936236548087336,1.3558820639501774,0.131227613155324,0.4399773487620977,2.9942387845809693,0.882685014982226,0.39853466613809874,0.12590407226361475,0.47556126159828654
interictal_080,interictal,2352,2358,,16,EEG Pz,True,4.9026526839342015,1.0772290210873985,0.1045262129599479,0.2850612853542227,4.817160177639884,0.853923514723567,0.45815204376482027,0.2664930323425786,0.275354923892601
interictal_080,interictal,2352,2358,,17,EEG Fp2,True,33.30993965586104,3.198283540849887,0.04949527841094106,0.1238369677720894,9.18893835296805,0.7695984071644766,0.7064510363447848,0.0734983276849795,0.2200506359702357
interictal_080,interictal,2352,2358,,18,EEG F4,True,16.203891914614474,3.556580602230154,0.0963855421686747,0.29574970047821925,3.987923354013685,0.9299926570753543,0.33833501639865116,0.15786009446475197,0.5038048891365969
interictal_080,interictal,2352,2358,,19,EEG C4,True,5.313654404561749,1.8781173821758197,0.14132204493650277,0.45087578500684805,2.7934706744784146,0.9301069751789491,0.28671751078705204,0.25833567675896524,0.4549468124539826
interictal_080,interictal,2352,2358,,20,EEG P4,True,5.109854698124934,1.2643989254595451,0.10615434711820254,0.3222460014626065,4.158595536954462,0.9223167756235245,0.361063116186776,0.19803097172413833,0.4409059120890857
interictal_080,interictal,2352,2358,,21,EEG O2,True,8.865385940583664,1.374492817278488,0.0638228590035819,0.1969685244863905,6.4747031028493645,0.8619478598803266,0.4803768423445766,0.15666386365567722,0.3629592939997461
interictal_080,interictal,2352,2358,,22,EEG F8,True,30.456401514696015,3.0878524812041577,0.046890263757733634,0.1304558792593307,9.094627339323516,0.7193454657421785,0.7245305510042028,0.12240338829147861,0.1530660607043186
interictal_080,interictal,2352,2358,,23,EEG T4,True,10.484992999419172,3.8316556539929794,0.14164767176815368,0.4855184436312142,2.3225222114749613,0.9399609901674142,0.18109612843300596,0.16388286084062884,0.6550210107263652
interictal_080,interictal,2352,2358,,24,EEG T6,True,8.597118381130286,2.8252962450476566,0.13090198632367306,0.47858369883089147,2.462363080246367,0.948579606949499,0.22820153002390067,0.1814559611354623,0.590342508840637
interictal_080,interictal,2352,2358,,25,EEG Fc2,True,7.150066261402892,2.95179855312326,0.1566265060240964,0.5374094869027936,2.1712728637372303,0.9066588742150347,0.3726468685726589,0.1520054297820091,0.47534770164533213
interictal_080,interictal,2352,2358,,26,EEG Fc6,True,9.7108213864474,3.2526494734101536,0.1243894496906545,0.46011612523099094,2.587820082091869,0.9134509527317712,0.3438220996310164,0.17322442980390995,0.4829534705650737
interictal_080,interictal,2352,2358,,27,EEG Cp2,True,4.0341058157721115,1.0245580828635332,0.10517746662324975,0.3325988395828259,4.247191603989722,0.8835291260270415,0.42479744561944616,0.22531888428154895,0.3498836700990049
interictal_080,interictal,2352,2358,,28,EEG Cp6,True,5.551671381665975,1.326592944448782,0.08759361771409964,0.3079067842027189,4.262977422770233,0.9268300352906684,0.3061934232805257,0.23276743124181978,0.4610391454776546
interictal_080,interictal,2352,2358,,29,EEG F10,True,16.48206086840153,4.1909279569071565,0.0986649299902312,0.30876115078809535,4.126934712016346,0.7396171880706439,0.6198703155400215,0.17253219369434075,0.20759749076563794
interictal_081,interictal,2358,2364,,1,EEG Fp1,True,42.271260262424576,4.601786193191397,0.05568218821230869,0.1488695907191488,7.1139191719990205,0.7230235154351452,0.7584401360009086,0.06264499142979527,0.17891487256929597
interictal_081,interictal,2358,2364,,2,EEG F3,True,15.527803597609113,3.649441833182606,0.10908498860306089,0.3277940372169477,3.69013355614451,0.9149773706331628,0.36609999974171864,0.10498284287935641,0.5289171573789249
interictal_081,interictal,2358,2364,,3,EEG C3,True,4.08813041351545,1.3736593737108882,0.14490394008466298,0.42877565608053736,3.1529670275352557,0.9402417998861473,0.2587069531551494,0.13766832706663976,0.6036247197782109
interictal_081,interictal,2358,2364,,4,EEG P3,True,6.184564608070742,1.1367530194286708,0.08140670791273201,0.2366249385135461,5.898100131118529,0.9071753778172584,0.37841376249400127,0.21132781242317933,0.41025842508281946
interictal_081,interictal,2358,2364,,5,EEG O1,True,10.312167069722213,2.0610883264536772,0.10387495929664604,0.2538005330741166,5.270425548095323,0.8757212806398529,0.46243991600006223,0.2048335723459502,0.3327265116539875
interictal_081,interictal,2358,2364,,6,EEG F7,True,18.440738770246696,2.8953064052919584,0.06056659068707262,0.20645573560880995,5.502265015192939,0.8300543647520321,0.4949830998054898,0.1326019372070524,0.3724149629874577
interictal_081,interictal,2358,2364,,7,EEG T3,True,5.9709615781459,2.4297131760840203,0.1777922500814067,0.5483963193111993,2.195292048804923,0.9302581378341912,0.2198464797957775,0.16156083605145752,0.618592684152765
interictal_081,interictal,2358,2364,,8,EEG T5,True,8.012717292519898,1.9453493217193911,0.10322370563334418,0.3103211045894379,4.286785259642146,0.887617904664157,0.40209704301611443,0.142098619085685,0.4558043378982006
interictal_081,interictal,2358,2364,,9,EEG Fc1,True,6.7651928339360055,1.2606803220769132,0.07456854444806252,0.2389118120053967,5.527556104270325,0.8951486076390434,0.42799132188180083,0.12546509345577134,0.4465435846624278
interictal_081,interictal,2358,2364,,10,EEG Fc5,True,7.235068687759108,2.349499062985414,0.12569195701725822,0.4313458060158493,3.086356591208978,0.9050540390468184,0.35152803439871794,0.14848493740694496,0.49998702819433716
interictal_081,interictal,2358,2364,,11,EEG Cp1,True,4.826024183700892,1.121884341933664,0.09703679583197655,0.3020321509981232,4.660105784223801,0.8850675103970522,0.46278904649547326,0.13319940514326273,0.40401154836126396
interictal_081,interictal,2358,2364,,12,EEG Cp5,True,3.9284820431023464,1.1601412867374616,0.12471507652230544,0.37919967189542236,3.679305298618305,0.9111879867059839,0.36102844802217643,0.20607160235367056,0.4328999496241531
interictal_081,interictal,2358,2364,,13,EEG F9,True,8.198172439694734,3.5755890731732984,0.17095408661673722,0.5449197266346734,2.4014491228580734,0.8766995264499617,0.4385389574688496,0.19259305029199106,0.3688679922391593
interictal_081,interictal,2358,2364,,14,EEG Fz,True,13.205309896086174,1.4208335927531497,0.07326603712145881,0.13754974556689237,9.48283174025272,0.7751434941656752,0.7326523647231101,0.10686238861278698,0.16048524666410302
interictal_081,interictal,2358,2364,,15,EEG Cz,True,6.962498284706474,1.4307053293969814,0.07977857375447737,0.26183995059089826,5.0768926645563885,0.9055796737568083,0.40768749449637715,0.1627192471231231,0.4295932583804998
interictal_081,interictal,2358,2364,,16,EEG Pz,True,4.456410116367531,1.1290950775374686,0.11071312276131554,0.3293244905253631,4.1681839350030385,0.8463993683122539,0.5116927687086172,0.15118838376958554,0.3371188475217972
interictal_081,interictal,2358,2364,,17,EEG Fp2,True,39.980310017678846,3.998124702012663,0.052425919895799415,0.13918172062541107,7.837676903174123,0.7391743322560614,0.7503014629020492,0.07382689710395456,0.17587163999399616
interictal_081,interictal,2358,2364,,18,EEG F4,True,17.07507952871334,5.116337493134827,0.1162487788993813,0.41962316002453975,2.6829978538777897,0.922810473696893,0.2650374951574617,0.145389985522422,0.5895725193201163
interictal_081,interictal,2358,2364,,19,EEG C4,True,5.356343656163095,1.969500194430186,0.14001953760989905,0.47564398516329054,2.7138105783947584,0.9053155323668878,0.44684768546412196,0.16393820707725495,0.38921410745862295
interictal_081,interictal,2358,2364,,20,EEG P4,True,6.085708720568737,1.3450070755471648,0.0928036470205145,0.28432500874841704,4.696095393220972,0.8892896934373097,0.3847320764242242,0.1255160151444226,0.4897519084313533
interictal_081,interictal,2358,2364,,21,EEG O2,True,9.649720964814309,1.5506797789847022,0.07456854444806252,0.20610936395098578,6.397981578398586,0.896072641572511,0.4442207275838006,0.1160766921829776,0.4397025802332218
interictal_081,interictal,2358,2364,,22,EEG F8,True,22.900969672089513,3.3305052456357633,0.0846629762292413,0.18818886324998851,6.137092720928624,0.7931641117564979,0.6454803336534075,0.11270946588249632,0.24181020046409604
interictal_081,interictal,2358,2364,,23,EEG T4,True,10.86852011316762,4.087680638415057,0.1429501790947574,0.5202489445901368,2.157236069174829,0.9429745480862262,0.16691929231355376,0.07736964925852809,0.7557110584279182
interictal_081,interictal,2358,2364,,24,EEG T6,True,11.562062314709184,2.8184640815474875,0.09931618365353305,0.34429667602122116,3.482981973419471,0.941044583584364,0.2889331979243607,0.16352092099830415,0.5475458810773352
interictal_081,interictal,2358,2364,,25,EEG Fc2,True,6.799316329159533,2.9972332763665133,0.1696515792901335,0.5782220052467506,2.0537770634036585,0.8892792719389133,0.4715098649872608,0.1634695909879134,0.3650205440248259
interictal_081,interictal,2358,2364,,26,EEG Fc6,True,9.141061674638598,3.584537525051996,0.14360143275805926,0.5352235509238622,2.2488732343931552,0.9259592573644599,0.3043387830767851,0.10242418093034504,0.5932370359928698
interictal_081,interictal,2358,2364,,27,EEG Cp2,True,4.033532707557971,1.084809453466814,0.11364376424617388,0.3517287676198465,4.020004364249417,0.867151927031504,0.43232731730990953,0.13337127631249981,0.4343014063775906
interictal_081,interictal,2358,2364,,28,EEG Cp6,True,7.90850741602617,1.3582831781925604,0.08042982741777922,0.220799947175527,6.083184204076691,0.9039706143317812,0.3997608778718288,0.1699336273062928,0.4303054948218785
interictal_081,interictal,2358,2364,,29,EEG F10,True,16.61672773040147,4.278590532515583,0.09215239335721263,0.31321738085567385,4.0732601323005815,0.8348367197978999,0.5756456696545967,0.1963389203269926,0.22801541001841075
interictal_082,interictal,2364,2370,,1,EEG Fp1,True,27.855118307520932,3.7426717444499507,0.06186909801367633,0.18212797297927297,5.777172422638111,0.7572458757168125,0.6966063253916257,0.07250019661577994,0.23089347799259438
interictal_082,interictal,2364,2370,,2,EEG F3,True,12.050179140705513,2.765092860328585,0.10680560078150439,0.30583219171175696,4.057234952742912,0.9295371509831112,0.2928065495492184,0.1498802427255872,0.5573132077251943
interictal_082,interictal,2364,2370,,3,EEG C3,True,4.512437703343431,1.2559966756720427,0.10354933246499512,0.35353537854280503,3.7781051653569926,0.9097528517606521,0.37547150331387896,0.18507208231769848,0.4394564143684226
interictal_082,interictal,2364,2370,,4,EEG P3,True,7.037847376847246,1.0687805364015395,0.07098664929990231,0.19487295488100526,6.896333328585443,0.9340101640598153,0.2459424266755661,0.27784846190421914,0.4762091114202147
interictal_082,interictal,2364,2370,,5,EEG O1,True,7.131992576915626,1.9151116252642335,0.11364376424617388,0.34433477189299067,3.818819170389967,0.9153040511722521,0.3378385587168563,0.2808936718313255,0.38126776945181823
interictal_082,interictal,2364,2370,,6,EEG F7,True,23.08010330799495,2.626781796734427,0.0801042005861283,0.14560631746734123,7.951269597278445,0.9102361312603446,0.3501037262089979,0.1655441993998822,0.4843520743911199
interictal_082,interictal,2364,2370,,7,EEG T3,True,8.233901917307982,2.356054955326715,0.13448388147183327,0.3721028652554105,3.194186701013011,0.9386827753670006,0.21458463829370245,0.16751243551919848,0.6179029261870991
interictal_082,interictal,2364,2370,,8,EEG T5,True,6.500501391353412,1.9396358280461499,0.1162487788993813,0.3796369646852765,3.4423940522886554,0.9074247231545339,0.2666546773869552,0.17378351586369425,0.5595618067493506
interictal_082,interictal,2364,2370,,9,EEG Fc1,True,4.098083450886098,1.16947407036087,0.11657440573103224,0.36850389412649276,3.468703392447561,0.9020199521814717,0.33096909719952655,0.16248326435956403,0.5065476384409094
interictal_082,interictal,2364,2370,,10,EEG Fc5,True,8.685626777143504,2.140121898618183,0.11331813741452296,0.3186156037660737,4.151726493279251,0.951086300641461,0.22684434847560844,0.21699731426760344,0.5561583372567882
interictal_082,interictal,2364,2370,,11,EEG Cp1,True,3.1451572341395324,1.0013105647850895,0.1299251058287203,0.41446519745066007,3.3500345618615093,0.9131704021203287,0.39429566321206994,0.204102185851535,0.40160215093639506
interictal_082,interictal,2364,2370,,12,EEG Cp5,True,5.651629130050974,1.1646051722181006,0.0755454249430153,0.262512900549533,5.046103266735286,0.9290288299127002,0.28017162698034004,0.22518934841890997,0.49463902460075004
interictal_082,interictal,2364,2370,,13,EEG F9,True,11.838292919539962,3.514265440568532,0.14262455226310647,0.36869375718331815,3.530176189630143,0.8958197257800892,0.4678091727159699,0.1693189881348741,0.36287183914915605
interictal_082,interictal,2364,2370,,14,EEG Fz,True,8.209423166279448,1.32057553689204,0.08042982741777922,0.20515433938328226,6.082786988799724,0.8590083183099942,0.5629114719321394,0.13025052056423128,0.3068380075036294
interictal_082,interictal,2364,2370,,15,EEG Cz,True,3.993474671473938,1.3311948942873137,0.13285574731357863,0.4259962986166649,3.036623393516213,0.9202362517078427,0.24011530566018988,0.19908762352022172,0.5607970708195884
interictal_082,interictal,2364,2370,,16,EEG Pz,True,3.5919079379886245,1.0136662574203787,0.10745685444480625,0.36510042418507166,3.708080821337581,0.9103230216549909,0.3125562681469327,0.27119838854491063,0.4162453433081566
interictal_082,interictal,2364,2370,,17,EEG Fp2,True,24.078479728589063,3.3203010562669735,0.08336046890263758,0.1773339315181601,6.3651085215962215,0.7331212872041277,0.7656778439754461,0.06688877458651371,0.16743338143804004
interictal_082,interictal,2364,2370,,18,EEG F4,True,14.785086746664248,4.319723579529626,0.1289482253337675,0.39429950756236043,3.09007613878058,0.9279233861951831,0.2862225341091646,0.1455898692117981,0.5681875966790373
interictal_082,interictal,2364,2370,,19,EEG C4,True,6.8460749552338145,1.8281710623198193,0.12178443503744708,0.34161099069957035,3.706834563751633,0.9011513474887288,0.3709624113722564,0.19731223011577043,0.4317253585119732
interictal_082,interictal,2364,2370,,20,EEG P4,True,4.513983779900529,1.2525124582317566,0.10485183979159883,0.3599375093344322,3.5991162484801924,0.9159113524521039,0.2739488860673358,0.26495218628387907,0.461098927648785
interictal_082,interictal,2364,2370,,21,EEG O2,True,6.847620713834918,1.3644431253070433,0.09736242266362748,0.2538203479325013,4.937248251319358,0.9074680360355045,0.32056227917863817,0.2690308807807558,0.41040684004060596
interictal_082,interictal,2364,2370,,22,EEG F8,True,36.65799549017528,3.050404532924779,0.024096385542168676,0.10588996420118083,11.03502458571668,0.7363054134864623,0.7582851977664664,0.09511385693801198,0.1466009452955216
interictal_082,interictal,2364,2370,,23,EEG T4,True,12.536928944981268,3.8606853049891243,0.13774014978834256,0.4171114110757965,2.593925270036307,0.9430871224628207,0.1681736393043673,0.13368105788686993,0.6981453028087629
interictal_082,interictal,2364,2370,,24,EEG T6,True,8.230332443068482,2.860965255037802,0.13090198632367306,0.4908382243551451,2.398363028727979,0.9242014981653033,0.267374366437663,0.23437384109230436,0.4982517924700328
interictal_082,interictal,2364,2370,,25,EEG Fc2,True,6.658871459382281,2.8634768547192992,0.16672093780527517,0.5628418064154967,2.0879796967307263,0.9061868910760128,0.3599445904284646,0.15065765762758726,0.48939775194394813
interictal_082,interictal,2364,2370,,26,EEG Fc6,True,12.379989383594143,3.568477086672316,0.14490394008466298,0.39080779407227306,3.0134918057920688,0.9005462909654612,0.33650095494080207,0.14401673178353205,0.5194823132756659
interictal_082,interictal,2364,2370,,27,EEG Cp2,True,2.987624311022839,0.980756366873045,0.11396939107782482,0.4243537677326476,3.3000549044377094,0.924317638791401,0.2866156258741219,0.25488041090830693,0.45850396321757103
interictal_082,interictal,2364,2370,,28,EEG Cp6,True,6.331776782801163,1.316348955108625,0.08889612504070335,0.26554895358484093,4.812787949611295,0.9113895543802201,0.33055513020357785,0.28086325399879786,0.3885816157976244
interictal_082,interictal,2364,2370,,29,EEG F10,True,20.36248950576232,4.1291406178009575,0.10810810810810811,0.245370234656689,5.189714022533219,0.8814932949929513,0.4226813141464117,0.2347482735686318,0.3425704122849565
interictal_083,interictal,2370,2376,,1,EEG Fp1,True,30.578207427904253,4.154421194325128,0.039400846629762294,0.194320617480616,5.7912780995501505,0.7057139942709942,0.7155997875572986,0.06689362554947097,0.21750658689323052
interictal_083,interictal,2370,2376,,2,EEG F3,True,15.228442109958293,3.8296576973850476,0.07977857375447737,0.42475281830662653,3.086311143396015,0.9285459277560247,0.32037019392458344,0.10237788555882889,0.5772519205165878
interictal_083,interictal,2370,2376,,3,EEG C3,True,9.112649511215768,1.6366938685092873,0.09475740801042006,0.24740181585919135,5.577869031709192,0.8953364133427543,0.4537719352782469,0.16505241333495269,0.38117565138680054
interictal_083,interictal,2370,2376,,4,EEG P3,True,8.379452734190139,1.4490253021637562,0.06577661999348747,0.23882584027705214,5.788232607468078,0.913091183321928,0.33435257590328493,0.14223124192828146,0.5234161821684337
interictal_083,interictal,2370,2376,,5,EEG O1,True,29.123196503259955,2.4837501326520677,0.052425919895799415,0.11770535151196222,11.0296547891478,0.9134508999791209,0.3341303780963163,0.21993789535799485,0.44593172654568897
interictal_083,interictal,2370,2376,,6,EEG F7,True,24.731819147239122,4.205295961448868,0.07391729078476067,0.28189645030657295,4.902914167824682,0.8440570197986774,0.5439806864438006,0.09904642406756287,0.35697288948863654
interictal_083,interictal,2370,2376,,7,EEG T3,True,11.342964450152197,3.18891830884213,0.10192119830674047,0.4121290593298785,3.17809074390661,0.9493811843542924,0.186053330265407,0.15107536198841243,0.6628713077461804
interictal_083,interictal,2370,2376,,8,EEG T5,True,11.416306915578199,2.9544299265699534,0.11559752523607945,0.38532627335676195,3.237010271876497,0.9088697487917383,0.12796272865707337,0.11882511782960398,0.7532121535133227
interictal_083,interictal,2370,2376,,9,EEG Fc1,True,7.043202997910957,1.4732510953157438,0.07619667860631717,0.2921443095860785,4.691039143089144,0.9108797385885714,0.3738828815285786,0.0762725716613586,0.5498445468100629
interictal_083,interictal,2370,2376,,10,EEG Fc5,True,10.84569660941712,3.3247571762473793,0.14164767176815368,0.518784746848121,2.621118924283231,0.9126020301085357,0.31489754416454974,0.12331962650677003,0.5617828293286802
interictal_083,interictal,2370,2376,,11,EEG Cp1,True,6.0532580040252695,1.3276815197067997,0.09215239335721263,0.3170517130636415,4.3937894752211655,0.9013472432523292,0.412441188376247,0.15094595840292824,0.4366128532208247
interictal_083,interictal,2370,2376,,12,EEG Cp5,True,7.288538605831553,1.718807034941155,0.0941061543471182,0.343440687102429,3.9720933817032296,0.9319513155256071,0.3270853831122851,0.13740232382650708,0.5355122930612078
interictal_083,interictal,2370,2376,,13,EEG F9,True,13.933426583175068,4.604792083891511,0.1383914034516444,0.45072402783445564,3.0071216310261977,0.9305804457143295,0.275308711217974,0.15129821228595614,0.5733930764960699
interictal_083,interictal,2370,2376,,14,EEG Fz,True,8.290356392258602,1.6608025375935498,0.08759361771409964,0.27418669190802036,4.829943821677015,0.7937470074484507,0.6151483885921741,0.06446016469003724,0.3203914467177886
interictal_083,interictal,2370,2376,,15,EEG Cz,True,5.312489291481305,1.5026058184593694,0.10745685444480625,0.36331930036792964,3.7479587322208667,0.8979815845472631,0.4260681087542487,0.08788678725064444,0.48604510399510675
interictal_083,interictal,2370,2376,,16,EEG Pz,True,6.893282082555521,1.241464108832546,0.06056659068707262,0.23977656424005853,5.99103480402486,0.85663137150146,0.5358210347545077,0.1541512884397107,0.3100276768057815
interictal_083,interictal,2370,2376,,17,EEG Fp2,True,26.494597099769663,4.419890251569694,0.06838163464669489,0.25167081241730166,4.628244123778892,0.7574521357108204,0.6102455062059446,0.08766816048701802,0.3020863333070373
interictal_083,interictal,2370,2376,,18,EEG F4,True,16.68059758947086,5.343960670763695,0.14001953760989905,0.48994319357855953,2.666441351672452,0.9076338548210618,0.3498849325790875,0.09249392162787638,0.5576211457930361
interictal_083,interictal,2370,2376,,19,EEG C4,True,6.261982207882941,2.5306851387962546,0.1693259524584826,0.6261183061998642,2.0719901355074866,0.923845963452191,0.3213544528456591,0.1471108214909541,0.5315347256633869
interictal_083,interictal,2370,2376,,20,EEG P4,True,4.762415750130343,1.5850372515300726,0.12797134483881473,0.46586233360211715,2.9058082311469073,0.8931515733363838,0.3942725192686483,0.15447145665157827,0.4512560240797735
interictal_083,interictal,2370,2376,,21,EEG O2,True,9.11118193974262,1.8683947300794035,0.08954737870400521,0.29073409711503756,4.578884333351256,0.8448573098977508,0.5435800453930275,0.19247072998913453,0.26394922461783793
interictal_083,interictal,2370,2376,,22,EEG F8,True,32.80634277763505,5.411622491279373,0.057635949202214265,0.2810005540090062,4.921421156274954,0.7176366670968954,0.7126653092961495,0.06328578792169007,0.2240489027821605
interictal_083,interictal,2370,2376,,23,EEG T4,True,19.04123766091457,5.003128730000905,0.11755128622598503,0.44602162895526626,2.739560019091955,0.9367941077713574,0.14805528871743245,0.09344154206151317,0.7585031692210544
interictal_083,interictal,2370,2376,,24,EEG T6,True,9.156751725257894,3.332646362829613,0.14457831325301204,0.5424067447357527,2.304605010970622,0.9502920212742842,0.1562361953363649,0.16987221897415056,0.6738915856894845
interictal_083,interictal,2370,2376,,25,EEG Fc2,True,14.565630628717454,3.1821059376899425,0.07945294692282644,0.28711260441703224,4.226452503237975,0.8471641808312771,0.5418653829903638,0.1880300976083429,0.27010451940129326
interictal_083,interictal,2370,2376,,26,EEG Fc6,True,19.154298244651052,5.849708194155571,0.14360143275805926,0.5373567595084227,2.568328044382468,0.9265706459686922,0.24359521093230405,0.10377959083955358,0.6526251982281425
interictal_083,interictal,2370,2376,,27,EEG Cp2,True,5.344905477874444,1.217032669289153,0.09736242266362748,0.31404616499890864,4.553710672063873,0.8803144087076156,0.4750544414111209,0.13715900952061374,0.3877865490682654
interictal_083,interictal,2370,2376,,28,EEG Cp6,True,6.3149969198119,1.921179994353368,0.11820253988928688,0.4758063598574106,2.835097527909869,0.9228830675201798,0.3750601419003466,0.19666742659517703,0.42827243150447636
interictal_083,interictal,2370,2376,,29,EEG F10,True,25.568310362519302,5.638623326502704,0.07326603712145881,0.3099437416935712,4.480343673460676,0.8943353132630523,0.441399436983265,0.13464107795152783,0.4239594850652072
interictal_084,interictal,2376,2382,,1,EEG Fp1,True,41.12492473879019,6.011229763597254,0.0801042005861283,0.20716131228032494,6.298816509324243,0.6615784870774221,0.8442598080374493,0.0587397296320035,0.09700046233054725
interictal_084,interictal,2376,2382,,2,EEG F3,True,23.86745144259812,8.635716082456574,0.13676326929338978,0.7334632906032664,1.8571602798474063,0.9124965555752498,0.3921420718958894,0.15231603665657067,0.45554189144753987
interictal_084,interictal,2376,2382,,3,EEG C3,True,45.68045777343449,4.9609689768526,0.08042982741777922,0.22868021904776842,5.523691473452849,0.8444361937233107,0.554311642694888,0.29515601287500476,0.15053234443010718
interictal_084,interictal,2376,2382,,4,EEG P3,True,8.673206148673556,3.110699081456836,0.12145880820579616,0.6404720464800705,2.150572951985539,0.9324675830089558,0.3142801489374184,0.17959229400448323,0.5061275570580984
interictal_084,interictal,2376,2382,,5,EEG O1,True,14.186976264527512,3.4735615090910126,0.10550309345490068,0.341483700297555,4.167880956899187,0.9160487619914417,0.3520854891990229,0.19152407062869792,0.45639044017227914
interictal_084,interictal,2376,2382,,6,EEG F7,True,31.7795771170228,11.574216126823666,0.12829697167046564,0.75626810137727,1.8900522423203994,0.8506135238058675,0.511022206227965,0.10934069934324682,0.379637094428788
interictal_084,interictal,2376,2382,,7,EEG T3,True,25.45290349569557,8.80098040949384,0.13155323998697493,0.7508775865711976,1.6685470634046347,0.925781076005651,0.07936954969056464,0.09885574089990451,0.8217747094095308
interictal_084,interictal,2376,2382,,8,EEG T5,True,12.925042487675034,4.4235855682272565,0.10908498860306089,0.5422586615445079,2.4913935525835096,0.9070751926269862,0.32573621874341513,0.1674599997803031,0.5068037814762817
interictal_084,interictal,2376,2382,,9,EEG Fc1,True,42.53817273824644,3.6017081356265455,0.04428524910452621,0.16329130702658315,8.107184073231522,0.9045138106852061,0.45371751459468734,0.14058519043321702,0.40569729497209567
interictal_084,interictal,2376,2382,,10,EEG Fc5,True,24.240272776995926,10.31012024116338,0.16672093780527517,0.9895831225629628,1.3818733709856224,0.9345667344177709,0.1266781738237554,0.1641793921145959,0.7091424340616487
interictal_084,interictal,2376,2382,,11,EEG Cp1,True,7.486555760475502,2.543742304269488,0.12341256919570173,0.5559823969575698,2.551657135664026,0.9295293208743457,0.34824658798312513,0.15725353551510926,0.4944998765017656
interictal_084,interictal,2376,2382,,12,EEG Cp5,True,19.52173033183818,6.29688516105012,0.11527189840442853,0.8531508368836245,1.4841607426332821,0.9442128728419732,0.09729710151090191,0.18655711330307456,0.7161457851860236
interictal_084,interictal,2376,2382,,13,EEG F9,True,21.31198460038566,9.431117670348282,0.17127971344838816,0.8107025145396283,1.7236856377816072,0.9271969747737846,0.32062366431349665,0.18657685666332954,0.49279947902317395
interictal_084,interictal,2376,2382,,14,EEG Fz,True,16.604008494034712,3.281800601873222,0.09182676652556171,0.2945612871171055,4.783472298169787,0.6945849629981844,0.7703441610415875,0.08505097405440297,0.14460486490400956
interictal_084,interictal,2376,2382,,15,EEG Cz,True,6.4668291138564085,2.513273325863776,0.1650928036470205,0.5671236244390964,2.5114567812476265,0.8749644085721965,0.4847944536518221,0.10234692452735801,0.41285862182081984
interictal_084,interictal,2376,2382,,16,EEG Pz,True,6.998819000357869,2.0666094986315535,0.11396939107782482,0.4200150153923905,3.652270727216107,0.9009074066907791,0.4320721218219764,0.1595160782341467,0.408411799943877
interictal_084,interictal,2376,2382,,17,EEG Fp2,True,38.330195293848774,6.231421984109828,0.07489417127971344,0.22698015044434006,5.988411048252195,0.6583691330713067,0.8566991131952567,0.06725098999369396,0.07604989681104929
interictal_084,interictal,2376,2382,,18,EEG F4,True,25.249493074865658,14.803712455774535,0.23021816997720612,0.8979816267749314,1.5390289724942559,0.9309325245157738,0.31611141812761473,0.12987408329976136,0.554014498572624
interictal_084,interictal,2376,2382,,19,EEG C4,True,13.767447096606146,8.11354871239724,0.24226636274829047,0.8835713143323446,1.481044860937096,0.9211725860233239,0.3104243275638312,0.1803519967113201,0.5092236757248487
interictal_084,interictal,2376,2382,,20,EEG P4,True,6.856445533959387,3.3591178808095234,0.181048518397916,0.7352699898879009,1.8700515102378683,0.9376104158214704,0.18328822463097263,0.14059003538954934,0.676121739979478
interictal_084,interictal,2376,2382,,21,EEG O2,True,11.444483177340821,2.9824237191549474,0.10582872028655162,0.37679582116742355,3.8343493867353424,0.9062204890522783,0.3847545032455527,0.12907185744140628,0.48617363931304103
interictal_084,interictal,2376,2382,,22,EEG F8,True,34.566110373627666,17.86077529380471,0.21914685770107456,0.7756824418475838,1.8357049641753513,0.806682876163208,0.6091135881684607,0.11779236856822135,0.27309404326331793
interictal_084,interictal,2376,2382,,23,EEG T4,True,27.021601110488824,16.814409854882207,0.2605014653207424,0.9093751512914795,1.4401600482422945,0.9257214105928744,0.070135640408219,0.15955071707381083,0.7703136425179702
interictal_084,interictal,2376,2382,,24,EEG T6,True,12.162294573580574,4.885314891082575,0.1302507326603712,0.5824904878212308,2.329409859140956,0.9361304171487601,0.3200194732602753,0.17122212715829382,0.5087583995814309
interictal_084,interictal,2376,2382,,25,EEG Fc2,False,,,,,,,,,
interictal_084,interictal,2376,2382,,26,EEG Fc6,True,29.374529563705735,21.223476173989926,0.2943666558124389,1.071666784156049,1.3319101082463038,0.9498752155927814,0.1420701015672767,0.13461424899793684,0.7233156494347865
interictal_084,interictal,2376,2382,,27,EEG Cp2,True,7.011993938748341,2.51776377680707,0.15499837186584176,0.5138562061652238,2.79368902679752,0.9342969711576615,0.29580733662042924,0.10444174297126418,0.5997509204083066
interictal_084,interictal,2376,2382,,28,EEG Cp6,True,10.088279825923607,5.883079112226211,0.21686746987951808,0.8977417124351295,1.5083253994669839,0.9428552381476576,0.18404130265517657,0.18980953034011552,0.626149167004708
interictal_084,interictal,2376,2382,,29,EEG F10,True,25.544859367267275,14.484745762265973,0.20840117225659394,0.846677812503236,1.697546950407561,0.8891537271910023,0.36864790246030726,0.16537965018091705,0.46597244735877574
interictal_085,interictal,2382,2388,,1,EEG Fp1,True,28.343068785033207,2.9037929771688504,0.05796157603386519,0.133369376511716,9.31470616341552,0.6388911665231287,0.8592166438304305,0.0780882800680154,0.0626950761015541
interictal_085,interictal,2382,2388,,2,EEG F3,True,10.484986665312992,2.561560804837817,0.12504070335395637,0.32921370710967174,4.095155339908305,0.878489808399425,0.4288282083106679,0.15778127044595144,0.41339052124338066
interictal_085,interictal,2382,2388,,3,EEG C3,True,3.9117821690306926,1.6181814166566861,0.17127971344838816,0.53404645030015,2.723924847193233,0.922946958558863,0.3266245415403356,0.20636510189086865,0.4670103565687957
interictal_085,interictal,2382,2388,,4,EEG P3,True,7.024603180981179,1.5545599029294843,0.08270921523933572,0.28676644967121173,5.122478534056014,0.8895162869614333,0.41288916922897057,0.20241996200878307,0.3846908687622464
interictal_085,interictal,2382,2388,,5,EEG O1,True,9.531424857434624,2.457973336699568,0.10680560078150439,0.32879578927958075,4.296673750641533,0.8737536928043763,0.5039928190102481,0.15878720169190483,0.3372199792978471
interictal_085,interictal,2382,2388,,6,EEG F7,True,17.449797499223283,3.01017855741247,0.12048192771084337,0.22315824935937453,6.108953761475933,0.7783506026354546,0.6440876714798004,0.11494919006431768,0.240963138455882
interictal_085,interictal,2382,2388,,7,EEG T3,True,7.40559946886176,2.3795166421814558,0.16444154998371865,0.4167175342831641,3.427445125915018,0.8749078710674862,0.44675901796499967,0.14282693405207292,0.4104140479829275
interictal_085,interictal,2382,2388,,8,EEG T5,True,7.46053037137376,2.350219590158615,0.1162487788993813,0.40570439276584996,3.4932735192011695,0.8770111542793427,0.43297717618573056,0.08348005552328107,0.4835427682909884
interictal_085,interictal,2382,2388,,9,EEG Fc1,True,22.848595471498363,1.3986793062429803,0.019211983067404754,0.07932674844938033,18.232859695889445,0.8799149124957453,0.42042931517606347,0.13182349358892123,0.4477471912350154
interictal_085,interictal,2382,2388,,10,EEG Fc5,True,6.6651177829083235,2.228130590600966,0.14653207424291761,0.43611877761599777,3.323252835990712,0.8956275669697952,0.37840271886872756,0.18308342110839723,0.4385138600228753
interictal_085,interictal,2382,2388,,11,EEG Cp1,True,4.16609845165238,1.3683218403200854,0.11950504721589059,0.4299614602582283,3.458218809487406,0.9063091026629985,0.4156185618916275,0.21185495441773444,0.37252648369063807
interictal_085,interictal,2382,2388,,12,EEG Cp5,True,5.438550813533294,1.7045702121765252,0.12797134483881473,0.4113386108048087,3.570764700245705,0.8787683927709884,0.38258430837678875,0.1456913454218426,0.4717243462013686
interictal_085,interictal,2382,2388,,13,EEG F9,True,11.497577539998845,4.166244173976504,0.22338000651253664,0.4557405106680933,3.0272033282627997,0.8198604558576602,0.5867523603145111,0.160693275154933,0.25255436453055596
interictal_085,interictal,2382,2388,,14,EEG Fz,True,9.4208668090543,1.8045420858178811,0.10941061543471182,0.24728716517748073,5.621506067333889,0.777667829830113,0.6620380326333067,0.15250039842053853,0.18546156894615465
interictal_085,interictal,2382,2388,,15,EEG Cz,True,4.243191088976502,1.6881323851573342,0.1484858352328232,0.5165656391189682,2.673967740460311,0.8679624024690136,0.44254702597214757,0.08000949002087632,0.4774434840069761
interictal_085,interictal,2382,2388,,16,EEG Pz,True,4.619998849988461,1.3973197729127458,0.10094431781178768,0.3949665158183127,3.7178724861861725,0.8978322309980119,0.42176788212995686,0.253831125353189,0.3244009925168541
interictal_085,interictal,2382,2388,,17,EEG Fp2,True,31.424195140861574,3.4129249224796694,0.0696841419732986,0.14041030698092438,9.141881100016976,0.6165653684896427,0.8871528347446407,0.06911217077357076,0.04373499448178855
interictal_085,interictal,2382,2388,,18,EEG F4,True,16.645899109150488,9.119668293465072,0.23901009443178117,0.7521202790577044,1.9168466118762928,0.8338582158022446,0.5244982716747066,0.13470667872640527,0.3407950495988882
interictal_085,interictal,2382,2388,,19,EEG C4,True,8.809203798378139,5.8401834145550255,0.26864213611201565,0.9158405776715004,1.4784023875017747,0.9142730518753264,0.30379329279575756,0.1156432570380909,0.5805634501661516
interictal_085,interictal,2382,2388,,20,EEG P4,True,5.572466046702998,2.548593987298701,0.17258222077499186,0.6745616887591732,2.037754465881624,0.9440674477281056,0.2569952762676441,0.19045728866997463,0.5525474350623812
interictal_085,interictal,2382,2388,,21,EEG O2,True,8.252969873984197,2.3419869294627245,0.10941061543471182,0.36659582880911123,3.991039848350655,0.8975016009199839,0.44397246089843456,0.1781355364233378,0.3778920026782276
interictal_085,interictal,2382,2388,,22,EEG F8,True,31.66449781746051,12.072648271846406,0.19895799413871704,0.5171667768530284,2.815014123431656,0.6587861002872992,0.8346224026759753,0.07285722980443311,0.09252036751959164
interictal_085,interictal,2382,2388,,23,EEG T4,True,20.518368869561275,12.889677965309325,0.2653858677955063,0.9306509719364399,1.4145472961355527,0.9458167798656344,0.08927511993696667,0.16081586889059332,0.74990901117244
interictal_085,interictal,2382,2388,,24,EEG T6,True,8.053935076223917,3.431359264633137,0.16313904265711496,0.5650141002592833,2.3636655272562814,0.9232452006530174,0.26721532134780945,0.12863109610117543,0.6041535825510151
interictal_085,interictal,2382,2388,,25,EEG Fc2,True,392.00815012542915,4.210667326278907,0.0032562683165092803,0.013908701631610374,91.5853029445702,0.8570379278364251,0.5238786005399289,0.11707985682013766,0.35904154263993343
interictal_085,interictal,2382,2388,,26,EEG Fc6,True,22.820375028873602,16.934088300077942,0.30380983393031585,1.0229889253486064,1.3922363593831364,0.9225646140899271,0.1950602046414149,0.10949216095701925,0.6954476344015658
interictal_085,interictal,2382,2388,,27,EEG Cp2,True,4.040476000125912,1.8367236159587148,0.17062845978508628,0.6417526884055463,2.1875109334480567,0.9217577032747196,0.3738551422852742,0.18334240328707263,0.4428024544276531
interictal_085,interictal,2382,2388,,28,EEG Cp6,True,7.4176285709089385,4.300958860706841,0.23835884076847932,0.8696323379981351,1.599069289478648,0.9316744737104932,0.21963006611246697,0.1482346892038053,0.6321352446837277
interictal_085,interictal,2382,2388,,29,EEG F10,True,16.19547787090386,9.796041015546448,0.24324324324324326,0.7969363281932588,1.8411334595307756,0.8618183298113002,0.5318388535285881,0.1429019160185979,0.3252592304528141
interictal_086,interictal,2388,2394,,1,EEG Fp1,True,26.7871676131225,2.092696049758138,0.03907521979811136,0.10090027343469887,11.606084282345064,0.6690308922241253,0.843078544222793,0.08558630632993153,0.07133514944727544
interictal_086,interictal,2388,2394,,2,EEG F3,True,9.234037221557593,1.8559375700005452,0.10192119830674047,0.27168455595944735,4.582440399665613,0.9028578365825064,0.362325614345908,0.18723130952145287,0.4504430761326392
interictal_086,interictal,2388,2394,,3,EEG C3,True,4.109020220701857,1.2964650859777986,0.11006186909801367,0.39986736688670943,3.3927476281589675,0.8901976023110301,0.4393052745564258,0.2178373667476423,0.3428573586959319
interictal_086,interictal,2388,2394,,4,EEG P3,True,5.276686810416342,1.153875394041548,0.07880169325952459,0.28129667712589795,4.820169075958978,0.915780552257342,0.34485496316452696,0.2613668176685366,0.3937782191669364
interictal_086,interictal,2388,2394,,5,EEG O1,True,7.519171181906111,2.089228006881474,0.10745685444480625,0.35420910322193994,3.8303533286782074,0.8489786998807811,0.4986355736095277,0.19464297254609975,0.30672145384437244
interictal_086,interictal,2388,2394,,6,EEG F7,True,12.45706555336307,2.187446242359496,0.0742429176164116,0.22548598466665015,5.7879847583137005,0.8476690173778568,0.5504140177332455,0.13053003317722905,0.3190559490895254
interictal_086,interictal,2388,2394,,7,EEG T3,True,5.459022104359582,1.74521067156126,0.13253012048192772,0.40548146104243,3.3396626627141712,0.9043320447855575,0.38376749436654684,0.21777465153099954,0.3984578541024535
interictal_086,interictal,2388,2394,,8,EEG T5,True,7.37363736155424,1.7636716024703722,0.10582872028655162,0.3028286920107986,4.43105755699093,0.878904963399221,0.4026985050669289,0.09181468167336468,0.5054868132597065
interictal_086,interictal,2388,2394,,9,EEG Fc1,True,6.030006039334873,1.1003262518348813,0.0674047541517421,0.23214277005713815,5.7411528068920985,0.8902601191771699,0.4060486691770324,0.15929236227827057,0.43465896854469704
interictal_086,interictal,2388,2394,,10,EEG Fc5,True,4.737017767714651,1.6896143978062208,0.15988277434060566,0.4695776487431459,2.9994346081550973,0.9225602354230835,0.3032230573629032,0.2673678778917934,0.4294090647453035
interictal_086,interictal,2388,2394,,11,EEG Cp1,True,3.3553201246583644,1.1301994775922857,0.14327580592640835,0.4335988808209857,3.172994616066531,0.9316470961621981,0.3415345310863864,0.25240977341893495,0.4060556954946788
interictal_086,interictal,2388,2394,,12,EEG Cp5,True,5.349447086024049,1.1594453994015488,0.09540866167372192,0.2767875624776359,5.048503765927501,0.8916315269394508,0.4020945020668055,0.1525225010187216,0.445382996914473
interictal_086,interictal,2388,2394,,13,EEG F9,True,8.986913640685568,3.594980817784448,0.19895799413871704,0.4952083788399673,2.6648001530993777,0.8637065002111185,0.5063376154603767,0.15376288566025897,0.33989949887936444
interictal_086,interictal,2388,2394,,14,EEG Fz,True,9.438553425881262,1.4052513552890726,0.09084988603060892,0.1896706486167067,6.975069885214986,0.7872352540513953,0.6451603535792672,0.15459656004502476,0.20024308637570817
interictal_086,interictal,2388,2394,,15,EEG Cz,True,3.7768439713336086,1.4128149923702464,0.14262455226310647,0.4741455281636205,2.7961677337213753,0.87770058230274,0.4562759893484754,0.16798606494801743,0.37573794570350727
interictal_086,interictal,2388,2394,,16,EEG Pz,True,3.9995760611949627,1.130494207079402,0.11820253988928688,0.3645615043093279,3.7369130897697693,0.9230710166891005,0.2613335310703313,0.2952760886792925,0.4433903802503762
interictal_086,interictal,2388,2394,,17,EEG Fp2,True,28.445219261410777,2.5867958661145956,0.029306414848583522,0.11723558003362498,9.872072977349271,0.6717701161822754,0.851309934820644,0.08784956103630322,0.060840504143052844
interictal_086,interictal,2388,2394,,18,EEG F4,True,11.676784728823097,4.875528346436324,0.19472484532725495,0.6095799588176309,2.3195586974660602,0.9091368366491129,0.3618130570573264,0.14374421032720922,0.4944427326154643
interictal_086,interictal,2388,2394,,19,EEG C4,True,4.9616233551718345,2.3909088056427876,0.1904916965157929,0.6485614314331112,2.090860613496716,0.9327371457285685,0.3117843262971697,0.2113816459872345,0.4768340277155958
interictal_086,interictal,2388,2394,,20,EEG P4,True,4.0373864687035015,1.3470631189287026,0.13774014978834256,0.43946833502032245,3.090098777287428,0.9467275541722138,0.2237390970299252,0.18390313233838482,0.59235777063169
interictal_086,interictal,2388,2394,,21,EEG O2,True,6.556320938508667,2.1012428629186517,0.13806577661999347,0.41713774453389924,3.4283834563504474,0.9232386088171105,0.3569565969114655,0.13855383306428634,0.5044895700242481
interictal_086,interictal,2388,2394,,22,EEG F8,True,20.861818766695375,6.022872069971706,0.16281341582546402,0.4251236273591935,3.4445866222474186,0.7796937782968532,0.7114765514423006,0.10511643254082625,0.18340701601687312
interictal_086,interictal,2388,2394,,23,EEG T4,True,7.544450665446042,3.317909946956751,0.17974601107131227,0.6239973880532337,2.040904860860052,0.9367855330702032,0.18012152366212578,0.2614146773880204,0.5584637989498538
interictal_086,interictal,2388,2394,,24,EEG T6,True,7.218493147168,2.9460069802951487,0.1556496255291436,0.5482864657574325,2.3527839000025605,0.9256065875934887,0.2212945952815645,0.20757561636819502,0.5711297883502405
interictal_086,interictal,2388,2394,,25,EEG Fc2,True,40.640384643227875,3.0357211669303443,0.0162813415825464,0.096970048788146,12.773815609387272,0.8711205724897841,0.4556088376901107,0.12847643658221355,0.41591472572767574
interictal_086,interictal,2388,2394,,26,EEG Fc6,True,10.298208790459348,5.70092895249406,0.21393682839465972,0.8204416059452333,1.708539380708231,0.9449939978850993,0.20932839107376816,0.16718263687541152,0.6234889720508203
interictal_086,interictal,2388,2394,,27,EEG Cp2,True,5.591459370749903,1.0705443267420027,0.08270921523933572,0.24928420130970366,5.6041044671790585,0.8639205698895244,0.5548937043202401,0.16390643780963973,0.28119985787012014
interictal_086,interictal,2388,2394,,28,EEG Cp6,True,4.34463067938547,1.523660327633375,0.1439270595897102,0.45974316496439055,2.9708645727214695,0.9423954781465244,0.21982477591617797,0.2770719824077813,0.5031032416760406
interictal_086,interictal,2388,2394,,29,EEG F10,True,11.524392687504477,5.007745167805946,0.15825464018235103,0.5424118581891842,2.550100323506793,0.9080750014775449,0.38295861014864907,0.18795950072672737,0.4290818891246236
interictal_087,interictal,2394,2400,,1,EEG Fp1,True,31.56901586151682,2.4333393732518394,0.016932595245848257,0.10118204745699727,11.052954770017317,0.599534619633337,0.8904206317750535,0.055739759701626895,0.053839608523319794
interictal_087,interictal,2394,2400,,2,EEG F3,True,9.99518182966745,1.9168475687656858,0.10810810810810811,0.2547856231037869,4.760014733864417,0.7786551589136811,0.5858356734825741,0.09775993381443836,0.31640439270298737
interictal_087,interictal,2394,2400,,3,EEG C3,True,3.6148388361369057,1.2463625348498661,0.14555519374796483,0.4453093150642086,3.0992430474623456,0.788244576301168,0.6180930675372798,0.12152424046758246,0.2603826919951377
interictal_087,interictal,2394,2400,,4,EEG P3,True,5.541722100655247,1.147982904654054,0.07033539563660046,0.26501452828996047,5.145073864988546,0.8612182286366787,0.405459327313583,0.13521120095373101,0.45932947173268607
interictal_087,interictal,2394,2400,,5,EEG O1,True,7.203323773535578,2.072510628796766,0.12959947899706936,0.3668917919083403,3.684284013384452,0.862649824587541,0.4903853302395014,0.11498351041976954,0.39463115934072895
interictal_087,interictal,2394,2400,,6,EEG F7,True,12.065038902145096,2.0871756088784412,0.11103874959296646,0.22074456966967654,5.723034413085035,0.7339606680316619,0.7029718289971103,0.12962642066698918,0.16740175033590055
interictal_087,interictal,2394,2400,,7,EEG T3,True,4.881575409254112,1.7002084115442782,0.15304461087593618,0.44837487475813687,3.0167234760917503,0.8752199018765396,0.46915872444633355,0.20533380914535532,0.3255074664083111
interictal_087,interictal,2394,2400,,8,EEG T5,True,7.346971463277498,1.7682342154765853,0.09833930315858026,0.3063116682393239,4.2829488159087985,0.8575448107485729,0.3480110940215262,0.08276207420566581,0.569226831772808
interictal_087,interictal,2394,2400,,9,EEG Fc1,True,4.123437111238515,1.1012180775755023,0.09964181048518397,0.3459376263129028,3.838602918769477,0.8195303198498277,0.5436449024605842,0.09905716432038039,0.35729793321903547
interictal_087,interictal,2394,2400,,10,EEG Fc5,True,8.783492571694559,1.803208820345718,0.08987300553565614,0.2700358390281333,5.312153557917471,0.8490961826695179,0.5068897034644587,0.2036001450526247,0.2895101514829166
interictal_087,interictal,2394,2400,,11,EEG Cp1,True,5.770445702084213,1.1479966274413997,0.08140670791273201,0.2545604471519544,5.480361012990887,0.854655186218078,0.4843781126681742,0.16415339063026324,0.3514684967015626
interictal_087,interictal,2394,2400,,12,EEG Cp5,True,5.288191696068546,1.1225898952075617,0.09540866167372192,0.27447893491654635,5.025179595258892,0.9023448024085988,0.3830899252162614,0.16226306983554276,0.4546470049481958
interictal_087,interictal,2394,2400,,13,EEG F9,True,7.102046657471598,3.31801202637825,0.185607294041029,0.579955656313256,2.264994200545162,0.8435059233633361,0.5179466331207555,0.2251187193314787,0.25693464754776574
interictal_087,interictal,2394,2400,,14,EEG Fz,True,9.538712971780676,1.3308884209098848,0.08433734939759036,0.1773330468217759,7.290137159615246,0.6751677323654866,0.7286553141186362,0.09623989760683688,0.175104788274527
interictal_087,interictal,2394,2400,,15,EEG Cz,True,4.098565546335685,1.3931788263146938,0.1276457180071638,0.4370353210761958,3.0054018960761133,0.8509919703243787,0.47170230374929817,0.12626509923393495,0.40203259701676686
interictal_087,interictal,2394,2400,,16,EEG Pz,True,4.9000937024345355,1.1502491090749036,0.08857049820905243,0.3011894176400339,4.591328089286636,0.8527320653716809,0.5120307435122916,0.16679703565447135,0.3211722208332371
interictal_087,interictal,2394,2400,,17,EEG Fp2,True,31.419267336109993,3.106533626047561,0.028655161185281667,0.12762450037376652,8.884432572025357,0.6203093604166099,0.867375269957344,0.05758209812252761,0.07504263192012839
interictal_087,interictal,2394,2400,,18,EEG F4,True,11.42046201495171,4.062143199208584,0.1686746987951807,0.467874278978204,2.623945728808335,0.8714190366772968,0.4103431088846632,0.08299372271697282,0.506663168398364
interictal_087,interictal,2394,2400,,19,EEG C4,True,4.861234234745692,2.033920195648096,0.1777922500814067,0.5386118084900643,2.35419503389727,0.9155217007337586,0.370104897633349,0.19902035934969667,0.4308747430169544
interictal_087,interictal,2394,2400,,20,EEG P4,True,5.133871231918243,1.4157729744162708,0.08889612504070335,0.3587427457745571,3.804061923452553,0.8939249962872642,0.3534928528377824,0.21801998007950887,0.42848716708270873
interictal_087,interictal,2394,2400,,21,EEG O2,True,7.3600188728793015,2.018889350092365,0.10843373493975904,0.3562414175493553,4.043974577260378,0.8758792607310292,0.36975105090567956,0.17233289638377966,0.45791605271054087
interictal_087,interictal,2394,2400,,22,EEG F8,True,18.562299963640925,3.847720462961649,0.1103874959296646,0.27209731280742544,4.952708929441396,0.6831717650936499,0.7280701138156973,0.07546214946005814,0.19646773672424447
interictal_087,interictal,2394,2400,,23,EEG T4,True,8.176126851197736,3.9123215274658345,0.19081732334744383,0.6335738146222158,1.8413679966583443,0.9290810529728046,0.2653614934251636,0.08481265630224433,0.6498258502725921
interictal_087,interictal,2394,2400,,24,EEG T6,True,9.456248780883612,3.1269560015558335,0.10615434711820254,0.4437219191154306,2.884288861664461,0.897174501892845,0.3101219351809243,0.1465881845777559,0.5432898802413197
interictal_087,interictal,2394,2400,,25,EEG Fc2,True,18.559821586948956,2.7836092925538227,0.05958971019211983,0.1946387332697653,6.088283557986513,0.8036466208285825,0.46901382436566225,0.1321237196726567,0.39886245596168113
interictal_087,interictal,2394,2400,,26,EEG Fc6,True,7.916775461116306,4.131569399807706,0.20709866492999024,0.6950649744634888,1.8426318698698052,0.8960514542070872,0.31248465653455887,0.07682769196202385,0.6106876515034173
interictal_087,interictal,2394,2400,,27,EEG Cp2,True,4.955465671176686,1.068174789108387,0.11462064474112667,0.28108656020636513,5.0469973308455165,0.8737643121403227,0.4575797997645115,0.18684701521925198,0.3555731850162366
interictal_087,interictal,2394,2400,,28,EEG Cp6,True,4.769022319886773,1.5546502946370806,0.13090198632367306,0.4227619637431852,3.1695730609016883,0.8899800684777154,0.3764951375630467,0.20123319660052175,0.4222716658364316
interictal_087,interictal,2394,2400,,29,EEG F10,True,9.005162329299749,4.262706399752523,0.17193096711169,0.5810183581982429,2.304783118200275,0.7215822525729202,0.7417409586376814,0.09344968452516703,0.1648093568371516
interictal_088,interictal,2400,2406,,1,EEG Fp1,True,24.65772321226333,2.6558566170615028,0.057310322370563334,0.1428175154566758,7.803992255515961,0.6826499379446919,0.733465627292838,0.08479537909214242,0.18173899361501966
interictal_088,interictal,2400,2406,,2,EEG F3,True,9.888005743805023,1.8905918164580364,0.0928036470205145,0.25446641008053,4.745867113084084,0.886782273234418,0.34177626587957677,0.13190983525754202,0.5263138988628813
interictal_088,interictal,2400,2406,,3,EEG C3,True,4.120886861351667,1.2484214861523275,0.1263432106805601,0.384312890911253,3.525319012046188,0.9308877386968433,0.27397015646214457,0.19714395768049267,0.5288858858573627
interictal_088,interictal,2400,2406,,4,EEG P3,True,4.6163411072068445,1.0876447946221772,0.090524259198958,0.2995893993205089,4.502703503003207,0.9240206931672486,0.3163652990184085,0.27283600520194845,0.41079869577964306
interictal_088,interictal,2400,2406,,5,EEG O1,True,6.328711343210155,1.9060617965033702,0.11136437642461738,0.388312837421123,3.3733737805926145,0.8775773876499408,0.47742106921212035,0.24074301044982077,0.28183592033805893
interictal_088,interictal,2400,2406,,6,EEG F7,True,10.296202525344103,2.0173550526292026,0.08531422989254314,0.251489820496908,4.9431189452780115,0.8248643857748327,0.47914391982517635,0.1445380179783348,0.3763180621964888
interictal_088,interictal,2400,2406,,7,EEG T3,True,4.7268866145460064,1.652571898338041,0.12178443503744708,0.45054059431691146,2.9782538603248954,0.8692303019377013,0.48705500203682706,0.13661294946255834,0.37633204850061464
interictal_088,interictal,2400,2406,,8,EEG T5,True,5.05092349995934,1.6722930129918578,0.13155323998697493,0.42110420579403757,3.12245179488768,0.9186899311369913,0.39448958374597753,0.1804354240089674,0.42507499224505507
interictal_088,interictal,2400,2406,,9,EEG Fc1,True,4.6404152821877105,1.069666271690861,0.09703679583197655,0.29733274200337156,4.322442461443744,0.8628466316896263,0.3254400201185835,0.09144168511306174,0.5831182947683549
interictal_088,interictal,2400,2406,,10,EEG Fc5,True,4.521933983968264,1.695019899950256,0.16541843047867144,0.49508064913822836,2.863268330642625,0.8765351228004928,0.4581703938499083,0.1737453100654959,0.3680842960845957
interictal_088,interictal,2400,2406,,11,EEG Cp1,True,3.028191140461109,1.092923558054486,0.14685770107456855,0.46486890078471005,2.965542602899705,0.9353443052194351,0.26918291126345995,0.23264992089139955,0.4981671678451405
interictal_088,interictal,2400,2406,,12,EEG Cp5,True,4.118586221380466,1.0544421189280053,0.10354933246499512,0.3292836021911142,4.20908371437647,0.8869515285524544,0.4367237392082512,0.21557915404754835,0.3476971067442005
interictal_088,interictal,2400,2406,,13,EEG F9,True,6.156454344418545,3.262807206981218,0.2077499185932921,0.6497959512714983,1.995272051635707,0.8778338324075602,0.4623985580408643,0.17679356148292652,0.36080788047620915
interictal_088,interictal,2400,2406,,14,EEG Fz,True,9.168038909993376,1.3688453568041692,0.0674047541517421,0.19015154921112687,6.7119832987038235,0.8119913947771586,0.5749229820696453,0.1004681580453736,0.3246088598849813
interictal_088,interictal,2400,2406,,15,EEG Cz,True,4.285544746965262,1.406244453713554,0.11559752523607945,0.41609161918078996,3.100407830393095,0.876091838322704,0.3536590169957822,0.10229667513494828,0.5440443078692695
interictal_088,interictal,2400,2406,,16,EEG Pz,True,3.331103318911466,1.0902116801469544,0.1230869423640508,0.4241803676393629,3.208063908341505,0.9048295949807279,0.3611025080021411,0.22500269632043496,0.41389479567742393
interictal_088,interictal,2400,2406,,17,EEG Fp2,True,24.932707266133654,2.8649582130570437,0.07359166395310973,0.14842265307195118,7.699604902581633,0.7347546098847817,0.7010581374267755,0.0716423792503435,0.22729948332288105
interictal_088,interictal,2400,2406,,18,EEG F4,True,10.569503570021205,3.4349379710304846,0.15011396939107782,0.4337441357489822,2.8678799292426964,0.9294140621143415,0.19917485815375685,0.133766042664136,0.6670590991821072
interictal_088,interictal,2400,2406,,19,EEG C4,True,4.209167144291944,2.0081138760432418,0.1859329208726799,0.6079302158992089,2.090273969215265,0.9186071150624054,0.3928381158977562,0.22527415136790624,0.3818877327343375
interictal_088,interictal,2400,2406,,20,EEG P4,True,4.101996608700665,1.3813246891305775,0.14262455226310647,0.4363580678765633,3.110475894781107,0.9029466697459324,0.3214576462131457,0.2043405337608355,0.47420182002601885
interictal_088,interictal,2400,2406,,21,EEG O2,True,6.06582385895827,1.8452551698591566,0.12829697167046564,0.3936149167222877,3.6093121738904004,0.9352405149682609,0.3136504543486575,0.2061326065212939,0.48021693913004865
interictal_088,interictal,2400,2406,,22,EEG F8,True,13.877160264703688,3.3903050813025346,0.1510908498860306,0.3248259121037988,4.156623365891628,0.8232468059307678,0.5687627680238484,0.10733469301977237,0.3239025389563792
interictal_088,interictal,2400,2406,,23,EEG T4,True,7.5621391990901135,3.7023040877820033,0.1976554868121133,0.6497705640178737,1.8374438370332655,0.9428154446723763,0.16621998211032313,0.10221200368148493,0.7315680142081918
interictal_088,interictal,2400,2406,,24,EEG T6,True,7.790283769843746,2.95899239562007,0.14913708889612504,0.5041144372105791,2.56066521433184,0.9191927278302552,0.21470899634721952,0.13742285600784293,0.6478681476449376
interictal_088,interictal,2400,2406,,25,EEG Fc2,True,18.299075061717506,2.765646562376709,0.06252035167697818,0.19773140441406567,5.981794707640822,0.8860705864327889,0.3360171207265655,0.15100509857603306,0.5129777806974014
interictal_088,interictal,2400,2406,,26,EEG Fc6,True,7.178742972363729,3.743084823631168,0.21295994789970693,0.7053211411109619,1.7805375046087324,0.9424033822565556,0.16853713827086045,0.10262473594149596,0.7288381257876435
interictal_088,interictal,2400,2406,,27,EEG Cp2,True,3.554134452521758,1.0213973094287212,0.11103874959296646,0.3715578935019038,3.765090406729635,0.878799605586405,0.4192024116157389,0.2291574406612086,0.3516401477230526
interictal_088,interictal,2400,2406,,28,EEG Cp6,True,4.110851216672642,1.5116663301773863,0.14653207424291761,0.4664536869213215,2.866921606739954,0.930238717110777,0.3136438333098086,0.18826000989216962,0.49809615679802166
interictal_088,interictal,2400,2406,,29,EEG F10,True,9.383031498194732,4.184105456886047,0.18300227938782157,0.5457593072440877,2.416408118995776,0.8553959009109924,0.49079834961435687,0.15661179412320653,0.3525898562624367
interictal_089,interictal,2406,2412,,1,EEG Fp1,True,21.549477349551992,2.837508916257974,0.0986649299902312,0.17637306775941805,6.311799251426599,0.7597196514243052,0.659805088373963,0.11452610870365384,0.22566880292238317
interictal_089,interictal,2406,2412,,2,EEG F3,True,9.020793949201952,1.8787669855625877,0.10875936177140996,0.2791921926524999,4.40356462351781,0.889701802983875,0.344141452223093,0.1317729424967957,0.5240856052801113
interictal_089,interictal,2406,2412,,3,EEG C3,True,4.937069929552077,1.2202847136938357,0.11559752523607945,0.31508126902803696,4.361799855423336,0.8963643007942022,0.3538707471167676,0.19909608895242153,0.44703316393081083
interictal_089,interictal,2406,2412,,4,EEG P3,True,5.472595359564856,1.1188154037310933,0.08108108108108109,0.26154272926622224,5.12261798462304,0.939448137939385,0.24341861255736852,0.20617079965441143,0.5504105877882199
interictal_089,interictal,2406,2412,,5,EEG O1,True,6.83838896887417,1.9661231293694224,0.11429501790947574,0.3663521519448936,3.6489868909153444,0.8607571353178287,0.5156999428165533,0.21768461149036034,0.2666154456930863
interictal_089,interictal,2406,2412,,6,EEG F7,True,14.094942753560455,2.105847392191854,0.07261478345815696,0.1914232385395275,6.3904948903612055,0.8513155302435794,0.4647124720111862,0.19760940447938924,0.3376781235094246
interictal_089,interictal,2406,2412,,7,EEG T3,True,6.356639932795186,1.6914940369618932,0.12048192771084337,0.34141754256611906,3.901874283378903,0.9306941852610149,0.31663236526971267,0.22180746660171663,0.46156016812857076
interictal_089,interictal,2406,2412,,8,EEG T5,True,5.628882217734912,1.7994828805727487,0.12145880820579616,0.4145262301220597,3.1260633414302217,0.9126325544100062,0.33584845600947966,0.213791762709038,0.4503597812814822
interictal_089,interictal,2406,2412,,9,EEG Fc1,True,3.9486269673006062,1.0487194377441507,0.13057635949202215,0.3415651768677387,3.98147550528868,0.882604712944792,0.38875961653924385,0.18969408980432823,0.42154629365642793
interictal_089,interictal,2406,2412,,10,EEG Fc5,True,6.456496921370029,1.7622662741518738,0.10517746662324975,0.3596197695956689,3.9260470175610194,0.9079463323294892,0.29314900482760015,0.17479904431332724,0.5320519508590726
interictal_089,interictal,2406,2412,,11,EEG Cp1,True,4.299840332727277,1.0732909678253917,0.08726799088244871,0.32380735515275827,4.3189840368140455,0.9047659889270062,0.3905866658339097,0.1991784399734396,0.4102348941926507
interictal_089,interictal,2406,2412,,12,EEG Cp5,True,5.908943907216756,1.155105244211045,0.043308368609573426,0.24930985618808232,5.439494361061594,0.9459673106663617,0.22399419791669373,0.17535228491631713,0.6006535171669891
interictal_089,interictal,2406,2412,,13,EEG F9,True,9.140986364823856,3.2635127211991772,0.17355910126994464,0.4394871066751126,2.9402309956075436,0.8997394490071988,0.41254882675439347,0.22696493605962614,0.36048623718598044
interictal_089,interictal,2406,2412,,14,EEG Fz,True,7.5096553344219155,1.258594896578875,0.08368609573428851,0.21452440513383197,6.15594094109879,0.7584582280433568,0.6255009560896934,0.1661332297155026,0.20836581419480404
interictal_089,interictal,2406,2412,,15,EEG Cz,True,3.464321726145418,1.3353027918437104,0.15369586453923803,0.49430287225683317,2.659363268899456,0.8915321930504879,0.3701055618701706,0.16623259144975036,0.46366184668007915
interictal_089,interictal,2406,2412,,16,EEG Pz,True,3.4131486271828337,1.0734459922944852,0.12406382285900358,0.4054489487215814,3.396841208236203,0.88664054700433,0.4519071056613516,0.15622834084248882,0.39186455349615956
interictal_089,interictal,2406,2412,,17,EEG Fp2,True,22.341214149516265,2.602982095666981,0.08759361771409964,0.1498188510777026,7.681330458432954,0.762893686723623,0.6612361895306792,0.10187057612562699,0.23689323434369383
interictal_089,interictal,2406,2412,,18,EEG F4,True,10.210414019656312,3.0022591364413675,0.15467274503419082,0.3846610832680481,3.2407858668335123,0.9263324486702987,0.31842538440530893,0.14548633666327654,0.5360882789314144
interictal_089,interictal,2406,2412,,19,EEG C4,True,5.903413696461983,1.8950192142731719,0.12601758384890915,0.4106566045605841,3.0944730429134917,0.9100186133347182,0.3575219831697626,0.1501837571639063,0.49229425966633117
interictal_089,interictal,2406,2412,,20,EEG P4,True,4.545906022030053,1.3311742237005084,0.10843373493975904,0.3808900751166236,3.534099652879382,0.9146303759611512,0.17810716987699615,0.32644358537209356,0.49544924475091034
interictal_089,interictal,2406,2412,,21,EEG O2,True,5.859867531403197,1.821634963643579,0.12406382285900358,0.3945456607967179,3.585473527582132,0.9016466678838154,0.36337319111576577,0.35088621937854103,0.28574058950569314
interictal_089,interictal,2406,2412,,22,EEG F8,True,21.654476782527833,3.0302317782382735,0.05307717355910127,0.18561541007754842,6.991874663996905,0.8728685276961725,0.5111500355560309,0.2145010561241972,0.2743489083197718
interictal_089,interictal,2406,2412,,23,EEG T4,True,9.093794518800447,3.45830475423353,0.15141647671768155,0.5021184617328904,2.331454200848997,0.9493271630090414,0.15383956831899734,0.1527186607851988,0.6934417708958039
interictal_089,interictal,2406,2412,,24,EEG T6,True,7.694377127056473,3.0322201215876876,0.1683490719635298,0.5361521836967472,2.3453409593939787,0.9452667022313616,0.21868861444023405,0.2280036743768882,0.5533077111828778
interictal_089,interictal,2406,2412,,25,EEG Fc2,True,15.091738173509427,2.674558028419717,0.06642787365678932,0.2316438884483162,5.1329238322169735,0.9164463613724323,0.3751296995391087,0.13913475958243152,0.48573554087845977
interictal_089,interictal,2406,2412,,26,EEG Fc6,True,8.959560283232005,3.353575140941131,0.14881146206447413,0.5098070933907769,2.387975538495262,0.9408650629346282,0.2317384661633911,0.1392179645541252,0.6290435692824837
interictal_089,interictal,2406,2412,,27,EEG Cp2,True,3.9252381493899073,0.987445670250083,0.0986649299902312,0.3302733478900266,4.265146275770474,0.9178884453865103,0.37265923513535965,0.18075866856301787,0.44658209630162254
interictal_089,interictal,2406,2412,,28,EEG Cp6,True,5.83904031290545,1.4396334391079812,0.10843373493975904,0.31673873044338086,4.18739282180486,0.9228469089058094,0.2719304405931793,0.2611796024374186,0.4668899569694021
interictal_089,interictal,2406,2412,,29,EEG F10,True,13.88793584317052,4.058405902990787,0.11071312276131554,0.3574424993205308,3.635055238910248,0.8961956624548141,0.40436885943647666,0.2334211305275461,0.3622100100359773
interictal_090,interictal,2412,2418,,1,EEG Fp1,True,26.678620290082936,3.0856345527354594,0.06284597850862911,0.15393606996112244,7.189067770301805,0.7658366012372866,0.696140136476531,0.06269075025665033,0.2411691132668188
interictal_090,interictal,2412,2418,,2,EEG F3,True,11.104999401100688,2.0568581200818956,0.0755454249430153,0.24728532736174794,4.789631464419052,0.881176950449741,0.41761156871436667,0.0971002749448541,0.48528815634077926
interictal_090,interictal,2412,2418,,3,EEG C3,True,3.569261450873698,1.2075165612724454,0.13383262780853142,0.4293920125321535,3.1939687066338993,0.9355496849975744,0.3291435704066025,0.19496074858784299,0.47589568100555446
interictal_090,interictal,2412,2418,,4,EEG P3,True,4.608115484042881,1.079818299816221,0.08987300553565614,0.3009091135464748,4.50772012794184,0.926315745464214,0.2944705738584519,0.18614451496600637,0.5193849111755418
interictal_090,interictal,2412,2418,,5,EEG O1,True,6.163197546522093,2.026267025958476,0.14978834255942688,0.41486716093960296,3.1836733316634724,0.8807026193935659,0.43298362769375087,0.2278135541779721,0.339202818128277
interictal_090,interictal,2412,2418,,6,EEG F7,True,19.415391021208514,2.1847565301298775,0.057635949202214265,0.1432471627076673,8.555854655114208,0.9029176143248546,0.41747043815732876,0.15702755235022342,0.4255020094924478
interictal_090,interictal,2412,2418,,7,EEG T3,True,8.282779398794634,1.9138632664987052,0.08987300553565614,0.30038867236946853,4.358739996292593,0.9281823134797927,0.3055755697353537,0.20621528105686998,0.48820914920777636
interictal_090,interictal,2412,2418,,8,EEG T5,True,6.266357415738975,1.8589695507981965,0.12569195701725822,0.39230257553780584,3.331407492954618,0.9068516604072356,0.34974135889149494,0.25306038534944714,0.3971982557590579
interictal_090,interictal,2412,2418,,9,EEG Fc1,True,4.6158353669858565,1.0924395800133688,0.09964181048518397,0.30251046561618705,4.337270244632406,0.8817110701082169,0.3241385628646949,0.11150601186374329,0.5643554252715618
interictal_090,interictal,2412,2418,,10,EEG Fc5,True,7.028792530176814,1.9953045385842878,0.13253012048192772,0.3907916409212976,3.6360974662474206,0.9203976213425225,0.3271352036471028,0.17967438965978066,0.49319040669311637
interictal_090,interictal,2412,2418,,11,EEG Cp1,True,3.163460313473466,1.043077731774139,0.1276457180071638,0.4272373834779055,3.2714587507733053,0.8975636163079239,0.45284611421033877,0.18264993462030826,0.36450395116935286
interictal_090,interictal,2412,2418,,12,EEG Cp5,True,5.445040181617272,1.171891185895289,0.090524259198958,0.2736361586637004,4.991875644158014,0.9228996970935506,0.32266507854022636,0.1985725039396447,0.478762417520129
interictal_090,interictal,2412,2418,,13,EEG F9,True,10.564365229316738,3.2988982171100294,0.1569521328557473,0.3854969894163555,3.343437232831739,0.9089569839576898,0.3846510068312959,0.21756348180970914,0.397785511358995
interictal_090,interictal,2412,2418,,14,EEG Fz,True,8.364871929659868,1.280253348273403,0.060240963855421686,0.19494528560163854,6.739592864693521,0.7771444977508545,0.6362852671561682,0.08400343217471218,0.27971130066911953
interictal_090,interictal,2412,2418,,15,EEG Cz,True,3.3578634706081374,1.31503389198296,0.15271898404428524,0.4980322683951183,2.618986409546067,0.8939975513987405,0.33057130610093405,0.12651518285428384,0.5429135110447819
interictal_090,interictal,2412,2418,,16,EEG Pz,True,4.167068671385273,1.0657034388103772,0.10420058612829697,0.3282687700992864,4.152188616787488,0.8571546825995265,0.4752067557253353,0.17637480988371,0.34841843439095466
interictal_090,interictal,2412,2418,,17,EEG Fp2,True,23.185885196750622,2.688709900463868,0.11071312276131554,0.14872616092762778,7.742311199986343,0.7710739191470354,0.7148519143098915,0.06572701471017901,0.2194210709799295
interictal_090,interictal,2412,2418,,18,EEG F4,True,9.907082226487095,2.9718560539436787,0.12113318137414524,0.39001652996660063,3.152205713719442,0.9390755259490797,0.28055809714329777,0.13024766961271067,0.5891942332439917
interictal_090,interictal,2412,2418,,19,EEG C4,True,4.12606846527299,1.8418351740795171,0.17486160859654837,0.5681424292156774,2.238028781541454,0.9417000467931509,0.29182551781617844,0.17908658295381713,0.5290878992300044
interictal_090,interictal,2412,2418,,20,EEG P4,True,4.822726034911051,1.3507748434629951,0.10224682513839141,0.36567238989933276,3.665053066297657,0.9220113164493973,0.30210029955694223,0.2133251742435661,0.48457452619949165
interictal_090,interictal,2412,2418,,21,EEG O2,True,6.125365875475365,1.9337206054410958,0.14360143275805926,0.39960196184931346,3.552604933762512,0.9086992331280975,0.34504204205165295,0.23288176141233707,0.42207619653601003
interictal_090,interictal,2412,2418,,22,EEG F8,True,17.89625633492792,2.896145896591759,0.07880169325952459,0.20987953194385414,6.061050481706533,0.8776777199125088,0.5185158519030969,0.167397376239738,0.3140867718571651
interictal_090,interictal,2412,2418,,23,EEG T4,True,8.923070793983012,3.515435418568327,0.16085965483555845,0.5334326118823719,2.1919873969201316,0.9158589085900414,0.09948144255205167,0.1374045619928383,0.76311399545511
interictal_090,interictal,2412,2418,,24,EEG T6,True,7.716930940448185,3.156888669576963,0.1742103549332465,0.5478437041381642,2.29964415951242,0.9436494125748545,0.13497319653856849,0.2677772439351316,0.5972495595262999
interictal_090,interictal,2412,2418,,25,EEG Fc2,True,12.515740307863258,2.604434754848857,0.06317160534028005,0.2730874817941624,4.341061884372903,0.9085531576280561,0.30372813374746993,0.11489236253723913,0.5813795037152909
interictal_090,interictal,2412,2418,,26,EEG Fc6,True,8.081343587109439,3.396786211480799,0.16802344513187886,0.5606586818205274,2.1659674006424803,0.9478003987032547,0.14884911354734628,0.128816623442292,0.7223342630103616
interictal_090,interictal,2412,2418,,27,EEG Cp2,True,3.213029364090779,0.9634029464467944,0.14229892543145556,0.38895019786316015,3.6228229701278623,0.9258335213676722,0.3103070851685952,0.22447451897651724,0.46521839585488756
interictal_090,interictal,2412,2418,,28,EEG Cp6,True,4.565906615428391,1.4587793531146327,0.1348095083034842,0.409667744855103,3.2217622411038356,0.9370988681748446,0.29706737379375475,0.24602732209923453,0.4569053041070107
interictal_090,interictal,2412,2418,,29,EEG F10,True,10.963295192025283,3.893234769077907,0.15825464018235103,0.43496558118814443,2.9957081478779197,0.8912435611248033,0.4145055925264886,0.2256502401130846,0.35984416736042685
interictal_091,interictal,2418,2424,,1,EEG Fp1,True,19.63205168395068,2.9124621299566655,0.0846629762292413,0.19470616833145934,5.671936761309994,0.719373305716586,0.7958577024819176,0.08364301472995052,0.12049928278813196
interictal_091,interictal,2418,2424,,2,EEG F3,True,7.963363542351629,1.9198817058493307,0.10843373493975904,0.31635152652475956,3.7378274618519556,0.9026391043558593,0.4165279021733972,0.09147017224926227,0.4920019255773405
interictal_091,interictal,2418,2424,,3,EEG C3,True,5.090168655140689,1.2010864071463887,0.1185281667209378,0.2988426925288627,4.548154376550097,0.9401157778540397,0.3293768071174184,0.20135021612919546,0.4692729767533861
interictal_091,interictal,2418,2424,,4,EEG P3,True,4.068925891652993,1.10415243199436,0.11722565939433409,0.3492447021394238,3.86020042556511,0.9373770638975231,0.28402814725226605,0.22463245920594205,0.49133939354179185
interictal_091,interictal,2418,2424,,5,EEG O1,True,5.592515252995218,1.9969356340910929,0.15043959622272876,0.4479176399019363,2.9505356103689406,0.9044529775712319,0.40707811123771315,0.14144724383130483,0.45147464493098216
interictal_091,interictal,2418,2424,,6,EEG F7,True,15.647544683322826,2.096279883373289,0.04265711494627157,0.17053187120277155,7.224001180162502,0.7921159542842272,0.6699009982585772,0.10895543133016375,0.22114357041125907
interictal_091,interictal,2418,2424,,7,EEG T3,True,6.41498331154901,1.9391793806830455,0.1302507326603712,0.3914319484013292,3.3693135007135475,0.926040160782913,0.2802086168430176,0.2136359568878212,0.5061554262691612
interictal_091,interictal,2418,2424,,8,EEG T5,True,5.195176154038919,2.099607437884025,0.17942038423966133,0.5619075866926858,2.2629931994541796,0.9069133642282979,0.2852406280035392,0.1438453656360338,0.570914006360427
interictal_091,interictal,2418,2424,,9,EEG Fc1,True,4.122719088767666,1.056857457948911,0.11364376424617388,0.32614719505173,4.005530034089587,0.9209232407276314,0.34368264464185844,0.1056531263380366,0.5506642290201049
interictal_091,interictal,2418,2424,,10,EEG Fc5,True,7.415605838459427,2.0414695325732244,0.09540866167372192,0.38391613281861425,3.7104692987185204,0.9099459924108623,0.4232139946989575,0.10988902297068143,0.466896982330361
interictal_091,interictal,2418,2424,,11,EEG Cp1,True,3.1963186786779847,1.0504776770559567,0.12927385216541842,0.4209375144853154,3.29834479419866,0.9177890706587891,0.3676144526118632,0.2563777040225522,0.37600784336558457
interictal_091,interictal,2418,2424,,12,EEG Cp5,True,4.353921340716005,1.166677703413283,0.09182676652556171,0.3425364598876506,3.982207706788471,0.9364127533843345,0.2554000081975226,0.19979220163647596,0.5448077901660013
interictal_091,interictal,2418,2424,,13,EEG F9,True,10.40043659567034,3.245487097369872,0.13318137414522957,0.38298600852394915,3.3745057306398736,0.8933345712197109,0.45877210339505525,0.2429143207372878,0.2983135758676569
interictal_091,interictal,2418,2424,,14,EEG Fz,True,6.789749152984142,1.257102951701072,0.0823835884076848,0.23599272578793612,5.391879838357076,0.8506149822603402,0.5630954020456127,0.11829272353835366,0.3186118744160337
interictal_091,interictal,2418,2424,,15,EEG Cz,True,4.137576464365489,1.3104115222590331,0.10485183979159883,0.40025864444489884,3.249190470022335,0.9306408824028474,0.30942590667846925,0.13259590491683243,0.5579781884046983
interictal_091,interictal,2418,2424,,16,EEG Pz,True,3.0745667082933954,1.046756238991056,0.14620644741126668,0.43775327596516894,3.1217371405619425,0.9042887525974449,0.3856310597349796,0.2639905040835275,0.3503784361814929
interictal_091,interictal,2418,2424,,17,EEG Fp2,True,20.246268010432875,2.596731601070763,0.09573428850537284,0.16359246999960883,7.02502936715005,0.7238806163271717,0.7819866864814502,0.12806397551576823,0.08994933800278167
interictal_091,interictal,2418,2424,,18,EEG F4,True,9.955520133943809,2.8543494023707994,0.14588082057961577,0.3719880758429866,3.2644461761206496,0.9299352221020751,0.325619166582178,0.14742298299743026,0.5269578504203918
interictal_091,interictal,2418,2424,,19,EEG C4,True,4.581012151879213,1.825261091038812,0.1475089547378704,0.5077581261386982,2.5008038604394494,0.923854948394258,0.33534845152121356,0.24133464394402365,0.4233169045347628
interictal_091,interictal,2418,2424,,20,EEG P4,True,4.269671338819805,1.3787632260697962,0.14327580592640835,0.41855157413696126,3.1905449491643254,0.9223238849100558,0.26721839571195966,0.226378297961951,0.5064033063260894
interictal_091,interictal,2418,2424,,21,EEG O2,True,6.332437796804039,1.934164482668752,0.11917942038423966,0.3871096425530071,3.6696288978207448,0.9451197664667625,0.26990731692346753,0.16570872825035515,0.5643839548261773
interictal_091,interictal,2418,2424,,22,EEG F8,True,19.65707095677043,2.6445889311881645,0.05600781504395962,0.16972965467412743,7.4693641058526214,0.7794140039837956,0.7027145328151706,0.1831367404382402,0.11414872674658925
interictal_091,interictal,2418,2424,,23,EEG T4,True,8.6421042773888,3.362237556217845,0.1592315206773038,0.5150739264723139,2.2680982200727824,0.9507054814367085,0.1870347200621865,0.14403982525405942,0.6689254546837541
interictal_091,interictal,2418,2424,,24,EEG T6,True,7.010645730510195,3.0472705279392116,0.1693259524584826,0.5776622473662892,2.2347985332640627,0.9536087396958817,0.17945659334922945,0.19265533914279961,0.627888067507971
interictal_091,interictal,2418,2424,,25,EEG Fc2,True,12.379927575607027,2.578980859837737,0.05144903940084663,0.2744999338991566,4.30097850860688,0.8910957797915465,0.39179771790394924,0.11563952659202595,0.49256275550402473
interictal_091,interictal,2418,2424,,26,EEG Fc6,True,9.010610817080218,3.2069979901260033,0.14783458156952134,0.4779681344083102,2.5308214686561126,0.9233924085883057,0.3761677275011353,0.16746665338199432,0.45636561911687035
interictal_091,interictal,2418,2424,,27,EEG Cp2,True,3.324199812576166,0.9807432466532151,0.12178443503744708,0.3819273393231329,3.6519860764142247,0.9266352719789402,0.2826797772508026,0.24968556208287127,0.4676346606663261
interictal_091,interictal,2418,2424,,28,EEG Cp6,True,5.749937176654205,1.47006476470505,0.09605991533702377,0.32684847196212613,4.034453366479889,0.9370967727141013,0.30778519677260424,0.2250316078718306,0.46718319535556524
interictal_091,interictal,2418,2424,,29,EEG F10,True,11.418481008041946,3.9029022565288587,0.15499837186584176,0.4178190891191488,3.1217175608957977,0.8752718561296248,0.4502199285648043,0.20930859258531706,0.34047147884987866
interictal_092,interictal,2424,2430,,1,EEG Fp1,True,23.70447647021061,3.206537370180936,0.08759361771409964,0.17733721717406573,6.184758413344357,0.7282653010977898,0.7078407070821698,0.07437276749675956,0.2177865254210706
interictal_092,interictal,2424,2430,,2,EEG F3,True,8.97163845449017,2.0853698656183046,0.11201563008791925,0.3026277305548315,3.883579408461891,0.9331417376025513,0.24500955341051675,0.11236923956282523,0.642621207026658
interictal_092,interictal,2424,2430,,3,EEG C3,True,4.968732945217533,1.258007764152131,0.12373819602735266,0.32524318386388806,4.1324490725674625,0.9190907406445911,0.2051188997486702,0.15023767000412647,0.6446434302472034
interictal_092,interictal,2424,2430,,4,EEG P3,True,4.925188226539282,1.1876107114396133,0.09150113969391079,0.31271191718666275,4.246618414150054,0.9009773215506971,0.23127531866993115,0.1678951492123157,0.6008295321177531
interictal_092,interictal,2424,2430,,5,EEG O1,True,7.5065620343143244,2.0360746673924446,0.12048192771084337,0.3448391604981003,3.7964794478252433,0.8782794543156789,0.4444117005086814,0.17458329408627937,0.3810050054050392
interictal_092,interictal,2424,2430,,6,EEG F7,True,13.36407394835712,2.0550700485661064,0.05405405405405406,0.19821140380761082,6.125674501359892,0.8615097422997802,0.4942104937058339,0.1546006488258712,0.3511888574682948
interictal_092,interictal,2424,2430,,7,EEG T3,True,5.8230491955055514,2.0263236072743758,0.13969391077824814,0.45692072798131644,2.846719985471106,0.8970006936310949,0.3502299224514004,0.17063370156790736,0.47913637598069225
interictal_092,interictal,2424,2430,,8,EEG T5,True,6.659432867390979,2.2362661377500785,0.13285574731357863,0.47034090553286506,2.68973360814504,0.9064701492424759,0.2499165897313372,0.1883138337730046,0.5617695764956582
interictal_092,interictal,2424,2430,,9,EEG Fc1,True,4.172871592948383,1.1177904449996998,0.10647997394985347,0.34682802628924,3.677353217991929,0.9336005387552085,0.1962228075374367,0.1322570148577208,0.6715201776048424
interictal_092,interictal,2424,2430,,10,EEG Fc5,True,5.959345259539752,2.202296986964997,0.15076522305437967,0.5046520081216488,2.841274732445428,0.9200468756520288,0.29153375671164583,0.10315168537004148,0.6053145579183127
interictal_092,interictal,2424,2430,,11,EEG Cp1,True,3.8240419075430543,1.0937492044383013,0.12243568870074895,0.37258389928004404,3.6681422111636777,0.9091059845765423,0.31802037851923004,0.14300292089682662,0.5389767005839433
interictal_092,interictal,2424,2430,,12,EEG Cp5,True,4.804713571782618,1.241823673920601,0.09801367632692934,0.33133191802481393,4.001929645878886,0.8850211129346627,0.26733124169905165,0.16495942045235057,0.5677093378485978
interictal_092,interictal,2424,2430,,13,EEG F9,True,8.289662495105375,3.2270290902024192,0.1637902963204168,0.479208361461258,2.6805523079047813,0.8422684644137095,0.548236576753857,0.15863191961061568,0.2931315036355274
interictal_092,interictal,2424,2430,,14,EEG Fz,True,8.27807108678275,1.3260229139109065,0.08857049820905243,0.2045623897088194,6.216915429781978,0.8351974081952346,0.5343165431231734,0.12387004597183861,0.34181341090498796
interictal_092,interictal,2424,2430,,15,EEG Cz,True,4.934213583361546,1.383309271949265,0.09996743731683491,0.3577480062790892,3.5735959317527173,0.9083812169923069,0.165098724859728,0.1684751044776441,0.6664261706626279
interictal_092,interictal,2424,2430,,16,EEG Pz,True,4.014052789753163,1.1124944972667428,0.11494627157277759,0.36054794864247,3.7290516612977016,0.916790183653159,0.30840979232214555,0.2196951132120765,0.471895094465778
interictal_092,interictal,2424,2430,,17,EEG Fp2,True,23.65451434191524,2.795027007236431,0.06642787365678932,0.15023123376857256,7.606336182730565,0.6798283326429881,0.7841321715143613,0.058266753592711946,0.15760107489292674
interictal_092,interictal,2424,2430,,18,EEG F4,True,11.121327488217137,3.161436222059201,0.13774014978834256,0.3658099603078943,3.2882622394541436,0.9004608523050358,0.4015626264061324,0.0843676361560421,0.5140697374378256
interictal_092,interictal,2424,2430,,19,EEG C4,True,6.239850746259646,1.9546597389931366,0.13969391077824814,0.40031925783880495,3.12191308181805,0.9175311113615363,0.24196548380841773,0.16254477370000017,0.595489742491582
interictal_092,interictal,2424,2430,,20,EEG P4,True,4.553383758948275,1.4769030119032356,0.13155323998697493,0.4212046194843631,3.1356117950423403,0.9099288831471437,0.12694150171868154,0.1519318453230268,0.7211266529582916
interictal_092,interictal,2424,2430,,21,EEG O2,True,7.195528684230641,1.9530007479161833,0.10973624226636275,0.3484845965854402,3.9977912651994916,0.9345296049997238,0.3448540098360992,0.1780127877606219,0.4771332024032789
interictal_092,interictal,2424,2430,,22,EEG F8,True,19.4411430008606,2.6735167580134416,0.08531422989254314,0.17437507921534662,7.098386427993728,0.6958038519637537,0.7987580579029095,0.08627941390038738,0.114962528196703
interictal_092,interictal,2424,2430,,23,EEG T4,True,8.36901554697313,3.5597500092958905,0.16672093780527517,0.5671912045485109,1.999639030572715,0.9317718968549932,0.16258343949556112,0.09530594252760936,0.7421106179768294
interictal_092,interictal,2424,2430,,24,EEG T6,True,7.490253525193996,3.2230943591707026,0.1686746987951807,0.5694365278745175,2.2169265347302445,0.919092544021673,0.24126861980804548,0.1258804381188086,0.6328509420731459
interictal_092,interictal,2424,2430,,25,EEG Fc2,True,10.417830678865569,2.693080684010182,0.08694236405079779,0.3375804267990216,3.4830373327226627,0.9014011379388643,0.2812284566196155,0.11894469295878789,0.5998268504215967
interictal_092,interictal,2424,2430,,26,EEG Fc6,True,8.3228605356512,3.3903238281171726,0.19146857701074568,0.5616608808870975,2.126485151778987,0.907719000105112,0.3846386669791774,0.12029395265371744,0.4950673803671052
interictal_092,interictal,2424,2430,,27,EEG Cp2,True,3.9113532681739382,1.0631019225525151,0.10224682513839141,0.3581502041666796,3.757240785610276,0.9184120584892795,0.15718084431139456,0.17171289831106532,0.6711062573775401
interictal_092,interictal,2424,2430,,28,EEG Cp6,True,4.304150017558297,1.5250709714913964,0.15630087919244545,0.4607358296045405,2.8038219093117487,0.9273203103916691,0.19399209785654065,0.16814134871666228,0.637866553426797
interictal_092,interictal,2424,2430,,29,EEG F10,True,10.398528113349968,3.8549351206857616,0.1592315206773038,0.45239445976856285,2.841434757754421,0.8111631326398866,0.6202385900937398,0.1319952442087176,0.24776616569754256
interictal_093,interictal,2430,2436,,1,EEG Fp1,True,21.861222422116672,3.1695854745881733,0.0755454249430153,0.19048759103697946,5.908911904939551,0.7342917412923494,0.7444961917532517,0.06258554189981769,0.19291826634693066
interictal_093,interictal,2430,2436,,2,EEG F3,True,8.90042226543674,1.99872616099296,0.09964181048518397,0.2922331119797866,4.148013997437777,0.9018259375865563,0.42429935491551984,0.09644321197163762,0.4792574331128426
interictal_093,interictal,2430,2436,,3,EEG C3,True,4.342422204890228,1.296929735214563,0.14001953760989905,0.3831387614080577,3.528597729533959,0.9164444419130114,0.3315731268512554,0.17528159292854822,0.4931452802201964
interictal_093,interictal,2430,2436,,4,EEG P3,True,4.583806002995658,1.2349117990758192,0.10908498860306089,0.3474649145093856,3.8645998559581822,0.9363597126866714,0.2448269255579021,0.1553167645597701,0.5998563098823277
interictal_093,interictal,2430,2436,,5,EEG O1,True,6.99844756048887,1.9757461386976496,0.11820253988928688,0.36047588673540787,3.5950181057795954,0.8830152230578155,0.34694293039025614,0.1921757296504173,0.4608813399593267
interictal_093,interictal,2430,2436,,6,EEG F7,True,10.670156370615683,1.9604104341901771,0.10159557147508955,0.2330933795689075,5.375008573315833,0.7828171896229552,0.623601396521443,0.0732670055704635,0.3031315979080935
interictal_093,interictal,2430,2436,,7,EEG T3,True,4.6479677056452475,1.9614578340474786,0.17486160859654837,0.5529937805090214,2.4074997665354396,0.9184557677958199,0.3501008879175867,0.13883158657356878,0.5110675255088445
interictal_093,interictal,2430,2436,,8,EEG T5,True,6.213188875059927,2.1905021449269637,0.14132204493650277,0.4990990767918455,2.5551727419017856,0.9100735868992118,0.3291505531419755,0.15290158817742439,0.5179478586806
interictal_093,interictal,2430,2436,,9,EEG Fc1,True,5.394016214166681,1.082814676920372,0.10192119830674047,0.25912946710360274,5.157072641042788,0.9072624960855966,0.4051930473981294,0.14331768879858142,0.4514892638032893
interictal_093,interictal,2430,2436,,10,EEG Fc5,True,5.310896076519149,2.2223890547260607,0.1647671768153696,0.5868333832085585,2.462545487377506,0.8858006477226316,0.4142950941587881,0.12081558740046504,0.4648893184407468
interictal_093,interictal,2430,2436,,11,EEG Cp1,True,3.7329552957473755,1.1874680763350354,0.12015630087919245,0.4109198549593307,3.3326432234943555,0.931676457300951,0.18370110533599526,0.17647422337928315,0.6398246712847215
interictal_093,interictal,2430,2436,,12,EEG Cp5,True,4.528888362457705,1.2328722452030136,0.09801367632692934,0.35050010948728394,3.9037743438073793,0.9260392910360363,0.3016858985416628,0.12347539508721106,0.5748387063711262
interictal_093,interictal,2430,2436,,13,EEG F9,True,6.650095451876335,3.091247837032176,0.16574405731032238,0.5717144779095907,2.2806263096414905,0.883548121926417,0.4695767769116037,0.1248161143089153,0.40560710877948103
interictal_093,interictal,2430,2436,,14,EEG Fz,True,7.886520367924096,1.3385547411545131,0.06349723217193097,0.21691450334969653,6.046025654419637,0.7875733604882864,0.6849000110685454,0.11103061142039335,0.20406937751106116
interictal_093,interictal,2430,2436,,15,EEG Cz,True,4.455482789034769,1.4309169324540056,0.11657440573103224,0.4051563160783633,3.2323206057092055,0.8894926771155783,0.40914224244464276,0.19273205983999833,0.3981256977153589
interictal_093,interictal,2430,2436,,16,EEG Pz,True,4.744212586122453,1.1910400257611038,0.09117551286225985,0.32536007504957937,4.139241509056464,0.9306925015396936,0.19060634736569437,0.20232166176508767,0.607071990869218
interictal_093,interictal,2430,2436,,17,EEG Fp2,True,20.097108040322833,2.78749365364837,0.08726799088244871,0.1781019115391287,6.4562746186418485,0.7119700206084034,0.7573722097115395,0.05923747710033359,0.1833903131881269
interictal_093,interictal,2430,2436,,18,EEG F4,True,8.743544472614953,3.058161398918998,0.1475089547378704,0.45143334600556284,2.720370843289244,0.9313290385726365,0.33537503107499933,0.1252714310163882,0.5393535379086124
interictal_093,interictal,2430,2436,,19,EEG C4,True,5.8396161728570615,2.005266750284737,0.1569521328557473,0.435933877549632,2.9102761981807315,0.9218231427395882,0.29567714032624126,0.16486869585414188,0.5394541638196169
interictal_093,interictal,2430,2436,,20,EEG P4,True,5.220182959047214,1.5131283138834153,0.12243568870074895,0.3777993466171998,3.495050797353986,0.886763801729705,0.12734298979914407,0.11847651775107004,0.7541804924497858
interictal_093,interictal,2430,2436,,21,EEG O2,True,8.95333724737684,1.934846996722717,0.11331813741452296,0.2828866136134989,4.937540320247257,0.8983913089566921,0.3302409079316171,0.18203710428111872,0.4877219877872643
interictal_093,interictal,2430,2436,,22,EEG F8,True,11.971909819546632,2.527399499641542,0.10257245197004233,0.27100608517138325,4.648082114617228,0.7834573660070809,0.6315402862737962,0.08490515035666056,0.2835545633695432
interictal_093,interictal,2430,2436,,23,EEG T4,True,8.284364157006312,3.5246733677480053,0.16900032562683165,0.5699595561642246,1.9819401340915683,0.9377183434605266,0.20001680295706414,0.06999706781913531,0.7299861292238005
interictal_093,interictal,2430,2436,,24,EEG T6,True,8.478468918310627,3.209202267438071,0.14197329859980462,0.5049038333708521,2.5110515041205423,0.9145046624683453,0.307598439190666,0.14349743162202425,0.5489041291873098
interictal_093,interictal,2430,2436,,25,EEG Fc2,True,13.158724667793443,2.730572212189862,0.04493650276782807,0.27099359799216893,4.405852513364687,0.8949773734144953,0.3980109025034334,0.1488592585468244,0.4531298389497422
interictal_093,interictal,2430,2436,,26,EEG Fc6,True,6.710299007948172,3.399828323200569,0.1976554868121133,0.6895168748441336,1.7315052492751546,0.9108506421508401,0.34675663294360615,0.07835721014054611,0.5748861569158478
interictal_093,interictal,2430,2436,,27,EEG Cp2,True,4.333632002782941,1.139633342784738,0.09703679583197655,0.34197711929172875,3.9965069340036004,0.921696596968503,0.13498538935884244,0.134526428548123,0.7304881820930345
interictal_093,interictal,2430,2436,,28,EEG Cp6,True,5.811512327799229,1.5545309439050568,0.11006186909801367,0.34410742877181777,3.836782105363002,0.9114994920902287,0.2778167850486101,0.1482604536817921,0.5739227612695978
interictal_093,interictal,2430,2436,,29,EEG F10,True,9.913443037027124,3.72219984414169,0.14360143275805926,0.45952656966682265,2.8125025140543634,0.8573336320070919,0.5366108751965321,0.11751881728688096,0.34587030751658704
interictal_094,interictal,2436,2442,,1,EEG Fp1,True,21.502684107849973,3.028988845024191,0.08857049820905243,0.1879473151850174,5.820910860131484,0.7199942295045929,0.7226731038033409,0.08459093038169718,0.19273596581496194
interictal_094,interictal,2436,2442,,2,EEG F3,True,10.138828957025943,1.9269991635417967,0.07456854444806252,0.25361854469338896,4.6674348954763705,0.9010514871716839,0.3800183704506397,0.15597529122624484,0.46400633832311555
interictal_094,interictal,2436,2442,,3,EEG C3,True,5.272956202289774,1.2412643837292672,0.09378052751546727,0.30239637893218013,4.472592533669663,0.9034337595688701,0.35505888961366605,0.23184326188536014,0.4130978485009738
interictal_094,interictal,2436,2442,,4,EEG P3,True,4.265154451555098,1.204912736067139,0.0941061543471182,0.36535638164902795,3.664263618634882,0.9277426166123789,0.35099246315574,0.20709287429737516,0.44191466254688483
interictal_094,interictal,2436,2442,,5,EEG O1,True,6.565943014621239,1.9040591270399028,0.126668837512211,0.36917503130466994,3.596266619789129,0.859693802154605,0.5375831563907649,0.2046258898403183,0.2577909537689167
interictal_094,interictal,2436,2442,,6,EEG F7,True,10.845997403813417,1.9424807430535977,0.07684793226961902,0.231126852242957,5.246291797108142,0.7891541677174482,0.6031241645609877,0.1556453287606504,0.24123050667836188
interictal_094,interictal,2436,2442,,7,EEG T3,True,4.580539412095351,1.994480335222915,0.18788668186258548,0.573756248804442,2.2843033197518787,0.929646766710682,0.2899424688067038,0.2484486027969866,0.4616089283963096
interictal_094,interictal,2436,2442,,8,EEG T5,True,6.084558483648107,2.2374727190495713,0.14522956691631392,0.5270294761336997,2.408695469494937,0.9351649877052319,0.32128614062267646,0.14838010486635295,0.5303337545109705
interictal_094,interictal,2436,2442,,9,EEG Fc1,True,5.018380040695201,1.0918652931740482,0.08173233474438293,0.2773410427494039,4.702573790762967,0.8691621369047037,0.3645114123084058,0.07686051986215912,0.5586280678294351
interictal_094,interictal,2436,2442,,10,EEG Fc5,True,4.702919137198139,2.11547280408641,0.18853793552588732,0.6346884077741823,2.288630444347894,0.8967075157872707,0.3941606184990331,0.21744477543166432,0.38839460606930265
interictal_094,interictal,2436,2442,,11,EEG Cp1,True,3.4207087543492634,1.121988795801399,0.135786388798437,0.4223670984854821,3.2266200953492015,0.8896963413253558,0.382824146556305,0.20095516829153123,0.4162206851521639
interictal_094,interictal,2436,2442,,12,EEG Cp5,True,4.1407593980651995,1.2243351091251,0.10973624226636275,0.38004666525593184,3.5638865253604375,0.9236216530104799,0.309843741816542,0.178609023514544,0.511547234668914
interictal_094,interictal,2436,2442,,13,EEG F9,True,6.3351670634973845,3.0776260614086697,0.19635297948550962,0.5974094589991092,2.177290235160454,0.9018437451521051,0.37608485624727594,0.28013610008091755,0.3437790436718066
interictal_094,interictal,2436,2442,,14,EEG Fz,True,6.143563750824986,1.2853548210970775,0.09964181048518397,0.26761801610065816,4.765280847693188,0.8405431380259577,0.5459168953248094,0.0910439676586535,0.36303913701653706
interictal_094,interictal,2436,2442,,15,EEG Cz,True,3.872515399059981,1.3778954130236114,0.13676326929338978,0.4530166095548604,2.8470300740122596,0.8776439129982861,0.36084713234244004,0.09907083631135694,0.540082031346203
interictal_094,interictal,2436,2442,,16,EEG Pz,True,3.8807551652907417,1.1251411708179981,0.12178443503744708,0.37395666044691,3.5925059187083384,0.8919008118054236,0.4525851929993951,0.2102336262911903,0.33718118070941455
interictal_094,interictal,2436,2442,,17,EEG Fp2,True,18.881438558469426,2.5662943215136034,0.07456854444806252,0.1764021612420695,6.499618733339686,0.709123034983202,0.7330504601551313,0.08408385076583877,0.18286568907903003
interictal_094,interictal,2436,2442,,18,EEG F4,True,9.386675609464504,3.0573153460686573,0.14360143275805926,0.4366567598044214,2.6947824721970455,0.952819426076476,0.2183549581397479,0.15589476515334277,0.6257502767069093
interictal_094,interictal,2436,2442,,19,EEG C4,True,5.575214828164105,1.9459650863598146,0.13318137414522957,0.4431414245782334,2.8373070572207473,0.9268812109736624,0.34587010828837533,0.22026765648701224,0.4338622352246125
interictal_094,interictal,2436,2442,,20,EEG P4,True,4.008837959468325,1.417987165722929,0.14132204493650277,0.45896831815158473,2.955925331429859,0.9254078959581726,0.2793866291911373,0.28748547591271584,0.4331278948961467
interictal_094,interictal,2436,2442,,21,EEG O2,True,6.265507533404318,1.9022356745633693,0.11429501790947574,0.38500272266155294,3.659287577044818,0.8621620016391444,0.48578555896385706,0.2282306119455413,0.28598382909060166
interictal_094,interictal,2436,2442,,22,EEG F8,True,13.717175104899358,2.486232788049929,0.09019863236730706,0.23082358271335748,5.43385948767879,0.8367180519866486,0.5127284678027682,0.1666218370357164,0.3206496951615154
interictal_094,interictal,2436,2442,,23,EEG T4,True,7.744220627176095,3.2972606216565556,0.16411592315206774,0.5676729682396344,2.04370430648876,0.9376700497196129,0.12192762470677587,0.10542807654275298,0.7726442987504712
interictal_094,interictal,2436,2442,,24,EEG T6,True,6.8906115590369,2.95695123618151,0.17225659394334092,0.5720375315376685,2.26263952270719,0.9276345933855368,0.33860849667567067,0.15345458404774284,0.5079369192765865
interictal_094,interictal,2436,2442,,25,EEG Fc2,True,13.68292407543633,2.6683632369370645,0.05144903940084663,0.2551416102567443,4.609799964592321,0.9259530035297103,0.270537748943416,0.16418592596727896,0.5652763250893051
interictal_094,interictal,2436,2442,,26,EEG Fc6,True,7.030176124568257,3.1941321709405197,0.17388472810159558,0.6170240545879347,1.9440151120123754,0.9395939003088621,0.2038140567700305,0.12007025010958745,0.676115693120382
interictal_094,interictal,2436,2442,,27,EEG Cp2,True,3.4356743486929973,1.0379902868768958,0.11396939107782482,0.3947553802141469,3.505373999663185,0.9262385501164624,0.33089010964195553,0.22435330943640952,0.44475658092163495
interictal_094,interictal,2436,2442,,28,EEG Cp6,True,4.702818777308103,1.440685848821118,0.13383262780853142,0.395845492612987,3.3910138655567557,0.9365865373001011,0.2932895638201685,0.23695035397682546,0.469760082203006
interictal_094,interictal,2436,2442,,29,EEG F10,True,9.030163049599704,3.8018477273537323,0.15727775968739824,0.5114169868889673,2.5232097029609855,0.8487962464694463,0.5070930966776253,0.1784235201281417,0.31448338319423313
interictal_095,interictal,2442,2448,,1,EEG Fp1,True,28.22402869112665,3.565704383200254,0.06284597850862911,0.16373145813905615,6.619174113342887,0.6818514082181569,0.7988504568657804,0.06669361334288834,0.13445592979133128
interictal_095,interictal,2442,2448,,2,EEG F3,True,10.565870093112387,2.280210316807058,0.10192119830674047,0.28653359943044304,4.011423989117298,0.8638031924134929,0.4069874991325913,0.07830569917354155,0.5147068016938671
interictal_095,interictal,2442,2448,,3,EEG C3,True,6.111184498474611,1.277637795507386,0.08042982741777922,0.267904666045564,5.061161450858185,0.8667774677639878,0.46229582976310707,0.16806220252407936,0.36964196771281344
interictal_095,interictal,2442,2448,,4,EEG P3,True,5.969356138457196,1.2154690815364717,0.08433734939759036,0.2618504802277089,5.114369758497228,0.885635846488856,0.4512545492807916,0.12584879970819615,0.4228966510110122
interictal_095,interictal,2442,2448,,5,EEG O1,True,6.66706743786183,1.9265045404528012,0.11917942038423966,0.36817641252397626,3.669728982062814,0.9150049349734558,0.3440991960551538,0.16874086320810136,0.4871599407367448
interictal_095,interictal,2442,2448,,6,EEG F7,True,13.075525455902746,2.1104525839706807,0.08954737870400521,0.20806283875612092,5.821220750040331,0.7859952423519714,0.6531190307982978,0.09979408812646828,0.24708688107523397
interictal_095,interictal,2442,2448,,7,EEG T3,True,6.340417957520887,2.04206205399026,0.11983067404754151,0.421672739794737,3.178381149943821,0.9116278141322661,0.3140368702127019,0.20566007478829415,0.480303054999004
interictal_095,interictal,2442,2448,,8,EEG T5,True,7.714723829778387,2.1448043513804054,0.10224682513839141,0.3955503300832599,3.2010212899315937,0.9046632401741236,0.33794791041088257,0.0870218879583068,0.5750302016308105
interictal_095,interictal,2442,2448,,9,EEG Fc1,True,8.21813224060792,1.1525993175295244,0.046890263757733634,0.17956340493874662,7.185049017747559,0.8899333449684483,0.2798327068211619,0.12357065841059334,0.5965966347682449
interictal_095,interictal,2442,2448,,10,EEG Fc5,True,6.891993784713666,2.1993732737478613,0.1348095083034842,0.4365043549736256,3.2850355872246357,0.8735116786897544,0.41352973545088645,0.171054053348311,0.4154162112008025
interictal_095,interictal,2442,2448,,11,EEG Cp1,True,4.115574147395378,1.1308260988030918,0.11657440573103224,0.35474041970467546,3.8989058995167145,0.9296066372779151,0.28672258031461856,0.1509005522876726,0.5623768673977088
interictal_095,interictal,2442,2448,,12,EEG Cp5,True,4.5416464998409944,1.2239319912893107,0.11657440573103224,0.34866058000548816,3.9296059306471642,0.9114224424510865,0.3028431927381549,0.17796386044209814,0.519192946819747
interictal_095,interictal,2442,2448,,13,EEG F9,True,8.356507404721343,3.1771304583723783,0.15630087919244545,0.47044972105169947,2.74682051558365,0.8672271324011367,0.4930461474339816,0.1281709218171235,0.3787829307488949
interictal_095,interictal,2442,2448,,14,EEG Fz,True,8.937294654149552,1.388104612578699,0.07945294692282644,0.19893438513577913,6.273774421968262,0.8005951020091842,0.5769542756053558,0.09612004501748657,0.3269256793771576
interictal_095,interictal,2442,2448,,15,EEG Cz,True,3.9909376258520832,1.381975184779403,0.14327580592640835,0.4401401092945872,2.9717470572546536,0.9147429602901948,0.18089425545595972,0.13012537965140353,0.6889803648926368
interictal_095,interictal,2442,2448,,16,EEG Pz,True,4.355595328646315,1.1462153907870534,0.09605991533702377,0.34008804297373824,4.023973193376092,0.9242186254444509,0.32414302204880496,0.2720999365256574,0.40375704142553753
interictal_095,interictal,2442,2448,,17,EEG Fp2,True,28.397673167386408,3.0223953175196234,0.039400846629762294,0.13585448656259677,8.380847831514435,0.6427811556289058,0.8399573451136366,0.06497918600660978,0.0950634688797536
interictal_095,interictal,2442,2448,,18,EEG F4,True,11.278453793401898,3.412932812923503,0.13155323998697493,0.40162152136023666,2.970886724717067,0.8892939171526277,0.3330058115192257,0.08624403970430207,0.5807501487764721
interictal_095,interictal,2442,2448,,19,EEG C4,True,4.821525453575449,1.951884375437795,0.15630087919244545,0.5170174789477939,2.469918641163931,0.8903246849433797,0.4164344424593806,0.11877916831581263,0.46478638922480675
interictal_095,interictal,2442,2448,,20,EEG P4,True,4.305415294816931,1.4550069025861951,0.126668837512211,0.4404720125784275,3.1054261737309368,0.9330154781838508,0.32669845675084874,0.2140972529974977,0.45920429025165366
interictal_095,interictal,2442,2448,,21,EEG O2,True,7.654236066780387,1.9263255600269291,0.08368609573428851,0.3224636488398634,4.451305603530954,0.9183293784052714,0.3415749940558636,0.19638188675838888,0.46204311918574753
interictal_095,interictal,2442,2448,,22,EEG F8,True,20.33460884896109,2.9397224280936305,0.0846629762292413,0.18559943242959356,6.544116952818474,0.6490219427710454,0.7743602837334932,0.07770602337106154,0.14793369289544514
interictal_095,interictal,2442,2448,,23,EEG T4,True,8.97900485321863,3.7149926489108562,0.1696515792901335,0.5478147373897304,2.06212138864153,0.9205367569636352,0.25710627288078675,0.10908893647948216,0.6338047906397312
interictal_095,interictal,2442,2448,,24,EEG T6,True,8.707766539654578,3.0247098812066513,0.131227613155324,0.46224649142068663,2.754503972526998,0.9425319190530975,0.2468908489625325,0.16362281317058988,0.5894863378668775
interictal_095,interictal,2442,2448,,25,EEG Fc2,True,16.3409948097874,2.673269788269915,0.0429827417779225,0.21298858520590846,5.581655307462063,0.9149448697057297,0.26099207923200496,0.10465757658728293,0.6343503441807121
interictal_095,interictal,2442,2448,,26,EEG Fc6,True,7.77844902468356,3.489720411820524,0.18300227938782157,0.6095567620758555,1.9672356802726818,0.857989888106396,0.39457994395786616,0.09340655748208214,0.5120134985600517
interictal_095,interictal,2442,2448,,27,EEG Cp2,True,4.77766878993372,1.0694592905314126,0.06284597850862911,0.2888054483024246,4.868498830021785,0.9237524060650372,0.37194583557633515,0.22535703976830382,0.402697124655361
interictal_095,interictal,2442,2448,,28,EEG Cp6,True,4.575142901833492,1.4630158359851304,0.11787691305763595,0.4095841157930628,3.2611222293488407,0.9057386639127696,0.39569039843631754,0.1932789108090015,0.411030690754681
interictal_095,interictal,2442,2448,,29,EEG F10,True,10.601298638434345,3.77951954666711,0.11885379355258874,0.43600323826187265,2.9493460030034075,0.8446510519929231,0.4913720738623593,0.1993740134896412,0.3092539126479994
interictal_096,interictal,2448,2454,,1,EEG Fp1,True,26.02466299213788,3.617259734839342,0.07587105177466623,0.1848994434822573,5.913136652383344,0.7138373167568896,0.7536763177710118,0.09614680882284314,0.150176873406145
interictal_096,interictal,2448,2454,,2,EEG F3,True,9.863646028788727,2.2564486143696842,0.11559752523607945,0.3073568375221842,3.8835689440443746,0.8992255815490774,0.39142865012786976,0.12098962747774526,0.487581722394385
interictal_096,interictal,2448,2454,,3,EEG C3,True,4.880645236403285,1.339751543489149,0.0882448713774015,0.3478070155599437,3.8579670154239416,0.9367862387185857,0.2616671820548616,0.23567752089275376,0.5026552970523847
interictal_096,interictal,2448,2454,,4,EEG P3,True,5.946548773541736,1.2395399488273606,0.06935851514164768,0.26938036325730746,4.9242674768304955,0.8820089309684859,0.4272665310066262,0.13875593865497263,0.4339775303384012
interictal_096,interictal,2448,2454,,5,EEG O1,True,7.546380862188248,1.9399775186862296,0.0941061543471182,0.32651851629059386,4.08783400675622,0.7920898848707705,0.6513904146737386,0.12001590030969302,0.22859368501656854
interictal_096,interictal,2448,2454,,6,EEG F7,True,11.371973091706646,2.0293881949577597,0.09540866167372192,0.22603491794598302,5.366557480360594,0.7743590055510952,0.528991646904267,0.21260582990616908,0.25840252318956386
interictal_096,interictal,2448,2454,,7,EEG T3,True,5.0499771357642524,2.014939626745332,0.16118528166720938,0.5209588592805399,2.5250778641262634,0.913172998661966,0.30959008376902375,0.28944861999342497,0.4009612962375512
interictal_096,interictal,2448,2454,,8,EEG T5,True,5.836464579078024,1.8718187935879465,0.13187886681862585,0.4519213187636746,2.829663562500987,0.8833079466359627,0.41102279515258505,0.1341457111255409,0.454831493721874
interictal_096,interictal,2448,2454,,9,EEG Fc1,True,4.61966109261748,1.1404356650080658,0.10485183979159883,0.3158708989181522,4.127751875115923,0.9005867930161686,0.30881719332996654,0.12946150658784483,0.5617213000821887
interictal_096,interictal,2448,2454,,10,EEG Fc5,True,4.9615395668841025,2.22109310738468,0.1882123086942364,0.6176691923479891,2.3386127131633296,0.8975437917702804,0.29164528650372107,0.2515133835217592,0.45684132997451965
interictal_096,interictal,2448,2454,,11,EEG Cp1,True,4.18705670326293,1.1760882078316,0.10973624226636275,0.36013763709768926,3.791227783289834,0.9183806124719409,0.40216095592358503,0.17912080047961873,0.4187182435967962
interictal_096,interictal,2448,2454,,12,EEG Cp5,True,4.258147331955741,1.2089032320314774,0.10257245197004233,0.3622114913488112,3.7039269738335423,0.9293285577817674,0.29310281620573125,0.17475482634037182,0.5321423574538969
interictal_096,interictal,2448,2454,,13,EEG F9,True,6.705413325873159,2.977198511204056,0.19895799413871704,0.5458719321148483,2.389278054227674,0.8370203436479884,0.41651101052814116,0.3240906214495673,0.2593983680222916
interictal_096,interictal,2448,2454,,14,EEG Fz,True,8.807085438262066,1.3935766744766158,0.0823835884076848,0.20256350542352194,6.271163366017684,0.7628290574590136,0.6579368143096064,0.11948087166110564,0.22258231402928808
interictal_096,interictal,2448,2454,,15,EEG Cz,True,4.301671895739303,1.473062456663995,0.13546076196678605,0.43570142044940235,2.9329009503357115,0.9155976853219895,0.22328302860017316,0.17045301023975212,0.6062639611600747
interictal_096,interictal,2448,2454,,16,EEG Pz,True,4.106917415804261,1.1701675578175599,0.11592315206773038,0.36303231136899927,3.7492225704688416,0.8901391671317864,0.40116572150262697,0.25624561848194716,0.34258866001542576
interictal_096,interictal,2448,2454,,17,EEG Fp2,True,25.10049831768295,3.0865961301096356,0.06610224682513839,0.16015606275908867,7.021615414430805,0.6987510858614787,0.7938939849115821,0.0833003784375492,0.12280563665086867
interictal_096,interictal,2448,2454,,18,EEG F4,True,10.08303548299141,3.7260836635382364,0.16639531097362423,0.4987606317829787,2.3276553263442166,0.9150443606822851,0.29993163497477787,0.0920637089591189,0.6080046560661032
interictal_096,interictal,2448,2454,,19,EEG C4,True,6.076144226347955,2.0280194782421415,0.13611201563008793,0.4268326343615872,2.9566675499292314,0.9066408178741697,0.35148876224239717,0.19056331312140243,0.4579479246362003
interictal_096,interictal,2448,2454,,20,EEG P4,True,4.269359824962327,1.444048383715695,0.13546076196678605,0.4340945831146207,3.1378149408682807,0.919008664955327,0.28541467914817886,0.2442948333322082,0.47029048751961294
interictal_096,interictal,2448,2454,,21,EEG O2,True,7.099212445324735,1.9980708086631234,0.1253663301856073,0.3594985094958063,3.9432102168388505,0.8727579696822291,0.49540352852578473,0.17140863855005678,0.33318783292415854
interictal_096,interictal,2448,2454,,22,EEG F8,True,14.21742498340875,2.788582513110891,0.09671116900032563,0.25367964589003283,4.793894179096196,0.7847149163096393,0.6732887997944896,0.1002139999945674,0.22649720021094294
interictal_096,interictal,2448,2454,,23,EEG T4,True,7.9743052048054714,3.5336839208900543,0.181048518397916,0.5957471086672482,1.8949503280927555,0.9194705540244751,0.13825971243772048,0.08918616028641484,0.7725541272758647
interictal_096,interictal,2448,2454,,24,EEG T6,True,6.7820629898687,2.9987791544630364,0.17518723542819928,0.5930051138369983,2.1374857577168647,0.9488855342139207,0.19616706472304782,0.2435817752512242,0.560251160025728
interictal_096,interictal,2448,2454,,25,EEG Fc2,True,12.286574859861851,2.741856303082081,0.07261478345815696,0.29088342297416214,4.072146296629137,0.8764031890641119,0.38486739534619546,0.14391042847740143,0.4712221761764031
interictal_096,interictal,2448,2454,,26,EEG Fc6,True,7.311456978113939,3.4385572482443636,0.18984044285249105,0.6478405732520183,1.8471495798798547,0.9285912939983596,0.26359446981356055,0.11844643836734796,0.6179590918190915
interictal_096,interictal,2448,2454,,27,EEG Cp2,True,4.182095797486511,1.093665626881859,0.1230869423640508,0.33648101179752415,4.125212150012447,0.9197290219466725,0.2722056993417607,0.2847053078437767,0.4430889928144627
interictal_096,interictal,2448,2454,,28,EEG Cp6,True,3.9841130961492497,1.4465616889887076,0.13741452295669163,0.4688287639808998,2.851226782013909,0.9276695534459467,0.20558864286380935,0.31567248070742665,0.47873887642876406
interictal_096,interictal,2448,2454,,29,EEG F10,True,8.016012741502367,3.6250739882315766,0.19244545750569847,0.5512309895585736,2.3575705844530512,0.8693696891139338,0.4504947224294631,0.21336431883918658,0.3361409587313503
interictal_097,interictal,2454,2460,,1,EEG Fp1,True,9.232749402505098,3.434678538611709,0.16085965483555845,0.48444205480390545,2.3023109459308433,0.9332531281056177,0.21532070709782217,0.1183105812680181,0.6663687116341598
interictal_097,interictal,2454,2460,,2,EEG F3,True,5.750495291073176,2.1734907353565918,0.15760338651904918,0.4954057800851795,2.368019984698569,0.9217649438593789,0.17095070738166515,0.08874738937868942,0.7403019032396454
interictal_097,interictal,2454,2460,,3,EEG C3,True,3.389147848783499,1.187896720231855,0.15174210354933246,0.4430175637981974,3.036786798379385,0.9147854071889534,0.35643904833259443,0.20335224942913746,0.44020870223826813
interictal_097,interictal,2454,2460,,4,EEG P3,True,5.299110724168273,1.165001016116613,0.085965483555845,0.28232868873349976,4.744188974731969,0.9374425548522528,0.2115042118266646,0.3122380961721799,0.4762576920011555
interictal_097,interictal,2454,2460,,5,EEG O1,True,6.577882513088677,1.9580370640091143,0.11722565939433409,0.3753409018128167,3.5349716782035836,0.8662799197341817,0.4805721491247942,0.23587763247769603,0.2835502183975098
interictal_097,interictal,2454,2460,,6,EEG F7,True,9.229227375988167,2.128891947000842,0.10550309345490068,0.2950936951161795,4.101254090215032,0.903348761128429,0.3818799766035069,0.20628056473853257,0.4118394586579605
interictal_097,interictal,2454,2460,,7,EEG T3,True,5.519349414412669,2.0995985842212783,0.17127971344838816,0.4971091353915403,2.6475721454133336,0.9348500385705252,0.2721329137367242,0.255936754287122,0.47193033197615375
interictal_097,interictal,2454,2460,,8,EEG T5,True,6.383050400846604,2.2358793569234416,0.16541843047867144,0.49360244265228725,2.549012769179801,0.9290860363854303,0.2429161602493422,0.29096424996845854,0.4661195897821993
interictal_097,interictal,2454,2460,,9,EEG Fc1,True,3.87700223990368,1.0245820055546957,0.10908498860306089,0.3388344230679623,3.80842069434322,0.8641506480800272,0.2695093331917197,0.09756419039684541,0.632926476411435
interictal_097,interictal,2454,2460,,10,EEG Fc5,True,4.23676437766089,2.2042447434346766,0.20937805275154672,0.7157849000064721,1.9805049680988438,0.9110615161088768,0.3211310612246567,0.220485522214449,0.4583834165608942
interictal_097,interictal,2454,2460,,11,EEG Cp1,True,3.4750332107726125,1.0623818950836346,0.1302507326603712,0.38879890243429255,3.5440916327311185,0.9357357832081304,0.25338612638141766,0.27375844830004076,0.4728554253185416
interictal_097,interictal,2454,2460,,12,EEG Cp5,True,4.792732097344827,1.1700720955435844,0.08857049820905243,0.3138436835086405,4.33910265279482,0.9213848669078368,0.23079403994134368,0.31410794795441893,0.4550980121042374
interictal_097,interictal,2454,2460,,13,EEG F9,True,7.10563953655493,3.154279800691398,0.22272875284923477,0.5415143246079811,2.3813412180939832,0.8917410006792049,0.36047199989564155,0.29417007975308745,0.345357920351271
interictal_097,interictal,2454,2460,,14,EEG Fz,True,6.640234578817003,1.2281015436993876,0.07163790296320417,0.23468592973754657,5.572065985611638,0.9026768341035845,0.38119927743171417,0.19718471573956745,0.4216160068287184
interictal_097,interictal,2454,2460,,15,EEG Cz,True,3.7226145312574723,1.3101894883516632,0.14067079127320092,0.44759937018759516,2.882533635585837,0.8736068365425012,0.2675964032755058,0.09378913614289895,0.6386144605815952
interictal_097,interictal,2454,2460,,16,EEG Pz,True,3.1239339437869553,1.053317317212744,0.14327580592640835,0.43663071884627513,3.109381388158362,0.9197424803492144,0.3405462931206037,0.2893286015900469,0.3701251052893494
interictal_097,interictal,2454,2460,,17,EEG Fp2,True,9.066064751060818,2.906291977003305,0.1263432106805601,0.4130637828703328,2.7764837885722353,0.928939414487653,0.25642757098385244,0.11003222280227204,0.6335402062138755
interictal_097,interictal,2454,2460,,18,EEG F4,True,8.200453616878885,3.48609081213847,0.17355910126994464,0.5622950800468787,2.1492318547236215,0.9467961428791442,0.10713843250603766,0.19206612584292404,0.7007954416510382
interictal_097,interictal,2454,2460,,19,EEG C4,True,4.298812168267476,1.879971495491628,0.1777922500814067,0.5586489200385754,2.2667946048449394,0.9443974503861191,0.2575410110644474,0.3340782272028914,0.40838076173266125
interictal_097,interictal,2454,2460,,20,EEG P4,True,3.462129758149748,1.3445674949235482,0.15597525236079454,0.5121147763358576,2.631430566730035,0.9142657131488143,0.2805598053991545,0.24157827879754462,0.4778619158033009
interictal_097,interictal,2454,2460,,21,EEG O2,True,6.8678789246809515,1.9310200795487247,0.1263432106805601,0.36430191492847525,3.8976509092290255,0.9010622303044963,0.3758881244802368,0.26923138782791123,0.354880487691852
interictal_097,interictal,2454,2460,,22,EEG F8,True,12.877329800130223,2.924835036950392,0.08726799088244871,0.2870538808325577,4.264901620741713,0.8985420775686778,0.42890864309785015,0.12633249636139401,0.44475886054075586
interictal_097,interictal,2454,2460,,23,EEG T4,True,9.218373423870077,3.552546504877937,0.15369586453923803,0.512503674477929,2.225191774513431,0.9273711925915592,0.11896004297075734,0.10716274892898787,0.7738772081002547
interictal_097,interictal,2454,2460,,24,EEG T6,True,6.735135887278293,2.9477905317270956,0.19114295017909474,0.5878846424923597,2.162338831711387,0.9264742134934796,0.16678530338063438,0.26149812691537777,0.5717165697039878
interictal_097,interictal,2454,2460,,25,EEG Fc2,True,16.662501353830173,2.629721538944912,0.053728427222403126,0.20683786089733047,5.7405704142455605,0.9254827574782174,0.33919874306322756,0.18915200622062658,0.47164925071614583
interictal_097,interictal,2454,2460,,26,EEG Fc6,True,7.167276372549031,3.297857590746983,0.18430478671442527,0.6241228123282562,1.9265864487127142,0.9461375570884194,0.2038290383173391,0.15087143316818344,0.6452995285144775
interictal_097,interictal,2454,2460,,27,EEG Cp2,True,3.0581201327224905,0.9813425251777486,0.12048192771084337,0.4141984988351145,3.384831355413179,0.9240836048452851,0.3290003631397249,0.21493150775647624,0.45606812910379885
interictal_097,interictal,2454,2460,,28,EEG Cp6,True,4.591835992608793,1.3872203166540635,0.14360143275805926,0.39344929246206023,3.3872910630277997,0.9220836670780913,0.2434855069214705,0.2811480849265344,0.47536640815199505
interictal_097,interictal,2454,2460,,29,EEG F10,True,10.430440313239398,3.802274817586248,0.14588082057961577,0.44288182041737817,2.916832756455651,0.8327600723262799,0.5211886388351142,0.17494907941882434,0.30386228174606134
interictal_098,interictal,2460,2466,,1,EEG Fp1,True,28.114725735501054,4.020681190593077,0.08759361771409964,0.18687891450679156,5.911251879554781,0.6828113006257226,0.7653261155096237,0.0714214949803937,0.1632523895099826
interictal_098,interictal,2460,2466,,2,EEG F3,True,10.158858177338976,2.555419960817971,0.11103874959296646,0.34185900341259695,3.4161815335996866,0.9104080820503235,0.3944512340685039,0.1260666375055025,0.4794821284259936
interictal_098,interictal,2460,2466,,3,EEG C3,True,3.691617506064205,1.2495389749180834,0.13969391077824814,0.42866103288936613,3.170576812460906,0.9519338421024951,0.22599170290497445,0.1671882257462761,0.6068200713487494
interictal_098,interictal,2460,2466,,4,EEG P3,True,5.4714238499037124,1.22416818333499,0.10354933246499512,0.28831444947277873,4.582296834574132,0.9082528525932486,0.21452544679291036,0.1596058695801958,0.625868683626894
interictal_098,interictal,2460,2466,,5,EEG O1,True,7.767454185931214,2.062311536416697,0.10941061543471182,0.33876661035937966,3.8563225514804342,0.9162000987363004,0.29561069581569427,0.18881860433985417,0.5155706998444517
interictal_098,interictal,2460,2466,,6,EEG F7,True,13.347487493428321,2.1803374807675198,0.0674047541517421,0.20819280718926328,5.73039631860766,0.8888138813939811,0.4017615885496598,0.22680483107482285,0.37143358037551727
interictal_098,interictal,2460,2466,,7,EEG T3,True,5.8625252117859405,2.154498273809408,0.14653207424291761,0.4791627189778534,2.7442227374100474,0.9280093195685873,0.28248288970745283,0.2796397748040949,0.43787733548845226
interictal_098,interictal,2460,2466,,8,EEG T5,True,6.1253197866118345,2.1727876585259285,0.13643764246173884,0.49883039609635654,2.5289601523982506,0.9104334268841733,0.2665427821612982,0.15491766420293365,0.5785395536357681
interictal_098,interictal,2460,2466,,9,EEG Fc1,True,3.7788951694465016,1.1086149465752853,0.11983067404754151,0.378853752569092,3.378103624559779,0.9064188516592947,0.2337317063064491,0.09963624313032007,0.6666320505632308
interictal_098,interictal,2460,2466,,10,EEG Fc5,True,5.690347042495192,2.35642372779616,0.15597525236079454,0.5710135636980672,2.491000552406992,0.95475870442571,0.22017773428801474,0.22905179291886332,0.550770472793122
interictal_098,interictal,2460,2466,,11,EEG Cp1,True,3.5427854252298983,1.0942866474198059,0.11592315206773038,0.39394181311192633,3.5212750165231212,0.916403132632316,0.25287865002771476,0.23896413796095178,0.5081572120113335
interictal_098,interictal,2460,2466,,12,EEG Cp5,True,4.280867177613544,1.2625682160420733,0.10941061543471182,0.3766861590889603,3.5262487709196217,0.9316356052787143,0.15870363488241465,0.18409785586106006,0.6571985092565253
interictal_098,interictal,2460,2466,,13,EEG F9,True,8.764456330585817,3.079554417779594,0.14197329859980462,0.4347758623484846,2.979367967089634,0.8885448558562649,0.4091425061712291,0.28578496971957745,0.30507252410919344
interictal_098,interictal,2460,2466,,14,EEG Fz,True,8.341279051154206,1.3718197312519613,0.07912732009117551,0.20954773214526898,6.042977536160635,0.7977308002425356,0.6306706569030078,0.08679853975191255,0.2825308033450795
interictal_098,interictal,2460,2466,,15,EEG Cz,True,4.059643154500428,1.4245894237215828,0.14555519374796483,0.4429106013030701,2.849952317406301,0.9040725039195401,0.21682977478336948,0.11383083008234987,0.6693393951342806
interictal_098,interictal,2460,2466,,16,EEG Pz,True,4.230378394457698,1.1007773928373543,0.08954737870400521,0.33365098125942044,4.0987415211058025,0.9079511614806839,0.2685299503146908,0.3069166109867616,0.4245534386985478
interictal_098,interictal,2460,2466,,17,EEG Fp2,True,27.888093454069104,3.4543432040492763,0.07587105177466623,0.15994025062812375,6.927357575661203,0.6361674565400378,0.8328370285683142,0.059070049313241065,0.10809292211844482
interictal_098,interictal,2460,2466,,18,EEG F4,True,12.07055788411208,4.253680776542116,0.15597525236079454,0.46777661151326777,2.430944878959639,0.9050236560129143,0.35463302483862513,0.07976831133029463,0.5655986638310803
interictal_098,interictal,2460,2466,,19,EEG C4,True,7.913960115349493,2.0301596764486436,0.09768804949527841,0.3255039448983923,3.8338489571295735,0.9119919856802869,0.4303317649456166,0.16275637499163434,0.40691186006274904
interictal_098,interictal,2460,2466,,20,EEG P4,True,4.519537412601595,1.4264085420187806,0.13774014978834256,0.40606317202116465,3.2789071334336337,0.9362936184980934,0.16494618144286716,0.237918518554216,0.5971353000029169
interictal_098,interictal,2460,2466,,21,EEG O2,True,6.973018543546715,1.9695534276232265,0.10908498860306089,0.3631621692853072,3.8177507860373563,0.9141739021598957,0.2586414090057867,0.1982261464620165,0.5431324445321967
interictal_098,interictal,2460,2466,,22,EEG F8,True,18.013076917244014,3.2466992967105885,0.07977857375447737,0.2298981750544086,5.171610844636217,0.7209533596972341,0.7416218401327836,0.06372355945252695,0.19465460041468946
interictal_098,interictal,2460,2466,,23,EEG T4,True,10.069003169298496,3.8342587147937492,0.15597525236079454,0.5087822629794944,2.2089756631321587,0.9414854714711559,0.22001384173999927,0.09801510295458979,0.6819710553054109
interictal_098,interictal,2460,2466,,24,EEG T6,True,8.117918657359098,3.096943982706562,0.13806577661999347,0.5085113328427209,2.4604649114375614,0.9184275579232805,0.2492315572659294,0.251114276804543,0.4996541659295275
interictal_098,interictal,2460,2466,,25,EEG Fc2,True,11.045614061518762,2.7198149760663552,0.08368609573428851,0.3211253724487031,3.6716967062526775,0.8887415168936591,0.41300436767762616,0.11204380382798623,0.4749518284943876
interictal_098,interictal,2460,2466,,26,EEG Fc6,True,8.148890276712134,3.662626896020908,0.19635297948550962,0.6087989724327819,1.955975557165992,0.918378952835914,0.35947030322606915,0.08691904095122474,0.5536106558227062
interictal_098,interictal,2460,2466,,27,EEG Cp2,True,3.634918172700583,1.0383587371935157,0.10061869098013676,0.3666269108869577,3.7987007125778067,0.9300719312174155,0.22582978080960212,0.3110126964403863,0.4631575227500115
interictal_098,interictal,2460,2466,,28,EEG Cp6,True,6.064589482018335,1.5058896667250208,0.09378052751546727,0.3177099675438189,4.0678612573305,0.9398156632974135,0.262110513311016,0.215280008679999,0.5226094780089849
interictal_098,interictal,2460,2466,,29,EEG F10,True,11.433530666041223,3.8486011467692083,0.15271898404428524,0.4092266684074315,3.1519073228657457,0.8441434418743412,0.5397646245822723,0.14037642746788376,0.319858947949844
interictal_099,interictal,2466,2472,,1,EEG Fp1,True,27.49285306950856,4.201625013013818,0.07684793226961902,0.20328144844235133,5.434388863363745,0.7600743560842698,0.7144991546169936,0.07197026887503213,0.21353057650797413
interictal_099,interictal,2466,2472,,2,EEG F3,True,10.408319369057898,2.730030982763982,0.12699446434386194,0.350031424666339,3.428143309773389,0.9106933870231807,0.35524729419900947,0.13094657736765383,0.5138061284333367
interictal_099,interictal,2466,2472,,3,EEG C3,True,3.2500866869752203,1.2225626602828925,0.15727775968739824,0.4814846055541207,2.828627886003702,0.9166619472422162,0.3169119689443987,0.14060241839900753,0.5424856126565937
interictal_099,interictal,2466,2472,,4,EEG P3,True,4.729228643103895,1.19957386202268,0.10420058612829697,0.32863956133426697,4.024602367484762,0.9294118727222153,0.23674333651266785,0.2201854092196061,0.5430712542677261
interictal_099,interictal,2466,2472,,5,EEG O1,True,8.378158381661693,2.055388991726421,0.08987300553565614,0.3082703701753323,4.2612269061177654,0.907178853155878,0.31622864799141853,0.24002334587903432,0.4437480061295472
interictal_099,interictal,2466,2472,,6,EEG F7,True,11.5133630846988,2.2393684723567095,0.10159557147508955,0.2500158712559462,4.758585967891082,0.8387396403434748,0.5385673256642131,0.10184150697066792,0.3595911673651189
interictal_099,interictal,2466,2472,,7,EEG T3,True,5.721015502322443,2.207625384986046,0.1533702377075871,0.5011715041695421,2.637821732100718,0.9439562847139497,0.26283096491832175,0.22199656874072302,0.5151724663409553
interictal_099,interictal,2466,2472,,8,EEG T5,True,7.213984461391914,2.196368992992539,0.12373819602735266,0.4223669785821018,3.015597985503078,0.9423246240239418,0.2956615529098544,0.1885529388778943,0.5157855082122512
interictal_099,interictal,2466,2472,,9,EEG Fc1,True,4.437343687533147,1.1327740857023403,0.09768804949527841,0.3295703934623433,3.86523453657975,0.8564003465760515,0.19646516446849568,0.11462573635217868,0.6889090991793257
interictal_099,interictal,2466,2472,,10,EEG Fc5,True,4.996905124818065,2.423059270236901,0.19798111364376425,0.6571540050048176,2.1731382030937927,0.9512764267360686,0.2423175657333198,0.19058540657197356,0.5670970276947066
interictal_099,interictal,2466,2472,,11,EEG Cp1,True,4.447173585759321,1.0674374747403397,0.0941061543471182,0.3120019716149526,4.418200739554244,0.9350926490019655,0.27268903026454616,0.21649713063788947,0.5108138390975644
interictal_099,interictal,2466,2472,,12,EEG Cp5,True,11.311862113870173,1.2899111522901796,0.0429827417779225,0.14533936532562866,9.145647960449045,0.9279764620270394,0.3064307902701215,0.14126982126144677,0.5522993884684317
interictal_099,interictal,2466,2472,,13,EEG F9,True,8.075054855901714,3.1530720199961384,0.14457831325301204,0.4792591036346103,2.6833038618277034,0.9008456042282454,0.36797330313314913,0.26255780219515523,0.3694688946716955
interictal_099,interictal,2466,2472,,14,EEG Fz,True,9.216240983923266,1.3536267304009981,0.08726799088244871,0.1882195736077316,6.719512448130025,0.8417617009703143,0.5589283098929985,0.12676877371594883,0.31430291639105273
interictal_099,interictal,2466,2472,,15,EEG Cz,True,4.549488525599786,1.311486924582054,0.10582872028655162,0.3695623990476423,3.4946063588395164,0.8850801715855133,0.20460698138808212,0.10372323670940031,0.6916697819025176
interictal_099,interictal,2466,2472,,16,EEG Pz,True,3.5399457983372256,1.0886185233916141,0.1276457180071638,0.4017389888803198,3.3538497548132096,0.9413053172377885,0.2658159014387865,0.2121600556226359,0.5220240429385776
interictal_099,interictal,2466,2472,,17,EEG Fp2,True,26.452693020732454,3.488039559963476,0.07945294692282644,0.17205462658345586,6.403329307914657,0.7638579054860657,0.7366885377149661,0.09366377564644562,0.16964768663858826
interictal_099,interictal,2466,2472,,18,EEG F4,True,12.152305798553613,4.243653563915803,0.14262455226310647,0.4651174381246834,2.4987754527219623,0.9505354544976917,0.1587010027284473,0.1273065974555173,0.7139923998160355
interictal_099,interictal,2466,2472,,19,EEG C4,True,4.414380326871913,1.9281078078352667,0.17062845978508628,0.5591349010963504,2.2581388682895245,0.9380613250341469,0.20499532855333516,0.15260571038322934,0.6423989610634355
interictal_099,interictal,2466,2472,,20,EEG P4,True,3.997257123636466,1.415163219475241,0.12862259850211658,0.45929312578279297,2.904326774606174,0.9507988097150624,0.20111535927625676,0.1345466925638112,0.6643379481599321
interictal_099,interictal,2466,2472,,21,EEG O2,True,7.002553537191856,1.9141863867830753,0.10289807880169326,0.3518687993589373,3.939788541247112,0.9079956653062398,0.3446029127711151,0.1686292569168547,0.4867678303120301
interictal_099,interictal,2466,2472,,22,EEG F8,True,15.934101168525801,3.083734681721571,0.08140670791273201,0.24933322495098495,4.801284073521635,0.8427088865997967,0.5933025276390761,0.09712208275258484,0.309575389608339
interictal_099,interictal,2466,2472,,23,EEG T4,True,8.608299617326452,3.8306596804088917,0.18332790621947248,0.6032927679088684,1.8766319899507846,0.9139895140698446,0.0794187486189155,0.08449930005355004,0.8360819513275345
interictal_099,interictal,2466,2472,,24,EEG T6,True,7.657998275955141,3.016441268053044,0.14913708889612504,0.5269971330543762,2.3629570569553717,0.9208556395005272,0.18833779878399645,0.22647483890063558,0.585187362315368
interictal_099,interictal,2466,2472,,25,EEG Fc2,True,11.718801807438208,2.6383852956983453,0.085965483555845,0.2911430974570583,4.060600016640051,0.9161616744798214,0.21886699400881204,0.12227436482681964,0.6588586411643683
interictal_099,interictal,2466,2472,,26,EEG Fc6,True,7.326547518125085,3.5833109004914148,0.17714099641810485,0.6583076921839314,1.8133905836258393,0.9436943963023143,0.1246719126198735,0.12503427971290043,0.7502938076672262
interictal_099,interictal,2466,2472,,27,EEG Cp2,True,4.407865893858766,1.0070599101607585,0.09703679583197655,0.2988367453481613,4.6340371600216566,0.9326208506565427,0.33131265857071507,0.16552411130066094,0.503163230128624
interictal_099,interictal,2466,2472,,28,EEG Cp6,True,4.529115224949533,1.4842207560934213,0.11657440573103224,0.4204269455840889,3.1012288306362756,0.9561391341823708,0.14581480423083235,0.18901946937728442,0.6651657263918833
interictal_099,interictal,2466,2472,,29,EEG F10,True,9.34519298230647,3.7359509615459188,0.15141647671768155,0.4886357234209958,2.6619827095332957,0.8389693800374993,0.5191730396444457,0.13051343352225783,0.3503135268332964
interictal_100,interictal,2472,2478,,1,EEG Fp1,True,35.01770225269755,4.795701046752781,0.10582872028655162,0.18292471628474208,6.090208617621381,0.789684234981988,0.6545641192502393,0.11061180452909017,0.23482407622067056
interictal_100,interictal,2472,2478,,2,EEG F3,True,12.832699071236732,3.2711230760809604,0.1230869423640508,0.3485045771148968,3.378225364777562,0.9169046136744701,0.32075409652727144,0.10512379674552384,0.5741221067272049
interictal_100,interictal,2472,2478,,3,EEG C3,True,4.77311134403966,1.211329828019289,0.09182676652556171,0.3265802019699695,4.173042736252618,0.9126775373185121,0.3533372076008164,0.12582967139657428,0.5208331210026093
interictal_100,interictal,2472,2478,,4,EEG P3,True,6.376896451125673,1.228120889145194,0.06610224682513839,0.24977015602521296,5.364874618571724,0.9118159701395405,0.31156264144852747,0.2648999115569931,0.42353744699447954
interictal_100,interictal,2472,2478,,5,EEG O1,True,9.136791894015806,2.0475739160903377,0.08954737870400521,0.2869275604294584,4.636397793941201,0.8713796498722644,0.47891286901084185,0.165330076045003,0.3557570549441551
interictal_100,interictal,2472,2478,,6,EEG F7,True,12.9131580482664,2.2498789393004537,0.07098664929990231,0.22620261896593793,5.178917906881285,0.8713464531937974,0.4594527363846493,0.22616556078238376,0.3143817028329669
interictal_100,interictal,2472,2478,,7,EEG T3,True,7.342272272958917,2.0989778630519376,0.13774014978834256,0.38832804333604715,3.381142254631399,0.8876788917378029,0.3928230950124478,0.21630838927019969,0.39086851571735265
interictal_100,interictal,2472,2478,,8,EEG T5,True,8.215287661883444,2.0044626894295545,0.11950504721589059,0.3402843730352468,3.8065531752250217,0.8880288672751566,0.44399421670942657,0.14045018749354024,0.41555559579703316
interictal_100,interictal,2472,2478,,9,EEG Fc1,True,8.517617743504053,1.1680596850099603,0.02963204168023445,0.17509976430464017,7.527595591150011,0.8703525668626048,0.48592627742727906,0.11269563354718642,0.40137808902553446
interictal_100,interictal,2472,2478,,10,EEG Fc5,True,5.771430184010187,2.395868336428546,0.16346466948876587,0.5643231877150102,2.513073349845797,0.9002696638280421,0.2662938500298664,0.20184326528804053,0.5318628846820931
interictal_100,interictal,2472,2478,,11,EEG Cp1,True,5.516468663441225,1.0830258712921597,0.09117551286225985,0.256520427768271,5.345721957063734,0.9300902767602064,0.28894384644606647,0.26620469172896716,0.4448514618249663
interictal_100,interictal,2472,2478,,12,EEG Cp5,True,5.145956800154858,1.2379600221668623,0.10647997394985347,0.31235191231600445,4.375401060012963,0.8860213855118694,0.4186656569800658,0.14670745387454037,0.434626889145394
interictal_100,interictal,2472,2478,,13,EEG F9,True,12.565561885801367,2.5827695482592357,0.14164767176815368,0.2646767649835923,4.8806832829436555,0.829819236366215,0.5047907950502513,0.25324008700069556,0.24196911794905324
interictal_100,interictal,2472,2478,,14,EEG Fz,True,13.206871906198632,1.4138323795295291,0.04656463692608271,0.1377260377588162,9.23342630451772,0.759052705191285,0.711596881255152,0.10275124871480723,0.1856518700300408
interictal_100,interictal,2472,2478,,15,EEG Cz,True,6.115019515710435,1.2763231653184222,0.10126994464343862,0.2713691915806909,4.802293681783869,0.9300498828814356,0.3806000722810462,0.2034348342097467,0.415965093509207
interictal_100,interictal,2472,2478,,16,EEG Pz,True,5.585582288669649,1.0879624918205306,0.06805600781504396,0.254541690717846,5.35905052453824,0.9299088957727186,0.3436608637604964,0.25545727345102137,0.4008818627884823
interictal_100,interictal,2472,2478,,17,EEG Fp2,True,39.828089176456416,4.072004606967263,0.08368609573428851,0.14670315709774692,7.350563033357187,0.7519328983622083,0.7029085710843619,0.08105263063548716,0.2160387982801508
interictal_100,interictal,2472,2478,,18,EEG F4,True,15.584956586222427,4.608010514155382,0.14425268642136113,0.4155935556583405,2.6712038088483316,0.9216781702872812,0.2296272872595228,0.07646211472648484,0.6939105980139925
interictal_100,interictal,2472,2478,,19,EEG C4,True,12.079344650909585,1.9131700795215139,0.08433734939759036,0.20645329144694038,6.153634256200169,0.9239581673885038,0.34389532505343007,0.19309728866856127,0.46300738627800864
interictal_100,interictal,2472,2478,,20,EEG P4,True,5.473833166249147,1.3856302340961277,0.10354933246499512,0.32653668615578146,4.154629682644715,0.9093080728301702,0.2892248271330031,0.17547693879602486,0.5352982340709721
interictal_100,interictal,2472,2478,,21,EEG O2,True,9.187631737798137,1.9198092118213017,0.07326603712145881,0.26811734219680566,5.229745742914447,0.9203534960504307,0.2869625770839935,0.18256788135258134,0.5304695415634252
interictal_100,interictal,2472,2478,,22,EEG F8,True,23.946127332191217,3.1354523241013834,0.06284597850862911,0.17395545402833612,6.793020086823477,0.7439577903844765,0.6461964204388162,0.0689446021190029,0.284858977442181
interictal_100,interictal,2472,2478,,23,EEG T4,True,9.619609307514304,4.10064800480051,0.17095408661673722,0.5821639203704858,1.9579969051857566,0.9263254262531883,0.21786885552776322,0.10441222883024522,0.6777189156419916
interictal_100,interictal,2472,2478,,24,EEG T6,True,9.427617891856581,2.844341270284658,0.12373819602735266,0.4033147452807618,3.1332249461091357,0.9026081040322577,0.2692615327961863,0.13961407656314087,0.5911243906406729
interictal_100,interictal,2472,2478,,25,EEG Fc2,True,43.28034910198936,2.3953858493247013,0.0162813415825464,0.07222384466054263,16.30748258559506,0.7593588197983547,0.6735351557859323,0.10278143802596333,0.22368340618810437
interictal_100,interictal,2472,2478,,26,EEG Fc6,True,10.80759981168707,3.5825491204524624,0.14001953760989905,0.44602009718102514,2.6836036413564326,0.891277086578352,0.3104060594461748,0.09288100053235027,0.5967129400214749
interictal_100,interictal,2472,2478,,27,EEG Cp2,True,4.262728120399336,1.0497820546165497,0.10289807880169326,0.3215932205533683,4.306918837776184,0.9398710729048889,0.2938958020225623,0.2592726863453626,0.44683151163207496
interictal_100,interictal,2472,2478,,28,EEG Cp6,True,5.322743650434866,1.4820261640290517,0.10680560078150439,0.35620140770016223,3.661797463387756,0.852699051837269,0.4123734882793617,0.1553195608449913,0.432306950875647
interictal_100,interictal,2472,2478,,29,EEG F10,True,10.421036639220222,3.107010539762612,0.11429501790947574,0.38131402802330805,3.445979065159604,0.8452251216783593,0.5694712189768328,0.16142148981413354,0.26910729120903365
interictal_101,interictal,2478,2484,,1,EEG Fp1,True,22.63159158046613,3.9295725891115185,0.08759361771409964,0.2274647430737465,4.76732789799591,0.7429178131880066,0.748849124186929,0.06674112000690577,0.18440975580616528
interictal_101,interictal,2478,2484,,2,EEG F3,True,9.257751696911496,2.4783299301263826,0.12145880820579616,0.35371248747372075,3.238899499415185,0.9290535727527778,0.34211071174351476,0.08734363001613911,0.5705456582403461
interictal_101,interictal,2478,2484,,3,EEG C3,True,3.4736668316694534,1.0133184004055171,0.10941061543471182,0.3770217254997197,3.6157172806280617,0.9282499248316919,0.35210434214767106,0.1582480714251466,0.4896475864271823
interictal_101,interictal,2478,2484,,4,EEG P3,True,4.734852055224468,1.142443174866426,0.085965483555845,0.3099006333432395,4.297994584724182,0.9371982459620039,0.26333436031681723,0.19299605179862792,0.5436695878845548
interictal_101,interictal,2478,2484,,5,EEG O1,True,5.95907280856186,1.807029077953516,0.12406382285900358,0.38480497266143876,3.509156065480572,0.9154021892799159,0.3181819950569372,0.16331440411063314,0.5185036008324296
interictal_101,interictal,2478,2484,,6,EEG F7,True,12.461035468601143,1.932440803263828,0.0615434711820254,0.20226135818833416,5.790967415330823,0.8170000660450171,0.6034879344565588,0.09925217790952802,0.29725988763391337
interictal_101,interictal,2478,2484,,7,EEG T3,True,5.210693291138867,1.8996307983426066,0.13415825464018236,0.4866968428502231,2.677569551147206,0.9241885327955862,0.2809917880309487,0.25038261204341394,0.46862559992563735
interictal_101,interictal,2478,2484,,8,EEG T5,True,5.824173512527136,1.9802647834078033,0.13513513513513514,0.489603362936035,2.5515386250516103,0.9245169378782889,0.23315606554353444,0.10042372450745522,0.6664202099490103
interictal_101,interictal,2478,2484,,9,EEG Fc1,True,4.5458249576563565,1.0559533233586864,0.08694236405079779,0.2954186850434987,4.379787324836952,0.8968928894148921,0.3074493706843058,0.12869978081942676,0.5638508484962675
interictal_101,interictal,2478,2484,,10,EEG Fc5,True,5.376829176701622,2.124727842213471,0.18267665255617063,0.5506648927276869,2.583260767955647,0.8747356243256544,0.4005945070606482,0.18298580582236926,0.41641968711698246
interictal_101,interictal,2478,2484,,11,EEG Cp1,True,3.977217291481043,0.9153463576402965,0.09150113969391079,0.29707830666684903,4.663431245262902,0.9267183376153897,0.36848953809232055,0.14602492834108435,0.4854855335665951
interictal_101,interictal,2478,2484,,12,EEG Cp5,True,9.43797893764942,1.190494783749665,0.04493650276782807,0.16166791652578752,8.253926313288249,0.9321824445206347,0.20538506337393053,0.19071359633319598,0.6039013402928735
interictal_101,interictal,2478,2484,,13,EEG F9,True,6.0919359423127055,1.9417745605392531,0.12601758384890915,0.40650917738400355,3.1725144957659475,0.8983392793816248,0.431280383392816,0.1816089612424427,0.38711065536474126
interictal_101,interictal,2478,2484,,14,EEG Fz,True,6.7348190576779015,1.1960489545622701,0.09899055682188213,0.22695173715050052,5.667332846235834,0.8305127398931511,0.6106443031953359,0.1115966310510368,0.2777590657536273
interictal_101,interictal,2478,2484,,15,EEG Cz,True,4.98545373384285,1.076962799045352,0.07749918593292088,0.27589403029316,4.62373940780999,0.9053447390654865,0.1841175396723531,0.10758525697654028,0.7082972033511067
interictal_101,interictal,2478,2484,,16,EEG Pz,True,3.7397053730046914,0.9216624774114076,0.08694236405079779,0.3191854058962817,4.3000400938286685,0.9123443409290619,0.401867619421323,0.15002543920113867,0.44810694137753826
interictal_101,interictal,2478,2484,,17,EEG Fp2,True,21.59017845131256,3.2687988321926875,0.09573428850537284,0.19475813274833167,5.77248754663974,0.706482809486899,0.8099107647168955,0.06665714153433652,0.123432093748768
interictal_101,interictal,2478,2484,,18,EEG F4,True,9.9245727988937,3.8410800228093556,0.15271898404428524,0.5099353266404505,2.3040135688220715,0.9576491906423735,0.22103532637301854,0.18171384376457977,0.5972508298624017
interictal_101,interictal,2478,2484,,19,EEG C4,True,8.553689744991837,1.5724157082801216,0.06838163464669489,0.23419325420066509,5.465012364727165,0.9366937898589139,0.22798347558224338,0.14432089590273067,0.627695628515026
interictal_101,interictal,2478,2484,,20,EEG P4,True,4.805754621376928,1.3367004868164263,0.10192119830674047,0.3624803078284946,3.735250018393377,0.9398337545364134,0.23250156911745906,0.18104392704400216,0.5864545038385388
interictal_101,interictal,2478,2484,,21,EEG O2,True,6.227179902391936,1.9014792634348556,0.10485183979159883,0.3905480647541537,3.6244127715507246,0.9106542482908235,0.3677951373732423,0.19907737201364092,0.43312749061311673
interictal_101,interictal,2478,2484,,22,EEG F8,True,15.37012532329668,2.7804093593413084,0.08140670791273201,0.23370064128716714,5.076318544464637,0.7780296264444625,0.6866953969858569,0.07361275688605996,0.23969184612808314
interictal_101,interictal,2478,2484,,23,EEG T4,True,9.496586287513757,4.185592588176597,0.1777922500814067,0.6098207677643803,1.9059420650131815,0.9459242691466391,0.16933461343224612,0.1307607004078388,0.6999046861599151
interictal_101,interictal,2478,2484,,24,EEG T6,True,7.489747834031746,2.7366692276193874,0.15369586453923803,0.4915441290906449,2.5432860418393255,0.9258898455112097,0.31485523460555764,0.1317818204175866,0.5533629449768557
interictal_101,interictal,2478,2484,,25,EEG Fc2,True,12.488465311330113,1.742621898389209,0.05503093454900684,0.1774219624586908,6.818990131040612,0.909390001687419,0.2757454109637611,0.11799087495169766,0.6062637140845412
interictal_101,interictal,2478,2484,,26,EEG Fc6,True,7.880993992116545,3.402231627660844,0.17714099641810485,0.5841709275947629,2.0477705986905126,0.9391134712416019,0.16825463769282853,0.09618678107033843,0.735558581236833
interictal_101,interictal,2478,2484,,27,EEG Cp2,True,3.674813929882124,0.9292704159884905,0.11690003256268316,0.32675069349010305,4.255438103021013,0.9256627144794644,0.3055497219746932,0.12563158424577345,0.5688186937795334
interictal_101,interictal,2478,2484,,28,EEG Cp6,True,4.926975062424034,1.430064059447265,0.13187886681862585,0.3771469813834288,3.4060304281506766,0.9248437690070589,0.3235181177616681,0.17112614765663287,0.505355734581699
interictal_101,interictal,2478,2484,,29,EEG F10,True,10.815172516654327,2.1436177303684247,0.06642787365678932,0.25449653583042336,5.0925510189087,0.8683207415018563,0.5121489727609406,0.20264521091039803,0.2852058163286614
interictal_102,interictal,2484,2490,,1,EEG Fp1,True,21.589257286127186,3.7224610659539006,0.09899055682188213,0.22989757969167188,4.737386692659318,0.8484511441551477,0.5000850156341394,0.14313534941673225,0.3567796349491283
interictal_102,interictal,2484,2490,,2,EEG F3,True,8.77530828834514,2.313305365390483,0.11299251058287203,0.35155834079719994,3.437702524608522,0.9376136493861351,0.2824737673309236,0.1907195433970435,0.526806689272033
interictal_102,interictal,2484,2490,,3,EEG C3,True,5.74634954458291,0.98277400682784,0.07261478345815696,0.22124212296343784,6.2756040253752,0.8399324926812543,0.5380962752160139,0.1728820373176538,0.28902168746633233
interictal_102,interictal,2484,2490,,4,EEG P3,True,4.782466010680491,1.090160412072785,0.0928036470205145,0.29520341699257646,4.488959707611322,0.9183468791303482,0.3386489371213181,0.1749817745769418,0.48636928830174
interictal_102,interictal,2484,2490,,5,EEG O1,True,7.451956242738984,1.7472579993236845,0.10387495929664604,0.29954360836606386,4.395573038041977,0.9087843217652637,0.3927862651987983,0.2161456769954171,0.3910680578057846
interictal_102,interictal,2484,2490,,6,EEG F7,True,13.522698375187904,1.89846565121332,0.06121784435037447,0.1904105773320599,6.0090221822488505,0.8534092961730205,0.5354942478497355,0.23009662422482577,0.23440912792543886
interictal_102,interictal,2484,2490,,7,EEG T3,True,6.198230974755607,1.8643286942881758,0.13415825464018236,0.4069325217678062,3.262908715406762,0.9081085380346481,0.41995932955553894,0.20528918061239182,0.3747514898320692
interictal_102,interictal,2484,2490,,8,EEG T5,True,5.425262889605208,1.9488586064794389,0.14425268642136113,0.5217628171398077,2.4161507290608073,0.9122666127024228,0.4079831795821603,0.1192692910984049,0.47274752931943476
interictal_102,interictal,2484,2490,,9,EEG Fc1,True,3.9224825736983004,0.9637846829211504,0.09996743731683491,0.3189840806958868,4.174758750662913,0.9087730224249185,0.40102834673073257,0.16908315815329739,0.42988849511596994
interictal_102,interictal,2484,2490,,10,EEG Fc5,True,5.895265172588768,2.1985884856682913,0.1520677303809834,0.5225449401764669,2.7210627233482376,0.923650805800005,0.39770039761056736,0.21931898515702614,0.3829806172324065
interictal_102,interictal,2484,2490,,11,EEG Cp1,True,3.7174268221665345,0.8626761068082726,0.095083034842071,0.30206312520813566,4.638621306993997,0.8721566148815142,0.4725546345517952,0.17772409177641005,0.3497212736717948
interictal_102,interictal,2484,2490,,12,EEG Cp5,True,4.70383426925043,1.1511362530282399,0.09345490068381634,0.31479787577787016,4.246973323250355,0.9048940444254803,0.40695758313110425,0.11915407711176017,0.47388833975713546
interictal_102,interictal,2484,2490,,13,EEG F9,True,8.076328597845755,1.9616634577331382,0.10485183979159883,0.3116877011749385,4.083175770112001,0.8485765665414725,0.5477710781336935,0.22423983349049262,0.22798908837581386
interictal_102,interictal,2484,2490,,14,EEG Fz,True,7.7048955489340205,1.1540500003473997,0.07359166395310973,0.19076672136958506,6.772945605900613,0.8604353286763078,0.5362204240736831,0.1183141766410286,0.3454653992852884
interictal_102,interictal,2484,2490,,15,EEG Cz,True,3.6694376712798404,0.9813007372584743,0.11462064474112667,0.34445518939206526,3.8051659935669355,0.9098886215888775,0.33245785806683986,0.17384606267940667,0.4936960792537535
interictal_102,interictal,2484,2490,,16,EEG Pz,True,4.175665570784558,0.9077542862593381,0.07619667860631717,0.2790092110292834,4.903506174545044,0.8920471048115303,0.4044453456481614,0.20422991694395767,0.39132473740788093
interictal_102,interictal,2484,2490,,17,EEG Fp2,True,22.19689262926389,3.322939551786371,0.08563985672419408,0.19388642696342595,5.779446147912351,0.819017150211821,0.6488495054119622,0.1429044965566239,0.2082459980314138
interictal_102,interictal,2484,2490,,18,EEG F4,True,11.066591021858601,3.7333954052569247,0.15304461087593618,0.44965466714409286,2.570205279010384,0.9442581552093848,0.2650665627091644,0.08103161138125084,0.6539018259095847
interictal_102,interictal,2484,2490,,19,EEG C4,True,5.884691552532527,1.4910114261609464,0.11331813741452296,0.3300672025317556,3.901805548549159,0.93764745765575,0.25756243410367025,0.17398965139891268,0.568447914497417
interictal_102,interictal,2484,2490,,20,EEG P4,True,4.4989986882417075,1.2776498293877627,0.11331813741452296,0.3688911142971323,3.656095394372753,0.9352376998465315,0.2541883250404479,0.18009980400995623,0.5657118709495959
interictal_102,interictal,2484,2490,,21,EEG O2,True,8.00066245327972,1.882344110609449,0.08498860306089222,0.30432720100085525,4.672411442241234,0.8738347548014269,0.44250478857550585,0.19179769469768254,0.36569751672681156
interictal_102,interictal,2484,2490,,22,EEG F8,True,20.101140998790026,2.7443816259143228,0.060240963855421686,0.17820908207757613,6.444121005228133,0.8104620249225007,0.6522303285704952,0.19472092706379077,0.153048744365714
interictal_102,interictal,2484,2490,,23,EEG T4,True,9.59218362972682,4.198270160381402,0.17095408661673722,0.5995204475826292,1.96299265152221,0.9234526239851911,0.15446925000146725,0.13806183516031847,0.7074689148382144
interictal_102,interictal,2484,2490,,24,EEG T6,True,7.706585072321778,2.714454983500304,0.13513513513513514,0.4681000339878993,2.733194483034034,0.9308643549721148,0.30827409473762934,0.17618139246530537,0.5155445127970653
interictal_102,interictal,2484,2490,,25,EEG Fc2,True,16.828047768094976,1.692639591931564,0.03972647346141322,0.1282258987372931,9.396275559112732,0.913158836332957,0.34575439222836124,0.16348742152994367,0.490758186241695
interictal_102,interictal,2484,2490,,26,EEG Fc6,True,8.587473672690587,3.41824862132375,0.17355910126994464,0.549895183488789,2.177887464213637,0.9458418737596903,0.3190758493266806,0.18759937182314382,0.49332477885017556
interictal_102,interictal,2484,2490,,27,EEG Cp2,True,3.699243058356622,0.8872209540503846,0.09540866167372192,0.3094421227908688,4.499810025877536,0.915561316731332,0.3157710939100144,0.20022462382391912,0.48400428226606645
interictal_102,interictal,2484,2490,,28,EEG Cp6,True,4.811502323097467,1.4338808262262683,0.1253663301856073,0.3846565320656511,3.346957529670503,0.9404992867768767,0.24533752316283924,0.2506279311435564,0.5040345456936042
interictal_102,interictal,2484,2490,,29,EEG F10,True,10.578838788718555,2.2398802504643127,0.08042982741777922,0.2651554076656169,4.8011217535481405,0.8709454530833661,0.4719046044643797,0.29231257474720385,0.23578282078841642
interictal_103,interictal,2490,2496,,1,EEG Fp1,True,40.03464913981946,5.7563233708522334,0.04916965157929013,0.20591728770712098,5.578250947294393,0.7065469710073216,0.7752201361318635,0.08474565446027643,0.14003420940786018
interictal_103,interictal,2490,2496,,2,EEG F3,True,19.561731338871706,4.588843385045762,0.10810810810810811,0.3572335800411325,3.4659232311186217,0.868355310148803,0.424107969964114,0.08748978925461919,0.4884022407812668
interictal_103,interictal,2490,2496,,3,EEG C3,True,10.753097233268758,1.7011032859591733,0.07815043959622273,0.22933303337285346,6.129008726256189,0.8825857953870196,0.47791497127713645,0.1755022034442029,0.34658282527866063
interictal_103,interictal,2490,2496,,4,EEG P3,True,11.603903584492167,1.9323734326514814,0.06219472484532725,0.2945326812830389,4.642566212416769,0.918375098607314,0.30515612534264563,0.2719517366852449,0.4228921379721094
interictal_103,interictal,2490,2496,,5,EEG O1,True,27.26345594371425,2.781808397254915,0.03223705633344188,0.14657942592433307,9.017366908833166,0.8607276457924744,0.4972598884098337,0.13613686866615188,0.3666032429240144
interictal_103,interictal,2490,2496,,6,EEG F7,True,43.661594643452155,4.70150135001993,0.0755454249430153,0.16166120205716442,7.958300367585837,0.8596630699604811,0.437137422258978,0.20610648710489818,0.3567560906361238
interictal_103,interictal,2490,2496,,7,EEG T3,True,20.47156436419482,4.050371402702085,0.13871703028329535,0.312023287027542,4.174230835833251,0.9312680870376036,0.27048014236793616,0.18411343252314605,0.5454064251089177
interictal_103,interictal,2490,2496,,8,EEG T5,True,19.302794909999168,4.286972314403869,0.095083034842071,0.4841937589481095,2.38337589779191,0.9247409991101567,0.23299159868108044,0.08766721708953282,0.6793411842293867
interictal_103,interictal,2490,2496,,9,EEG Fc1,True,25.123149746428673,1.614062310547194,0.017583848909150115,0.0913979748750154,15.633389793261237,0.8988448429712531,0.4357700495165598,0.13655105687921643,0.42767889360422373
interictal_103,interictal,2490,2496,,10,EEG Fc5,True,18.101523181633084,3.920129129822871,0.13806577661999347,0.3284074401894234,4.263769949269544,0.9353101264988107,0.26887984665451964,0.19959515186237095,0.5315250014831094
interictal_103,interictal,2490,2496,,11,EEG Cp1,True,9.69802854702465,1.6152603030426493,0.0674047541517421,0.3058522172261616,4.463023362174296,0.9138087674332414,0.29950036723969525,0.280983810158411,0.41951582260189374
interictal_103,interictal,2490,2496,,12,EEG Cp5,True,14.11395116766489,2.215974040601746,0.0615434711820254,0.26107400775725687,4.981762132892824,0.9450300089301475,0.21693346398031488,0.18506935326504703,0.5979971827546381
interictal_103,interictal,2490,2496,,13,EEG F9,True,33.27775587379766,4.134710790720684,0.08336046890263758,0.17536002527244682,7.714734250600922,0.8528399991903213,0.49187940489124005,0.2374894597366972,0.27063113537206296
interictal_103,interictal,2490,2496,,14,EEG Fz,True,14.332934196756133,1.9966848738087726,0.04949527841094106,0.2001162220188747,6.635964385457553,0.7751511050112261,0.7079892720928701,0.10496763921153654,0.18704308869559338
interictal_103,interictal,2490,2496,,15,EEG Cz,True,7.3719842310163335,1.5147008661477455,0.11527189840442853,0.30746614030298447,4.709663789379594,0.901100520638927,0.36367482707115706,0.21581983708851527,0.42050533584032757
interictal_103,interictal,2490,2496,,16,EEG Pz,True,11.82530548491996,1.518581996010115,0.06545099316183653,0.20093709558439937,7.266321148671202,0.8925613822857489,0.3817112819587233,0.22228128562294155,0.3960074324183351
interictal_103,interictal,2490,2496,,17,EEG Fp2,True,49.516804812307214,7.080258145895439,0.03126017583848909,0.2520713299029749,4.608361031267212,0.7763910783078765,0.6450219198326353,0.1195494585333084,0.23542862163405637
interictal_103,interictal,2490,2496,,18,EEG F4,True,27.477472987618793,6.0246510747316036,0.08563985672419408,0.31871187919162625,3.7482450861982204,0.9153618878006702,0.3454704116060785,0.13267612319485847,0.5218534651990632
interictal_103,interictal,2490,2496,,19,EEG C4,True,14.535018373390368,2.3770590097279345,0.05665906870726148,0.23862738987343957,5.692026132523439,0.9164389533957008,0.2939492034096155,0.2737286409293603,0.4323221556610242
interictal_103,interictal,2490,2496,,20,EEG P4,True,12.718850903209663,2.1147182293431213,0.08336046890263758,0.29933407375436494,4.574662613074216,0.9204911704561768,0.1671742911000403,0.23792935725482908,0.5948963516451307
interictal_103,interictal,2490,2496,,21,EEG O2,True,21.383872811855962,2.6674312268065896,0.04623901009443178,0.17549475941494433,7.747494853052845,0.9180114004972739,0.30635298558918844,0.2369781309568059,0.45666888345400564
interictal_103,interictal,2490,2496,,22,EEG F8,True,66.09831207433035,5.1207876207590095,0.03907521979811136,0.10937019079148126,11.92292292097308,0.7177196678343275,0.7265734371200988,0.07769726240212414,0.19572930047777698
interictal_103,interictal,2490,2496,,23,EEG T4,True,20.589179959086376,7.216432385930962,0.1579290133507001,0.5616948157441977,2.271371135042897,0.9406326241123906,0.162837097216385,0.29644770505112333,0.5407151977324915
interictal_103,interictal,2490,2496,,24,EEG T6,True,23.978048958219794,5.272675706127497,0.06870726147834581,0.5030592889790164,2.5390820112437806,0.9340481808755955,0.19411701957217176,0.2584268702264893,0.5474561102013389
interictal_103,interictal,2490,2496,,25,EEG Fc2,True,42.153750097121915,3.265539101203066,0.03516769781830023,0.32684342152494855,4.013726568874637,0.909406789628299,0.38251521516496567,0.22849937175741689,0.38898541307761747
interictal_103,interictal,2490,2496,,26,EEG Fc6,True,23.255009824445676,5.40128616399334,0.1185281667209378,0.3591761979946701,3.779352412753123,0.9141613779955615,0.3235514484229278,0.10990552354574637,0.5665430280313257
interictal_103,interictal,2490,2496,,27,EEG Cp2,True,7.859128103143568,1.5397379001276903,0.08726799088244871,0.3010509127593479,4.8039119004095,0.8920806077403596,0.38205415004400406,0.2064515102946912,0.4114943396613048
interictal_103,interictal,2490,2496,,28,EEG Cp6,True,13.476434576318791,2.705109609080358,0.08661673721914685,0.4288058213683454,2.9944701254395416,0.9289718330359482,0.14405397375499096,0.3123310321805587,0.5436149940644504
interictal_103,interictal,2490,2496,,29,EEG F10,True,30.74997055582301,4.281021110124201,0.09671116900032563,0.19440399785205453,6.886883619171782,0.9215547914086134,0.34765135044912593,0.18139405564174352,0.47095459390913047
interictal_104,interictal,2496,2502,,1,EEG Fp1,True,21.233876639530315,3.9820300332109233,0.13155323998697493,0.25216649530781104,4.4011261083017565,0.7095792042279645,0.7490174568772727,0.0660726431891677,0.18490989993355966
interictal_104,interictal,2496,2502,,2,EEG F3,True,8.148798016676269,2.508027865191997,0.14327580592640835,0.4054147458665534,2.971178380012336,0.8896296815399726,0.4265005386552002,0.07595552491270115,0.4975439364320986
interictal_104,interictal,2496,2502,,3,EEG C3,True,3.4753602797521204,1.0893579050294204,0.1302507326603712,0.40126638858801217,3.3707250839069305,0.9447065809256509,0.26645066110196325,0.1433956097710113,0.5901537291270255
interictal_104,interictal,2496,2502,,4,EEG P3,True,5.120450206633468,1.2262201303602316,0.09671116900032563,0.308295780510267,4.2668963298056575,0.9170641129224677,0.301610675351604,0.10851002101259534,0.5898793036358007
interictal_104,interictal,2496,2502,,5,EEG O1,True,7.350658590339131,1.982246694504169,0.09540866167372192,0.34491336014423857,3.816832207614113,0.8877601927650078,0.4430000768859404,0.12241334805309592,0.43458657506096376
interictal_104,interictal,2496,2502,,6,EEG F7,True,13.133069398575138,2.183188372615903,0.058612829697167045,0.21348860136232056,5.6442602901658745,0.7820850301594158,0.6158656906925849,0.10536525059198523,0.2787690587154299
interictal_104,interictal,2496,2502,,7,EEG T3,True,6.043016612213672,2.2801218719245853,0.15890589384565287,0.4919744955163178,2.629178022515625,0.9459273735555327,0.1724946690958394,0.27569737909698333,0.5518079518071772
interictal_104,interictal,2496,2502,,8,EEG T5,True,7.2338651142081165,3.061652238184929,0.15890589384565287,0.5487791050663133,2.331515943929573,0.9530583586683917,0.2194227045700565,0.19094937455542677,0.5896279208745168
interictal_104,interictal,2496,2502,,9,EEG Fc1,True,4.236773726290858,1.0649339725186933,0.09019863236730706,0.3204352386397348,4.052764010064879,0.9021650291592201,0.2563646753392571,0.06585600551703467,0.6777793191437081
interictal_104,interictal,2496,2502,,10,EEG Fc5,True,6.3962015618625845,2.260459152758101,0.1243894496906545,0.479962042544832,2.9652677699075753,0.9122386414496513,0.32307613234551635,0.20315228268786278,0.47377158496662086
interictal_104,interictal,2496,2502,,11,EEG Cp1,True,3.854186059440867,0.9478498418755178,0.10680560078150439,0.3184223964075636,4.326181887470329,0.9020712581843489,0.40263832506968517,0.11685590188072083,0.48050577304959413
interictal_104,interictal,2496,2502,,12,EEG Cp5,True,4.90899859057066,1.5122874641913837,0.12113318137414524,0.39524739570425077,3.2866776048226556,0.9481312210746184,0.1839838838098936,0.17922154535680995,0.6367945708332964
interictal_104,interictal,2496,2502,,13,EEG F9,True,10.813994240662451,2.569527375306608,0.11071312276131554,0.30114556619539423,4.414363905026805,0.8951246574517097,0.35511564164931875,0.17011231775969077,0.4747720405909906
interictal_104,interictal,2496,2502,,14,EEG Fz,True,6.928421284692485,1.1753206189755399,0.08922175187235429,0.21671302153747696,5.888088816132681,0.8390636048678795,0.5535285109982186,0.11246165663913575,0.3340098323626457
interictal_104,interictal,2496,2502,,15,EEG Cz,True,5.617244695369096,1.1373136005383082,0.06903288830999674,0.2600076438996326,4.795818916353298,0.9289076228068269,0.18099350068897702,0.12459977879461592,0.6944067205164071
interictal_104,interictal,2496,2502,,16,EEG Pz,True,4.323691476375917,0.9711017101725959,0.08270921523933572,0.28980036707198714,4.685421411130008,0.9116255993025483,0.3624713153930522,0.17362524237928584,0.463903442227662
interictal_104,interictal,2496,2502,,17,EEG Fp2,True,22.321991717155395,3.141589198713189,0.10257245197004233,0.18074012296144273,6.490022512540325,0.6882107505929872,0.7756934288018253,0.07378744822261973,0.150519122975555
interictal_104,interictal,2496,2502,,18,EEG F4,True,10.18643850301698,3.855528166712576,0.16346466948876587,0.49889614879240035,2.399451651511315,0.9417883145355107,0.25010947691356195,0.07987153511627786,0.6700189879701601
interictal_104,interictal,2496,2502,,19,EEG C4,True,4.462626094811618,1.517005549409509,0.14946271572777597,0.4355063534311416,2.9620065759111185,0.947649598686446,0.21028135943895296,0.1779304211022414,0.6117882194588056
interictal_104,interictal,2496,2502,,20,EEG P4,True,4.1809108409049935,1.252866825299607,0.11006186909801367,0.3863872543403549,3.386056461239719,0.9409065211268509,0.18725969070410062,0.20924933122992073,0.6034909780659785
interictal_104,interictal,2496,2502,,21,EEG O2,True,6.097185643944228,1.5277085602824794,0.11950504721589059,0.3219008871575429,4.063115238313644,0.9245929960844104,0.3724942767224517,0.20874727500124188,0.4187584482763064
interictal_104,interictal,2496,2502,,22,EEG F8,True,15.693469721151084,2.7676133319436604,0.095083034842071,0.22481317541133403,5.321772625127095,0.7869684181461238,0.6280755619683388,0.07504929814782715,0.296875139883834
interictal_104,interictal,2496,2502,,23,EEG T4,True,8.913036950758384,3.9431035607565117,0.18039726473461412,0.5850980754401236,1.906579505568591,0.9239660217363826,0.16497338999183497,0.07509045686365544,0.7599361531445096
interictal_104,interictal,2496,2502,,24,EEG T6,True,8.373771300454623,2.795790832949761,0.1302507326603712,0.49598855202233216,2.3457467215561336,0.9424760071419632,0.22383885664984043,0.2376622388160441,0.5384989045341154
interictal_104,interictal,2496,2502,,25,EEG Fc2,True,5.615423577736878,1.8090177111707935,0.11885379355258874,0.41012961929548686,2.930393017360333,0.9248453705851989,0.21585040939167682,0.138445481119516,0.6457041094888072
interictal_104,interictal,2496,2502,,26,EEG Fc6,True,7.384567503904844,3.450662931759111,0.1729078476066428,0.6460015335564969,1.849476790947813,0.9285373989387342,0.27068102993406185,0.10429073053962566,0.6250282395263125
interictal_104,interictal,2496,2502,,27,EEG Cp2,True,3.8713472989556914,0.9498271063324656,0.10257245197004233,0.31815146601851924,4.275303168669401,0.9337998885543057,0.2818236199913654,0.19727008482413036,0.5209062951845043
interictal_104,interictal,2496,2502,,28,EEG Cp6,True,5.494431698982427,1.367593373450175,0.11820253988928688,0.3197632642650744,4.005659058087362,0.9332158533818486,0.2874992059517634,0.18187906634137804,0.5306217277068586
interictal_104,interictal,2496,2502,,29,EEG F10,True,8.80635838916182,2.5341011127797115,0.10810810810810811,0.3609993021060504,3.6139826327099622,0.8681009955225144,0.538181522211812,0.11371631813287646,0.34810215965531155
interictal_105,interictal,2502,2508,,1,EEG Fp1,True,27.49311109358982,4.003351032476418,0.10485183979159883,0.19452568428901257,5.649365518452557,0.6498916958577667,0.8010605762045044,0.07809336034344416,0.12084606345205137
interictal_105,interictal,2502,2508,,2,EEG F3,True,8.8235967379483,2.3098328832146486,0.1299251058287203,0.34651728295894646,3.5579249325183513,0.8391886052677139,0.5021207389701533,0.13211174349657878,0.3657675175332679
interictal_105,interictal,2502,2508,,3,EEG C3,True,4.113790675030069,1.030717688965617,0.0882448713774015,0.32736130113326395,4.240671192996094,0.9191437536516899,0.31980169142432496,0.14200733428476894,0.5381909742909061
interictal_105,interictal,2502,2508,,4,EEG P3,True,5.084578665654245,1.227762159317598,0.095083034842071,0.31609832693434564,4.289075529026358,0.8715127332985305,0.4320224846319181,0.17312714562927714,0.3948503697388047
interictal_105,interictal,2502,2508,,5,EEG O1,True,7.976139481195195,1.9727363984608277,0.12145880820579616,0.3222292325522491,4.096010600442234,0.8637443088314436,0.4890183574260211,0.1471046936192358,0.36387694895474304
interictal_105,interictal,2502,2508,,6,EEG F7,True,13.541408598424784,2.276618623633321,0.045587756431129924,0.21394880807011385,5.675359608534457,0.8631674541190153,0.525782079329997,0.20273793306340304,0.2714799876065999
interictal_105,interictal,2502,2508,,7,EEG T3,True,7.966991862187189,2.3386819371394054,0.10029306414848584,0.39086923540858476,3.3501672356906615,0.9436497186288001,0.21338969881153966,0.30375012047319017,0.4828601807152702
interictal_105,interictal,2502,2508,,8,EEG T5,True,8.22711840589589,2.9995025035633356,0.14685770107456855,0.4901561536519969,2.5984163566688507,0.9153928916339378,0.30834268208631466,0.17449134667798757,0.5171659712356977
interictal_105,interictal,2502,2508,,9,EEG Fc1,True,4.110244831842145,0.9723621263474133,0.09378052751546727,0.3049547624168274,4.56050903459216,0.8908920244091155,0.42607421946562746,0.1837761813634647,0.3901495991709079
interictal_105,interictal,2502,2508,,10,EEG Fc5,True,6.393292786186546,2.2537918605683824,0.12959947899706936,0.4758615837028999,2.9916749385442696,0.9350424686119391,0.30252828634481915,0.17846612906393244,0.5190055845912483
interictal_105,interictal,2502,2508,,11,EEG Cp1,True,4.163911554541936,0.9230636247047815,0.07749918593292088,0.28949415045577537,4.9393580261937595,0.9193556921017235,0.3611643964107996,0.23421034792180012,0.4046252556674002
interictal_105,interictal,2502,2508,,12,EEG Cp5,True,7.357797000687506,1.488145262627546,0.07228915662650602,0.26520442940929967,4.985183060905638,0.9184393354658069,0.33557934815202295,0.16779285995816035,0.49662779188981665
interictal_105,interictal,2502,2508,,13,EEG F9,True,10.214306594499625,2.704608408764742,0.09182676652556171,0.3373673603911914,3.9203603343684517,0.8236311577029821,0.5285822336739435,0.234304232998178,0.2371135333278784
interictal_105,interictal,2502,2508,,14,EEG Fz,True,9.251129197960607,1.1545040700389169,0.06186909801367633,0.16058753814570734,8.247725930703302,0.7217930193108986,0.7536970582930719,0.1102673632918877,0.13603557841504052
interictal_105,interictal,2502,2508,,15,EEG Cz,True,3.94251521421311,0.9702566305925353,0.09703679583197655,0.3231216249069069,4.324708111837437,0.9067445018385747,0.34459165047747614,0.19513086625351203,0.46027748326901174
interictal_105,interictal,2502,2508,,16,EEG Pz,True,4.454079108879019,0.9414110630606994,0.09671116900032563,0.27557314438397157,5.02705900033591,0.8888676463036073,0.41897559330824874,0.25293370509389956,0.32809070159785175
interictal_105,interictal,2502,2508,,17,EEG Fp2,True,30.385661479871946,3.023347973206497,0.05600781504395962,0.12787333616997446,8.825807896969446,0.6173300648005756,0.847819292274692,0.09416868526545216,0.05801202245985584
interictal_105,interictal,2502,2508,,18,EEG F4,True,12.871342865362644,3.5309219826969183,0.13155323998697493,0.36117127917150693,3.2577189341482495,0.8513274945420397,0.504796735128787,0.11408610346888848,0.38111716140232454
interictal_105,interictal,2502,2508,,19,EEG C4,True,6.0772117828968755,1.4997156313499753,0.07880169325952459,0.3196479287313317,4.03705385722755,0.8934633318645799,0.45968241428427153,0.1586499492314221,0.38166763648430635
interictal_105,interictal,2502,2508,,20,EEG P4,True,4.248493488152152,1.1803196662479412,0.10941061543471182,0.36426633286371346,3.694767921070377,0.9324798988173723,0.33087130971394013,0.17547858436892946,0.4936501059171305
interictal_105,interictal,2502,2508,,21,EEG O2,True,7.106838456063731,1.4156178120600797,0.08368609573428851,0.25921159528273446,5.012464193970006,0.8999169630803195,0.4532518743121677,0.14215850811284048,0.4045896175749919
interictal_105,interictal,2502,2508,,22,EEG F8,True,25.40492358210421,2.7214156352478778,0.025398892868772387,0.14026408092301015,8.446210518394881,0.6530310777960054,0.8447221631444836,0.09059353337032099,0.0646843034851955
interictal_105,interictal,2502,2508,,23,EEG T4,True,8.266351103206823,3.504174448951901,0.17225659394334092,0.5752926047031462,2.007198345605374,0.9380687359656738,0.21406125983104465,0.11288619693115959,0.6730525432377958
interictal_105,interictal,2502,2508,,24,EEG T6,True,7.296592435067186,2.53383282326652,0.13383262780853142,0.5058642074392063,2.351599246483741,0.9266479248455496,0.2739181843208168,0.20248346109403292,0.5235983545851502
interictal_105,interictal,2502,2508,,25,EEG Fc2,True,5.8979747601200305,1.7525256901354431,0.13285574731357863,0.38087727797530424,3.2329751844676804,0.8828416337136552,0.4551509142627962,0.2548846697030471,0.2899644160341566
interictal_105,interictal,2502,2508,,26,EEG Fc6,True,8.451061439207429,3.1853714795901245,0.16313904265711496,0.5266714330102991,2.26649641650923,0.8648062345917863,0.5234047684193692,0.11806883561350451,0.3585263959671263
interictal_105,interictal,2502,2508,,27,EEG Cp2,True,3.424225952157304,0.9144367214060993,0.10647997394985347,0.3520099206683047,4.023147824441422,0.9330202405509842,0.298265815035898,0.2680948442111902,0.4336393407529119
interictal_105,interictal,2502,2508,,28,EEG Cp6,True,10.417021717179844,1.3191601413642124,0.08270921523933572,0.16385945087139245,7.98547179128933,0.902787390784309,0.37081016806145745,0.20099338861331065,0.4281964433252318
interictal_105,interictal,2502,2508,,29,EEG F10,True,8.472103742911868,2.6480300506966006,0.13611201563008793,0.39169308344109394,3.3512379309309273,0.7967267789418833,0.6331138206140438,0.17661239370127915,0.19027378568467715
interictal_106,interictal,2508,2514,,1,EEG Fp1,True,52.37849869798353,6.886605982617926,0.03744708563985672,0.2127048949071412,5.24134165520838,0.8240998331000052,0.5948658386198572,0.09647819090696849,0.30865597047317445
interictal_106,interictal,2508,2514,,2,EEG F3,True,44.73769378753837,5.55048104988426,0.03614457831325301,0.2270223148435602,5.203123656219372,0.9402322472680242,0.156336843026523,0.1676549063494561,0.6760082506240208
interictal_106,interictal,2508,2514,,3,EEG C3,True,11.924489882874497,1.6512495098853524,0.0719635297948551,0.19630508089233925,6.953658519528571,0.8929222798755163,0.46604744301636875,0.20309697505434543,0.3308555819292859
interictal_106,interictal,2508,2514,,4,EEG P3,True,7.557353984645073,1.6565555647401402,0.10257245197004233,0.3148551536676727,4.3324910626505115,0.8665755654361467,0.5013011764694598,0.14017813163609769,0.35852069189444247
interictal_106,interictal,2508,2514,,5,EEG O1,True,30.90476935520816,3.459258819567389,0.0325626831650928,0.2210387465044066,5.230404494658097,0.9320163269074643,0.3024635291822417,0.19121545160660364,0.5063210192111547
interictal_106,interictal,2508,2514,,6,EEG F7,True,77.72836804951332,5.234934918366099,0.019211983067404754,0.10581571352262066,10.959820151408033,0.7978380486597986,0.6139557416448441,0.09321420086675436,0.2928300574884016
interictal_106,interictal,2508,2514,,7,EEG T3,True,26.763149602352232,4.558268879083416,0.07717355910126994,0.26701457099702985,4.91873760245464,0.8771825714773145,0.48981555848446795,0.09661421879564348,0.4135702227198886
interictal_106,interictal,2508,2514,,8,EEG T5,True,13.50706762684438,3.7342550393843132,0.10908498860306089,0.42380600964999177,2.884318623045148,0.9099964867890601,0.2584774228224373,0.1255316435388753,0.6159909336386873
interictal_106,interictal,2508,2514,,9,EEG Fc1,True,15.544000566942698,1.5416658020593594,0.05633344187561055,0.1364124200909498,9.902744178690698,0.9206024972515235,0.3833438533728426,0.2254456542415371,0.3912104923856203
interictal_106,interictal,2508,2514,,10,EEG Fc5,True,30.759380580111195,3.486362612733387,0.043308368609573426,0.1588873986151109,8.870077330432718,0.824280774415706,0.5450754984350863,0.17542715177717674,0.279497349787737
interictal_106,interictal,2508,2514,,11,EEG Cp1,True,5.988837277935891,1.2737698966834554,0.07912732009117551,0.301611938448383,4.659427007719397,0.8622900720374999,0.5048663816296787,0.29770480609542976,0.19742881227489165
interictal_106,interictal,2508,2514,,12,EEG Cp5,True,10.886030388128319,2.0458214205403054,0.05014653207424292,0.26462735983498464,4.998037397198541,0.8585909947333038,0.538558881891274,0.1457123805689453,0.3157287375397807
interictal_106,interictal,2508,2514,,13,EEG F9,True,46.38568449131187,3.983006028599239,0.04363399544122436,0.11539764355879913,11.518051340933924,0.7373743051746776,0.7187465543807521,0.1303420001595865,0.15091144545966154
interictal_106,interictal,2508,2514,,14,EEG Fz,True,14.255904283465222,1.9314275481697691,0.07359166395310973,0.18963895036298142,6.7130336884451784,0.8257238523518774,0.6295846405349101,0.12781983648825065,0.2425955229768392
interictal_106,interictal,2508,2514,,15,EEG Cz,True,5.115855146512719,1.2833457343473151,0.11201563008791925,0.34907425609671117,4.068743801579226,0.917816464639721,0.378880316340226,0.1786873128098617,0.4424323708499123
interictal_106,interictal,2508,2514,,16,EEG Pz,True,6.489372300690949,1.171135301276237,0.0778248127645718,0.24669645647963084,5.94258168514431,0.8489578330377063,0.5688541017607124,0.14351399156279487,0.28763190667649274
interictal_106,interictal,2508,2514,,17,EEG Fp2,True,50.92358428560665,6.225254778281936,0.05307717355910127,0.20743066430626275,5.692968497658478,0.7771210829017139,0.6808423772028095,0.08676802605678025,0.23238959674041038
interictal_106,interictal,2508,2514,,18,EEG F4,True,31.949949326309344,5.130096107048524,0.07163790296320417,0.2193119445860469,5.389925318525078,0.9274628251834686,0.30103522443861386,0.1554536707308508,0.5435111048305352
interictal_106,interictal,2508,2514,,19,EEG C4,True,13.03022014382595,1.897925840540278,0.06805600781504396,0.19534701135724966,6.93454295192898,0.8782137286491711,0.4290677147157781,0.23935875769132903,0.33157352759289294
interictal_106,interictal,2508,2514,,20,EEG P4,True,7.334775205639164,1.676989076395087,0.08498860306089222,0.31392954688835856,4.473596779290428,0.8587759359251673,0.46857428130481066,0.14774012814183285,0.38368559055335655
interictal_106,interictal,2508,2514,,21,EEG O2,True,10.929390223019684,2.227335944163103,0.08140670791273201,0.29792775768100216,4.570268319141092,0.8669833448131804,0.5205841708691931,0.1485846620702216,0.3308311670605854
interictal_106,interictal,2508,2514,,22,EEG F8,True,94.00294979046879,4.715102468030917,0.03744708563985672,0.06853387328199784,18.599573387585824,0.672086230672925,0.8336250740717139,0.08231704651989273,0.08405787940839332
interictal_106,interictal,2508,2514,,23,EEG T4,True,31.3421310019103,6.048170739209067,0.08922175187235429,0.3040598796183682,4.187065871164579,0.9115351858234444,0.34332500412244676,0.13657587017926776,0.5200991256982854
interictal_106,interictal,2508,2514,,24,EEG T6,True,14.2693200427802,4.386672816334311,0.11234125691957017,0.43480054358637765,2.9987964707953103,0.9354986104731814,0.28207245015770804,0.18731481406063982,0.5306127357816521
interictal_106,interictal,2508,2514,,25,EEG Fc2,True,14.364359557586088,2.0569212987657797,0.08661673721914685,0.18691473175415463,6.833952213683175,0.9142053964002984,0.36126484756430555,0.22032483981614776,0.4184103126195467
interictal_106,interictal,2508,2514,,26,EEG Fc6,True,30.913402057174306,4.518290163234232,0.07619667860631717,0.20576749764074964,6.190422686975847,0.8278954719415021,0.566090805465272,0.13103675593113867,0.3028724386035892
interictal_106,interictal,2508,2514,,27,EEG Cp2,True,4.693118249599606,1.2327026179880525,0.11559752523607945,0.38191305847060747,3.8258109777988065,0.8910493853517854,0.4520908759314866,0.17935568732111162,0.3685534367474018
interictal_106,interictal,2508,2514,,28,EEG Cp6,True,13.103488571104732,2.244790191407665,0.06545099316183653,0.234689455591772,5.780051585654546,0.8516951418217261,0.511979370902878,0.1706694612820936,0.31735116781502837
interictal_106,interictal,2508,2514,,29,EEG F10,True,53.14297345422914,4.359383238401875,0.02311950504721589,0.11043299777140811,11.824330089215755,0.7755948468379242,0.7024314516203576,0.09882045885594506,0.19874808952369735
interictal_107,interictal,2514,2520,,1,EEG Fp1,True,71.95109716936038,6.56700104874393,0.015304461087593618,0.13221729949796587,8.534150145695884,0.6903006835130722,0.757513691930622,0.08027020891739743,0.1622160991519805
interictal_107,interictal,2514,2520,,2,EEG F3,True,36.117838668941836,5.23256277313518,0.04786714425268642,0.21020385990553686,5.78828343084035,0.8752810857192775,0.4311390396217374,0.15716751809776713,0.4116934422804955
interictal_107,interictal,2514,2520,,3,EEG C3,True,14.11738515901524,1.8684492497413547,0.060240963855421686,0.18252171702475534,7.664587540784843,0.8954257909329454,0.3871020635823208,0.24449703082903107,0.3684009055886482
interictal_107,interictal,2514,2520,,4,EEG P3,True,12.581388758937907,2.3722089631113583,0.05275154672745034,0.2550082546144608,5.37319453345853,0.9144800773779268,0.374451081919353,0.18574767180112176,0.4398012462795252
interictal_107,interictal,2514,2520,,5,EEG O1,True,35.1214333774688,3.8363265412218994,0.027352653858677956,0.16608292809703107,7.4459823031672725,0.8492169144073328,0.546797648911977,0.17671367118654785,0.27648867990147513
interictal_107,interictal,2514,2520,,6,EEG F7,True,91.77465862239109,5.363942809350766,0.015304461087593618,0.0765318371200934,16.059013104223975,0.7164522730159564,0.7321749411237448,0.09015397996490436,0.17767107891135084
interictal_107,interictal,2514,2520,,7,EEG T3,True,34.38165929274102,6.81958144598387,0.06349723217193097,0.29198439100638296,4.44477151375881,0.9289779021758989,0.3126895846173193,0.13667141024483745,0.5506390051378434
interictal_107,interictal,2514,2520,,8,EEG T5,True,18.402008077843135,6.890229839528526,0.14099641810485183,0.5262959855119983,2.2635204207873016,0.9450669409135632,0.2060385547253969,0.15460463101333022,0.6393568142612729
interictal_107,interictal,2514,2520,,9,EEG Fc1,True,11.89971063990931,1.8085316032105005,0.04656463692608271,0.2029241526129425,6.958715999853983,0.8684916915745473,0.5011630645391701,0.11873092708276406,0.38010600837806585
interictal_107,interictal,2514,2520,,10,EEG Fc5,True,44.09437594196998,4.110358875647583,0.0348420709866493,0.12283327441284055,11.39103716808906,0.8576864661011613,0.5227782180686749,0.15460283336663797,0.3226189485646872
interictal_107,interictal,2514,2520,,11,EEG Cp1,True,7.838520553816027,1.5846211474063845,0.09703679583197655,0.28041412101193797,5.102680946586237,0.9002092393525675,0.33988316663494733,0.3493441850580972,0.3107726483069554
interictal_107,interictal,2514,2520,,12,EEG Cp5,True,17.70464075943304,3.1650732819244665,0.052425919895799415,0.24261156260140965,5.178928479415709,0.9307481790681665,0.33744297652222177,0.2248665270190909,0.43769049645868735
interictal_107,interictal,2514,2520,,13,EEG F9,True,46.530338180902866,4.912365271595331,0.03614457831325301,0.13684689257070623,9.843857716678077,0.8534171552394194,0.5531240329351782,0.14807918731359765,0.29879677975122415
interictal_107,interictal,2514,2520,,14,EEG Fz,True,18.936335617499072,2.535003424064164,0.06935851514164768,0.18445164439114564,6.932268013576961,0.7395891328214248,0.7177672434527108,0.11353327148603859,0.16869948506125063
interictal_107,interictal,2514,2520,,15,EEG Cz,True,7.0364355725899115,1.6641429856338092,0.10322370563334418,0.3374962823413426,4.188043083516119,0.8630953266971158,0.5707066954458718,0.07566346240179578,0.3536298421523325
interictal_107,interictal,2514,2520,,16,EEG Pz,True,6.882154235019839,1.4556827039320717,0.08694236405079779,0.2887104932605775,5.1738384474841945,0.9002768014719565,0.3380549215296386,0.31755369574473125,0.3443913827256301
interictal_107,interictal,2514,2520,,17,EEG Fp2,True,45.94967753864746,8.863325281999861,0.07521979811136438,0.35581686388204925,3.349643331699791,0.7773980675922697,0.607502410941889,0.138676891565585,0.2538206974925261
interictal_107,interictal,2514,2520,,18,EEG F4,True,60.92025122615811,8.151343386346579,0.035493324649951155,0.25193214000843994,4.600855451204441,0.8872716358703256,0.11127752267444253,0.15341980041600659,0.7353026769095508
interictal_107,interictal,2514,2520,,19,EEG C4,True,22.8066071335436,2.616454109872003,0.051123412569195704,0.15887215690604947,8.514849924607013,0.9492840877372785,0.23054987084310555,0.19979091259091505,0.5696592165659794
interictal_107,interictal,2514,2520,,20,EEG P4,True,8.524963782245312,2.1684461778504756,0.09084988603060892,0.3485594818430888,4.001057764502479,0.9311338614425102,0.29400907711166774,0.2032681152218211,0.5027228076665111
interictal_107,interictal,2514,2520,,21,EEG O2,True,12.238166300455097,3.038455395092121,0.11950504721589059,0.3523289837403299,3.8033193730175023,0.9232940885513972,0.22510763119290128,0.2287796549875753,0.5461127138195234
interictal_107,interictal,2514,2520,,22,EEG F8,True,104.10638018743256,7.194322969684172,0.015955714750895474,0.09892606884948078,12.625997471944842,0.8178056380267328,0.5705144531351244,0.1955425589934923,0.2339429878713834
interictal_107,interictal,2514,2520,,23,EEG T4,True,46.44737141202581,10.762191019171341,0.08368609573428851,0.34978839707691395,3.768211092056935,0.9310897993410163,0.2233312482258244,0.14982850983624113,0.6268402419379344
interictal_107,interictal,2514,2520,,24,EEG T6,True,21.94334611495505,5.5862592046020865,0.08498860306089222,0.33780026408130537,3.80206640658519,0.9430433692093333,0.21697871857906773,0.15100830797379683,0.6320129734471356
interictal_107,interictal,2514,2520,,25,EEG Fc2,True,10.106713031049596,2.500725174168119,0.08954737870400521,0.3448483507350303,3.7256376175679087,0.8883038433576099,0.4485828490346925,0.23207835810939947,0.31933879285590805
interictal_107,interictal,2514,2520,,26,EEG Fc6,True,43.39880550503252,6.3408406099907175,0.05047215890589384,0.20600336595171553,6.768659923616461,0.934674640995719,0.30723620139073127,0.15476311136273427,0.5380006872465345
interictal_107,interictal,2514,2520,,27,EEG Cp2,True,7.267517033319263,1.5496314346767424,0.07033539563660046,0.29702566108159856,4.931166591913091,0.8093378424832592,0.6344030303293365,0.09447206336544246,0.27112490630522107
interictal_107,interictal,2514,2520,,28,EEG Cp6,True,21.099133189238387,3.358481104525027,0.04005210029306415,0.21378728592277493,6.327502428799043,0.9239028975043031,0.2906013737177572,0.22255606246897552,0.48684256381326724
interictal_107,interictal,2514,2520,,29,EEG F10,True,72.30382442131688,6.110671801174173,0.0185607294041029,0.11058758214599927,12.041977940107346,0.8011066762185678,0.574377349342969,0.18186449416111003,0.24375815649592103
interictal_108,interictal,2520,2526,,1,EEG Fp1,True,69.43508261196855,8.643835118263976,0.03126017583848909,0.2269148166699029,5.117559265031315,0.7420275066555715,0.6966287028524153,0.06630988066510786,0.23706141648247678
interictal_108,interictal,2520,2526,,2,EEG F3,True,30.85823800841278,6.699040520588008,0.07652230543796809,0.38269290066527717,3.13575489841214,0.9168182758381821,0.26984421290667165,0.08528772037944789,0.6448680667138804
interictal_108,interictal,2520,2526,,3,EEG C3,True,7.1051212367450125,1.4180725497336557,0.06870726147834581,0.27424124201648037,4.948770522269892,0.9350732869585133,0.2569893554515712,0.24299226042346614,0.5000183841249626
interictal_108,interictal,2520,2526,,4,EEG P3,True,7.868186686688269,1.2369720988961797,0.04949527841094106,0.2076799789918349,6.554776455437802,0.8762340676013033,0.34649665539911007,0.22452349732888824,0.4289798472720017
interictal_108,interictal,2520,2526,,5,EEG O1,True,9.94345779237775,1.6963940142556613,0.058938456528817976,0.22153416137815246,5.786549419824043,0.8233210594296925,0.4116680475840388,0.16334097062229466,0.42499098179366657
interictal_108,interictal,2520,2526,,6,EEG F7,True,57.00202243186812,5.131277079923837,0.03972647346141322,0.15037832982190694,7.62237262457309,0.6746370277262462,0.8003227599159994,0.07787982554004025,0.12179741454396034
interictal_108,interictal,2520,2526,,7,EEG T3,True,12.808220284567252,3.7387756823597007,0.11592315206773038,0.45591597892944563,2.829665333110619,0.8853560017168122,0.37551962604127836,0.20713300273573662,0.417347371222985
interictal_108,interictal,2520,2526,,8,EEG T5,True,8.945274152065231,1.9744885045275087,0.08987300553565614,0.2870617671175008,4.408760997152715,0.8204964878105293,0.45518462258810743,0.13882467432496193,0.40599070308693075
interictal_108,interictal,2520,2526,,9,EEG Fc1,True,12.641823499222237,1.4872774642632858,0.048518397915988276,0.16432875361626734,7.755231432196031,0.875770591871416,0.374317962059586,0.14460053302570672,0.48108150491470725
interictal_108,interictal,2520,2526,,10,EEG Fc5,True,22.17861843631494,3.288907685318425,0.06056659068707262,0.2143825434603248,6.60237555225099,0.9030268330695103,0.37739504238331095,0.17211474904165494,0.450490208575034
interictal_108,interictal,2520,2526,,11,EEG Cp1,True,5.967375483119291,1.0809133437237182,0.0696841419732986,0.24444686174192973,5.840621866565715,0.9154019309646378,0.29967954807354286,0.286737123900958,0.4135833280254992
interictal_108,interictal,2520,2526,,12,EEG Cp5,True,6.692583029007805,1.5539857562772814,0.07652230543796809,0.306814849227028,4.3440557079785815,0.8513934186308191,0.38352807467014877,0.17953823964185409,0.43693368568799706
interictal_108,interictal,2520,2526,,13,EEG F9,True,17.95350438202822,2.8840011132473076,0.0592640833604689,0.20596208584038606,6.409920069281826,0.7609592345046273,0.6312872875353632,0.16126557174784856,0.20744714071678821
interictal_108,interictal,2520,2526,,14,EEG Fz,True,17.563450451720186,1.8654076134295594,0.025398892868772387,0.15627038581155756,7.902716107418698,0.7261736861596533,0.6937793994790712,0.12088707145555848,0.18533352906537034
interictal_108,interictal,2520,2526,,15,EEG Cz,True,4.393965294941943,1.163551333723735,0.11592315206773038,0.3567543417315516,3.890481545449847,0.9252312597921994,0.2695028767065064,0.18139266116411681,0.5491044621293768
interictal_108,interictal,2520,2526,,16,EEG Pz,True,5.108045147643741,1.0646145804200666,0.0742429176164116,0.27976041387993345,5.069833653900507,0.8854270647174358,0.3766606620367164,0.33758882393974077,0.2857505140235428
interictal_108,interictal,2520,2526,,17,EEG Fp2,True,49.20764969091197,4.217158141011105,0.025398892868772387,0.1325008163306071,8.48325465470999,0.6307839214675155,0.8317057983819454,0.05987290243113982,0.10842129918691484
interictal_108,interictal,2520,2526,,18,EEG F4,True,16.17661328478318,3.378431243169905,0.0846629762292413,0.2872902991560981,4.177479126538833,0.8225373513250691,0.5050639649555009,0.17325217663636605,0.321683858408133
interictal_108,interictal,2520,2526,,19,EEG C4,True,7.381157769732635,1.5627620938770028,0.07228915662650602,0.2794716142572879,4.831255415495917,0.8861619541550938,0.34637106457164357,0.20837807105401018,0.44525086437434624
interictal_108,interictal,2520,2526,,20,EEG P4,True,5.790116166527934,1.2525696572210396,0.08205796157603387,0.28717006510081544,4.758984770618848,0.9315415674796921,0.2791180279854239,0.21455387402186196,0.506328097992714
interictal_108,interictal,2520,2526,,21,EEG O2,True,7.741795194985681,1.635329173031952,0.07228915662650602,0.2760611043965472,4.886604385547859,0.9177664950821179,0.3391040479594553,0.14502403145982137,0.5158719205807234
interictal_108,interictal,2520,2526,,22,EEG F8,True,30.88342373091785,3.011263725715344,0.03809833930315858,0.12590719683551366,9.852436137900423,0.6156640627524643,0.7959312430863456,0.08255561637299687,0.12151314054065758
interictal_108,interictal,2520,2526,,23,EEG T4,True,11.46863740756782,3.5050391934514056,0.1045262129599479,0.43775985655358485,2.735032317587115,0.9606354541990386,0.19425213709208616,0.15034749501665273,0.6554003678912611
interictal_108,interictal,2520,2526,,24,EEG T6,True,9.694737770822849,2.5961256944164757,0.10289807880169326,0.36016697025715594,3.5752287016621573,0.9245918495800003,0.3402476305663077,0.19815188437688228,0.46160048505680995
interictal_108,interictal,2520,2526,,25,EEG Fc2,True,9.188659599362431,1.7469872838464566,0.06838163464669489,0.24702844261457582,5.100509660066866,0.8434077770250752,0.44094374912570106,0.18571860566380355,0.37333764521049545
interictal_108,interictal,2520,2526,,26,EEG Fc6,True,11.845944850245495,3.1950144308436896,0.09833930315858026,0.40751839337008466,3.171757729577346,0.8521066921451157,0.4471217566366421,0.16830237989408578,0.3845758634692721
interictal_108,interictal,2520,2526,,27,EEG Cp2,True,6.365269328820888,1.0385769898045498,0.05698469553891241,0.21759609348216122,6.642585948746091,0.9103678795757328,0.3849115720176924,0.21725413348387304,0.39783429449843455
interictal_108,interictal,2520,2526,,28,EEG Cp6,True,7.684589764006165,1.4971178595343575,0.07131227613155323,0.2580189339976842,5.2939165059911755,0.9173766861638156,0.29143494819201116,0.26350484633252413,0.44506020547546465
interictal_108,interictal,2520,2526,,29,EEG F10,True,17.201808540675394,2.976429111233875,0.06121784435037447,0.2184374040124013,6.0763949211713495,0.8517657486619962,0.5108199283318906,0.1705426186360139,0.3186374530320956
interictal_109,interictal,2526,2532,,1,EEG Fp1,True,44.36018141678537,6.295184442173724,0.09573428850537284,0.18964916799855344,5.877548953126085,0.7615578367123667,0.7364639181722613,0.07960073589345044,0.18393534593428823
interictal_109,interictal,2526,2532,,2,EEG F3,True,15.856897717643822,5.582319108472005,0.16085965483555845,0.48186446688650336,2.5329478881714924,0.9263692260049033,0.32370342807242075,0.1184975739538643,0.557798997973715
interictal_109,interictal,2526,2532,,3,EEG C3,True,4.230893207929537,1.2463294789512265,0.12145880820579616,0.3829739778899425,3.542076825835425,0.9267372564780064,0.18039378887892046,0.14712646970469234,0.6724797414163871
interictal_109,interictal,2526,2532,,4,EEG P3,True,7.7364623668784605,1.132342965239533,0.07000976880494952,0.18950777542399627,7.104387406130493,0.9201408529587018,0.23290123248488104,0.17270014173925985,0.5943986257758591
interictal_109,interictal,2526,2532,,5,EEG O1,True,8.459063607891991,1.6113926429431227,0.06447411266688376,0.24182116152254793,5.367154972746996,0.8827421398125477,0.48613553191668524,0.20940777363086935,0.30445669445244544
interictal_109,interictal,2526,2532,,6,EEG F7,True,20.13861365127076,3.841046810071021,0.08205796157603387,0.2685749276953156,4.387244341672897,0.8392947656371996,0.5859571664364759,0.15053876544471204,0.2635040681188121
interictal_109,interictal,2526,2532,,7,EEG T3,True,7.73367704618501,3.1666432427660802,0.1566265060240964,0.5701570570036396,2.25618043867144,0.9488342060069158,0.24535042101858207,0.2310084167650685,0.5236411622163495
interictal_109,interictal,2526,2532,,8,EEG T5,True,7.798468660321419,1.591320914082842,0.08140670791273201,0.25973584285746765,5.003724923845636,0.889569418031227,0.40313675427645157,0.11934044043790216,0.4775228052856463
interictal_109,interictal,2526,2532,,9,EEG Fc1,True,5.796151944018871,1.279781168698646,0.07815043959622273,0.2860260511136905,4.502119475048305,0.9329183698855538,0.29879916084519437,0.1035858432683784,0.5976149958864273
interictal_109,interictal,2526,2532,,10,EEG Fc5,True,9.213952300649085,3.012855860337512,0.14229892543145556,0.43760169860902687,3.1927458468533763,0.9034657776692666,0.3347879337948592,0.21672303709676694,0.44848902910837396
interictal_109,interictal,2526,2532,,11,EEG Cp1,True,3.8270862708609936,0.988962318853218,0.09703679583197655,0.3366945054675407,4.19226038986477,0.9277699041421598,0.3032421490189883,0.21113429901711192,0.48562355196389967
interictal_109,interictal,2526,2532,,12,EEG Cp5,True,5.672063628078946,1.2938625700317834,0.09475740801042006,0.2931767262514745,4.588878197895932,0.9309995378450009,0.19385132229534396,0.15512391055841696,0.6510247671462391
interictal_109,interictal,2526,2532,,13,EEG F9,True,11.146211617113769,2.6190557997461177,0.08954737870400521,0.29796937382220995,4.458715788903628,0.8596425695506299,0.460544348800679,0.29115801758918697,0.24829763361013402
interictal_109,interictal,2526,2532,,14,EEG Fz,True,13.22467584163595,1.4446943950151983,0.041028980788016936,0.13992241353723045,8.937161988493461,0.8238785733413373,0.6249020693701427,0.1354561287913851,0.23964180183847225
interictal_109,interictal,2526,2532,,15,EEG Cz,True,7.5091882417836695,1.134192686127903,0.06252035167697818,0.19520409805822417,6.749891578238099,0.934592271231774,0.2910722455846375,0.12619256608950943,0.582735188325853
interictal_109,interictal,2526,2532,,16,EEG Pz,True,4.135643754522681,0.9893327243316753,0.08694236405079779,0.3147139649889112,4.4472251063647095,0.9075228140187389,0.36015247747813417,0.28332400360772214,0.3565235189141437
interictal_109,interictal,2526,2532,,17,EEG Fp2,True,43.211135201737484,3.6829519913005297,0.0325626831650928,0.11202458815543483,9.620678008915702,0.6976826190551185,0.8221566295704275,0.09090168380242693,0.08694168662714567
interictal_109,interictal,2526,2532,,18,EEG F4,True,15.483239233555897,4.050567437340978,0.10745685444480625,0.346413673006438,3.373818591792245,0.9323771231315962,0.3305220398525684,0.13852937024486303,0.5309485899025687
interictal_109,interictal,2526,2532,,19,EEG C4,True,6.82487439190468,1.5770777935168963,0.09996743731683491,0.2985728688845966,4.227465743897526,0.9144757812205871,0.271881845020348,0.1371142106706802,0.5910039443089717
interictal_109,interictal,2526,2532,,20,EEG P4,True,4.930997925151135,1.2956929565636495,0.10420058612829697,0.3445138894309101,3.7639565289547496,0.9254411953589804,0.17534592302398094,0.21254465364112,0.612109423334899
interictal_109,interictal,2526,2532,,21,EEG O2,True,8.611030189239292,1.6422613321476625,0.07098664929990231,0.24427536885510104,5.498923852153592,0.9139426647507939,0.38645873799430946,0.2287558467049447,0.38478541530074595
interictal_109,interictal,2526,2532,,22,EEG F8,True,23.38544353965956,2.9348965859636738,0.06284597850862911,0.16480559805158368,7.318050831719953,0.782197838468368,0.6845442341115577,0.12260376479551481,0.19285200109292752
interictal_109,interictal,2526,2532,,23,EEG T4,True,10.672042892900869,4.105717726261154,0.14685770107456855,0.5395881979937588,2.1315475009415668,0.943337410801902,0.16539666395995448,0.11800789678109326,0.7165954392589523
interictal_109,interictal,2526,2532,,24,EEG T6,True,9.837118665602977,3.046350053442494,0.11690003256268316,0.41231019608973446,3.034825491944362,0.9342264061538555,0.18297847153829258,0.17379708491945112,0.6432244435422563
interictal_109,interictal,2526,2532,,25,EEG Fc2,True,6.062498549283774,1.673184534268647,0.11364376424617388,0.3531957824374648,3.4395183575835655,0.9135873761419858,0.3439190805385212,0.16132327502062738,0.4947576444408514
interictal_109,interictal,2526,2532,,26,EEG Fc6,True,9.746749454369327,3.322082867008146,0.12732009117551285,0.4847654010688429,2.6196403914353357,0.9535483177785747,0.2899164271202495,0.161919205011364,0.5481643678683866
interictal_109,interictal,2526,2532,,27,EEG Cp2,True,3.6799555489536036,0.9783503002046368,0.09833930315858026,0.3472609438282726,4.042299727510725,0.9384033381441559,0.2112666496660774,0.23479457344575116,0.5539387768881714
interictal_109,interictal,2526,2532,,28,EEG Cp6,True,5.948564246705371,1.6638345098512786,0.10257245197004233,0.35859354714551334,3.5457270349234613,0.9321343666433977,0.20147968486924248,0.14630052719062367,0.6522197879401338
interictal_109,interictal,2526,2532,,29,EEG F10,True,14.340331532227168,2.634377250877375,0.058612829697167045,0.23384901347494547,5.5874465139446094,0.8984729975438623,0.42554283995051917,0.16918179692403285,0.4052753631254481
interictal_110,interictal,2532,2538,,1,EEG Fp1,True,51.178522595482306,4.742125709700582,0.05014653207424292,0.12422553242864917,9.101936728979414,0.7278002020425847,0.737488073502428,0.09259957849015198,0.1699123480074202
interictal_110,interictal,2532,2538,,2,EEG F3,True,19.555136852446903,4.150696111939028,0.09605991533702377,0.28872300161962206,4.334335851861896,0.8672318236816886,0.46381562285960837,0.12270078112273834,0.4134835960176532
interictal_110,interictal,2532,2538,,3,EEG C3,True,5.246868705452859,1.0788017410681008,0.08791924454575056,0.2682165003438089,5.094346314991626,0.9172265428003454,0.3564803347289323,0.15283706211183995,0.4906826031592277
interictal_110,interictal,2532,2538,,4,EEG P3,True,7.224795353255282,1.0118397308540594,0.04884402474763921,0.18313226205662206,7.332728016053636,0.9178315029800488,0.3083617113313652,0.1291814227260574,0.5624568659425775
interictal_110,interictal,2532,2538,,5,EEG O1,True,11.218181611364306,1.488299501698738,0.05177466623249756,0.17075844362542075,7.103463167285835,0.9004420117760507,0.3537906100162551,0.13089850096467417,0.5153108890190709
interictal_110,interictal,2532,2538,,6,EEG F7,True,26.072834762219518,2.7314877222610034,0.04005210029306415,0.13650570243834328,8.38254545145088,0.7738237787784606,0.6227308837108374,0.1398760395053121,0.23739307678385058
interictal_110,interictal,2532,2538,,7,EEG T3,True,9.251877173534968,2.260609222511204,0.1162487788993813,0.3319010205344734,3.9620045498455005,0.9067360239163973,0.41142101115369134,0.18089460581909692,0.4076843830272117
interictal_110,interictal,2532,2538,,8,EEG T5,True,7.7840964670426205,1.387804396195061,0.08661673721914685,0.22932538786280593,5.474127293570292,0.9082308568933796,0.2964016708306172,0.1262559621448782,0.5773423670245046
interictal_110,interictal,2532,2538,,9,EEG Fc1,True,5.773501599280014,1.0805359208407905,0.0755454249430153,0.2440804946125035,5.4158439745245675,0.8801322505306489,0.42269089627979667,0.17510267695925863,0.40220642676094465
interictal_110,interictal,2532,2538,,10,EEG Fc5,True,12.034971734437072,2.674209765538819,0.11592315206773038,0.29764164020998807,4.702542299875002,0.8809721922190572,0.4393317849638307,0.20195414870598266,0.3587140663301867
interictal_110,interictal,2532,2538,,11,EEG Cp1,True,4.616758172199328,0.916897092117412,0.09671116900032563,0.26467262993473967,5.2438662044947595,0.9336883262664872,0.3155399983384437,0.1794197316133424,0.505040270048214
interictal_110,interictal,2532,2538,,12,EEG Cp5,True,5.087378346844237,1.104502289739513,0.08108108108108109,0.27863707516185143,4.840156738070643,0.913994618149989,0.367644722367253,0.17216820501768307,0.4601870726150639
interictal_110,interictal,2532,2538,,13,EEG F9,True,12.748039391897649,2.346814783894448,0.09117551286225985,0.23627555881025925,5.548306078687483,0.9046805251128973,0.43716973832746475,0.21128476434359247,0.3515454973289429
interictal_110,interictal,2532,2538,,14,EEG Fz,True,15.847406283100192,1.2272038108978296,0.029957668511885378,0.09867372550237294,12.983027773116351,0.7661665083707642,0.6758875665809598,0.1516146973957868,0.1724977360232534
interictal_110,interictal,2532,2538,,15,EEG Cz,True,4.5055899641942325,1.0149128145323951,0.10745685444480625,0.2965795088998593,4.47095377682258,0.9297162419540033,0.28979507729890164,0.19125611592953903,0.5189488067715594
interictal_110,interictal,2532,2538,,16,EEG Pz,True,4.576846894426407,0.9664080202048594,0.09443178117876913,0.27871709975456316,4.838920426343722,0.9178620857263418,0.2942285682469683,0.2916423190897581,0.4141291126632736
interictal_110,interictal,2532,2538,,17,EEG Fp2,True,41.49150939497789,2.892657659849551,0.02311950504721589,0.09098917868038002,12.002209992902557,0.6959095254367885,0.7919836557979214,0.0778909243883382,0.13012541981374026
interictal_110,interictal,2532,2538,,18,EEG F4,True,12.971229356585228,3.2526791648177777,0.10224682513839141,0.33720118040550634,3.491073064339384,0.9384841715652228,0.2815247506325465,0.13943912822438304,0.5790361211430705
interictal_110,interictal,2532,2538,,19,EEG C4,True,6.614004913716186,1.4250234638269208,0.10257245197004233,0.2778874029713759,4.614809201675725,0.9351082419190193,0.2435638539231524,0.24276654599097347,0.5136696000858741
interictal_110,interictal,2532,2538,,20,EEG P4,True,7.00466390215833,1.2668791312131664,0.06545099316183653,0.2370698496825023,5.393938225087364,0.9035834082391416,0.2825087803906158,0.2601197936920115,0.45737142591737273
interictal_110,interictal,2532,2538,,21,EEG O2,True,12.282244056743007,1.5688435739343276,0.05600781504395962,0.16624845783748937,7.481217188415484,0.9185507428914605,0.3642481457535348,0.1924640324648882,0.44328782178157705
interictal_110,interictal,2532,2538,,22,EEG F8,True,23.50103212049544,2.5809197361480325,0.06805600781504396,0.14342831686001098,8.509106413394543,0.8127688684847362,0.6204422685907607,0.13247870023269695,0.2470790311765423
interictal_110,interictal,2532,2538,,23,EEG T4,True,13.419957297458268,3.7286522876659287,0.10354933246499512,0.3857423399931101,3.003535253576452,0.9386304780789264,0.26295802729117884,0.151856648412557,0.5851853242962642
interictal_110,interictal,2532,2538,,24,EEG T6,True,14.124025997610508,2.86779942048187,0.07684793226961902,0.2686145577716341,4.592663630607445,0.9337975372358058,0.2621909391356582,0.22534127403706763,0.5124677868272741
interictal_110,interictal,2532,2538,,25,EEG Fc2,True,5.944169608668464,1.5913804811227663,0.10908498860306089,0.3418154564758909,3.512759757987897,0.9112629980878637,0.34195853642803165,0.19202149416059375,0.46601996941137475
interictal_110,interictal,2532,2538,,26,EEG Fc6,True,8.656808898550734,2.900300283018351,0.13774014978834256,0.4577522411426754,2.60949608211531,0.9121807116257044,0.3167179968403549,0.18138766535063863,0.5018943378090064
interictal_110,interictal,2532,2538,,27,EEG Cp2,True,4.3252308838266025,0.9403948684488215,0.08108108108108109,0.2882400886107869,4.7235045093196515,0.9246105534753913,0.2844813039937849,0.30274625516949816,0.412772440836717
interictal_110,interictal,2532,2538,,28,EEG Cp6,True,9.770099846919209,1.5501467503314579,0.07294041028980788,0.20482912341738344,6.22865580073799,0.8965961910444895,0.35134147218268774,0.21389979434681267,0.43475873347049954
interictal_110,interictal,2532,2538,,29,EEG F10,True,14.187224714671622,2.403494258555578,0.0592640833604689,0.21467259484122664,6.007734192520427,0.830569909127398,0.5596768167179315,0.15651374572590152,0.2838094375561671
interictal_111,interictal,2538,2544,,1,EEG Fp1,True,63.700488132857025,9.013388293538512,0.07717355910126994,0.19972093741388977,5.624588464320496,0.7995942124270177,0.6305813508941182,0.07739009901480176,0.2920285500910801
interictal_111,interictal,2538,2544,,2,EEG F3,True,27.305158413823552,7.9258166643407195,0.13643764246173884,0.40097321351618,2.9869747267748012,0.9249998850307537,0.199960731772453,0.0922758421046452,0.7077634261229018
interictal_111,interictal,2538,2544,,3,EEG C3,True,7.513154979898259,1.284058636009813,0.09247802018886356,0.22371270425104758,6.172915553406998,0.947198810116048,0.16061707094935457,0.21759133119741544,0.62179159785323
interictal_111,interictal,2538,2544,,4,EEG P3,True,8.406481588638432,1.1482950495252535,0.04493650276782807,0.1803286092977609,7.394220365072536,0.9435027540964086,0.22987578263360745,0.24519594286008548,0.524928274506307
interictal_111,interictal,2538,2544,,5,EEG O1,True,11.207784194974147,1.5816256566936588,0.05144903940084663,0.18218505548176814,6.985375109979237,0.9085526405355902,0.3550561190717873,0.20940474978234225,0.4355391311458706
interictal_111,interictal,2538,2544,,6,EEG F7,True,35.832100100273394,5.016116492459082,0.08108108108108109,0.20275965944912294,5.642043131079351,0.9061707761754939,0.40379207204151596,0.12271018792111525,0.4734977400373688
interictal_111,interictal,2538,2544,,7,EEG T3,True,8.935866816424415,3.2863296773405413,0.15174210354933246,0.5068711810519028,2.5177316568982766,0.9033103774469914,0.27237069591181406,0.21815955979569487,0.5094697442924909
interictal_111,interictal,2538,2544,,8,EEG T5,True,12.433090763019196,1.5313341335260815,0.057310322370563334,0.1595137966707673,8.055302461680997,0.8574265500460655,0.4125048897328121,0.2173976171079711,0.37009749315921686
interictal_111,interictal,2538,2544,,9,EEG Fc1,True,7.754816626367203,1.4165612845597062,0.07815043959622273,0.2390019412750838,5.4134367991181875,0.9048266559298674,0.3807701034855337,0.15408926766010564,0.46514062885436064
interictal_111,interictal,2538,2544,,10,EEG Fc5,True,12.372781514080996,3.2802951788942623,0.12699446434386194,0.3492124151849838,3.9359351087972336,0.9012251748249688,0.31766273562838604,0.24695503731901924,0.4353822270525949
interictal_111,interictal,2538,2544,,11,EEG Cp1,True,5.51425740222089,1.0219660094445935,0.06610224682513839,0.24850501961098034,5.719456393792777,0.9240380402885104,0.2439139232159729,0.2089928285469309,0.5470932482370962
interictal_111,interictal,2538,2544,,12,EEG Cp5,True,7.415623525958272,1.2968306015142828,0.0615434711820254,0.22813566921412756,5.860204540693793,0.9158171556971942,0.2925296902522855,0.2841875723727954,0.4232827373749192
interictal_111,interictal,2538,2544,,13,EEG F9,True,14.649128894069724,2.604686561838739,0.09443178117876913,0.22733789483347477,5.6841907788556805,0.7834354669679708,0.5737846858149458,0.16558564132876963,0.2606296728562844
interictal_111,interictal,2538,2544,,14,EEG Fz,True,17.57967433942588,1.647705724414049,0.041028980788016936,0.12229709949487239,10.392919194715995,0.7639529873701681,0.6508908544088873,0.14920807085277388,0.19990107473833882
interictal_111,interictal,2538,2544,,15,EEG Cz,True,4.3745675641597765,1.1271691049854577,0.11983067404754151,0.3415135408304748,4.0182721589869805,0.8865191735400356,0.3603597284284321,0.12737652257096033,0.5122637490006077
interictal_111,interictal,2538,2544,,16,EEG Pz,True,5.796739164041678,1.0398135934827217,0.07717355910126994,0.2422081778006395,5.770065019130335,0.9237909109401418,0.30529201175814685,0.2715365101563169,0.4231714780855361
interictal_111,interictal,2538,2544,,17,EEG Fp2,True,46.65288625043737,4.109507935319085,0.04135460761966786,0.1179072142044022,9.121101053349198,0.7056755368659329,0.7715485583754084,0.09309861919467426,0.13535282242991736
interictal_111,interictal,2538,2544,,18,EEG F4,True,17.509399283060382,4.299467564187533,0.1103874959296646,0.32409475701319784,3.5099523485397883,0.9195090709794816,0.3058719834206417,0.08392284099709665,0.6102051755822617
interictal_111,interictal,2538,2544,,19,EEG C4,True,6.456109562658295,1.5852253348692233,0.09996743731683491,0.3184566225711853,4.088713214956336,0.9293917340327733,0.27810716575946304,0.18198313933309723,0.5399096949074397
interictal_111,interictal,2538,2544,,20,EEG P4,True,6.738424818281557,1.3283853705578874,0.07294041028980788,0.2597197034327794,5.102019727527552,0.9229944345037061,0.24722940124159173,0.23416485635371148,0.5186057424046968
interictal_111,interictal,2538,2544,,21,EEG O2,True,11.123805942551241,1.721384321729371,0.05535656138065777,0.2013816925376705,6.476341262345183,0.9096272334557136,0.3595034203444275,0.18685217146864877,0.45364440818692375
interictal_111,interictal,2538,2544,,22,EEG F8,True,31.81061334164992,2.955752476234796,0.048518397915988276,0.1223372822315898,9.634550163071056,0.7642934004834937,0.6975681006904453,0.11869213396538197,0.18373976534417286
interictal_111,interictal,2538,2544,,23,EEG T4,True,12.768602187742346,4.378058376340236,0.13318137414522957,0.4677871035518195,2.3936096601746293,0.9377982908748959,0.140866617097651,0.1284465259957613,0.7306868569065876
interictal_111,interictal,2538,2544,,24,EEG T6,True,12.680616989237171,2.761300562762605,0.08629111038749593,0.2893394465981039,4.30162434171615,0.9023013853078775,0.31741874590231695,0.18392641208810118,0.4986548420095819
interictal_111,interictal,2538,2544,,25,EEG Fc2,True,6.903302638564189,1.6955216657128973,0.10159557147508955,0.3163979017442047,3.8432182079993265,0.8524567509863508,0.5143870381909116,0.17218310926882147,0.31342985254026684
interictal_111,interictal,2538,2544,,26,EEG Fc6,True,13.108925711456122,3.192729933668262,0.11983067404754151,0.33100521843736835,3.6332865192385047,0.9349028340632096,0.3178324009395962,0.1931268309823744,0.48904076807802943
interictal_111,interictal,2538,2544,,27,EEG Cp2,True,5.163970862976244,1.0179102504083617,0.09996743731683491,0.26506684118314955,5.3642422572193915,0.8953971507677303,0.3342262857682475,0.2809181883825513,0.38485552584920124
interictal_111,interictal,2538,2544,,28,EEG Cp6,True,9.474687080014954,1.59322165300666,0.07098664929990231,0.21499278735639174,6.005892390695793,0.927516120137684,0.2840515647158792,0.2385404951224646,0.47740794016165633
interictal_111,interictal,2538,2544,,29,EEG F10,True,20.975901852987914,2.4783192346196796,0.039400846629762294,0.15113468500869237,8.624746751645336,0.8520765262266559,0.5204524714072091,0.20603906865886645,0.2735084599339246
interictal_112,interictal,2544,2550,,1,EEG Fp1,True,27.243800012004375,6.029826330136126,0.1208075545424943,0.28399861895632256,3.9794902394017453,0.746686863370665,0.7174668073078985,0.08159675935774992,0.20093643333435163
interictal_112,interictal,2544,2550,,2,EEG F3,True,12.395863634082168,5.6272040979691145,0.2031911429501791,0.5845374196771937,2.1330696497598036,0.9077326033644431,0.35743225123815325,0.11466782987430739,0.5278999188875393
interictal_112,interictal,2544,2550,,3,EEG C3,True,6.162842483821003,1.1121004385182365,0.08629111038749593,0.23681293262277053,5.592559237141351,0.9294954530375097,0.3240671120145117,0.2090899113128555,0.4668429766726328
interictal_112,interictal,2544,2550,,4,EEG P3,True,3.9605920156459526,0.9800571924784296,0.10029306414848584,0.3227678790235834,4.100966693349934,0.8976821218458414,0.36700818623319537,0.19603832251987624,0.43695349124692845
interictal_112,interictal,2544,2550,,5,EEG O1,True,5.801272997453494,1.3355081713722525,0.08987300553565614,0.28915468547564394,4.318938757232108,0.9166922631223066,0.42496432598566675,0.1764217401818269,0.3986139338325063
interictal_112,interictal,2544,2550,,6,EEG F7,True,13.228885862031953,3.086763330537414,0.09378052751546727,0.30221229341174455,3.6502185595371905,0.8439377127607546,0.5407303431363705,0.16024130751712762,0.29902834934650196
interictal_112,interictal,2544,2550,,7,EEG T3,True,6.425655533511223,2.608546899653281,0.15988277434060566,0.5540174050597304,2.308739439037677,0.9247317492864092,0.255381383163533,0.20311603763593006,0.541502579200537
interictal_112,interictal,2544,2550,,8,EEG T5,True,5.217505295871097,1.2421546013389015,0.10941061543471182,0.3053723113434036,4.233107578013648,0.9082226514321748,0.41183562575211713,0.19648659036066282,0.3916777838872201
interictal_112,interictal,2544,2550,,9,EEG Fc1,True,4.3216066359497605,1.136690234751571,0.10485183979159883,0.3362563102612005,3.72124223257672,0.8934764252486276,0.3980532305451645,0.11565464518302362,0.48629212427181195
interictal_112,interictal,2544,2550,,10,EEG Fc5,True,6.720239061853897,2.937186034972277,0.1579290133507001,0.5873101650974492,2.362460792958189,0.8771768511095958,0.41597701157250067,0.18869633515554304,0.3953266532719564
interictal_112,interictal,2544,2550,,11,EEG Cp1,True,3.4585794975060606,0.855930925831074,0.11136437642461738,0.32585599076172495,4.266015825491345,0.9145397403588615,0.3512334594906426,0.24896532750196726,0.39980121300739013
interictal_112,interictal,2544,2550,,12,EEG Cp5,True,3.846454515711875,1.022558661303007,0.11983067404754151,0.3453173780799146,3.8760845547888962,0.921808566762114,0.3733623693141458,0.16709547348141177,0.4595421572044424
interictal_112,interictal,2544,2550,,13,EEG F9,True,6.772472529378755,2.1655190858323885,0.1439270595897102,0.40666815800194706,3.2053915386510807,0.8485981111120818,0.5434848485617388,0.221289551830743,0.23522559960751818
interictal_112,interictal,2544,2550,,14,EEG Fz,True,8.322420355715371,1.2603213895528165,0.06577661999348747,0.1937325442311892,6.36320299576844,0.8040581739458648,0.6560184737009839,0.11921765001519073,0.22476387628382533
interictal_112,interictal,2544,2550,,15,EEG Cz,True,6.497260736587247,1.0326336807497247,0.053728427222403126,0.2040957508302384,6.193704241082767,0.9070522373817796,0.29806660530603285,0.1568539607244739,0.5450794339694933
interictal_112,interictal,2544,2550,,16,EEG Pz,True,4.31125584778552,0.8763936325205036,0.08726799088244871,0.26694990849743755,5.073307154486069,0.8778387830059171,0.4219902823123156,0.2391079193207357,0.3389017983669487
interictal_112,interictal,2544,2550,,17,EEG Fp2,True,25.943982286756867,3.4736022804214306,0.06903288830999674,0.17572147530948554,6.439015511737587,0.6766985717111856,0.8142063732758976,0.08190273008041078,0.10389089664369162
interictal_112,interictal,2544,2550,,18,EEG F4,True,10.215984987591336,3.8962438595559767,0.16802344513187886,0.4954250291070638,2.3677372499567966,0.9068900043088826,0.2955871497566514,0.07876482711861015,0.6256480231247384
interictal_112,interictal,2544,2550,,19,EEG C4,True,5.909749931065991,1.4624639307648144,0.08629111038749593,0.32181279742494884,3.988353647801443,0.9371584957659129,0.3137272824233554,0.2565212154364337,0.429751502140211
interictal_112,interictal,2544,2550,,20,EEG P4,True,4.796137433813144,1.2357104965797578,0.10810810810810811,0.3400011245127382,3.853106161305327,0.8897735157948039,0.328404537147905,0.31961346457067336,0.3519819982814215
interictal_112,interictal,2544,2550,,21,EEG O2,True,5.192063710393964,1.393496952605453,0.11006186909801367,0.3468051241456772,3.7662177197412916,0.8855874251197082,0.4335702085697218,0.16274715329818018,0.403682638132098
interictal_112,interictal,2544,2550,,22,EEG F8,True,15.241487211159244,2.7297773379278683,0.09573428850537284,0.23528099820895876,5.048949651115824,0.6799585391696714,0.790921144401091,0.09800889603469704,0.11106995956421208
interictal_112,interictal,2544,2550,,23,EEG T4,True,9.681349396041917,4.117163444511567,0.1732334744382937,0.5589438821071437,2.0327563508135174,0.9113921309524369,0.2455577126789103,0.07609897783005679,0.6783433094910329
interictal_112,interictal,2544,2550,,24,EEG T6,True,7.409223806647072,2.5482857405961186,0.13285574731357863,0.46074323718572174,2.640543541266639,0.8957822660959609,0.39238645582079473,0.15038638885443245,0.4572271553247728
interictal_112,interictal,2544,2550,,25,EEG Fc2,True,5.2082402236134335,1.6814559338901338,0.1289482253337675,0.4085520256866081,2.896290750829595,0.9211976822987503,0.33620772985197683,0.1164008410798398,0.5473914290681833
interictal_112,interictal,2544,2550,,26,EEG Fc6,True,7.603319752581532,3.257754797253888,0.1533702377075871,0.5971176482046834,1.9998459306603162,0.8975379840384516,0.3885374280221369,0.15646682202561338,0.45499574995224973
interictal_112,interictal,2544,2550,,27,EEG Cp2,True,3.7089414397788656,0.8668155282345574,0.09899055682188213,0.30633224157735406,4.521172776483816,0.9224201942923493,0.32256576647080815,0.3138914544643593,0.36354277906483257
interictal_112,interictal,2544,2550,,28,EEG Cp6,True,5.320582001285095,1.4551521884065433,0.126668837512211,0.35320402788597904,3.5342390129767045,0.8982371284436531,0.4018177246064604,0.20383854338007554,0.39434373201346395
interictal_112,interictal,2544,2550,,29,EEG F10,True,11.080906481587517,2.200521631217609,0.08042982741777922,0.25217373824121336,5.120348957514013,0.8213914447817561,0.5763009949152355,0.13798570360776086,0.28571330147700374
interictal_113,interictal,2550,2556,,1,EEG Fp1,True,30.534600152017934,6.002625246345614,0.11950504721589059,0.2520447986631807,4.518061110240285,0.7338600330425894,0.7014613940514857,0.05473659122966326,0.24380201471885105
interictal_113,interictal,2550,2556,,2,EEG F3,True,13.059510459687871,5.379193343775434,0.1986323673070661,0.5463637406469427,2.2843896490228497,0.9106403703442502,0.2561267708801059,0.06809783222864434,0.6757753968912499
interictal_113,interictal,2550,2556,,3,EEG C3,True,5.461322065396057,1.1036178459419304,0.07294041028980788,0.2609219658610821,5.090784338325673,0.9158730689808885,0.28240043732676307,0.11818058594551574,0.5994189767277212
interictal_113,interictal,2550,2556,,4,EEG P3,True,5.286718757364369,1.0389248873614687,0.07456854444806252,0.2512214359069521,5.228546477271936,0.9192622544058903,0.3280219910488193,0.13762771562211826,0.5343502933290624
interictal_113,interictal,2550,2556,,5,EEG O1,True,7.92337668074718,1.346852282129013,0.05405405405405406,0.21388849948468883,5.7182422994958495,0.9218759512094836,0.40701520690279536,0.13747128607382197,0.45551350702338267
interictal_113,interictal,2550,2556,,6,EEG F7,True,14.828435334390875,2.856282077738295,0.0928036470205145,0.2514457353246725,4.441932767462528,0.8765818190301127,0.4588571468857854,0.11101170822286321,0.4301311448913513
interictal_113,interictal,2550,2556,,7,EEG T3,True,6.228728118544544,2.6568745778313736,0.16997720612178444,0.5846089843733098,2.2034910978233864,0.9144445554742283,0.34899387036753093,0.18127105353969308,0.46973507609277587
interictal_113,interictal,2550,2556,,8,EEG T5,True,6.405377135193577,1.2996482696707279,0.085965483555845,0.25813703397875964,4.829601816458329,0.8861555753325892,0.3759145916650456,0.1040633462517637,0.5200220620831907
interictal_113,interictal,2550,2556,,9,EEG Fc1,True,4.437412637519576,1.154266056739948,0.11690003256268316,0.3342753392710064,3.6982665593771937,0.8882661865312238,0.28559027436656387,0.07841230455578782,0.6359974210776483
interictal_113,interictal,2550,2556,,10,EEG Fc5,True,6.118502077063121,2.886519487585039,0.1950504721589059,0.6215030040672812,2.2306607048854787,0.9282619803227625,0.3065090411740262,0.1496794674085922,0.5438114914173816
interictal_113,interictal,2550,2556,,11,EEG Cp1,True,3.575735203780339,0.8949700676521352,0.09996743731683491,0.32487691243043637,4.252855483236524,0.8938432650863616,0.3369341502034329,0.09702467525020923,0.5660411745463579
interictal_113,interictal,2550,2556,,12,EEG Cp5,True,5.098276264102393,1.0809313627467037,0.07847606642787365,0.27207129971171223,4.919051263210521,0.9049508159848231,0.3975901167979022,0.13745847605751352,0.46495140714458427
interictal_113,interictal,2550,2556,,13,EEG F9,True,6.810521193815628,2.025873352316526,0.13708889612504072,0.3775631919586821,3.4765024083789506,0.8271210110560764,0.5281006420400268,0.15295030517287136,0.31894905278710184
interictal_113,interictal,2550,2556,,14,EEG Fz,True,9.333888509495218,1.2473184530124004,0.06121784435037447,0.16885817427125743,7.2925763195934925,0.7321246104433097,0.70769785961473,0.07461996975053593,0.217682170634734
interictal_113,interictal,2550,2556,,15,EEG Cz,True,3.3259875118541267,1.044091873959677,0.126668837512211,0.4018551526979042,3.1745945908709126,0.8840966587786461,0.24896279362011117,0.09553481387100947,0.6555023925088794
interictal_113,interictal,2550,2556,,16,EEG Pz,True,3.9003374362694223,0.8924680004464252,0.10289807880169326,0.2973465252494321,4.632490145219582,0.88759549221962,0.3968793703517651,0.1227326535023805,0.4803879761458543
interictal_113,interictal,2550,2556,,17,EEG Fp2,True,29.289088718133563,3.2024664576844706,0.08173233474438293,0.14051570360979948,7.989973134111574,0.6423677677932862,0.8436345210476598,0.052837318177299315,0.10352816077504098
interictal_113,interictal,2550,2556,,18,EEG F4,True,10.150213402307505,3.562398093649361,0.15304461087593618,0.4600043179623895,2.5814972294289587,0.9119000138308995,0.3556388503217953,0.08801358198355698,0.5563475676946477
interictal_113,interictal,2550,2556,,19,EEG C4,True,4.546439239568247,1.4244072446543754,0.12504070335395637,0.3991696073036913,3.207401673187502,0.9162118155962256,0.29354238685893214,0.1981419656106101,0.5083156475304578
interictal_113,interictal,2550,2556,,20,EEG P4,True,4.060351533751995,1.2264713375556853,0.12373819602735266,0.3941048128214228,3.3934894398012134,0.9387285890751567,0.21746872423523747,0.18434655149423762,0.5981847242705248
interictal_113,interictal,2550,2556,,21,EEG O2,True,7.685261711484572,1.4693103569301622,0.06349723217193097,0.24205802552518454,5.196794902222223,0.9282163481529178,0.3332240290703318,0.16566241911391233,0.5011135518157559
interictal_113,interictal,2550,2556,,22,EEG F8,True,14.796024413543186,2.566394820154893,0.08726799088244871,0.22472828717412482,5.342345078022187,0.7654047453285466,0.661717579280734,0.08113044240737519,0.25715197831189085
interictal_113,interictal,2550,2556,,23,EEG T4,True,9.480195966098911,3.6968769664485412,0.15076522305437967,0.5239066247928876,2.2219168606455724,0.9268322450035081,0.12097782693781611,0.11124682764812065,0.7677753454140633
interictal_113,interictal,2550,2556,,24,EEG T6,True,7.747292343013727,2.5515197178461926,0.1243894496906545,0.4407378012578193,2.728033661088496,0.9374415951172523,0.1896720922791911,0.20042303687806787,0.609904870842741
interictal_113,interictal,2550,2556,,25,EEG Fc2,True,4.865863162073784,1.6276933986917137,0.13057635949202215,0.4252137829042715,2.7551596741631,0.8523064355535825,0.4690202314700469,0.10442860515586826,0.42655116337408483
interictal_113,interictal,2550,2556,,26,EEG Fc6,True,7.212292101381034,3.131628653791972,0.1742103549332465,0.5876052496714647,2.0376034587494174,0.9325554556568688,0.2563272834495555,0.10307165010712403,0.6406010664433205
interictal_113,interictal,2550,2556,,27,EEG Cp2,True,4.929753310836121,0.8761081327738468,0.09150113969391079,0.23016923240547368,6.108123782359345,0.9353184121694224,0.2936607293107326,0.14846567820219345,0.5578735924870739
interictal_113,interictal,2550,2556,,28,EEG Cp6,True,4.8794458507340375,1.424798552228779,0.12113318137414524,0.3734782492444377,3.450490041873185,0.9327076332034651,0.29472743917058547,0.22337945084639838,0.48189310998301615
interictal_113,interictal,2550,2556,,29,EEG F10,True,11.818122873383313,2.1257135135313563,0.08661673721914685,0.22609266902073802,5.701440745374433,0.8616022969204256,0.44867281103225287,0.18542049575194233,0.3659066932158049
interictal_114,interictal,2556,2562,,1,EEG Fp1,True,22.65565430638779,6.085245629191016,0.14913708889612504,0.3478194796413691,3.21196553345978,0.8796518644589846,0.43637455823020416,0.0678364542848065,0.49578898748498945
interictal_114,interictal,2556,2562,,2,EEG F3,True,12.081262236504736,5.5117433015506565,0.19993487463366982,0.5935263681615298,2.105649092413787,0.925806127229024,0.1759256942198212,0.09051622858134822,0.7335580771988306
interictal_114,interictal,2556,2562,,3,EEG C3,True,4.133046482439453,1.088344770020266,0.09996743731683491,0.3382015340736859,3.9868033056432437,0.92709326660725,0.29772279561838005,0.22673042036728328,0.4755467840143367
interictal_114,interictal,2556,2562,,4,EEG P3,True,3.945263700131685,1.0347064126595475,0.11103874959296646,0.34140316185201064,3.8899886915414132,0.9343232776009885,0.2935718142272552,0.25229094620392917,0.4541372395688155
interictal_114,interictal,2556,2562,,5,EEG O1,True,7.946591040115611,1.3506624090230608,0.0742429176164116,0.21477770650142392,5.755539190149418,0.8475856255562775,0.5833241350701175,0.12649875626862866,0.2901771086612538
interictal_114,interictal,2556,2562,,6,EEG F7,True,11.775999934926848,2.956368944881249,0.10257245197004233,0.32780151830693544,3.4141622323888794,0.885902663169209,0.44790114616259047,0.11143006440156249,0.440668789435847
interictal_114,interictal,2556,2562,,7,EEG T3,True,6.354131723174094,2.755878259478545,0.17160534028003907,0.5987633859774898,2.12820636385784,0.9492017638228015,0.2599907899995251,0.16827839678819775,0.5717308132122771
interictal_114,interictal,2556,2562,,8,EEG T5,True,5.231234263760333,1.528805118814849,0.12341256919570173,0.4127087413105084,2.956378573828556,0.9267027902045322,0.2962519590367267,0.20488267821805176,0.49886536274522153
interictal_114,interictal,2556,2562,,9,EEG Fc1,True,5.080161732956059,1.1330065609721618,0.09605991533702377,0.28340418373617937,4.4878808467528755,0.8970461889168339,0.3688600865890199,0.1434568588267768,0.48768305458420336
interictal_114,interictal,2556,2562,,10,EEG Fc5,True,5.547862678569843,2.8718697541740603,0.20709866492999024,0.6870521313773806,1.9909365313297895,0.8963008873208229,0.44319073526879194,0.1267622121260947,0.4300470526051134
interictal_114,interictal,2556,2562,,11,EEG Cp1,True,2.9837816735308316,0.8589696576605736,0.11657440573103224,0.3731040420762674,3.8067994845058877,0.9129397315381431,0.3355561965325066,0.2816222203077066,0.38282158315978687
interictal_114,interictal,2556,2562,,12,EEG Cp5,True,5.43858749317079,1.1011268764886928,0.08108108108108109,0.2574174545943747,5.175091934531405,0.9484021319615179,0.2398705114306945,0.21454105814459068,0.5455884304247148
interictal_114,interictal,2556,2562,,13,EEG F9,True,6.726244245056226,2.065283633775214,0.14034516444154999,0.3916397519119918,3.316212005419742,0.8870608995243208,0.42571737471514537,0.24040370270293346,0.3338789225819212
interictal_114,interictal,2556,2562,,14,EEG Fz,True,7.237635272463971,1.2396168508620535,0.07326603712145881,0.21735508253892952,5.732101661220721,0.8434796190634349,0.5680085545832185,0.1138133158176963,0.3181781295990852
interictal_114,interictal,2556,2562,,15,EEG Cz,True,4.913285448017047,1.01664202591185,0.06675350048844025,0.2654917142721864,4.880113274058189,0.9123303975909067,0.3785181833866999,0.1544441233705638,0.4670376932427362
interictal_114,interictal,2556,2562,,16,EEG Pz,True,3.3438041237023293,0.8751035636003147,0.11657440573103224,0.33860517275493,4.1012691234304794,0.9151107003961473,0.2748987535787104,0.31844436258002834,0.40665688384126125
interictal_114,interictal,2556,2562,,17,EEG Fp2,True,23.580507102731143,3.180840025037169,0.10680560078150439,0.1748930982444403,6.463989356700633,0.7973035356556184,0.6716735415148267,0.0754290928431538,0.25289736564201937
interictal_114,interictal,2556,2562,,18,EEG F4,True,10.135823892610542,3.6587505657990804,0.14099641810485183,0.4736086637523109,2.536413285649178,0.9274624155814785,0.18213283863193694,0.12476541799714547,0.6931017433709176
interictal_114,interictal,2556,2562,,19,EEG C4,True,4.491700256198604,1.4768509692880658,0.11331813741452296,0.4208531495758915,3.051004485504074,0.9027001649969396,0.4078614676117504,0.16229840015919703,0.4298401322290526
interictal_114,interictal,2556,2562,,20,EEG P4,True,3.8001207401902373,1.2035598628395507,0.13415825464018236,0.41518581778869523,3.190625542281585,0.9136689551396616,0.34789355195948335,0.2179660636096904,0.43414038443082636
interictal_114,interictal,2556,2562,,21,EEG O2,True,7.510126335916645,1.396937052063157,0.08857049820905243,0.237671428846668,5.401316637406314,0.8757922728641739,0.49728578675494356,0.1400555732568518,0.36265863998820463
interictal_114,interictal,2556,2562,,22,EEG F8,True,17.705816465475618,2.5716056180560027,0.05568218821230869,0.19011834044443363,6.119983177940559,0.9245342294915034,0.3828822772158672,0.16281511153263464,0.4543026112514981
interictal_114,interictal,2556,2562,,23,EEG T4,True,9.848300342339462,3.786961991963938,0.15239335721263433,0.5188173760317875,2.208340979325821,0.9322535575326789,0.15710521576493786,0.08525422125182476,0.7576405629832373
interictal_114,interictal,2556,2562,,24,EEG T6,True,7.791986247103974,2.418937831459339,0.13253012048192772,0.4117980055171312,2.9416373846590727,0.9179905319069493,0.29880835031543335,0.22447352438113277,0.47671812530343394
interictal_114,interictal,2556,2562,,25,EEG Fc2,True,8.977575710748441,1.665231736023737,0.09019863236730706,0.23684202352680767,5.013988076482487,0.8495336075854635,0.496311653845895,0.1569961030278037,0.34669224312630137
interictal_114,interictal,2556,2562,,26,EEG Fc6,True,7.517511939704441,3.0623531421983303,0.15174210354933246,0.5737387366439142,2.070439417374285,0.9294548697051508,0.2512812244358638,0.1328646667069268,0.6158541088572093
interictal_114,interictal,2556,2562,,27,EEG Cp2,True,3.1493801207724914,0.8511962725097028,0.09736242266362748,0.35482961593045403,3.947748908063028,0.9179719857705878,0.3112506974607043,0.21477857137251036,0.47397073116678545
interictal_114,interictal,2556,2562,,28,EEG Cp6,True,6.292272222511508,1.3734467771317478,0.0823835884076848,0.27981211391098526,4.5997210244908935,0.9057456888426654,0.3566418071427783,0.20702121421417477,0.43633697864304705
interictal_114,interictal,2556,2562,,29,EEG F10,True,13.132814815291587,2.134566745121141,0.06903288830999674,0.20410820263059187,6.304363973051869,0.8547514409663859,0.5117432078458344,0.16782103589333577,0.32043575626082976
interictal_115,interictal,2562,2568,,1,EEG Fp1,True,41.9398041371346,5.977762955851809,0.08270921523933572,0.19314590931151301,5.7099504373064365,0.8627640004070316,0.5133015735796199,0.08748795292112042,0.3992104734992596
interictal_115,interictal,2562,2568,,2,EEG F3,True,19.849484773016297,5.744499511446255,0.13676326929338978,0.39153053311427255,3.1734824150714562,0.9355743838788351,0.16912314627791258,0.0978808784325181,0.7329959752895694
interictal_115,interictal,2562,2568,,3,EEG C3,True,8.910596310499574,1.5652826125200747,0.08075545424943015,0.24846432487509093,5.576045296793916,0.8659697171812635,0.52458968345187,0.1870959537904891,0.28831436275764094
interictal_115,interictal,2562,2568,,4,EEG P3,True,11.251204528878791,1.545367853946929,0.03907521979811136,0.1854186138791081,7.594765967158248,0.8915181839696341,0.4003755402157497,0.2685608536186991,0.33106360616555114
interictal_115,interictal,2562,2568,,5,EEG O1,True,14.463480028961882,2.123988780141197,0.04916965157929013,0.20000726671999497,6.9473225708356905,0.9210312272365033,0.30101857896063544,0.31852021738728004,0.3804612036520845
interictal_115,interictal,2562,2568,,6,EEG F7,True,27.830574507218834,4.499499451090734,0.095083034842071,0.2265879373422304,5.7738827569972155,0.9225698474778113,0.3385145675651746,0.11867576233201764,0.5428096701028078
interictal_115,interictal,2562,2568,,7,EEG T3,True,12.482631149969302,4.119362544724726,0.11559752523607945,0.4797220957654398,2.7764847252997376,0.953918957098583,0.17011461082848753,0.12052889467344481,0.7093564944980676
interictal_115,interictal,2562,2568,,8,EEG T5,True,8.589225354598032,2.682285788291914,0.11657440573103224,0.4408204393553679,2.996263761621868,0.94095798351957,0.2911584008655272,0.16150405780282862,0.5473375413316443
interictal_115,interictal,2562,2568,,9,EEG Fc1,True,8.040675385513346,1.478601993881121,0.06642787365678932,0.248455112078785,5.674988892758536,0.8750038190146806,0.4202068724238118,0.14390282098841947,0.4358903065877688
interictal_115,interictal,2562,2568,,10,EEG Fc5,True,11.428960529252018,3.9149386808036093,0.17583848909150113,0.48384804502903384,2.89939917656858,0.9401964466663455,0.24564969331534,0.19195421037860075,0.5623960963060594
interictal_115,interictal,2562,2568,,11,EEG Cp1,True,5.922629478588161,1.3009005755572893,0.0719635297948551,0.301427000060401,4.811053384845319,0.930763776129948,0.332874634376828,0.22407575879305286,0.4430496068301191
interictal_115,interictal,2562,2568,,12,EEG Cp5,True,7.273579030902604,1.7305466588534801,0.08661673721914685,0.3253482088201962,4.314030351081467,0.9432716126617775,0.23821527640200862,0.2387385476894642,0.5230461759085271
interictal_115,interictal,2562,2568,,13,EEG F9,True,15.536808361979304,3.629135050185186,0.12048192771084337,0.3181776476097342,4.392345238643555,0.9405428878198143,0.27902187529622624,0.20453122863519121,0.5164468960685825
interictal_115,interictal,2562,2568,,14,EEG Fz,True,13.113119819403968,1.5933887584646904,0.053402800390752195,0.16206987848947244,8.515305867292158,0.8208280076549739,0.5825275872930434,0.164849132505648,0.2526232802013084
interictal_115,interictal,2562,2568,,15,EEG Cz,True,6.735563836015872,1.371936475647379,0.0651253663301856,0.28235673487410806,4.945135896595626,0.9602342819886427,0.21485364678493302,0.26793791899393765,0.5172084342211294
interictal_115,interictal,2562,2568,,16,EEG Pz,True,9.142294906885825,1.3314248087396297,0.04005210029306415,0.19754915881745166,7.24933966819071,0.940689027679894,0.24850599036510923,0.2936909585658263,0.4578030510690645
interictal_115,interictal,2562,2568,,17,EEG Fp2,True,31.252589969932956,3.9770781393879866,0.07652230543796809,0.18803819320930834,6.213090350200822,0.7801732790988869,0.6762392930168203,0.07104326408827333,0.25271744289490644
interictal_115,interictal,2562,2568,,18,EEG F4,True,12.452420639429063,4.420148542834342,0.16411592315206774,0.5000593884585031,2.409677250059076,0.949566390191511,0.14527437823019784,0.13784737388464466,0.7168782478851574
interictal_115,interictal,2562,2568,,19,EEG C4,True,7.192675808197505,1.8495011573493567,0.08661673721914685,0.341700968538574,3.980000068603078,0.9187830495405404,0.34338982110939825,0.14977164269927792,0.5068385361913239
interictal_115,interictal,2562,2568,,20,EEG P4,True,12.413104495923363,1.6599539250889457,0.05600781504395962,0.18377034452740382,7.402927838994551,0.9511016223230089,0.24183494507458475,0.18367105904969486,0.5744939958757205
interictal_115,interictal,2562,2568,,21,EEG O2,True,19.94054785698313,2.0355116835166323,0.036795831976554866,0.1405656183603132,9.795238622412288,0.8914316248698019,0.4081975134841394,0.25200325193702205,0.33979923457883854
interictal_115,interictal,2562,2568,,22,EEG F8,True,21.301667601853687,4.09135024437521,0.08694236405079779,0.27144757278845144,4.931536738909391,0.8424899673467107,0.505606474793257,0.09674295538199065,0.3976505698247524
interictal_115,interictal,2562,2568,,23,EEG T4,True,15.969547269309382,5.920302423288681,0.13415825464018236,0.6111594762814916,2.1077409917349064,0.9105812601599482,0.06494295060527093,0.0673038491842388,0.8677532002104903
interictal_115,interictal,2562,2568,,24,EEG T6,True,16.794089320178134,3.764395469047286,0.08401172256593943,0.317985472356664,3.882227045622714,0.9619870511209815,0.1295712678257033,0.19556992359987826,0.6748588085744184
interictal_115,interictal,2562,2568,,25,EEG Fc2,True,9.910277247226452,2.038316734583833,0.059915337023770755,0.2718734131119718,4.695537445861528,0.9240881072584456,0.2335860869848318,0.3040063323855253,0.46240758062964277
interictal_115,interictal,2562,2568,,26,EEG Fc6,True,12.215991817907543,4.349025786029183,0.14881146206447413,0.5535033317770501,2.4838537575079114,0.9169110018755925,0.26689579824399967,0.09134517376886875,0.6417590279871315
interictal_115,interictal,2562,2568,,27,EEG Cp2,True,4.772330967611257,1.259336368128547,0.13187886681862585,0.3631385214209274,4.006570363587272,0.915715810331896,0.3944981818527339,0.18931854846093732,0.4161832696863289
interictal_115,interictal,2562,2568,,28,EEG Cp6,True,8.250321401003,2.075447648602449,0.11787691305763595,0.35154516424157567,3.812100753643533,0.9245635988857474,0.1990684743922702,0.1435029923347689,0.657428533272961
interictal_115,interictal,2562,2568,,29,EEG F10,True,15.749279412484837,3.6209015323467613,0.08336046890263758,0.3180648894442842,4.305474132975703,0.9175606638525796,0.3959163435621552,0.10353793851095464,0.5005457179268903
interictal_116,interictal,2568,2574,,1,EEG Fp1,True,28.03886818707155,5.453236606118168,0.09182676652556171,0.2582110199832181,4.177281040100776,0.6759830476090843,0.7596998539956916,0.05907157075856218,0.18122857524574634
interictal_116,interictal,2568,2574,,2,EEG F3,True,11.283868064550116,4.678791339174976,0.1869098013676327,0.5523632211770902,2.256904100091514,0.8803726582128667,0.36399530313268647,0.07921639940104976,0.5567882974662637
interictal_116,interictal,2568,2574,,3,EEG C3,True,4.009496104603046,1.1130899613917598,0.11527189840442853,0.35706633159379353,3.6018092916502376,0.8825221112287573,0.13460693554382994,0.12000224666750889,0.7453908177886611
interictal_116,interictal,2568,2574,,4,EEG P3,True,4.782628818226319,1.1328994932107639,0.10061869098013676,0.3065678206338937,4.285268574515046,0.9220623441725249,0.21820128229406388,0.22063074404023436,0.5611679736657017
interictal_116,interictal,2568,2574,,5,EEG O1,True,7.509573899062737,1.8398718756067596,0.09573428850537284,0.3145668829870486,4.350003105165192,0.9152299577618637,0.3101808525072237,0.20337191574461314,0.4864472317481632
interictal_116,interictal,2568,2574,,6,EEG F7,True,16.174115364884237,3.2503348911278183,0.08140670791273201,0.2582871324412923,4.5672542609145,0.8070132227327365,0.6301338906479469,0.13390863734264696,0.2359574720094061
interictal_116,interictal,2568,2574,,7,EEG T3,True,8.832617884435148,2.749271813601709,0.13774014978834256,0.4433031364758192,2.884493106861346,0.9184617657917212,0.31688750982806724,0.21989543252028224,0.4632170576516506
interictal_116,interictal,2568,2574,,8,EEG T5,True,7.069685755140924,2.2411838805261537,0.13383262780853142,0.42148318365320625,3.1726037723047766,0.9096401230768956,0.2749331591128583,0.17383294790754647,0.5512338929795951
interictal_116,interictal,2568,2574,,9,EEG Fc1,True,4.051920477352364,1.0712466324894128,0.10387495929664604,0.3390355969787588,3.7910772160584014,0.9367284006805797,0.24079909383788334,0.1751497000083182,0.5840512061537985
interictal_116,interictal,2568,2574,,10,EEG Fc5,True,7.377891742246965,2.81783712269569,0.15858026701400196,0.5043331317978499,2.7103388522362777,0.8956804013580386,0.43931423250754686,0.14360602079812745,0.4170797466943258
interictal_116,interictal,2568,2574,,11,EEG Cp1,True,3.4420991827874112,0.899693312393114,0.09736242266362748,0.34139470565633495,3.994125333708427,0.9169396517780116,0.24377704646087947,0.21144547393874671,0.5447774796003738
interictal_116,interictal,2568,2574,,12,EEG Cp5,True,5.314161369064903,1.3303461663918652,0.10713122761315533,0.3230666761989279,4.039729381978206,0.907290973175051,0.26657530036248805,0.19959894519426624,0.5338257544432456
interictal_116,interictal,2568,2574,,13,EEG F9,True,10.187504276791817,2.730710855571907,0.11722565939433409,0.34194579859285146,3.916932168473802,0.8525980252238708,0.4833658654210336,0.25958431499213835,0.257049819586828
interictal_116,interictal,2568,2574,,14,EEG Fz,True,8.937911788531883,1.2513480236644392,0.07033539563660046,0.1788708846305922,7.045060126551215,0.7930653010530555,0.5889939657634545,0.11170836072983388,0.29929767350671155
interictal_116,interictal,2568,2574,,15,EEG Cz,True,4.599882892828903,1.0419137251573887,0.0801042005861283,0.2923661578530561,4.286973811887377,0.9184823141251695,0.18418241331777577,0.1324437299599377,0.6833738567222866
interictal_116,interictal,2568,2574,,16,EEG Pz,True,3.693465576744645,0.9212506123227553,0.10680560078150439,0.3239296010653638,4.203239961655684,0.9077400571129867,0.2974373254402231,0.20791529305935716,0.4946473815004197
interictal_116,interictal,2568,2574,,17,EEG Fp2,True,27.12492430640295,2.8369047537195584,0.057310322370563334,0.1336306091114288,8.516030426345008,0.6206971482305395,0.8418867939860863,0.07682826225352196,0.08128494376039182
interictal_116,interictal,2568,2574,,18,EEG F4,True,12.263439139038624,3.325429228100468,0.11657440573103224,0.3575152980103837,3.335801036224334,0.8978932701839342,0.40798600122709994,0.1770047499822368,0.41500924879066325
interictal_116,interictal,2568,2574,,19,EEG C4,True,4.408022186236809,1.3703110734301094,0.11299251058287203,0.40015584110542124,3.2736102360187633,0.9224556458272178,0.27354798837742256,0.17183557428277513,0.5546164373398021
interictal_116,interictal,2568,2574,,20,EEG P4,True,4.09637930410071,1.1838268576132105,0.1289482253337675,0.37982195409572717,3.4184792710486627,0.9367155868991287,0.28197795341827964,0.16620927005263095,0.5518127765290894
interictal_116,interictal,2568,2574,,21,EEG O2,True,7.985741857765591,1.5197208767934398,0.06903288830999674,0.2494759318672654,5.321042330289964,0.9205558078640815,0.34195938820571326,0.15817200268837597,0.49986860910591074
interictal_116,interictal,2568,2574,,22,EEG F8,True,22.601880476803515,2.821351442357355,0.06903288830999674,0.16103158097751827,7.807961957426198,0.7310692761462875,0.7491720182920167,0.13037990883552142,0.1204480728724618
interictal_116,interictal,2568,2574,,23,EEG T4,True,9.197303750852903,3.2807298493017547,0.15011396939107782,0.49865658275220015,2.293645919815796,0.934240955791917,0.2010019516094841,0.14703709948502244,0.6519609489054934
interictal_116,interictal,2568,2574,,24,EEG T6,True,8.137021531539345,2.6897556109028677,0.1348095083034842,0.48955819343395224,2.4374488685873885,0.9495180234004336,0.24865889005156977,0.18875192362824686,0.5625891863201833
interictal_116,interictal,2568,2574,,25,EEG Fc2,True,6.510689878550962,1.6134759575940154,0.10159557147508955,0.31223891109635216,3.9284773979807945,0.8786616087728931,0.43904520922752227,0.14378004860536792,0.4171747421671098
interictal_116,interictal,2568,2574,,26,EEG Fc6,True,8.639473974208286,2.882580795886879,0.14522956691631392,0.46851733596054906,2.5307696804072637,0.9278952354799882,0.3533319082766912,0.18276863476570054,0.46389945695760826
interictal_116,interictal,2568,2574,,27,EEG Cp2,True,4.256173483870757,0.9374984327115423,0.07717355910126994,0.2852712821534836,4.802461774686232,0.9226839712609751,0.3050331600109255,0.18076670535739434,0.5142001346316802
interictal_116,interictal,2568,2574,,28,EEG Cp6,True,5.489669071122194,1.3062942321617663,0.10126994464343862,0.3112818399220338,4.1175777605207475,0.9340600679545707,0.3111152625591625,0.17045144386960562,0.5184332935712319
interictal_116,interictal,2568,2574,,29,EEG F10,True,10.95783156695829,2.432148665666151,0.07977857375447737,0.2800518420669575,4.7265883368784625,0.887654551981831,0.4540002938713549,0.22972785307822777,0.3162718530504173
interictal_117,interictal,2574,2580,,1,EEG Fp1,True,27.09304475773054,4.755060490132719,0.09312927385216542,0.23253503182536267,4.742201653823097,0.7993811690771229,0.6682686622984043,0.09004165421414591,0.2416896834874497
interictal_117,interictal,2574,2580,,2,EEG F3,True,10.548939815570181,4.091193251785782,0.17518723542819928,0.5229923638022986,2.3924990999698,0.9405741023577887,0.28755746186233677,0.151496775337226,0.5609457628004373
interictal_117,interictal,2574,2580,,3,EEG C3,True,3.3202449777029397,1.0172114054379937,0.11722565939433409,0.3965022784385125,3.4541959422130724,0.9102315682190882,0.4058892539115032,0.10735103907523011,0.48675970701326676
interictal_117,interictal,2574,2580,,4,EEG P3,True,6.659875231535666,1.158843781324322,0.05047215890589384,0.22168013131104697,6.130955204833198,0.9051211024261016,0.34077604008197476,0.2338254236208705,0.4253985362971547
interictal_117,interictal,2574,2580,,5,EEG O1,True,8.644831073003019,1.9935335978070308,0.08987300553565614,0.29486106346582236,4.74599205774418,0.9105377273430996,0.42153550277656926,0.21196083719860098,0.36650366002482976
interictal_117,interictal,2574,2580,,6,EEG F7,True,9.90783234953317,2.5511932757101,0.12406382285900358,0.33595603494378284,3.5478738219085577,0.9124090306657624,0.3508652055756473,0.18392177969376813,0.4652130147305846
interictal_117,interictal,2574,2580,,7,EEG T3,True,5.731323999041338,2.4380423248810206,0.16574405731032238,0.5670397521102898,2.2917337534610636,0.9379016663920506,0.2681549154588979,0.19188087357495195,0.5399642109661501
interictal_117,interictal,2574,2580,,8,EEG T5,True,6.673209096962289,2.525409189547051,0.15271898404428524,0.49222140104213036,2.694900610582789,0.9445456674620156,0.29590897258040305,0.19924155678561647,0.5048494706339803
interictal_117,interictal,2574,2580,,9,EEG Fc1,True,3.89572525575514,1.038252296066421,0.09931618365353305,0.34369360778688485,3.8318809023097327,0.9129221637902303,0.40531361852085734,0.15036893170551607,0.4443174497736267
interictal_117,interictal,2574,2580,,10,EEG Fc5,True,5.71085337900855,2.4994234930722596,0.1768153695864539,0.5931215531865229,2.3461590958475202,0.9084369282940588,0.36281900287091906,0.18597075097647395,0.451210246152607
interictal_117,interictal,2574,2580,,11,EEG Cp1,True,4.852473332212519,0.8981947099124586,0.06870726147834581,0.23990995939438475,5.892246270653675,0.9045415342315902,0.3781939060114502,0.19657067643631818,0.42523541755223165
interictal_117,interictal,2574,2580,,12,EEG Cp5,True,5.741996701788847,1.3661978955876943,0.08694236405079779,0.30661376027579523,4.319452627287731,0.9170960856811485,0.3087914273777212,0.23263994747854108,0.4585686251437378
interictal_117,interictal,2574,2580,,13,EEG F9,True,9.156446913533538,2.577921119033522,0.11201563008791925,0.3591980088761112,3.7378255846141166,0.9228491231956345,0.41972798332256406,0.16438834892158938,0.41588366775584656
interictal_117,interictal,2574,2580,,14,EEG Fz,True,8.326999827930017,1.1703987240044886,0.07880169325952459,0.1777843404753689,7.266274835125715,0.8152701531528141,0.634154176214195,0.12667300279661953,0.23917282098918544
interictal_117,interictal,2574,2580,,15,EEG Cz,True,5.068978243847003,1.0173785636999968,0.07228915662650602,0.2572496492337204,5.072830920817669,0.903962641322653,0.4140475096181507,0.11171649631596547,0.47423599406588385
interictal_117,interictal,2574,2580,,16,EEG Pz,True,3.682042106410613,0.9219662826299728,0.095083034842071,0.3273937827726718,4.278673475154095,0.910850046737306,0.36852145208616105,0.2723817361238866,0.35909681178995234
interictal_117,interictal,2574,2580,,17,EEG Fp2,True,27.195495926792265,2.564474335302031,0.046890263757733634,0.12189953166998534,9.343908526372138,0.683674448608906,0.8418190671748464,0.08211416049863035,0.07606677232652326
interictal_117,interictal,2574,2580,,18,EEG F4,True,11.534062351474214,3.0981478254218624,0.12959947899706936,0.3572839271828862,3.3453110984360994,0.8976236229027131,0.466540473269623,0.1078497382070698,0.4256097885233071
interictal_117,interictal,2574,2580,,19,EEG C4,True,5.655614588206238,1.367016500434092,0.10420058612829697,0.3094393378263818,4.222930713144323,0.9278639315234111,0.31677068921339097,0.19560085454002912,0.4876284562465798
interictal_117,interictal,2574,2580,,20,EEG P4,True,4.126313227909203,1.1905338097918319,0.1253663301856073,0.37843997706014476,3.4368168427855084,0.9205776334001878,0.20861586692065123,0.21368607739114356,0.5776980556882052
interictal_117,interictal,2574,2580,,21,EEG O2,True,9.263033185383991,1.6055774154460452,0.058612829697167045,0.22047913223845234,5.987855816314823,0.8989010301129089,0.42054249996554616,0.190340376516518,0.38911712351793576
interictal_117,interictal,2574,2580,,22,EEG F8,True,20.697877920793022,2.3125569877317362,0.06577661999348747,0.14394501037333743,8.698430225399235,0.6666992430607027,0.8404206161654975,0.07366951209240151,0.08590987174210107
interictal_117,interictal,2574,2580,,23,EEG T4,True,7.954152473524614,3.221480243116759,0.15727775968739824,0.5808913509901005,2.0070102678246977,0.9407015145349421,0.185969420636535,0.1435696693204579,0.6704609100430071
interictal_117,interictal,2574,2580,,24,EEG T6,True,8.692468043947295,3.023098059529099,0.12732009117551285,0.5145291722288522,2.325234984834205,0.9348394175365454,0.16288947613244315,0.1927448876619872,0.6443656362055696
interictal_117,interictal,2574,2580,,25,EEG Fc2,True,5.188061155655875,1.5934899370883868,0.12015630087919245,0.3905569957420617,3.1262125399040177,0.8836439043276487,0.4214043897719912,0.10722292676192002,0.47137268346608874
interictal_117,interictal,2574,2580,,26,EEG Fc6,True,7.485022425492192,2.5089793019705584,0.14067079127320092,0.4810003008704788,2.4907674645876994,0.9203706413564381,0.3828976733869831,0.16620382086679222,0.4508985057462246
interictal_117,interictal,2574,2580,,27,EEG Cp2,True,3.7382008049205115,0.9185552988785991,0.09117551286225985,0.3202087673217529,4.358520201678167,0.9237948073723677,0.351391718617397,0.18483556979911614,0.4637727115834868
interictal_117,interictal,2574,2580,,28,EEG Cp6,True,5.20281535237717,1.403465074732808,0.09801367632692934,0.3602349913880952,3.6279341237123157,0.9362566667055764,0.2508863061281604,0.215216190783198,0.5338975030886417
interictal_117,interictal,2574,2580,,29,EEG F10,True,8.019849156322463,2.2645926676232695,0.11136437642461738,0.356313343057157,3.7006996260807106,0.8242230630004665,0.5450647335618688,0.1377747064355686,0.31716056000256265
interictal_118,interictal,2580,2586,,1,EEG Fp1,True,29.507379272368354,5.004609590452407,0.10322370563334418,0.2229572745692869,4.892601870634485,0.8023342345766057,0.6182150904018049,0.11596845105983704,0.2658164585383581
interictal_118,interictal,2580,2586,,2,EEG F3,True,13.378419226776375,4.396003475872921,0.13806577661999347,0.44014055898503024,2.8169602217159024,0.9275653075479144,0.2839030179567911,0.11942145515442819,0.5966755268887808
interictal_118,interictal,2580,2586,,3,EEG C3,True,3.303760030925512,0.9988958788183255,0.11950504721589059,0.3960580630857814,3.505532257785513,0.8825968346913499,0.3967869114304061,0.1812702490169865,0.42194283955260736
interictal_118,interictal,2580,2586,,4,EEG P3,True,4.868705549183015,1.1012610195462156,0.09996743731683491,0.29272812461524206,4.712695641306488,0.9325348390573251,0.32696744565697344,0.21272379141092082,0.4603087629321057
interictal_118,interictal,2580,2586,,5,EEG O1,True,8.780710516883296,1.9949947881557293,0.09671116900032563,0.2945616843497254,4.668836046714592,0.8946292702206765,0.43978999629882903,0.2236227900198871,0.33658721368128397
interictal_118,interictal,2580,2586,,6,EEG F7,True,14.863229402589761,2.6500330617643657,0.06545099316183653,0.2312329215422584,5.0153880646857365,0.8648259594625413,0.5192783084888842,0.17314470994733883,0.30757698156377694
interictal_118,interictal,2580,2586,,7,EEG T3,True,6.270524657752126,2.6635479554501993,0.1650928036470205,0.5634289978377491,2.3473458926835424,0.9195932045968173,0.331686905234026,0.17349479270043602,0.49481830206553795
interictal_118,interictal,2580,2586,,8,EEG T5,True,6.61063205679092,2.673907291702807,0.15727775968739824,0.5265197207465895,2.522509910838603,0.9223146032275872,0.35449696699871697,0.14143354629920882,0.5040694867020743
interictal_118,interictal,2580,2586,,9,EEG Fc1,True,3.8585056156269624,1.0301960617386499,0.11201563008791925,0.34785170120452175,3.8266096234674856,0.8906136463620266,0.3133621838348565,0.10870357591387432,0.5779342402512692
interictal_118,interictal,2580,2586,,10,EEG Fc5,True,6.424128265247296,2.891341054263079,0.17030283295343537,0.5979285619262947,2.3107688916683466,0.8859162928654485,0.40713835619845556,0.21828145262836993,0.3745801911731745
interictal_118,interictal,2580,2586,,11,EEG Cp1,True,3.8928730341512465,0.8594334337652345,0.0882448713774015,0.2886449194255951,4.9907408744444055,0.8577813427155293,0.4497808329342197,0.14913408975307593,0.4010850773127043
interictal_118,interictal,2580,2586,,12,EEG Cp5,True,4.634649515124265,1.3684207672093591,0.1045262129599479,0.3804882413209485,3.547066276601333,0.8741568010071965,0.38094450755433146,0.20276374738446268,0.4162917450612058
interictal_118,interictal,2580,2586,,13,EEG F9,True,8.24413853708345,2.4880319023397948,0.12601758384890915,0.38565413172951457,3.4510959486454063,0.8669472376783519,0.5116155034331513,0.1921473115360375,0.2962371850308112
interictal_118,interictal,2580,2586,,14,EEG Fz,True,9.669055789641629,1.175887877173013,0.06675350048844025,0.15577397798906414,8.343404400824959,0.7922592123304464,0.6039445383900747,0.1003390582571258,0.2957164033527995
interictal_118,interictal,2580,2586,,15,EEG Cz,True,3.941229439208437,0.9667328245243266,0.08173233474438293,0.3174490987204235,4.216960124044181,0.9081225668160692,0.2937520441266,0.15394912808075994,0.55229882779264
interictal_118,interictal,2580,2586,,16,EEG Pz,True,3.6871547822689545,0.888522346666145,0.11103874959296646,0.31380060394105413,4.5270432477516565,0.8239300222350184,0.5221097585015603,0.15482885786519066,0.32306138363324904
interictal_118,interictal,2580,2586,,17,EEG Fp2,True,26.18323385241834,2.8042556864830623,0.06089221751872354,0.13834327223699006,8.23902028467602,0.7003025870437792,0.7616909943477058,0.09153870877540662,0.1467702968768875
interictal_118,interictal,2580,2586,,18,EEG F4,True,11.684377853574313,3.3934260975764623,0.14881146206447413,0.3835632769658242,3.0854526229627353,0.9157188089713427,0.33827203572291314,0.13691002357685197,0.524817940700235
interictal_118,interictal,2580,2586,,19,EEG C4,True,4.758783362906871,1.4247779745887745,0.11234125691957017,0.386179690125648,3.394589270848099,0.8425290483172488,0.49808591262953755,0.16128165107437833,0.34063243629608414
interictal_118,interictal,2580,2586,,20,EEG P4,True,4.42320366000335,1.142562989675604,0.09931618365353305,0.3375975561319467,3.9784891507954647,0.9004793344923613,0.4135579795669321,0.21753214058992398,0.368909879843144
interictal_118,interictal,2580,2586,,21,EEG O2,True,7.544885679903314,1.3469364971072748,0.07587105177466623,0.22998592609975863,5.825740786408507,0.9309175344931625,0.32393989099830844,0.20760491327023983,0.46845519573145167
interictal_118,interictal,2580,2586,,22,EEG F8,True,21.030410369783805,2.3982911867367793,0.05307717355910127,0.14771161864686277,8.08038118544105,0.7368010334210445,0.7051020891599431,0.135497050396941,0.15940086044311583
interictal_118,interictal,2580,2586,,23,EEG T4,True,9.997260799177768,3.8982792907408332,0.14978834255942688,0.5312258191163983,2.0461102194445093,0.9080371261765998,0.19107101245230976,0.07885870787917133,0.7300702796685188
interictal_118,interictal,2580,2586,,24,EEG T6,True,8.335563349482435,2.8285161839467956,0.12113318137414524,0.5003410592057524,2.3341149017504166,0.9419597716215435,0.20964810044074494,0.13870176780551188,0.6516501317537431
interictal_118,interictal,2580,2586,,25,EEG Fc2,True,4.8268001706110315,1.60700277770513,0.135786388798437,0.42162743388826196,2.905409720300452,0.8869296560970594,0.4290495543144806,0.11262273963661415,0.4583277060489053
interictal_118,interictal,2580,2586,,26,EEG Fc6,True,8.077400969812478,3.10778638925244,0.1556496255291436,0.5383420034258646,2.1849046553965463,0.9150815348263228,0.3756143883238503,0.0977589395592061,0.5266266721169437
interictal_118,interictal,2580,2586,,27,EEG Cp2,True,4.728259486210213,0.9022042323597442,0.0615434711820254,0.24903520168159368,5.747266993166072,0.8732766220030463,0.4639616614694442,0.1810247549302825,0.3550135836002734
interictal_118,interictal,2580,2586,,28,EEG Cp6,True,5.008904365822036,1.3288102999061473,0.09117551286225985,0.3434720758846547,3.802965024580235,0.8970509514756502,0.4573839256883783,0.2026662376969275,0.3399498366146942
interictal_118,interictal,2580,2586,,29,EEG F10,True,10.791649589164964,2.2222386641158995,0.08857049820905243,0.2628424584768095,4.9570734617781325,0.8499570479408192,0.5380749284692717,0.1807532611590457,0.28117181037168254
interictal_119,interictal,2586,2592,,1,EEG Fp1,True,16.326748586393688,4.484338381975039,0.12504070335395637,0.36563559706213705,3.0138883869707698,0.8290171715871528,0.5967446325041812,0.11200495046924042,0.2912504170265784
interictal_119,interictal,2586,2592,,2,EEG F3,True,8.875549414995325,3.7590161537105446,0.1846304135460762,0.5753318646096237,2.1895257505437655,0.9292507886525069,0.21482100888891495,0.09996596226491739,0.6852130288461677
interictal_119,interictal,2586,2592,,3,EEG C3,True,3.650160203984139,0.9872542514304665,0.11983067404754151,0.34409171301805813,3.991938608222518,0.9345555858454464,0.2846093240501097,0.15340439595802127,0.561986279991869
interictal_119,interictal,2586,2592,,4,EEG P3,True,4.482173824008622,1.1229187185256255,0.10257245197004233,0.32349666922604603,4.158108806136689,0.888644986513936,0.4467948702068406,0.18141815487400745,0.3717869749191518
interictal_119,interictal,2586,2592,,5,EEG O1,True,7.752513955673122,2.016830524918328,0.10061869098013676,0.337817042107197,3.9896373843840185,0.7932908752746338,0.6221986566922262,0.17599861481784562,0.20180272848992822
interictal_119,interictal,2586,2592,,6,EEG F7,True,12.905863356661639,2.3528233087654686,0.07847606642787365,0.23731027120065565,4.844075763805695,0.9048412762943051,0.39248196930496315,0.16655925089423704,0.4409587798007998
interictal_119,interictal,2586,2592,,7,EEG T3,True,6.9085897119469015,2.618248833018959,0.14946271572777597,0.499999042539905,2.641291255822042,0.9311974349801957,0.2928658085844572,0.1867797582787663,0.5203544331367765
interictal_119,interictal,2586,2592,,8,EEG T5,True,7.682491075261996,2.721149625437875,0.15597525236079454,0.45361712309491736,2.8959301478952226,0.9300438257293877,0.3202549841846152,0.15138175013933441,0.5283632656760504
interictal_119,interictal,2586,2592,,9,EEG Fc1,True,3.5297243300400694,0.9828847258810229,0.1045262129599479,0.35395009297738617,3.7307281244987722,0.9209479852164462,0.2821555690366832,0.11484665769392373,0.602997773269393
interictal_119,interictal,2586,2592,,10,EEG Fc5,True,5.453016843919359,2.691645090704719,0.1859329208726799,0.6654960783671198,2.0920286891754416,0.902072018626544,0.3516831768512981,0.19053499821333786,0.45778182493536396
interictal_119,interictal,2586,2592,,11,EEG Cp1,True,4.13290386746806,0.8324967008371982,0.09573428850537284,0.2599808498843156,5.432460883698002,0.8990052357353615,0.4314298827892343,0.1753877117927197,0.39318240541804605
interictal_119,interictal,2586,2592,,12,EEG Cp5,True,5.023945121617215,1.354442607051288,0.10126994464343862,0.34740902882414315,3.8276718884232284,0.9223705843527641,0.3356707477842954,0.15002979097490365,0.5142994612408011
interictal_119,interictal,2586,2592,,13,EEG F9,True,9.466772166305967,2.3638318536589162,0.11690003256268316,0.32098160862138597,4.084569814561645,0.8640073463940788,0.5200803856548907,0.16942949015968348,0.3104901241854259
interictal_119,interictal,2586,2592,,14,EEG Fz,True,6.223696155162757,1.0671316973676748,0.06577661999348747,0.21718284265128396,6.086587886859276,0.8030470750239287,0.6227738307870567,0.12343698654062105,0.25378918267232226
interictal_119,interictal,2586,2592,,15,EEG Cz,True,3.59713631673283,0.909592230922977,0.10094431781178768,0.32184989655997576,4.169381469908867,0.9239435027022063,0.29542245600462086,0.12377610701385076,0.5808014369815284
interictal_119,interictal,2586,2592,,16,EEG Pz,True,4.010660636470065,0.8451472554129404,0.07815043959622273,0.272244986685932,5.132811886732938,0.8454665609045656,0.5161020616011082,0.19861094153543782,0.285286996863454
interictal_119,interictal,2586,2592,,17,EEG Fp2,True,13.965320278727367,2.500353313616048,0.10778248127645718,0.22544304257519762,5.098227769508001,0.7431108506669424,0.7259949321231898,0.12011045710960312,0.15389461076720695
interictal_119,interictal,2586,2592,,18,EEG F4,True,7.930893662861373,3.0377330682952497,0.16574405731032238,0.49721499231117977,2.401968334705052,0.898463346101197,0.35332096748646247,0.11505375301231686,0.5316252795012205
interictal_119,interictal,2586,2592,,19,EEG C4,True,4.349303630836471,1.332911936304515,0.11559752523607945,0.3943492467064352,3.2992449156132513,0.9466384131251281,0.2877900176908763,0.10799273333820708,0.6042172489709166
interictal_119,interictal,2586,2592,,20,EEG P4,True,3.4719696478724704,1.0984461991258365,0.12276131553239987,0.410690411101437,3.247614103063336,0.9461406664523824,0.2411878494884797,0.18270185004390455,0.5761103004676158
interictal_119,interictal,2586,2592,,21,EEG O2,True,4.2955043451464165,1.257170164200361,0.1243894496906545,0.371750261252299,3.5504750649454384,0.8399434263560277,0.5733481358266107,0.1794556266445279,0.24719623752886144
interictal_119,interictal,2586,2592,,22,EEG F8,True,13.73047900020091,2.1578441606421332,0.060240963855421686,0.20407545771460833,6.00473980003865,0.7323784686002884,0.7647376790405612,0.10652123536505718,0.1287410855943816
interictal_119,interictal,2586,2592,,23,EEG T4,True,8.214585116173716,3.5775153232644343,0.1732334744382937,0.588254389985441,1.887244434403515,0.9276115666353993,0.1834354667875482,0.0718261044597791,0.7447384287526727
interictal_119,interictal,2586,2592,,24,EEG T6,True,7.878284221570882,2.588208783999838,0.14197329859980462,0.4843507889204348,2.4511251315868288,0.9409135771452953,0.2510909618932971,0.21300164643512837,0.5359073916715746
interictal_119,interictal,2586,2592,,25,EEG Fc2,True,3.917658194902523,1.5245965146871279,0.14881146206447413,0.49338491855556793,2.48769756690602,0.9197303584016341,0.33340111261546407,0.12831598556250545,0.5382829018220305
interictal_119,interictal,2586,2592,,26,EEG Fc6,True,7.492765799846744,2.7544591217332646,0.12406382285900358,0.5160485600003357,2.305385344081077,0.9070092782991749,0.41331018147258664,0.09759731564205194,0.48909250288536144
interictal_119,interictal,2586,2592,,27,EEG Cp2,True,3.5535708634248713,0.8690786811229453,0.08140670791273201,0.31235862765293093,4.459541690800721,0.9219051037980132,0.26992857161170025,0.17421497936226535,0.5558564490260345
interictal_119,interictal,2586,2592,,28,EEG Cp6,True,5.695597542092145,1.2547396036607223,0.10322370563334418,0.28028380118878304,4.654162643480516,0.917848926272559,0.36970120195754436,0.1681029271368188,0.4621958709056368
interictal_119,interictal,2586,2592,,29,EEG F10,True,7.749785093689282,2.186657175609159,0.0986649299902312,0.3573461658070678,3.596126714233856,0.830354314166136,0.6221835040250832,0.09911716112971579,0.27869933484520104
interictal_120,interictal,2592,2598,,1,EEG Fp1,True,18.41206432841777,4.500178598658833,0.12178443503744708,0.32430873217802025,3.374931720175848,0.8101804161993004,0.5609275982717811,0.09241276376670594,0.34665963796151295
interictal_120,interictal,2592,2598,,2,EEG F3,True,8.60742296011963,3.845308917450491,0.19342233800065126,0.5962040730862517,2.124337969396344,0.9258935381659176,0.25663412921819334,0.1629596745835285,0.5804061961982783
interictal_120,interictal,2592,2598,,3,EEG C3,True,4.833498541598068,0.9656221549849212,0.09801367632692934,0.25731061042518316,5.143986024827825,0.8789917652145331,0.4341777369145669,0.1648042806109571,0.40101798247447584
interictal_120,interictal,2592,2598,,4,EEG P3,True,4.440348426565463,1.1405210801690169,0.11331813741452296,0.33099459130307873,4.00148490446214,0.8999939506754352,0.3712330377507451,0.21285420786972115,0.4159127543795337
interictal_120,interictal,2592,2598,,5,EEG O1,True,6.027102367038494,1.9773796752297572,0.1520677303809834,0.42646658020351197,3.1635906484769265,0.8686401522428856,0.4753396496705083,0.15454383135225833,0.37011651897723336
interictal_120,interictal,2592,2598,,6,EEG F7,True,11.14035043290339,2.370046731210914,0.06349723217193097,0.27774359931419557,4.216920641486308,0.8897231648347618,0.42842857446515276,0.24893693602218883,0.3226344895126585
interictal_120,interictal,2592,2598,,7,EEG T3,True,7.213308715836394,2.618744840489648,0.14783458156952134,0.4808690031944949,2.7453908011928303,0.9148957784322388,0.40767980464483045,0.20057289577201284,0.3917472995831566
interictal_120,interictal,2592,2598,,8,EEG T5,True,6.303558281198383,2.735508607912929,0.18430478671442527,0.5568989790519785,2.3492489443141844,0.9064154707117192,0.3747796426237878,0.1557959786841393,0.4694243786920728
interictal_120,interictal,2592,2598,,9,EEG Fc1,True,3.4453789168235205,0.9641986992315797,0.11103874959296646,0.35847280364493683,3.6031854529776046,0.8508475465378811,0.44287727599292787,0.07980390386160716,0.477318820145465
interictal_120,interictal,2592,2598,,10,EEG Fc5,True,5.83965644786538,2.6741759324453507,0.21068056007815045,0.6179972143132283,2.2488701935807534,0.9096540797584409,0.4212888943824743,0.22719340530520415,0.3515177003123216
interictal_120,interictal,2592,2598,,11,EEG Cp1,True,5.298369361048434,0.8146136103972108,0.06610224682513839,0.19860857476817512,6.93769377845269,0.8842656466393832,0.40788239174249247,0.18088176915750986,0.41123583909999767
interictal_120,interictal,2592,2598,,12,EEG Cp5,True,5.064007951216626,1.358235554114302,0.10713122761315533,0.3439637390786912,3.832043969034705,0.8952223701233839,0.4043008413695764,0.1760818911586508,0.4196172674717728
interictal_120,interictal,2592,2598,,13,EEG F9,True,9.598875565859077,2.3260215180347803,0.12699446434386194,0.3079324992598139,4.295916338750797,0.8545875780796384,0.56472991111865,0.2125636504975205,0.22270643838382956
interictal_120,interictal,2592,2598,,14,EEG Fz,True,6.074975418291615,1.0890708318800915,0.0846629762292413,0.22893005141402692,5.593704830244128,0.8066043874895231,0.6197139879112172,0.13973169802144483,0.24055431406733782
interictal_120,interictal,2592,2598,,15,EEG Cz,True,3.662780814051842,0.9280647587632063,0.09964181048518397,0.32218584640581305,3.9844419015155768,0.8934913340365772,0.2971060060261613,0.12422101755701496,0.5786729764168238
interictal_120,interictal,2592,2598,,16,EEG Pz,True,3.5387357186319996,0.8261826258801965,0.09573428850537284,0.29878760865560633,4.626165259293002,0.8776059125149174,0.4904397456858048,0.1372745092597824,0.37228574505441275
interictal_120,interictal,2592,2598,,17,EEG Fp2,True,20.90360736913584,2.623195373902027,0.07912732009117551,0.159943430439738,7.214644213820677,0.6861165067048995,0.8296753914938665,0.06671108328163507,0.1036135252244985
interictal_120,interictal,2592,2598,,18,EEG F4,True,10.227220301876404,3.1248749484622738,0.15467274503419082,0.3948203867709495,3.012254415897618,0.9004621970348807,0.4321497945925242,0.17427687406725992,0.393573331340216
interictal_120,interictal,2592,2598,,19,EEG C4,True,3.785170960228822,1.3191855094752347,0.14067079127320092,0.4458054309557842,2.884463241482351,0.9011658829754827,0.4125555682447216,0.1908397387385716,0.39660469301670676
interictal_120,interictal,2592,2598,,20,EEG P4,True,3.2170270983139013,1.098215319342813,0.1208075545424943,0.4460614620335707,2.9801897524750274,0.9306676871596516,0.2878378828320271,0.17625386713975788,0.535908250028215
interictal_120,interictal,2592,2598,,21,EEG O2,True,5.691973963183027,1.2137151270068842,0.09215239335721263,0.27290779976168417,4.811434399131202,0.8992116416091361,0.43521044855169644,0.11386957997014732,0.4509199714781562
interictal_120,interictal,2592,2598,,22,EEG F8,True,23.416799802978606,2.202485846786879,0.05275154672745034,0.12219175285648105,9.486582088936675,0.7036211539419783,0.813910577412808,0.1349268875478097,0.051162535039382256
interictal_120,interictal,2592,2598,,23,EEG T4,True,8.452726660021202,3.546063875012755,0.16704656463692608,0.5718910411930572,1.97647087772504,0.9242600737374451,0.20112087560513828,0.1205688665749446,0.678310257819917
interictal_120,interictal,2592,2598,,24,EEG T6,True,6.555024617115259,2.6395739029887677,0.1533702377075871,0.5979597316011314,1.9808901814882902,0.9368542427066833,0.22545534372221646,0.16675438598795847,0.607790270289825
interictal_120,interictal,2592,2598,,25,EEG Fc2,True,4.620100516916691,1.5622800519647815,0.14425268642136113,0.42881842540793147,2.839557931915817,0.9137461110069964,0.37429815011627615,0.12998762690790452,0.49571422297581935
interictal_120,interictal,2592,2598,,26,EEG Fc6,True,9.230040829692063,2.9637350019020237,0.13090198632367306,0.4535953299744615,2.5567397157143414,0.8906647953388838,0.46071152743164445,0.1811026819141883,0.3581857906541673
interictal_120,interictal,2592,2598,,27,EEG Cp2,True,2.626442282694411,0.8182706316435792,0.126668837512211,0.40255338366799737,3.448756458168808,0.9352219008202602,0.33896906103522606,0.16052235528193132,0.5005085836828427
interictal_120,interictal,2592,2598,,28,EEG Cp6,True,3.989465024408999,1.2584370255180002,0.14164767176815368,0.40655068478922346,3.146214479981314,0.9158183699629817,0.30273971553222373,0.197986829500594,0.4992734549671822
interictal_120,interictal,2592,2598,,29,EEG F10,True,9.888089896023418,2.1143712878174528,0.07359166395310973,0.2683805434980274,4.807910625795466,0.7941678159292231,0.6373085202725702,0.22428193942164287,0.1384095403057869
interictal_121,interictal,2598,2604,,1,EEG Fp1,True,25.2745101321818,4.594959785368734,0.10973624226636275,0.24150480898295948,4.596014235149136,0.7581809504850379,0.6904295702251425,0.09540604330790595,0.21416438646695155
interictal_121,interictal,2598,2604,,2,EEG F3,True,10.223033660792545,3.952101532068135,0.16574405731032238,0.5301964865453275,2.401166978427744,0.9207067638593232,0.3361342103230207,0.1218216435638759,0.5420441461131034
interictal_121,interictal,2598,2604,,3,EEG C3,True,4.212944729113045,0.9940584937561445,0.0928036470205145,0.3040244411323402,4.485943354486634,0.9187980262066642,0.3760869938065139,0.18799313637376433,0.43591986981972186
interictal_121,interictal,2598,2604,,4,EEG P3,True,4.02058582005062,1.1991170442971615,0.11885379355258874,0.38357743684980156,3.5119924243455585,0.913460802860756,0.344278198641541,0.1736989048155534,0.4820228965429056
interictal_121,interictal,2598,2604,,5,EEG O1,True,6.307570219117975,2.0755225529641086,0.12829697167046564,0.4238922961612061,3.1792014959704544,0.9084703728491411,0.34859232665435463,0.19470058987005764,0.4567070834755878
interictal_121,interictal,2598,2604,,6,EEG F7,True,12.529717855490043,2.3403401931762167,0.08368609573428851,0.24179333311484458,4.878696367125992,0.8632765659871211,0.4600101399217486,0.17129430774251503,0.36869555233573637
interictal_121,interictal,2598,2604,,7,EEG T3,True,6.774708314819695,2.5877032376468714,0.17486160859654837,0.5063947586658383,2.609176554312585,0.9248235605417523,0.34872177707820495,0.22109459128000958,0.4301836316417855
interictal_121,interictal,2598,2604,,8,EEG T5,True,6.477022628557498,2.7927606707697494,0.1800716379029632,0.5587377880671389,2.3522307340589377,0.9039633460739188,0.34328261045056896,0.1687553242861631,0.48796206526326785
interictal_121,interictal,2598,2604,,9,EEG Fc1,True,4.361794918235016,1.0106113243278536,0.09117551286225985,0.29602156242432087,4.415332770834033,0.9233400898717858,0.28583829144632344,0.1230992334453563,0.5910624751083202
interictal_121,interictal,2598,2604,,10,EEG Fc5,True,5.755798655680629,2.6850616895340087,0.19114295017909474,0.6227455429890005,2.2468943483316033,0.9281077108040799,0.341442032063909,0.26587726538830486,0.3926807025477862
interictal_121,interictal,2598,2604,,11,EEG Cp1,True,2.975289905495626,0.8391353536282814,0.10582872028655162,0.36557930388725357,3.8642323267538954,0.9303424697688043,0.33333368245795203,0.16976608465578302,0.4969002328862649
interictal_121,interictal,2598,2604,,12,EEG Cp5,True,4.5768400305611845,1.410032129992534,0.12504070335395637,0.39484117514922473,3.3641987093118386,0.9129039531760315,0.3069460010132347,0.22831770873379378,0.4647362902529716
interictal_121,interictal,2598,2604,,13,EEG F9,True,8.592301232768063,2.345456216307567,0.11820253988928688,0.3479361784869481,3.8594544646758533,0.8436953390374415,0.511854725553674,0.2000529026976671,0.288092371748659
interictal_121,interictal,2598,2604,,14,EEG Fz,True,7.710503812125837,1.114172302765652,0.08042982741777922,0.18479431132910798,6.896680825825568,0.7524075861618078,0.7224956748136355,0.09228318552331696,0.18522113966304754
interictal_121,interictal,2598,2604,,15,EEG Cz,True,4.977693342014113,0.9661452380028588,0.08661673721914685,0.25068489122409654,5.145863331578247,0.918331261841919,0.2802590177112063,0.10475819245585113,0.6149827898329425
interictal_121,interictal,2598,2604,,16,EEG Pz,True,4.177387293241577,0.8728231718752834,0.06707912732009118,0.2705898690636313,5.1051691032312,0.909510778468058,0.4152973046598746,0.19911583217717715,0.3855868631629483
interictal_121,interictal,2598,2604,,17,EEG Fp2,True,24.533554621564413,2.6466707063227193,0.0778248127645718,0.13701450266085102,8.316683029811903,0.6538662074836682,0.8391849313741392,0.07137148237165332,0.08944358625420769
interictal_121,interictal,2598,2604,,18,EEG F4,True,10.39034318525191,3.2161771347844215,0.1533702377075871,0.4002852624607998,2.961957095843484,0.8474332431063899,0.48429316359113783,0.09004355026651642,0.4256632861423458
interictal_121,interictal,2598,2604,,19,EEG C4,True,4.057048699705165,1.3336340027571099,0.14262455226310647,0.42289657133716896,3.053193628909874,0.923658041150708,0.30823139527004656,0.19425422867049028,0.49751437605946314
interictal_121,interictal,2598,2604,,20,EEG P4,True,3.651766014386752,1.157692849412146,0.13220449365027678,0.4147275944939816,3.176752539441564,0.9284444966051643,0.3354903179214946,0.1639610993536273,0.5005485827248781
interictal_121,interictal,2598,2604,,21,EEG O2,True,6.225581491470338,1.317898830081606,0.08922175187235429,0.26862885378240364,4.874286063706802,0.9187280861825295,0.29278930259968206,0.19230504751132915,0.5149056498889888
interictal_121,interictal,2598,2604,,22,EEG F8,True,20.10168668414915,2.1886949408964163,0.06089221751872354,0.13974938257271907,8.474497357933961,0.6736296019273432,0.8095536362487424,0.07567764753518005,0.11476871621607751
interictal_121,interictal,2598,2604,,23,EEG T4,True,8.264344013823072,3.6780025585450478,0.17616411592315206,0.5978639943037777,1.8519808190718217,0.887417445998298,0.11680953842075135,0.05269125024830014,0.8304992113309486
interictal_121,interictal,2598,2604,,24,EEG T6,True,7.309285796735803,2.8223795010414285,0.14685770107456855,0.5744262338088522,2.045431832152049,0.9312765608333223,0.20342008360437985,0.12378642750243653,0.6727934888931836
interictal_121,interictal,2598,2604,,25,EEG Fc2,True,4.222218930399839,1.5854032720019076,0.15402149137088897,0.4796727687943435,2.506945825749976,0.8967819379820275,0.39023300452128407,0.09685594954351112,0.5129110459352049
interictal_121,interictal,2598,2604,,26,EEG Fc6,True,7.119821901303865,3.0528293975034586,0.17616411592315206,0.611624313336905,1.9082165574682373,0.9106789583721082,0.30476740207587294,0.08163602074669024,0.6135965771774369
interictal_121,interictal,2598,2604,,27,EEG Cp2,True,3.5732324615355218,0.8702765947331552,0.09019863236730706,0.31500200885936,4.396411504199361,0.9442842891068116,0.2874362769121439,0.19291109176565058,0.5196526313222054
interictal_121,interictal,2598,2604,,28,EEG Cp6,True,3.862837972527535,1.2933343004316067,0.135786388798437,0.431443670467993,2.978989516481428,0.9293476573847685,0.3270214539838329,0.13259648230256227,0.5403820637136046
interictal_121,interictal,2598,2604,,29,EEG F10,True,7.80721844083872,2.145639990177098,0.12276131553239987,0.344693574212368,3.758164316242934,0.8744488306243097,0.49740668817625044,0.1472810428527652,0.35531226897098434
interictal_122,interictal,2604,2610,,1,EEG Fp1,True,22.392468752028847,5.197509049997877,0.11234125691957017,0.30216527109689845,3.5961108101349684,0.8455349094295678,0.5383750570755442,0.07752144346729879,0.3841034994571569
interictal_122,interictal,2604,2610,,2,EEG F3,True,11.849645630575282,4.527643439505105,0.16248778899381308,0.5055409630407218,2.5090288114482933,0.9507909970861322,0.21076553118322,0.12667241068455806,0.6625620581322219
interictal_122,interictal,2604,2610,,3,EEG C3,True,4.34214295945225,1.0465113604362708,0.10354933246499512,0.3106364409740423,4.424495318971342,0.9176224973539451,0.3199126345145842,0.16994501580211113,0.5101423496833047
interictal_122,interictal,2604,2610,,4,EEG P3,True,6.403347587404391,1.274155868500585,0.08303484207098664,0.2555340451004468,5.264964147788449,0.899842041268696,0.3276126002340404,0.1268140376788469,0.5455733620871128
interictal_122,interictal,2604,2610,,5,EEG O1,True,8.771710169888008,2.138867155872969,0.09182676652556171,0.3152815476297357,4.268547904906806,0.8582608898836621,0.5230951229953861,0.13773350669251277,0.3391713703121011
interictal_122,interictal,2604,2610,,6,EEG F7,True,16.928733749101774,2.7282503195256713,0.08108108108108109,0.20719159027991413,5.623143128230097,0.8568316275922869,0.5513289689577036,0.15476611150648237,0.2939049195358141
interictal_122,interictal,2604,2610,,7,EEG T3,True,8.505906522635705,2.787036383085202,0.12211006186909801,0.4331527269941484,2.991246827458575,0.9382477536714391,0.2575551983883438,0.1706579930639595,0.5717868085476966
interictal_122,interictal,2604,2610,,8,EEG T5,True,8.379667364532759,2.9037519480524003,0.14685770107456855,0.44932168356223456,2.9077929280688255,0.9505789289594757,0.21748216842705315,0.17303251100396047,0.6094853205689864
interictal_122,interictal,2604,2610,,9,EEG Fc1,True,4.409940626870251,1.0776139850762332,0.095083034842071,0.31515339078837024,4.166113011112565,0.8663441088835356,0.3604659532327747,0.10333210770023325,0.536201939066992
interictal_122,interictal,2604,2610,,10,EEG Fc5,True,7.851179474329186,2.8752207214995376,0.15825464018235103,0.48895572941156396,2.8386494042361066,0.9035203048908769,0.40215135560381926,0.16748802945137506,0.4303606149448057
interictal_122,interictal,2604,2610,,11,EEG Cp1,True,3.543814414244688,0.9162022411018308,0.10550309345490068,0.3356139475320608,4.219732303756779,0.8923257788920214,0.38765159839406127,0.14626870920827215,0.4660796923976665
interictal_122,interictal,2604,2610,,12,EEG Cp5,True,5.975062811571295,1.4760386183910759,0.11396939107782482,0.3169729378304965,4.183115600606845,0.93724777842823,0.21575563393788183,0.14545159589500786,0.6387927701671102
interictal_122,interictal,2604,2610,,13,EEG F9,True,11.869829175391967,2.53411365795791,0.09931618365353305,0.2711572922610087,4.729805385483555,0.8821441523146661,0.49236970925845425,0.19425512690891023,0.3133751638326356
interictal_122,interictal,2604,2610,,14,EEG Fz,True,7.631590828624814,1.158362597891821,0.0719635297948551,0.19536585863180655,6.699337492296906,0.8077482721950612,0.6274854962153891,0.11668078214201112,0.2558337216425997
interictal_122,interictal,2604,2610,,15,EEG Cz,True,3.6763727303981786,1.0155305965374373,0.1162487788993813,0.3582331934137342,3.6800056630568188,0.8823183626393665,0.2586724570303254,0.11617485677341588,0.6251526861962587
interictal_122,interictal,2604,2610,,16,EEG Pz,True,4.828967865954955,0.9507645618187036,0.06870726147834581,0.25380206801012084,5.4934921993405625,0.9189288872541586,0.3734162137503599,0.1251816463212812,0.5014021399283589
interictal_122,interictal,2604,2610,,17,EEG Fp2,True,21.36962524119081,2.7427497536634693,0.06545099316183653,0.16197023707960537,7.109962088116073,0.751688547397872,0.7612264552525733,0.06812948233003192,0.17064406241739463
interictal_122,interictal,2604,2610,,18,EEG F4,True,11.12650527220684,3.2960859915263936,0.13187886681862585,0.38978867616961954,3.0679169296259796,0.9144396603144278,0.37982248793968576,0.13888283759805745,0.4812946744622567
interictal_122,interictal,2604,2610,,19,EEG C4,True,8.24777584515471,1.3733213132356274,0.06707912732009118,0.2155016313481919,6.054670125279348,0.8908846661629507,0.4057706454492306,0.22319612020463683,0.3710332343461325
interictal_122,interictal,2604,2610,,20,EEG P4,True,4.412031201806545,1.222588619958228,0.1045262129599479,0.35957692258438184,3.7430432180241486,0.95820699779764,0.21281896232009812,0.18656513625776,0.6006159014221419
interictal_122,interictal,2604,2610,,21,EEG O2,True,7.731040645045136,1.3484623596177467,0.06642787365678932,0.22269040742496582,5.886157973034659,0.8970395201256062,0.39750224235415815,0.2193825843539924,0.38311517329184946
interictal_122,interictal,2604,2610,,22,EEG F8,True,26.09257800601782,2.2381179344246944,0.03321393682839466,0.11019707972179689,10.75028021457008,0.713177583401617,0.7907718021747369,0.09511319354872275,0.11411500427654041
interictal_122,interictal,2604,2610,,23,EEG T4,True,9.721176483763552,3.612782460444214,0.14783458156952134,0.5054974396266049,2.161617621618133,0.9060237522841893,0.1743297072374029,0.07736074370870256,0.7483095490538945
interictal_122,interictal,2604,2610,,24,EEG T6,True,7.799340373958804,2.7698390042385497,0.12699446434386194,0.5212253686721922,2.2699977417807333,0.9300179903153427,0.21889735776778735,0.16598234258149216,0.6151202996507205
interictal_122,interictal,2604,2610,,25,EEG Fc2,True,4.8874707532044495,1.5973536320779556,0.1299251058287203,0.4189208763816008,2.930824736428436,0.8833417080960213,0.37721401290429707,0.11719961622275181,0.5055863708729512
interictal_122,interictal,2604,2610,,26,EEG Fc6,True,9.373537731060443,3.050313200442251,0.14457831325301204,0.46350933856546267,2.5002389034907977,0.885911372058033,0.3918597317928318,0.10872446335223722,0.4994158048549309
interictal_122,interictal,2604,2610,,27,EEG Cp2,True,4.582522617597868,0.9494828303870527,0.08042982741777922,0.2701891535149691,5.217057188668283,0.9170316662683846,0.2968604914037452,0.15785372257203178,0.5452857860242231
interictal_122,interictal,2604,2610,,28,EEG Cp6,True,4.717116784356347,1.3623522276384634,0.11950504721589059,0.37318639069393206,3.444137461151503,0.9436903027839503,0.27602820094928354,0.15821469199124238,0.5657571070594741
interictal_122,interictal,2604,2610,,29,EEG F10,True,11.229632057998556,2.157081208011098,0.08759361771409964,0.24367307522802942,5.280291100853221,0.7940905710480358,0.6440755600656242,0.11784428508414652,0.23808015485022935
interictal_123,interictal,2610,2616,,1,EEG Fp1,True,25.665806950285848,5.385699099212236,0.11462064474112667,0.2759440322955742,3.918586202747288,0.8405026138403427,0.5773430210037442,0.06478248511809023,0.3578744938781654
interictal_123,interictal,2610,2616,,2,EEG F3,True,12.136034154745081,4.606653249216251,0.14946271572777597,0.5116074994073744,2.4482852493966294,0.9448912407229795,0.2821632661064861,0.11567989227572899,0.6021568416177849
interictal_123,interictal,2610,2616,,3,EEG C3,True,4.77674769558278,1.0888604030232092,0.09084988603060892,0.2935321806376559,4.567881199910875,0.9281886956009809,0.31203250892530887,0.12887449766262948,0.5590929934120615
interictal_123,interictal,2610,2616,,4,EEG P3,True,4.875802224411746,1.2878940000418082,0.10094431781178768,0.3362814483472413,3.9415361182800193,0.935455353661382,0.20491734419925928,0.18448817825894587,0.6105944775417949
interictal_123,interictal,2610,2616,,5,EEG O1,True,6.710919348147408,2.0874136057297967,0.135786388798437,0.4056952976968168,3.263589288082227,0.9065156633950668,0.420332156772368,0.16191333804332544,0.4177545051843064
interictal_123,interictal,2610,2616,,6,EEG F7,True,14.937136533611502,2.7402415502923088,0.07261478345815696,0.23427502989699545,4.92499176949509,0.8330258193483324,0.5657900720193649,0.14281750213806205,0.2913924258425729
interictal_123,interictal,2610,2616,,7,EEG T3,True,7.6086900165646725,2.885819611877412,0.17127971344838816,0.502371392072836,2.610615248567803,0.9209309737200696,0.3346445080104269,0.1696465592910514,0.49570893269852173
interictal_123,interictal,2610,2616,,8,EEG T5,True,7.153975600739791,2.828195918189799,0.16541843047867144,0.5117271790184433,2.5466407003931724,0.9056001174195193,0.2931220773016008,0.13878880857980014,0.5680891141185991
interictal_123,interictal,2610,2616,,9,EEG Fc1,True,4.401166325937157,1.1238244051133852,0.10192119830674047,0.3285755030616092,3.8424266726376546,0.8537621207085089,0.3055126259628374,0.11870254186568815,0.5757848321714745
interictal_123,interictal,2610,2616,,10,EEG Fc5,True,7.573612731749787,2.9675124800327106,0.16672093780527517,0.5265526464115803,2.630926262703993,0.9145919196966723,0.3976544645630175,0.13834013807368167,0.4640053973633008
interictal_123,interictal,2610,2616,,11,EEG Cp1,True,4.27355281759404,0.9254428802921829,0.07521979811136438,0.27809890363322637,4.997861912423918,0.9405729961762251,0.3102218074436895,0.23095265960034647,0.45882553295596407
interictal_123,interictal,2610,2616,,12,EEG Cp5,True,5.0581600328897025,1.429687977707949,0.10354933246499512,0.3645132590393674,3.6069261867374136,0.917064482040557,0.32181452701794605,0.10795002735498015,0.5702354456270737
interictal_123,interictal,2610,2616,,13,EEG F9,True,10.002184007706143,2.469003682830841,0.11201563008791925,0.314119578242197,4.18552569514842,0.8393151924478326,0.5052694094170069,0.22044420521476332,0.2742863853682298
interictal_123,interictal,2610,2616,,14,EEG Fz,True,8.20091667064119,1.2318126895650465,0.060240963855421686,0.1893699048742023,6.739418363658681,0.8789691080959874,0.4807884981840816,0.1700209021870716,0.34919059962884685
interictal_123,interictal,2610,2616,,15,EEG Cz,True,7.792165158927124,1.1282667862853655,0.06935851514164768,0.18547128306503544,6.467352439500644,0.8433192949192303,0.2589524684547331,0.1326780697565952,0.6083694617886717
interictal_123,interictal,2610,2616,,16,EEG Pz,True,4.0796198337956096,0.9268178425776816,0.09475740801042006,0.2929864418552571,4.727696956934591,0.9045404269472793,0.3179165910811953,0.22225288792273898,0.4598305209960657
interictal_123,interictal,2610,2616,,17,EEG Fp2,True,19.757632733648922,2.993200745017956,0.09378052751546727,0.1907871325382798,6.066635209942156,0.7723789733844226,0.7028408073760177,0.09745666100878084,0.19970253161520132
interictal_123,interictal,2610,2616,,18,EEG F4,True,11.279162247732653,3.6229531151037144,0.14360143275805926,0.42552988132556235,2.7804769893670556,0.931526873113455,0.30773155092360904,0.13808219049300632,0.5541862585833847
interictal_123,interictal,2610,2616,,19,EEG C4,True,4.559277428891298,1.4482784340377226,0.14001953760989905,0.403583631232708,3.189261793232387,0.9186314302624097,0.26581932147676274,0.13678286547819465,0.5973978130450426
interictal_123,interictal,2610,2616,,20,EEG P4,True,4.271596621747133,1.192121996791519,0.11006186909801367,0.36532837343431074,3.6493890674804983,0.9245291997917852,0.2855249830979293,0.20661861420393118,0.5078564026981396
interictal_123,interictal,2610,2616,,21,EEG O2,True,6.231720312007628,1.2995520540808891,0.08954737870400521,0.2637779788390282,4.967241543452906,0.9060937827752846,0.3844405362986592,0.17533537215886508,0.4402240915424757
interictal_123,interictal,2610,2616,,22,EEG F8,True,20.389696965622047,2.4107134618210675,0.06773038098339303,0.15323138720610535,7.619135753549801,0.7663993572953793,0.6706201957079623,0.12949441841372591,0.19988538587831184
interictal_123,interictal,2610,2616,,23,EEG T4,True,10.525369361702316,4.182556728872462,0.15890589384565287,0.5394180998269829,2.018893067640447,0.9251688743286124,0.14284132770932603,0.13765893601774679,0.7194997362729272
interictal_123,interictal,2610,2616,,24,EEG T6,True,8.424189216019043,2.8078660508887756,0.126668837512211,0.4878742444900749,2.3887678160501036,0.9532161014035714,0.17910557247892622,0.3034029561692913,0.5174914713517825
interictal_123,interictal,2610,2616,,25,EEG Fc2,True,6.007369163695672,1.6442914182651571,0.10420058612829697,0.3460404986382726,3.4430327111773695,0.8688628646973967,0.29358013605676886,0.11780276161629538,0.5886171023269358
interictal_123,interictal,2610,2616,,26,EEG Fc6,True,8.482128506184601,3.2148350615194388,0.14946271572777597,0.5259591154750792,2.2320995734438656,0.9177876843235375,0.279430944852308,0.10443756011911293,0.6161314950285791
interictal_123,interictal,2610,2616,,27,EEG Cp2,True,3.170795648274675,0.9288295360115898,0.10908498860306089,0.37809499839295063,3.681102579204553,0.8833495034707664,0.4104832671095784,0.13681162212781306,0.45270511076260855
interictal_123,interictal,2610,2616,,28,EEG Cp6,True,5.401500642216337,1.390893922606564,0.10159557147508955,0.3286456342818745,3.8831482764312364,0.9348625890536317,0.21497281123210923,0.313157296003801,0.47186989276408975
interictal_123,interictal,2610,2616,,29,EEG F10,True,9.789862577590165,2.191239999112738,0.09801367632692934,0.2835305134234315,4.527903358361379,0.8531915821577574,0.5328605916558683,0.15456857955000772,0.31257082879412385
interictal_124,interictal,2616,2622,,1,EEG Fp1,True,22.844208234643006,5.092071506746553,0.1276457180071638,0.2925223018902895,3.7119361761004157,0.805275945573115,0.645835239343436,0.07302128764725334,0.2811434730093106
interictal_124,interictal,2616,2622,,2,EEG F3,True,10.846356161670752,4.362281118311561,0.176489742754803,0.5293741312174554,2.333478860095384,0.9467908352439254,0.23790113416818653,0.10394333022776632,0.6581555356040472
interictal_124,interictal,2616,2622,,3,EEG C3,True,4.024317658208584,1.0923573089603973,0.1185281667209378,0.3533947045325768,3.8847380956972652,0.9167831959762274,0.394191269990661,0.2356076956671216,0.3702010343422175
interictal_124,interictal,2616,2622,,4,EEG P3,True,4.4775760050164175,1.238978017410544,0.1230869423640508,0.3631425574939262,3.8089873488737576,0.9103536906944207,0.3781784619114767,0.16651267691573887,0.4553088611727844
interictal_124,interictal,2616,2622,,5,EEG O1,True,8.27356450057049,2.1931520935727002,0.12504070335395637,0.34385731289203936,3.976502796030092,0.91582403656874,0.3841769532269683,0.14285597975348988,0.4729670670195419
interictal_124,interictal,2616,2622,,6,EEG F7,True,18.392678638699728,2.8849575716387634,0.04623901009443178,0.20236273781595462,5.760227905098728,0.8814991486651916,0.4646741242263,0.1730269413669727,0.36229893440672734
interictal_124,interictal,2616,2622,,7,EEG T3,True,7.780251381103744,2.7372922507171076,0.1185281667209378,0.4579055768671421,2.8571187980405703,0.902829322347463,0.4158408162175646,0.20653364215833306,0.37762554162410233
interictal_124,interictal,2616,2622,,8,EEG T5,True,6.725035353047729,2.9493600787686716,0.17551286225985022,0.5646216934074467,2.3239952742448846,0.9150771651630052,0.3470954867956678,0.15658911816275278,0.4963153950415794
interictal_124,interictal,2616,2622,,9,EEG Fc1,True,4.668893571381515,1.071710676636669,0.07880169325952459,0.2963226043923168,4.621318105819228,0.9223713365355858,0.3751401355459319,0.17536078260080237,0.44949908185326576
interictal_124,interictal,2616,2622,,10,EEG Fc5,True,7.921231801222819,2.861132879680654,0.11169000325626832,0.4753898950433534,2.910543660822097,0.899366844563262,0.40404847156496887,0.1808235867709722,0.41512794166405903
interictal_124,interictal,2616,2622,,11,EEG Cp1,True,4.583389483977422,0.9422331915006281,0.085965483555845,0.26930886656850017,5.332982504815436,0.9044090289030504,0.43071876443516943,0.1342193534819607,0.4350618820828699
interictal_124,interictal,2616,2622,,12,EEG Cp5,True,5.3552243474790115,1.4867159635280949,0.09899055682188213,0.3550152311402607,3.7728504657408246,0.8984353715767296,0.37762528685700597,0.1742304946804511,0.4481442184625429
interictal_124,interictal,2616,2622,,13,EEG F9,True,11.416338805537984,2.656637126754244,0.09605991533702377,0.2955805952067878,4.490377008907941,0.8479938377274433,0.5360125024609225,0.2095410858307029,0.25444641170837456
interictal_124,interictal,2616,2622,,14,EEG Fz,True,6.847274623612144,1.1903052931413316,0.090524259198958,0.22477564737546832,6.018585766967764,0.7638940445090128,0.7121028288096671,0.11824171222995347,0.16965545896037934
interictal_124,interictal,2616,2622,,15,EEG Cz,True,5.225662476140852,1.0367129716951629,0.08857049820905243,0.25750812109836524,5.330956335832014,0.8838055800650242,0.4744581357643049,0.1567250280956785,0.36881683614001654
interictal_124,interictal,2616,2622,,16,EEG Pz,True,4.826715707169119,0.9609753264590813,0.07489417127971344,0.26132694717174815,5.412150012116782,0.9068305548149842,0.4072807614712633,0.15412075720232737,0.43859848132640933
interictal_124,interictal,2616,2622,,17,EEG Fp2,True,23.298132621622262,2.931177184143776,0.05600781504395962,0.1604792651709951,7.175535274610773,0.7388860776936624,0.7540648797585553,0.09328628624752962,0.15264883399391513
interictal_124,interictal,2616,2622,,18,EEG F4,True,11.274656309233325,3.428520256600802,0.12601758384890915,0.3980491520282813,2.9651143212305975,0.9249219610350072,0.3397303085549643,0.13193377744851442,0.5283359139965212
interictal_124,interictal,2616,2622,,19,EEG C4,True,5.813934711058429,1.4646942708907185,0.08563985672419408,0.3254821176568088,3.9757105649845927,0.9399588015691375,0.2594597369711393,0.23463393161712484,0.5059063314117359
interictal_124,interictal,2616,2622,,20,EEG P4,True,4.407922108230611,1.265759083345871,0.12048192771084337,0.37361941164150286,3.578178958624432,0.914720681392201,0.27935982365999185,0.1429655847263521,0.5776745916136561
interictal_124,interictal,2616,2622,,21,EEG O2,True,6.915476833564665,1.4187234775325621,0.07359166395310973,0.2626151739487552,4.989181293478691,0.9142340827280085,0.3521580545540675,0.1504304296563012,0.4974115157896313
interictal_124,interictal,2616,2622,,22,EEG F8,True,28.668569014434983,2.3365789844807137,0.030608922175187236,0.10442222321151501,11.297145834932822,0.757243241050164,0.7274820522210036,0.14989554685503093,0.1226224009239655
interictal_124,interictal,2616,2622,,23,EEG T4,True,10.881849727490907,3.746052005726447,0.12015630087919245,0.47129303698777547,2.353835465302473,0.9227876257016229,0.15014908007562683,0.09787587381737323,0.751975046107
interictal_124,interictal,2616,2622,,24,EEG T6,True,7.952362467668788,2.852773847674735,0.12211006186909801,0.5227656143999757,2.2555213110300256,0.9131450346103958,0.13369882926310325,0.1350701984658941,0.7312309722710026
interictal_124,interictal,2616,2622,,25,EEG Fc2,True,4.73562733901388,1.6629877187358018,0.14425268642136113,0.4488143539880416,2.776538005299854,0.9108827902286059,0.4072373250358097,0.16248483135563055,0.4302778436085597
interictal_124,interictal,2616,2622,,26,EEG Fc6,True,10.000168228371685,3.1086378421460323,0.13220449365027678,0.4302979120636114,2.7499711324608946,0.8933239500386032,0.406690707370659,0.1821917338146128,0.4111175588147283
interictal_124,interictal,2616,2622,,27,EEG Cp2,True,4.047800483872216,1.0004372082950452,0.10159557147508955,0.32167235994222065,4.388299271818822,0.9264092773007564,0.32161762861311777,0.14970537819969174,0.5286769931871905
interictal_124,interictal,2616,2622,,28,EEG Cp6,True,6.305972997037922,1.4514339079780991,0.11136437642461738,0.29212636142262677,4.3922477455128925,0.9433414756427074,0.30828999237373383,0.18702683358418284,0.5046831740420834
interictal_124,interictal,2616,2622,,29,EEG F10,True,12.896776111151244,2.3129274225731593,0.07066102246825139,0.2251118961395021,5.814305175121203,0.8584372504174886,0.48972193430522903,0.23179277044202465,0.2784852952527464
