dataset_split,patient_id,source_event_id,episode_id,recording,reading_index,landmark_seconds,seconds_before_onset,minutes_before_onset,peak_bin,peak_probability,event_risk,no_event_probability,peak_entry
test,PN00,PN00_S01,PN00_S01_preictal,PN00-1.edf,0,843.0,300,5.0,1,0.002437709522637249,0.14626205700044692,0.8537379429995531,"(1, 0.002438)"
test,PN00,PN00_S01,PN00_S01_preictal,PN00-1.edf,1,848.0,295,4.916666666666667,1,0.002424520580704503,0.14547072326735477,0.8545292767326452,"(1, 0.002425)"
test,PN00,PN00_S01,PN00_S01_preictal,PN00-1.edf,2,853.0,290,4.833333333333333,1,0.0024100991273402323,0.1446054391084316,0.8553945608915684,"(1, 0.002410)"
test,PN00,PN00_S01,PN00_S01_preictal,PN00-1.edf,3,858.0,285,4.75,1,0.002451719978145628,0.14710268137473737,0.8528973186252626,"(1, 0.002452)"
test,PN00,PN00_S01,PN00_S01_preictal,PN00-1.edf,4,863.0,280,4.666666666666667,1,0.0026785747429786543,0.16071391939826318,0.8392860806017368,"(1, 0.002679)"
test,PN00,PN00_S01,PN00_S01_preictal,PN00-1.edf,5,868.0,275,4.583333333333333,1,0.0027935267902676037,0.16761101798066735,0.8323889820193326,"(1, 0.002794)"
test,PN00,PN00_S01,PN00_S01_preictal,PN00-1.edf,6,873.0,270,4.5,1,0.0028200939781285166,0.1692050436466337,0.8307949563533663,"(1, 0.002820)"
test,PN00,PN00_S01,PN00_S01_preictal,PN00-1.edf,7,878.0,265,4.416666666666667,1,0.0028625461438649344,0.17175216463339305,0.828247835366607,"(1, 0.002863)"
test,PN00,PN00_S01,PN00_S01_preictal,PN00-1.edf,8,883.0,260,4.333333333333333,1,0.0028279737656652895,0.16967782923620134,0.8303221707637987,"(1, 0.002828)"
test,PN00,PN00_S01,PN00_S01_preictal,PN00-1.edf,9,888.0,255,4.25,1,0.002808503633302498,0.16850962540264047,0.8314903745973595,"(1, 0.002809)"
test,PN00,PN00_S01,PN00_S01_preictal,PN00-1.edf,10,893.0,250,4.166666666666667,1,0.002865635313690338,0.17193751417110104,0.828062485828899,"(1, 0.002866)"
test,PN00,PN00_S01,PN00_S01_preictal,PN00-1.edf,11,898.0,245,4.083333333333333,1,0.002988543173897601,0.17931195984992387,0.8206880401500761,"(1, 0.002989)"
test,PN00,PN00_S01,PN00_S01_preictal,PN00-1.edf,12,903.0,240,4.0,1,0.00311569890285828,0.1869412767576495,0.8130587232423505,"(1, 0.003116)"
test,PN00,PN00_S01,PN00_S01_preictal,PN00-1.edf,13,908.0,235,3.9166666666666665,1,0.003301910002714617,0.1981139034584053,0.8018860965415947,"(1, 0.003302)"
test,PN00,PN00_S01,PN00_S01_preictal,PN00-1.edf,14,913.0,230,3.8333333333333335,1,0.003482032915062841,0.2089212401932845,0.7910787598067155,"(1, 0.003482)"
test,PN00,PN00_S01,PN00_S01_preictal,PN00-1.edf,15,918.0,225,3.75,1,0.003636184401173811,0.21817029683391098,0.781829703166089,"(1, 0.003636)"
test,PN00,PN00_S01,PN00_S01_preictal,PN00-1.edf,16,923.0,220,3.6666666666666665,1,0.003764385552628648,0.2258623388707015,0.7741376611292985,"(1, 0.003764)"
test,PN00,PN00_S01,PN00_S01_preictal,PN00-1.edf,17,928.0,215,3.5833333333333335,1,0.003934490041508673,0.23606857231138056,0.7639314276886194,"(1, 0.003934)"
test,PN00,PN00_S01,PN00_S01_preictal,PN00-1.edf,18,933.0,210,3.5,1,0.0041021086210868574,0.2461256517184771,0.7538743482815229,"(1, 0.004102)"
test,PN00,PN00_S01,PN00_S01_preictal,PN00-1.edf,19,938.0,205,3.4166666666666665,1,0.004169743990658079,0.2501837596216576,0.7498162403783424,"(1, 0.004170)"
test,PN00,PN00_S01,PN00_S01_preictal,PN00-1.edf,20,943.0,200,3.3333333333333335,1,0.004108324020845796,0.2464985743925614,0.7535014256074386,"(1, 0.004108)"
test,PN00,PN00_S01,PN00_S01_preictal,PN00-1.edf,21,948.0,195,3.25,1,0.004078634638736821,0.2447172177304956,0.7552827822695044,"(1, 0.004079)"
test,PN00,PN00_S01,PN00_S01_preictal,PN00-1.edf,22,953.0,190,3.1666666666666665,1,0.0040704029550905005,0.24422331844860534,0.7557766815513947,"(1, 0.004070)"
test,PN00,PN00_S01,PN00_S01_preictal,PN00-1.edf,23,958.0,185,3.0833333333333335,1,0.004030137484042381,0.24180739868175039,0.7581926013182496,"(1, 0.004030)"
test,PN00,PN00_S01,PN00_S01_preictal,PN00-1.edf,24,963.0,180,3.0,1,0.004108030420636285,0.2464809584419405,0.7535190415580595,"(1, 0.004108)"
test,PN00,PN00_S01,PN00_S01_preictal,PN00-1.edf,25,968.0,175,2.9166666666666665,1,0.004128960746677069,0.24773677358807955,0.7522632264119204,"(1, 0.004129)"
test,PN00,PN00_S01,PN00_S01_preictal,PN00-1.edf,26,973.0,170,2.8333333333333335,1,0.004121928247126319,0.24731482509889502,0.752685174901105,"(1, 0.004122)"
test,PN00,PN00_S01,PN00_S01_preictal,PN00-1.edf,27,978.0,165,2.75,1,0.004134240070895926,0.2480535319272712,0.7519464680727288,"(1, 0.004134)"
test,PN00,PN00_S01,PN00_S01_preictal,PN00-1.edf,28,983.0,160,2.6666666666666665,1,0.003985463994800014,0.23912699875333432,0.7608730012466657,"(1, 0.003985)"
test,PN00,PN00_S01,PN00_S01_preictal,PN00-1.edf,29,988.0,155,2.5833333333333335,1,0.003850584286143065,0.23103424469359557,0.7689657553064044,"(1, 0.003851)"
test,PN00,PN00_S01,PN00_S01_preictal,PN00-1.edf,30,993.0,150,2.5,1,0.0037755233196652637,0.22653060254282464,0.7734693974571754,"(1, 0.003776)"
test,PN00,PN00_S01,PN00_S01_preictal,PN00-1.edf,31,998.0,145,2.4166666666666665,1,0.0037067329743762883,0.22240319634027939,0.7775968036597206,"(1, 0.003707)"
test,PN00,PN00_S01,PN00_S01_preictal,PN00-1.edf,32,1003.0,140,2.3333333333333335,1,0.003654602286970782,0.2192753660955471,0.7807246339044529,"(1, 0.003655)"
test,PN00,PN00_S01,PN00_S01_preictal,PN00-1.edf,33,1008.0,135,2.25,1,0.0037911765808410582,0.22746979491052732,0.7725302050894727,"(1, 0.003791)"
test,PN00,PN00_S01,PN00_S01_preictal,PN00-1.edf,34,1013.0,130,2.1666666666666665,1,0.0038863384492267288,0.23317948693447121,0.7668205130655288,"(1, 0.003886)"
test,PN00,PN00_S01,PN00_S01_preictal,PN00-1.edf,35,1018.0,125,2.0833333333333335,1,0.0037840730055727022,0.22704358189328344,0.7729564181067166,"(1, 0.003784)"
test,PN00,PN00_S01,PN00_S01_preictal,PN00-1.edf,36,1023.0,120,2.0,1,0.003711570714476755,0.2226934597255421,0.7773065402744579,"(1, 0.003712)"
test,PN00,PN00_S01,PN00_S01_preictal,PN00-1.edf,37,1028.0,115,1.9166666666666667,1,0.003668444018294134,0.22010586705433677,0.7798941329456632,"(1, 0.003668)"
test,PN00,PN00_S01,PN00_S01_preictal,PN00-1.edf,38,1033.0,110,1.8333333333333333,1,0.0035730223444990854,0.2143805867606493,0.7856194132393507,"(1, 0.003573)"
test,PN00,PN00_S01,PN00_S01_preictal,PN00-1.edf,39,1038.0,105,1.75,1,0.003474335677602732,0.20845940756979853,0.7915405924302015,"(1, 0.003474)"
test,PN00,PN00_S01,PN00_S01_preictal,PN00-1.edf,40,1043.0,100,1.6666666666666667,1,0.003359175604670949,0.20154982749271788,0.7984501725072821,"(1, 0.003359)"
test,PN00,PN00_S01,PN00_S01_preictal,PN00-1.edf,41,1048.0,95,1.5833333333333333,1,0.0032705095238325836,0.19622988135099828,0.8037701186490017,"(1, 0.003271)"
test,PN00,PN00_S01,PN00_S01_preictal,PN00-1.edf,42,1053.0,90,1.5,1,0.0033022392390203714,0.19813365756728163,0.8018663424327184,"(1, 0.003302)"
test,PN00,PN00_S01,PN00_S01_preictal,PN00-1.edf,43,1058.0,85,1.4166666666666667,1,0.003375314597253685,0.20251816364234743,0.7974818363576526,"(1, 0.003375)"
test,PN00,PN00_S01,PN00_S01_preictal,PN00-1.edf,44,1063.0,80,1.3333333333333333,1,0.0034354071201782776,0.20612370233827404,0.793876297661726,"(1, 0.003435)"
test,PN00,PN00_S01,PN00_S01_preictal,PN00-1.edf,45,1068.0,75,1.25,1,0.003460301947116385,0.207617386701741,0.792382613298259,"(1, 0.003460)"
test,PN00,PN00_S01,PN00_S01_preictal,PN00-1.edf,46,1073.0,70,1.1666666666666667,1,0.003620276322975603,0.21721581549863,0.78278418450137,"(1, 0.003620)"
test,PN00,PN00_S01,PN00_S01_preictal,PN00-1.edf,47,1078.0,65,1.0833333333333333,1,0.004251965476957486,0.25511703145085196,0.744882968549148,"(1, 0.004252)"
test,PN00,PN00_S01,PN00_S01_preictal,PN00-1.edf,48,1083.0,60,1.0,1,0.004801732796433278,0.28810295461825186,0.7118970453817481,"(1, 0.004802)"
test,PN00,PN00_S01,PN00_S01_preictal,PN00-1.edf,49,1088.0,55,0.9166666666666666,1,0.005044648576367517,0.3026778501589691,0.6973221498410309,"(1, 0.005045)"
test,PN00,PN00_S01,PN00_S01_preictal,PN00-1.edf,50,1093.0,50,0.8333333333333334,1,0.005093507108095206,0.3056093517534586,0.6943906482465414,"(1, 0.005094)"
test,PN00,PN00_S01,PN00_S01_preictal,PN00-1.edf,51,1098.0,45,0.75,1,0.0051362578960057826,0.308174390007658,0.691825609992342,"(1, 0.005136)"
test,PN00,PN00_S01,PN00_S01_preictal,PN00-1.edf,52,1103.0,40,0.6666666666666666,1,0.0050561364739272995,0.30336712158860457,0.6966328784113954,"(1, 0.005056)"
test,PN00,PN00_S01,PN00_S01_preictal,PN00-1.edf,53,1108.0,35,0.5833333333333334,1,0.005090653626783499,0.30543814347684206,0.6945618565231579,"(1, 0.005091)"
test,PN00,PN00_S01,PN00_S01_preictal,PN00-1.edf,54,1113.0,30,0.5,1,0.005092349046056198,0.30553986827546975,0.6944601317245302,"(1, 0.005092)"
test,PN00,PN00_S01,PN00_S01_preictal,PN00-1.edf,55,1118.0,25,0.4166666666666667,1,0.0050579162710438705,0.3034739090400609,0.6965260909599391,"(1, 0.005058)"
test,PN00,PN00_S01,PN00_S01_preictal,PN00-1.edf,56,1123.0,20,0.3333333333333333,1,0.004935847337626361,0.2961497987916093,0.7038502012083907,"(1, 0.004936)"
test,PN00,PN00_S01,PN00_S01_preictal,PN00-1.edf,57,1128.0,15,0.25,1,0.0048177797777293205,0.28906577011009427,0.7109342298899057,"(1, 0.004818)"
test,PN00,PN00_S01,PN00_S01_preictal,PN00-1.edf,58,1133.0,10,0.16666666666666666,1,0.004683539389155858,0.2810113751204679,0.7189886248795321,"(1, 0.004684)"
test,PN00,PN00_S01,PN00_S01_preictal,PN00-1.edf,59,1138.0,5,0.08333333333333333,1,0.00467875319087829,0.2807242042337037,0.7192757957662963,"(1, 0.004679)"
test,PN00,PN00_S01,PN00_S01_preictal,PN00-1.edf,60,1143.0,0,0.0,1,0.004653237947368246,0.27919329500682877,0.7208067049931712,"(1, 0.004653)"
train,PN00,PN00_S02,PN00_S02_preictal,PN00-2.edf,0,920.0,300,5.0,1,0.011238784133303538,0.6743246766097869,0.3256753233902131,"(1, 0.011239)"
train,PN00,PN00_S02,PN00_S02_preictal,PN00-2.edf,1,925.0,295,4.916666666666667,1,0.011553133816956128,0.6931855913010199,0.30681440869898013,"(1, 0.011553)"
train,PN00,PN00_S02,PN00_S02_preictal,PN00-2.edf,2,930.0,290,4.833333333333333,1,0.011920419906987213,0.7152226792053574,0.2847773207946426,"(1, 0.011920)"
train,PN00,PN00_S02,PN00_S02_preictal,PN00-2.edf,3,935.0,285,4.75,1,0.012239916526985105,0.7343924089913028,0.26560759100869724,"(1, 0.012240)"
train,PN00,PN00_S02,PN00_S02_preictal,PN00-2.edf,4,940.0,280,4.666666666666667,1,0.012537663817678126,0.7522571836080739,0.24774281639192608,"(1, 0.012538)"
train,PN00,PN00_S02,PN00_S02_preictal,PN00-2.edf,5,945.0,275,4.583333333333333,1,0.012771959264021755,0.7663148609522489,0.23368513904775112,"(1, 0.012772)"
train,PN00,PN00_S02,PN00_S02_preictal,PN00-2.edf,6,950.0,270,4.5,1,0.012981945891128029,0.778914014271354,0.22108598572864602,"(1, 0.012982)"
train,PN00,PN00_S02,PN00_S02_preictal,PN00-2.edf,7,955.0,265,4.416666666666667,1,0.013246214423589319,0.7947700704582541,0.2052299295417459,"(1, 0.013246)"
train,PN00,PN00_S02,PN00_S02_preictal,PN00-2.edf,8,960.0,260,4.333333333333333,1,0.013517733394592188,0.8110611514278032,0.18893884857219678,"(1, 0.013518)"
train,PN00,PN00_S02,PN00_S02_preictal,PN00-2.edf,9,965.0,255,4.25,1,0.01375230529673643,0.8251354160616826,0.17486458393831739,"(1, 0.013752)"
train,PN00,PN00_S02,PN00_S02_preictal,PN00-2.edf,10,970.0,250,4.166666666666667,1,0.013940704584186604,0.83643933355636,0.16356066644363998,"(1, 0.013941)"
train,PN00,PN00_S02,PN00_S02_preictal,PN00-2.edf,11,975.0,245,4.083333333333333,1,0.014121617788628967,0.8472940876501356,0.15270591234986441,"(1, 0.014122)"
train,PN00,PN00_S02,PN00_S02_preictal,PN00-2.edf,12,980.0,240,4.0,1,0.014207568329497579,0.8524511019666502,0.1475488980333498,"(1, 0.014208)"
train,PN00,PN00_S02,PN00_S02_preictal,PN00-2.edf,13,985.0,235,3.9166666666666665,1,0.014308439960962736,0.8585033785706007,0.14149662142939934,"(1, 0.014308)"
train,PN00,PN00_S02,PN00_S02_preictal,PN00-2.edf,14,990.0,230,3.8333333333333335,1,0.014380135802913035,0.8628051139597643,0.13719488604023566,"(1, 0.014380)"
train,PN00,PN00_S02,PN00_S02_preictal,PN00-2.edf,15,995.0,225,3.75,1,0.014557315419714747,0.8734358535828894,0.12656414641711056,"(1, 0.014557)"
train,PN00,PN00_S02,PN00_S02_preictal,PN00-2.edf,16,1000.0,220,3.6666666666666665,1,0.014725232699147552,0.8835108549182374,0.11648914508176256,"(1, 0.014725)"
train,PN00,PN00_S02,PN00_S02_preictal,PN00-2.edf,17,1005.0,215,3.5833333333333335,1,0.014865106806483565,0.8919032718448997,0.1080967281551003,"(1, 0.014865)"
train,PN00,PN00_S02,PN00_S02_preictal,PN00-2.edf,18,1010.0,210,3.5,1,0.014990994015506583,0.8994564778240239,0.10054352217597606,"(1, 0.014991)"
train,PN00,PN00_S02,PN00_S02_preictal,PN00-2.edf,19,1015.0,205,3.4166666666666665,1,0.015012894917110458,0.9007705272991565,0.09922947270084348,"(1, 0.015013)"
train,PN00,PN00_S02,PN00_S02_preictal,PN00-2.edf,20,1020.0,200,3.3333333333333335,1,0.015076011111152546,0.904557485624137,0.09544251437586304,"(1, 0.015076)"
train,PN00,PN00_S02,PN00_S02_preictal,PN00-2.edf,21,1025.0,195,3.25,1,0.015127775833470759,0.9076633580408504,0.09233664195914959,"(1, 0.015128)"
train,PN00,PN00_S02,PN00_S02_preictal,PN00-2.edf,22,1030.0,190,3.1666666666666665,1,0.015168316684266527,0.910095800534459,0.08990419946554096,"(1, 0.015168)"
train,PN00,PN00_S02,PN00_S02_preictal,PN00-2.edf,23,1035.0,185,3.0833333333333335,1,0.01520039657295279,0.9120205870867641,0.08797941291323585,"(1, 0.015200)"
train,PN00,PN00_S02,PN00_S02_preictal,PN00-2.edf,24,1040.0,180,3.0,1,0.0152044150348383,0.9122616939519974,0.08773830604800259,"(1, 0.015204)"
train,PN00,PN00_S02,PN00_S02_preictal,PN00-2.edf,25,1045.0,175,2.9166666666666665,1,0.015086658427735348,0.9051963223725166,0.09480367762748343,"(1, 0.015087)"
train,PN00,PN00_S02,PN00_S02_preictal,PN00-2.edf,26,1050.0,170,2.8333333333333335,1,0.01500829930263781,0.9004947914004744,0.09950520859952561,"(1, 0.015008)"
train,PN00,PN00_S02,PN00_S02_preictal,PN00-2.edf,27,1055.0,165,2.75,1,0.014929546217772063,0.8957696229254652,0.10423037707453475,"(1, 0.014930)"
train,PN00,PN00_S02,PN00_S02_preictal,PN00-2.edf,28,1060.0,160,2.6666666666666665,1,0.015023462571352281,0.9014045843238863,0.09859541567611374,"(1, 0.015023)"
train,PN00,PN00_S02,PN00_S02_preictal,PN00-2.edf,29,1065.0,155,2.5833333333333335,1,0.015106872912199474,0.906409187175099,0.093590812824901,"(1, 0.015107)"
train,PN00,PN00_S02,PN00_S02_preictal,PN00-2.edf,30,1070.0,150,2.5,1,0.015170262432596561,0.9102125450237073,0.0897874549762927,"(1, 0.015170)"
train,PN00,PN00_S02,PN00_S02_preictal,PN00-2.edf,31,1075.0,145,2.4166666666666665,1,0.015207149273749367,0.9124257477097358,0.08757425229026417,"(1, 0.015207)"
train,PN00,PN00_S02,PN00_S02_preictal,PN00-2.edf,32,1080.0,140,2.3333333333333335,1,0.015241040325697567,0.914459203675601,0.08554079632439904,"(1, 0.015241)"
train,PN00,PN00_S02,PN00_S02_preictal,PN00-2.edf,33,1085.0,135,2.25,1,0.015305271002996838,0.9183130307608558,0.0816869692391442,"(1, 0.015305)"
train,PN00,PN00_S02,PN00_S02_preictal,PN00-2.edf,34,1090.0,130,2.1666666666666665,1,0.015351986643645463,0.9211159593427525,0.07888404065724752,"(1, 0.015352)"
train,PN00,PN00_S02,PN00_S02_preictal,PN00-2.edf,35,1095.0,125,2.0833333333333335,1,0.015370147231800625,0.9222055908001701,0.07779440919982994,"(1, 0.015370)"
train,PN00,PN00_S02,PN00_S02_preictal,PN00-2.edf,36,1100.0,120,2.0,1,0.015430299882816838,0.9258147371689069,0.07418526283109306,"(1, 0.015430)"
train,PN00,PN00_S02,PN00_S02_preictal,PN00-2.edf,37,1105.0,115,1.9166666666666667,1,0.015489500007610414,0.9293667321652689,0.07063326783473112,"(1, 0.015490)"
train,PN00,PN00_S02,PN00_S02_preictal,PN00-2.edf,38,1110.0,110,1.8333333333333333,1,0.015378175300128404,0.9226872732059108,0.07731272679408918,"(1, 0.015378)"
train,PN00,PN00_S02,PN00_S02_preictal,PN00-2.edf,39,1115.0,105,1.75,1,0.015468274345996333,0.9280931969470481,0.07190680305295194,"(1, 0.015468)"
train,PN00,PN00_S02,PN00_S02_preictal,PN00-2.edf,40,1120.0,100,1.6666666666666667,1,0.015530952895218556,0.9318538966751798,0.06814610332482018,"(1, 0.015531)"
train,PN00,PN00_S02,PN00_S02_preictal,PN00-2.edf,41,1125.0,95,1.5833333333333333,1,0.01559148481060167,0.9354857988259058,0.06451420117409423,"(1, 0.015591)"
train,PN00,PN00_S02,PN00_S02_preictal,PN00-2.edf,42,1130.0,90,1.5,1,0.015535650788919053,0.932135769305952,0.06786423069404801,"(1, 0.015536)"
train,PN00,PN00_S02,PN00_S02_preictal,PN00-2.edf,43,1135.0,85,1.4166666666666667,1,0.015560308198547297,0.9336152086809223,0.06638479131907771,"(1, 0.015560)"
train,PN00,PN00_S02,PN00_S02_preictal,PN00-2.edf,44,1140.0,80,1.3333333333333333,1,0.015562873016195248,0.9337690971986217,0.06623090280137833,"(1, 0.015563)"
train,PN00,PN00_S02,PN00_S02_preictal,PN00-2.edf,45,1145.0,75,1.25,1,0.015504971094807637,0.930294994132696,0.06970500586730399,"(1, 0.015505)"
train,PN00,PN00_S02,PN00_S02_preictal,PN00-2.edf,46,1150.0,70,1.1666666666666667,1,0.015431548226533654,0.9258896375285148,0.07411036247148517,"(1, 0.015432)"
train,PN00,PN00_S02,PN00_S02_preictal,PN00-2.edf,47,1155.0,65,1.0833333333333333,1,0.015420702888307453,0.9252389195233139,0.07476108047668606,"(1, 0.015421)"
train,PN00,PN00_S02,PN00_S02_preictal,PN00-2.edf,48,1160.0,60,1.0,1,0.015434413535677982,0.926061555472593,0.07393844452740705,"(1, 0.015434)"
train,PN00,PN00_S02,PN00_S02_preictal,PN00-2.edf,49,1165.0,55,0.9166666666666666,1,0.015448251640351037,0.9268918388331301,0.07310816116686991,"(1, 0.015448)"
train,PN00,PN00_S02,PN00_S02_preictal,PN00-2.edf,50,1170.0,50,0.8333333333333334,1,0.015432533875181873,0.9259487762394356,0.07405122376056439,"(1, 0.015433)"
train,PN00,PN00_S02,PN00_S02_preictal,PN00-2.edf,51,1175.0,45,0.75,1,0.015396769127368795,0.9238028989170286,0.0761971010829714,"(1, 0.015397)"
train,PN00,PN00_S02,PN00_S02_preictal,PN00-2.edf,52,1180.0,40,0.6666666666666666,1,0.015360490207771617,0.921626171396066,0.07837382860393405,"(1, 0.015360)"
train,PN00,PN00_S02,PN00_S02_preictal,PN00-2.edf,53,1185.0,35,0.5833333333333334,1,0.015319213004238007,0.9191495478935576,0.08085045210644237,"(1, 0.015319)"
train,PN00,PN00_S02,PN00_S02_preictal,PN00-2.edf,54,1190.0,30,0.5,1,0.015294854995956961,0.9176880725362453,0.08231192746375471,"(1, 0.015295)"
train,PN00,PN00_S02,PN00_S02_preictal,PN00-2.edf,55,1195.0,25,0.4166666666666667,1,0.01523347160272943,0.9140050818945167,0.08599491810548332,"(1, 0.015233)"
train,PN00,PN00_S02,PN00_S02_preictal,PN00-2.edf,56,1200.0,20,0.3333333333333333,1,0.015158880643167678,0.909529640059537,0.09047035994046304,"(1, 0.015159)"
train,PN00,PN00_S02,PN00_S02_preictal,PN00-2.edf,57,1205.0,15,0.25,1,0.015150820074144896,0.9090460076189536,0.0909539923810464,"(1, 0.015151)"
train,PN00,PN00_S02,PN00_S02_preictal,PN00-2.edf,58,1210.0,10,0.16666666666666666,1,0.014917571833761993,0.8950511624114614,0.10494883758853857,"(1, 0.014918)"
train,PN00,PN00_S02,PN00_S02_preictal,PN00-2.edf,59,1215.0,5,0.08333333333333333,1,0.01481530873157334,0.888915397857702,0.11108460214229798,"(1, 0.014815)"
train,PN00,PN00_S02,PN00_S02_preictal,PN00-2.edf,60,1220.0,0,0.0,1,0.01412218085886805,0.8473278717456725,0.15267212825432752,"(1, 0.014122)"
train,PN00,PN00_S03,PN00_S03_preictal,PN00-3.edf,0,465.0,300,5.0,1,0.014580175270944509,0.8748074398332364,0.1251925601667636,"(1, 0.014580)"
train,PN00,PN00_S03,PN00_S03_preictal,PN00-3.edf,1,470.0,295,4.916666666666667,1,0.014694699982946492,0.8816788983885905,0.11832110161140952,"(1, 0.014695)"
train,PN00,PN00_S03,PN00_S03_preictal,PN00-3.edf,2,475.0,290,4.833333333333333,1,0.014831021662371522,0.8898581703901576,0.11014182960984242,"(1, 0.014831)"
train,PN00,PN00_S03,PN00_S03_preictal,PN00-3.edf,3,480.0,285,4.75,1,0.014954220683844137,0.8972500856834664,0.10274991431653357,"(1, 0.014954)"
train,PN00,PN00_S03,PN00_S03_preictal,PN00-3.edf,4,485.0,280,4.666666666666667,1,0.01504759041171641,0.902852249654749,0.09714775034525103,"(1, 0.015048)"
train,PN00,PN00_S03,PN00_S03_preictal,PN00-3.edf,5,490.0,275,4.583333333333333,1,0.015114462579034267,0.9068645655837635,0.0931354344162365,"(1, 0.015114)"
train,PN00,PN00_S03,PN00_S03_preictal,PN00-3.edf,6,495.0,270,4.5,1,0.015182229346438621,0.9109305573292068,0.0890694426707932,"(1, 0.015182)"
train,PN00,PN00_S03,PN00_S03_preictal,PN00-3.edf,7,500.0,265,4.416666666666667,1,0.015189737253312047,0.9113810301574407,0.08861896984255935,"(1, 0.015190)"
train,PN00,PN00_S03,PN00_S03_preictal,PN00-3.edf,8,505.0,260,4.333333333333333,1,0.015183112081220031,0.910983521229834,0.08901647877016605,"(1, 0.015183)"
train,PN00,PN00_S03,PN00_S03_preictal,PN00-3.edf,9,510.0,255,4.25,1,0.015236448064914943,0.9141836689976125,0.0858163310023875,"(1, 0.015236)"
train,PN00,PN00_S03,PN00_S03_preictal,PN00-3.edf,10,515.0,250,4.166666666666667,1,0.015284572386606132,0.9170711181448308,0.08292888185516922,"(1, 0.015285)"
train,PN00,PN00_S03,PN00_S03_preictal,PN00-3.edf,11,520.0,245,4.083333333333333,1,0.015322577281829699,0.919351403839195,0.080648596160805,"(1, 0.015323)"
train,PN00,PN00_S03,PN00_S03_preictal,PN00-3.edf,12,525.0,240,4.0,1,0.015334936107070095,0.9200929307459011,0.07990706925409885,"(1, 0.015335)"
train,PN00,PN00_S03,PN00_S03_preictal,PN00-3.edf,13,530.0,235,3.9166666666666665,1,0.01529872595661329,0.9179203293588506,0.0820796706411494,"(1, 0.015299)"
train,PN00,PN00_S03,PN00_S03_preictal,PN00-3.edf,14,535.0,230,3.8333333333333335,1,0.015236815027682607,0.914205686686243,0.08579431331375698,"(1, 0.015237)"
train,PN00,PN00_S03,PN00_S03_preictal,PN00-3.edf,15,540.0,225,3.75,1,0.014720149687486096,0.8832058752910679,0.11679412470893213,"(1, 0.014720)"
train,PN00,PN00_S03,PN00_S03_preictal,PN00-3.edf,16,545.0,220,3.6666666666666665,1,0.014316422394728075,0.858982322912224,0.14101767708777602,"(1, 0.014316)"
train,PN00,PN00_S03,PN00_S03_preictal,PN00-3.edf,17,550.0,215,3.5833333333333335,1,0.013883953007212194,0.8330342509125033,0.16696574908749673,"(1, 0.013884)"
train,PN00,PN00_S03,PN00_S03_preictal,PN00-3.edf,18,555.0,210,3.5,1,0.013601863672563835,0.8161089503545762,0.1838910496454238,"(1, 0.013602)"
train,PN00,PN00_S03,PN00_S03_preictal,PN00-3.edf,19,560.0,205,3.4166666666666665,1,0.01359644082385265,0.8157835805761285,0.18421641942387146,"(1, 0.013596)"
train,PN00,PN00_S03,PN00_S03_preictal,PN00-3.edf,20,565.0,200,3.3333333333333335,1,0.01370685585248522,0.8224084589964629,0.17759154100353713,"(1, 0.013707)"
train,PN00,PN00_S03,PN00_S03_preictal,PN00-3.edf,21,570.0,195,3.25,1,0.013818661321848936,0.8291167635672823,0.17088323643271774,"(1, 0.013819)"
train,PN00,PN00_S03,PN00_S03_preictal,PN00-3.edf,22,575.0,190,3.1666666666666665,1,0.013924284672905816,0.8354541423441213,0.1645458576558787,"(1, 0.013924)"
train,PN00,PN00_S03,PN00_S03_preictal,PN00-3.edf,23,580.0,185,3.0833333333333335,1,0.014038446459906108,0.8423038254759512,0.15769617452404883,"(1, 0.014038)"
train,PN00,PN00_S03,PN00_S03_preictal,PN00-3.edf,24,585.0,180,3.0,1,0.01413491154611553,0.8480917102943406,0.1519082897056594,"(1, 0.014135)"
train,PN00,PN00_S03,PN00_S03_preictal,PN00-3.edf,25,590.0,175,2.9166666666666665,1,0.014129760887026888,0.8477826718358135,0.15221732816418654,"(1, 0.014130)"
train,PN00,PN00_S03,PN00_S03_preictal,PN00-3.edf,26,595.0,170,2.8333333333333335,1,0.014062062817656614,0.8437208019579197,0.15627919804208035,"(1, 0.014062)"
train,PN00,PN00_S03,PN00_S03_preictal,PN00-3.edf,27,600.0,165,2.75,1,0.014118358081097862,0.847098505886069,0.15290149411393095,"(1, 0.014118)"
train,PN00,PN00_S03,PN00_S03_preictal,PN00-3.edf,28,605.0,160,2.6666666666666665,1,0.014069945419752044,0.8441937564204129,0.15580624357958706,"(1, 0.014070)"
train,PN00,PN00_S03,PN00_S03_preictal,PN00-3.edf,29,610.0,155,2.5833333333333335,1,0.014076349644285262,0.8445780085411119,0.15542199145888813,"(1, 0.014076)"
train,PN00,PN00_S03,PN00_S03_preictal,PN00-3.edf,30,615.0,150,2.5,1,0.014123714207320684,0.8474198723292934,0.1525801276707066,"(1, 0.014124)"
train,PN00,PN00_S03,PN00_S03_preictal,PN00-3.edf,31,620.0,145,2.4166666666666665,1,0.014145597651071951,0.8487328743369531,0.1512671256630469,"(1, 0.014146)"
train,PN00,PN00_S03,PN00_S03_preictal,PN00-3.edf,32,625.0,140,2.3333333333333335,1,0.01418699176088388,0.8512165121914933,0.1487834878085067,"(1, 0.014187)"
train,PN00,PN00_S03,PN00_S03_preictal,PN00-3.edf,33,630.0,135,2.25,1,0.014304578490110579,0.8582716911342434,0.1417283088657566,"(1, 0.014305)"
train,PN00,PN00_S03,PN00_S03_preictal,PN00-3.edf,34,635.0,130,2.1666666666666665,60,0.017152675878400074,0.8644871435201108,0.1355128564798892,"(60, 0.017153)"
train,PN00,PN00_S03,PN00_S03_preictal,PN00-3.edf,35,640.0,125,2.0833333333333335,1,0.014436848103312565,0.8662078400174156,0.13379215998258442,"(1, 0.014437)"
train,PN00,PN00_S03,PN00_S03_preictal,PN00-3.edf,36,645.0,120,2.0,60,0.020902604872292722,0.8669108079954762,0.13308919200452385,"(60, 0.020903)"
train,PN00,PN00_S03,PN00_S03_preictal,PN00-3.edf,37,650.0,115,1.9166666666666667,1,0.014420048830990947,0.8651998872227724,0.1348001127772276,"(1, 0.014420)"
train,PN00,PN00_S03,PN00_S03_preictal,PN00-3.edf,38,655.0,110,1.8333333333333333,60,0.07217614698407444,0.8636209914076975,0.13637900859230245,"(60, 0.072176)"
train,PN00,PN00_S03,PN00_S03_preictal,PN00-3.edf,39,660.0,105,1.75,1,0.014231963801990431,0.8539148251687658,0.14608517483123418,"(1, 0.014232)"
train,PN00,PN00_S03,PN00_S03_preictal,PN00-3.edf,40,665.0,100,1.6666666666666667,60,0.03487291497944272,0.8543490200917665,0.1456509799082335,"(60, 0.034873)"
train,PN00,PN00_S03,PN00_S03_preictal,PN00-3.edf,41,670.0,95,1.5833333333333333,60,0.05992339426150391,0.8562326577528325,0.14376734224716747,"(60, 0.059923)"
train,PN00,PN00_S03,PN00_S03_preictal,PN00-3.edf,42,675.0,90,1.5,1,0.014408851280835983,0.8645280365761626,0.13547196342383738,"(1, 0.014409)"
train,PN00,PN00_S03,PN00_S03_preictal,PN00-3.edf,43,680.0,85,1.4166666666666667,60,0.03150838918712258,0.8733424854339304,0.12665751456606955,"(60, 0.031508)"
train,PN00,PN00_S03,PN00_S03_preictal,PN00-3.edf,44,685.0,80,1.3333333333333333,60,0.015476380741275634,0.8792856810244903,0.12071431897550966,"(60, 0.015476)"
train,PN00,PN00_S03,PN00_S03_preictal,PN00-3.edf,45,690.0,75,1.25,1,0.014712924500354224,0.8827723655876731,0.11722763441232686,"(1, 0.014713)"
train,PN00,PN00_S03,PN00_S03_preictal,PN00-3.edf,46,695.0,70,1.1666666666666667,1,0.014735867708023029,0.8841489532067746,0.11585104679322544,"(1, 0.014736)"
train,PN00,PN00_S03,PN00_S03_preictal,PN00-3.edf,47,700.0,65,1.0833333333333333,60,0.03455838307877501,0.8786140245257978,0.12138597547420216,"(60, 0.034558)"
train,PN00,PN00_S03,PN00_S03_preictal,PN00-3.edf,48,705.0,60,1.0,1,0.014626511144554809,0.8775875824729646,0.12241241752703536,"(1, 0.014627)"
train,PN00,PN00_S03,PN00_S03_preictal,PN00-3.edf,49,710.0,55,0.9166666666666666,1,0.014633880879843932,0.8780297650352946,0.12197023496470538,"(1, 0.014634)"
train,PN00,PN00_S03,PN00_S03_preictal,PN00-3.edf,50,715.0,50,0.8333333333333334,1,0.014622016955362282,0.8773179320696889,0.12268206793031111,"(1, 0.014622)"
train,PN00,PN00_S03,PN00_S03_preictal,PN00-3.edf,51,720.0,45,0.75,1,0.014625599254971982,0.8775328692904041,0.12246713070959592,"(1, 0.014626)"
train,PN00,PN00_S03,PN00_S03_preictal,PN00-3.edf,52,725.0,40,0.6666666666666666,1,0.014656133495508424,0.8793649172798523,0.12063508272014767,"(1, 0.014656)"
train,PN00,PN00_S03,PN00_S03_preictal,PN00-3.edf,53,730.0,35,0.5833333333333334,1,0.014722659495955833,0.8833564632696813,0.11664353673031869,"(1, 0.014723)"
train,PN00,PN00_S03,PN00_S03_preictal,PN00-3.edf,54,735.0,30,0.5,1,0.014803637014199525,0.8882150972780107,0.11178490272198927,"(1, 0.014804)"
train,PN00,PN00_S03,PN00_S03_preictal,PN00-3.edf,55,740.0,25,0.4166666666666667,1,0.014889824352464293,0.8933863193883302,0.10661368061166976,"(1, 0.014890)"
train,PN00,PN00_S03,PN00_S03_preictal,PN00-3.edf,56,745.0,20,0.3333333333333333,1,0.014942011284804768,0.8965175243172929,0.10348247568270708,"(1, 0.014942)"
train,PN00,PN00_S03,PN00_S03_preictal,PN00-3.edf,57,750.0,15,0.25,1,0.015005873072791,0.9003492181216013,0.09965078187839871,"(1, 0.015006)"
train,PN00,PN00_S03,PN00_S03_preictal,PN00-3.edf,58,755.0,10,0.16666666666666666,1,0.015080326006246361,0.904816378419321,0.09518362158067895,"(1, 0.015080)"
train,PN00,PN00_S03,PN00_S03_preictal,PN00-3.edf,59,760.0,5,0.08333333333333333,1,0.015083944927017713,0.9050335129020083,0.09496648709799171,"(1, 0.015084)"
train,PN00,PN00_S03,PN00_S03_preictal,PN00-3.edf,60,765.0,0,0.0,1,0.01485205933371049,0.8911204262315378,0.10887957376846225,"(1, 0.014852)"
train,PN00,PN00_S04,PN00_S04_preictal,PN00-4.edf,0,706.0,300,5.0,60,0.09574969792601672,0.8571771385449254,0.1428228614550746,"(60, 0.095750)"
train,PN00,PN00_S04,PN00_S04_preictal,PN00-4.edf,1,711.0,295,4.916666666666667,60,0.08337922981373348,0.8655653423065849,0.13443465769341512,"(60, 0.083379)"
train,PN00,PN00_S04,PN00_S04_preictal,PN00-4.edf,2,716.0,290,4.833333333333333,60,0.016638046581814902,0.8743539143589787,0.1256460856410213,"(60, 0.016638)"
train,PN00,PN00_S04,PN00_S04_preictal,PN00-4.edf,3,721.0,285,4.75,60,0.04018013375188162,0.8807820527223109,0.11921794727768908,"(60, 0.040180)"
train,PN00,PN00_S04,PN00_S04_preictal,PN00-4.edf,4,726.0,280,4.666666666666667,1,0.014775144225755649,0.8865055359833691,0.11349446401663088,"(1, 0.014775)"
train,PN00,PN00_S04,PN00_S04_preictal,PN00-4.edf,5,731.0,275,4.583333333333333,1,0.014896226159978633,0.8937704264884064,0.10622957351159357,"(1, 0.014896)"
train,PN00,PN00_S04,PN00_S04_preictal,PN00-4.edf,6,736.0,270,4.5,1,0.01501984794803257,0.9011877076873906,0.09881229231260935,"(1, 0.015020)"
train,PN00,PN00_S04,PN00_S04_preictal,PN00-4.edf,7,741.0,265,4.416666666666667,1,0.015124765980718624,0.9074827675108026,0.09251723248919741,"(1, 0.015125)"
train,PN00,PN00_S04,PN00_S04_preictal,PN00-4.edf,8,746.0,260,4.333333333333333,1,0.015162539422967582,0.909749166075527,0.09025083392447297,"(1, 0.015163)"
train,PN00,PN00_S04,PN00_S04_preictal,PN00-4.edf,9,751.0,255,4.25,1,0.015239481241840996,0.914365658973174,0.08563434102682599,"(1, 0.015239)"
train,PN00,PN00_S04,PN00_S04_preictal,PN00-4.edf,10,756.0,250,4.166666666666667,1,0.015324728599764564,0.9194804824613578,0.08051951753864217,"(1, 0.015325)"
train,PN00,PN00_S04,PN00_S04_preictal,PN00-4.edf,11,761.0,245,4.083333333333333,1,0.015409684159501709,0.9245777981199259,0.07542220188007409,"(1, 0.015410)"
train,PN00,PN00_S04,PN00_S04_preictal,PN00-4.edf,12,766.0,240,4.0,1,0.015480499667666861,0.9288267136677314,0.0711732863322686,"(1, 0.015480)"
train,PN00,PN00_S04,PN00_S04_preictal,PN00-4.edf,13,771.0,235,3.9166666666666665,1,0.015545943600242773,0.9327533358135874,0.06724666418641256,"(1, 0.015546)"
train,PN00,PN00_S04,PN00_S04_preictal,PN00-4.edf,14,776.0,230,3.8333333333333335,1,0.01551570152319103,0.9309388175715745,0.06906118242842552,"(1, 0.015516)"
train,PN00,PN00_S04,PN00_S04_preictal,PN00-4.edf,15,781.0,225,3.75,1,0.01548531398989086,0.9291155719853473,0.07088442801465267,"(1, 0.015485)"
train,PN00,PN00_S04,PN00_S04_preictal,PN00-4.edf,16,786.0,220,3.6666666666666665,1,0.015497172197931269,0.9298270619656847,0.07017293803431535,"(1, 0.015497)"
train,PN00,PN00_S04,PN00_S04_preictal,PN00-4.edf,17,791.0,215,3.5833333333333335,1,0.015542698271721568,0.9325586167870809,0.06744138321291915,"(1, 0.015543)"
train,PN00,PN00_S04,PN00_S04_preictal,PN00-4.edf,18,796.0,210,3.5,1,0.015586530219152104,0.9351885243843527,0.06481147561564726,"(1, 0.015587)"
train,PN00,PN00_S04,PN00_S04_preictal,PN00-4.edf,19,801.0,205,3.4166666666666665,1,0.015576777755247972,0.934603378607879,0.06539662139212099,"(1, 0.015577)"
train,PN00,PN00_S04,PN00_S04_preictal,PN00-4.edf,20,806.0,200,3.3333333333333335,1,0.015535246149636002,0.932111491034348,0.06788850896565202,"(1, 0.015535)"
train,PN00,PN00_S04,PN00_S04_preictal,PN00-4.edf,21,811.0,195,3.25,1,0.015477545465651155,0.928649462170127,0.071350537829873,"(1, 0.015478)"
train,PN00,PN00_S04,PN00_S04_preictal,PN00-4.edf,22,816.0,190,3.1666666666666665,1,0.015381491888509695,0.9228862678089867,0.07711373219101325,"(1, 0.015381)"
train,PN00,PN00_S04,PN00_S04_preictal,PN00-4.edf,23,821.0,185,3.0833333333333335,1,0.014920777516928075,0.8952435027250257,0.10475649727497427,"(1, 0.014921)"
train,PN00,PN00_S04,PN00_S04_preictal,PN00-4.edf,24,826.0,180,3.0,1,0.014363582623428389,0.8618119266834137,0.13818807331658634,"(1, 0.014364)"
train,PN00,PN00_S04,PN00_S04_preictal,PN00-4.edf,25,831.0,175,2.9166666666666665,1,0.014223719270116914,0.8534201549959547,0.1465798450040453,"(1, 0.014224)"
train,PN00,PN00_S04,PN00_S04_preictal,PN00-4.edf,26,836.0,170,2.8333333333333335,1,0.014126131767947312,0.8475649254567846,0.15243507454321537,"(1, 0.014126)"
train,PN00,PN00_S04,PN00_S04_preictal,PN00-4.edf,27,841.0,165,2.75,1,0.014116526463802345,0.84698860923481,0.15301139076519,"(1, 0.014117)"
train,PN00,PN00_S04,PN00_S04_preictal,PN00-4.edf,28,846.0,160,2.6666666666666665,1,0.014183837961599057,0.851027284899857,0.14897271510014298,"(1, 0.014184)"
train,PN00,PN00_S04,PN00_S04_preictal,PN00-4.edf,29,851.0,155,2.5833333333333335,1,0.01437923038983566,0.8627507893661643,0.13724921063383566,"(1, 0.014379)"
train,PN00,PN00_S04,PN00_S04_preictal,PN00-4.edf,30,856.0,150,2.5,1,0.014569783522718129,0.8741839371323171,0.12581606286768288,"(1, 0.014570)"
train,PN00,PN00_S04,PN00_S04_preictal,PN00-4.edf,31,861.0,145,2.4166666666666665,1,0.01472333298378103,0.8833968723970869,0.11660312760291314,"(1, 0.014723)"
train,PN00,PN00_S04,PN00_S04_preictal,PN00-4.edf,32,866.0,140,2.3333333333333335,1,0.014822259756267359,0.8893324578726739,0.1106675421273261,"(1, 0.014822)"
train,PN00,PN00_S04,PN00_S04_preictal,PN00-4.edf,33,871.0,135,2.25,1,0.014963203573131497,0.8977890571453144,0.10221094285468557,"(1, 0.014963)"
train,PN00,PN00_S04,PN00_S04_preictal,PN00-4.edf,34,876.0,130,2.1666666666666665,1,0.015074469210438602,0.9044649719066421,0.0955350280933579,"(1, 0.015074)"
train,PN00,PN00_S04,PN00_S04_preictal,PN00-4.edf,35,881.0,125,2.0833333333333335,1,0.015196107728313665,0.9117632573133647,0.08823674268663528,"(1, 0.015196)"
train,PN00,PN00_S04,PN00_S04_preictal,PN00-4.edf,36,886.0,120,2.0,1,0.0153005024569183,0.9180269190023089,0.08197308099769107,"(1, 0.015301)"
train,PN00,PN00_S04,PN00_S04_preictal,PN00-4.edf,37,891.0,115,1.9166666666666667,1,0.015394907970061676,0.9236912298713065,0.07630877012869353,"(1, 0.015395)"
train,PN00,PN00_S04,PN00_S04_preictal,PN00-4.edf,38,896.0,110,1.8333333333333333,1,0.015471760975543323,0.928302393984187,0.07169760601581299,"(1, 0.015472)"
train,PN00,PN00_S04,PN00_S04_preictal,PN00-4.edf,39,901.0,105,1.75,1,0.01554093405305375,0.9324527640392627,0.0675472359607373,"(1, 0.015541)"
train,PN00,PN00_S04,PN00_S04_preictal,PN00-4.edf,40,906.0,100,1.6666666666666667,1,0.015537070326734174,0.9322209412753362,0.06777905872466383,"(1, 0.015537)"
train,PN00,PN00_S04,PN00_S04_preictal,PN00-4.edf,41,911.0,95,1.5833333333333333,1,0.015603480529862622,0.9362055394504608,0.06379446054953919,"(1, 0.015603)"
train,PN00,PN00_S04,PN00_S04_preictal,PN00-4.edf,42,916.0,90,1.5,1,0.01566527914442355,0.9399134432845814,0.060086556715418626,"(1, 0.015665)"
train,PN00,PN00_S04,PN00_S04_preictal,PN00-4.edf,43,921.0,85,1.4166666666666667,1,0.015718176565386866,0.9430872773810011,0.056912722618998934,"(1, 0.015718)"
train,PN00,PN00_S04,PN00_S04_preictal,PN00-4.edf,44,926.0,80,1.3333333333333333,1,0.015679287020865632,0.9407539129154382,0.059246087084561805,"(1, 0.015679)"
train,PN00,PN00_S04,PN00_S04_preictal,PN00-4.edf,45,931.0,75,1.25,1,0.015702897928597245,0.942170562397423,0.05782943760257697,"(1, 0.015703)"
train,PN00,PN00_S04,PN00_S04_preictal,PN00-4.edf,46,936.0,70,1.1666666666666667,1,0.015683945556057417,0.9410334240439924,0.05896657595600763,"(1, 0.015684)"
train,PN00,PN00_S04,PN00_S04_preictal,PN00-4.edf,47,941.0,65,1.0833333333333333,1,0.015643557584477465,0.9386101542710751,0.06138984572892492,"(1, 0.015644)"
train,PN00,PN00_S04,PN00_S04_preictal,PN00-4.edf,48,946.0,60,1.0,1,0.015667017324533187,0.9400177337244029,0.05998226627559711,"(1, 0.015667)"
train,PN00,PN00_S04,PN00_S04_preictal,PN00-4.edf,49,951.0,55,0.9166666666666666,1,0.015658704346596344,0.9395189568022344,0.060481043197765594,"(1, 0.015659)"
train,PN00,PN00_S04,PN00_S04_preictal,PN00-4.edf,50,956.0,50,0.8333333333333334,1,0.015663292841435004,0.9397942655243794,0.06020573447562061,"(1, 0.015663)"
train,PN00,PN00_S04,PN00_S04_preictal,PN00-4.edf,51,961.0,45,0.75,1,0.015609386722718237,0.9365599097755883,0.06344009022441166,"(1, 0.015609)"
train,PN00,PN00_S04,PN00_S04_preictal,PN00-4.edf,52,966.0,40,0.6666666666666666,1,0.015473385158715703,0.9283998446318265,0.07160015536817355,"(1, 0.015473)"
train,PN00,PN00_S04,PN00_S04_preictal,PN00-4.edf,53,971.0,35,0.5833333333333334,1,0.015449207190757989,0.9269491716559256,0.07305082834407439,"(1, 0.015449)"
train,PN00,PN00_S04,PN00_S04_preictal,PN00-4.edf,54,976.0,30,0.5,1,0.015184031347435251,0.9110386770087816,0.0889613229912184,"(1, 0.015184)"
train,PN00,PN00_S04,PN00_S04_preictal,PN00-4.edf,55,981.0,25,0.4166666666666667,1,0.014961737732254446,0.8977011070019845,0.10229889299801553,"(1, 0.014962)"
train,PN00,PN00_S04,PN00_S04_preictal,PN00-4.edf,56,986.0,20,0.3333333333333333,1,0.014837663805364358,0.8902566975682327,0.10974330243176733,"(1, 0.014838)"
train,PN00,PN00_S04,PN00_S04_preictal,PN00-4.edf,57,991.0,15,0.25,1,0.014777677142808938,0.8866575104721198,0.11334248952788017,"(1, 0.014778)"
train,PN00,PN00_S04,PN00_S04_preictal,PN00-4.edf,58,996.0,10,0.16666666666666666,1,0.014721100986371706,0.8832629530234799,0.1167370469765201,"(1, 0.014721)"
train,PN00,PN00_S04,PN00_S04_preictal,PN00-4.edf,59,1001.0,5,0.08333333333333333,1,0.014684991117688253,0.8810963685216711,0.11890363147832894,"(1, 0.014685)"
train,PN00,PN00_S04,PN00_S04_preictal,PN00-4.edf,60,1006.0,0,0.0,1,0.014570197651915551,0.874208784796781,0.125791215203219,"(1, 0.014570)"
train,PN00,PN00_S05,PN00_S05_preictal,PN00-5.edf,0,604.0,300,5.0,1,0.012625816559956026,0.7575463295444803,0.2424536704555197,"(1, 0.012626)"
train,PN00,PN00_S05,PN00_S05_preictal,PN00-5.edf,1,609.0,295,4.916666666666667,1,0.012528618912194298,0.7517144911875233,0.24828550881247669,"(1, 0.012529)"
train,PN00,PN00_S05,PN00_S05_preictal,PN00-5.edf,2,614.0,290,4.833333333333333,1,0.012615465606503323,0.7569252745213738,0.24307472547862619,"(1, 0.012615)"
train,PN00,PN00_S05,PN00_S05_preictal,PN00-5.edf,3,619.0,285,4.75,1,0.012684579240750716,0.7610720779932101,0.23892792200678992,"(1, 0.012685)"
train,PN00,PN00_S05,PN00_S05_preictal,PN00-5.edf,4,624.0,280,4.666666666666667,1,0.012755300324161969,0.7653153280757053,0.23468467192429465,"(1, 0.012755)"
train,PN00,PN00_S05,PN00_S05_preictal,PN00-5.edf,5,629.0,275,4.583333333333333,1,0.012787784240605574,0.7672643562082009,0.23273564379179912,"(1, 0.012788)"
train,PN00,PN00_S05,PN00_S05_preictal,PN00-5.edf,6,634.0,270,4.5,1,0.012865065007061442,0.771901185889277,0.22809881411072297,"(1, 0.012865)"
train,PN00,PN00_S05,PN00_S05_preictal,PN00-5.edf,7,639.0,265,4.416666666666667,1,0.01299102353419924,0.7794586709402399,0.2205413290597601,"(1, 0.012991)"
train,PN00,PN00_S05,PN00_S05_preictal,PN00-5.edf,8,644.0,260,4.333333333333333,1,0.012936888537916438,0.77621058258578,0.22378941741421998,"(1, 0.012937)"
train,PN00,PN00_S05,PN00_S05_preictal,PN00-5.edf,9,649.0,255,4.25,1,0.012904262163873017,0.7742530070273541,0.2257469929726459,"(1, 0.012904)"
train,PN00,PN00_S05,PN00_S05_preictal,PN00-5.edf,10,654.0,250,4.166666666666667,1,0.013049366310119348,0.782959225185095,0.21704077481490502,"(1, 0.013049)"
train,PN00,PN00_S05,PN00_S05_preictal,PN00-5.edf,11,659.0,245,4.083333333333333,1,0.01319029032198384,0.7914146361619355,0.20858536383806447,"(1, 0.013190)"
train,PN00,PN00_S05,PN00_S05_preictal,PN00-5.edf,12,664.0,240,4.0,1,0.013336925511568159,0.8002127165969048,0.19978728340309515,"(1, 0.013337)"
train,PN00,PN00_S05,PN00_S05_preictal,PN00-5.edf,13,669.0,235,3.9166666666666665,1,0.013490769567765355,0.8094433275075726,0.19055667249242736,"(1, 0.013491)"
train,PN00,PN00_S05,PN00_S05_preictal,PN00-5.edf,14,674.0,230,3.8333333333333335,1,0.013650088376460907,0.8190024224129666,0.1809975775870334,"(1, 0.013650)"
train,PN00,PN00_S05,PN00_S05_preictal,PN00-5.edf,15,679.0,225,3.75,1,0.013816462971182024,0.8289848629911205,0.1710151370088795,"(1, 0.013816)"
train,PN00,PN00_S05,PN00_S05_preictal,PN00-5.edf,16,684.0,220,3.6666666666666665,1,0.013970531886769517,0.8382289654177607,0.1617710345822393,"(1, 0.013971)"
train,PN00,PN00_S05,PN00_S05_preictal,PN00-5.edf,17,689.0,215,3.5833333333333335,1,0.014086535402399738,0.8451891518787809,0.15481084812121915,"(1, 0.014087)"
train,PN00,PN00_S05,PN00_S05_preictal,PN00-5.edf,18,694.0,210,3.5,1,0.014194609229188184,0.8516735586824624,0.14832644131753758,"(1, 0.014195)"
train,PN00,PN00_S05,PN00_S05_preictal,PN00-5.edf,19,699.0,205,3.4166666666666665,1,0.014125011987547766,0.8474977388690861,0.15250226113091392,"(1, 0.014125)"
train,PN00,PN00_S05,PN00_S05_preictal,PN00-5.edf,20,704.0,200,3.3333333333333335,1,0.013976234952499203,0.8385711481581926,0.16142885184180744,"(1, 0.013976)"
train,PN00,PN00_S05,PN00_S05_preictal,PN00-5.edf,21,709.0,195,3.25,1,0.01386622149585339,0.8319703639723317,0.1680296360276683,"(1, 0.013866)"
train,PN00,PN00_S05,PN00_S05_preictal,PN00-5.edf,22,714.0,190,3.1666666666666665,1,0.013759653145902924,0.8255762854612728,0.17442371453872718,"(1, 0.013760)"
train,PN00,PN00_S05,PN00_S05_preictal,PN00-5.edf,23,719.0,185,3.0833333333333335,1,0.013539588408480218,0.8123724476496674,0.18762755235033257,"(1, 0.013540)"
train,PN00,PN00_S05,PN00_S05_preictal,PN00-5.edf,24,724.0,180,3.0,1,0.013295324741049837,0.7977166791435865,0.20228332085641354,"(1, 0.013295)"
train,PN00,PN00_S05,PN00_S05_preictal,PN00-5.edf,25,729.0,175,2.9166666666666665,1,0.013294474411330142,0.7976656595398247,0.2023343404601753,"(1, 0.013294)"
train,PN00,PN00_S05,PN00_S05_preictal,PN00-5.edf,26,734.0,170,2.8333333333333335,1,0.013370505914939592,0.8022275337137108,0.1977724662862892,"(1, 0.013371)"
train,PN00,PN00_S05,PN00_S05_preictal,PN00-5.edf,27,739.0,165,2.75,1,0.013545830074585815,0.8127469462990089,0.1872530537009911,"(1, 0.013546)"
train,PN00,PN00_S05,PN00_S05_preictal,PN00-5.edf,28,744.0,160,2.6666666666666665,1,0.013705653339724993,0.82233630848458,0.17766369151542005,"(1, 0.013706)"
train,PN00,PN00_S05,PN00_S05_preictal,PN00-5.edf,29,749.0,155,2.5833333333333335,1,0.013810379491939175,0.8286198555201664,0.17138014447983363,"(1, 0.013810)"
train,PN00,PN00_S05,PN00_S05_preictal,PN00-5.edf,30,754.0,150,2.5,1,0.013762309000933592,0.8257356362027263,0.17426436379727372,"(1, 0.013762)"
train,PN00,PN00_S05,PN00_S05_preictal,PN00-5.edf,31,759.0,145,2.4166666666666665,1,0.013797251297082083,0.8278321665987958,0.17216783340120423,"(1, 0.013797)"
train,PN00,PN00_S05,PN00_S05_preictal,PN00-5.edf,32,764.0,140,2.3333333333333335,1,0.013899613504640532,0.8339738774538317,0.16602612254616833,"(1, 0.013900)"
train,PN00,PN00_S05,PN00_S05_preictal,PN00-5.edf,33,769.0,135,2.25,1,0.01389138814109429,0.8334803573766125,0.16651964262338748,"(1, 0.013891)"
train,PN00,PN00_S05,PN00_S05_preictal,PN00-5.edf,34,774.0,130,2.1666666666666665,1,0.01393864986537485,0.8363160508612014,0.16368394913879858,"(1, 0.013939)"
train,PN00,PN00_S05,PN00_S05_preictal,PN00-5.edf,35,779.0,125,2.0833333333333335,1,0.014029189868801821,0.8417484319628389,0.15825156803716112,"(1, 0.014029)"
train,PN00,PN00_S05,PN00_S05_preictal,PN00-5.edf,36,784.0,120,2.0,1,0.01404974981098425,0.8429820241556277,0.15701797584437227,"(1, 0.014050)"
train,PN00,PN00_S05,PN00_S05_preictal,PN00-5.edf,37,789.0,115,1.9166666666666667,1,0.013913494438436967,0.8348067305527346,0.16519326944726542,"(1, 0.013913)"
train,PN00,PN00_S05,PN00_S05_preictal,PN00-5.edf,38,794.0,110,1.8333333333333333,1,0.01383652389693636,0.8301885143035165,0.16981148569648352,"(1, 0.013837)"
train,PN00,PN00_S05,PN00_S05_preictal,PN00-5.edf,39,799.0,105,1.75,1,0.01386263009565807,0.8317548807183996,0.16824511928160035,"(1, 0.013863)"
train,PN00,PN00_S05,PN00_S05_preictal,PN00-5.edf,40,804.0,100,1.6666666666666667,1,0.013773776367395876,0.826423675770844,0.17357632422915603,"(1, 0.013774)"
train,PN00,PN00_S05,PN00_S05_preictal,PN00-5.edf,41,809.0,95,1.5833333333333333,1,0.013854660578711746,0.8312767113831918,0.1687232886168082,"(1, 0.013855)"
train,PN00,PN00_S05,PN00_S05_preictal,PN00-5.edf,42,814.0,90,1.5,1,0.013931887691442437,0.8359103218520783,0.16408967814792175,"(1, 0.013932)"
train,PN00,PN00_S05,PN00_S05_preictal,PN00-5.edf,43,819.0,85,1.4166666666666667,1,0.013984582294711124,0.8390719869296149,0.16092801307038507,"(1, 0.013985)"
train,PN00,PN00_S05,PN00_S05_preictal,PN00-5.edf,44,824.0,80,1.3333333333333333,1,0.014128882915272607,0.847729993715809,0.15227000628419096,"(1, 0.014129)"
train,PN00,PN00_S05,PN00_S05_preictal,PN00-5.edf,45,829.0,75,1.25,1,0.014188088170172546,0.8512822965174704,0.14871770348252955,"(1, 0.014188)"
train,PN00,PN00_S05,PN00_S05_preictal,PN00-5.edf,46,834.0,70,1.1666666666666667,1,0.014059610940224159,0.8435736898293196,0.15642631017068043,"(1, 0.014060)"
train,PN00,PN00_S05,PN00_S05_preictal,PN00-5.edf,47,839.0,65,1.0833333333333333,1,0.01415965759107189,0.8495764677702958,0.15042353222970417,"(1, 0.014160)"
train,PN00,PN00_S05,PN00_S05_preictal,PN00-5.edf,48,844.0,60,1.0,1,0.01430297377651858,0.8581754086573187,0.14182459134268133,"(1, 0.014303)"
train,PN00,PN00_S05,PN00_S05_preictal,PN00-5.edf,49,849.0,55,0.9166666666666666,1,0.01440017115100198,0.8640072306176336,0.13599276938236637,"(1, 0.014400)"
train,PN00,PN00_S05,PN00_S05_preictal,PN00-5.edf,50,854.0,50,0.8333333333333334,1,0.014442209637615564,0.8665295309443094,0.1334704690556906,"(1, 0.014442)"
train,PN00,PN00_S05,PN00_S05_preictal,PN00-5.edf,51,859.0,45,0.75,1,0.01452552549961798,0.8715284650847707,0.12847153491522934,"(1, 0.014526)"
train,PN00,PN00_S05,PN00_S05_preictal,PN00-5.edf,52,864.0,40,0.6666666666666666,1,0.01464183518591011,0.8785070217209032,0.12149297827909677,"(1, 0.014642)"
train,PN00,PN00_S05,PN00_S05_preictal,PN00-5.edf,53,869.0,35,0.5833333333333334,1,0.014705219055698769,0.8823100405341981,0.11768995946580185,"(1, 0.014705)"
train,PN00,PN00_S05,PN00_S05_preictal,PN00-5.edf,54,874.0,30,0.5,1,0.01477800149234955,0.8866769713761187,0.11332302862388133,"(1, 0.014778)"
train,PN00,PN00_S05,PN00_S05_preictal,PN00-5.edf,55,879.0,25,0.4166666666666667,1,0.014811713850576738,0.8886997057564274,0.11130029424357257,"(1, 0.014812)"
train,PN00,PN00_S05,PN00_S05_preictal,PN00-5.edf,56,884.0,20,0.3333333333333333,1,0.014811467995829426,0.8886849545234642,0.11131504547653581,"(1, 0.014811)"
train,PN00,PN00_S05,PN00_S05_preictal,PN00-5.edf,57,889.0,15,0.25,1,0.014822489208114645,0.8893462249350966,0.11065377506490337,"(1, 0.014822)"
train,PN00,PN00_S05,PN00_S05_preictal,PN00-5.edf,58,894.0,10,0.16666666666666666,1,0.014892698678134012,0.8935587783220293,0.10644122167797065,"(1, 0.014893)"
train,PN00,PN00_S05,PN00_S05_preictal,PN00-5.edf,59,899.0,5,0.08333333333333333,1,0.014908024225429254,0.8944783079260467,0.10552169207395334,"(1, 0.014908)"
train,PN00,PN00_S05,PN00_S05_preictal,PN00-5.edf,60,904.0,0,0.0,1,0.014542319742638298,0.872536116122397,0.127463883877603,"(1, 0.014542)"
train,PN01,PN01_S01,PN01_S01_preictal,PN01-1.edf,0,9918.0,300,5.0,1,0.01594499703671265,0.9566964578013284,0.04330354219867161,"(1, 0.015945)"
train,PN01,PN01_S01,PN01_S01_preictal,PN01-1.edf,1,9923.0,295,4.916666666666667,1,0.015970791565665735,0.9582441240958565,0.041755875904143536,"(1, 0.015971)"
train,PN01,PN01_S01,PN01_S01_preictal,PN01-1.edf,2,9928.0,290,4.833333333333333,1,0.015976389336417016,0.9585799891598011,0.04142001084019886,"(1, 0.015976)"
train,PN01,PN01_S01,PN01_S01_preictal,PN01-1.edf,3,9933.0,285,4.75,1,0.016005223639885626,0.9603100412838671,0.0396899587161329,"(1, 0.016005)"
train,PN01,PN01_S01,PN01_S01_preictal,PN01-1.edf,4,9938.0,280,4.666666666666667,1,0.016030391987303404,0.9618201368184013,0.03817986318159872,"(1, 0.016030)"
train,PN01,PN01_S01,PN01_S01_preictal,PN01-1.edf,5,9943.0,275,4.583333333333333,1,0.016063353328248847,0.9637978103202702,0.03620218967972977,"(1, 0.016063)"
train,PN01,PN01_S01,PN01_S01_preictal,PN01-1.edf,6,9948.0,270,4.5,1,0.01605656008388228,0.963390217091654,0.036609782908346045,"(1, 0.016057)"
train,PN01,PN01_S01,PN01_S01_preictal,PN01-1.edf,7,9953.0,265,4.416666666666667,1,0.015925212097376795,0.955509365615808,0.044490634384191985,"(1, 0.015925)"
train,PN01,PN01_S01,PN01_S01_preictal,PN01-1.edf,8,9958.0,260,4.333333333333333,1,0.01580071107387446,0.9480393304754391,0.05196066952456091,"(1, 0.015801)"
train,PN01,PN01_S01,PN01_S01_preictal,PN01-1.edf,9,9963.0,255,4.25,1,0.01573632313352283,0.9441760676402252,0.055823932359774786,"(1, 0.015736)"
train,PN01,PN01_S01,PN01_S01_preictal,PN01-1.edf,10,9968.0,250,4.166666666666667,1,0.01575397498728867,0.9452351751416266,0.05476482485837342,"(1, 0.015754)"
train,PN01,PN01_S01,PN01_S01_preictal,PN01-1.edf,11,9973.0,245,4.083333333333333,1,0.01575457127912058,0.9452709525257232,0.05472904747427676,"(1, 0.015755)"
train,PN01,PN01_S01,PN01_S01_preictal,PN01-1.edf,12,9978.0,240,4.0,1,0.015739227378758346,0.9443503217415591,0.055649678258440916,"(1, 0.015739)"
train,PN01,PN01_S01,PN01_S01_preictal,PN01-1.edf,13,9983.0,235,3.9166666666666665,1,0.015774361107294514,0.9464583380404968,0.05354166195950316,"(1, 0.015774)"
train,PN01,PN01_S01,PN01_S01_preictal,PN01-1.edf,14,9988.0,230,3.8333333333333335,1,0.015813656028947003,0.9488160250484002,0.051183974951599764,"(1, 0.015814)"
train,PN01,PN01_S01,PN01_S01_preictal,PN01-1.edf,15,9993.0,225,3.75,1,0.01588266845216675,0.9529567558799334,0.04704324412006655,"(1, 0.015883)"
train,PN01,PN01_S01,PN01_S01_preictal,PN01-1.edf,16,9998.0,220,3.6666666666666665,1,0.015945821875617137,0.9567459479615561,0.0432540520384439,"(1, 0.015946)"
train,PN01,PN01_S01,PN01_S01_preictal,PN01-1.edf,17,10003.0,215,3.5833333333333335,1,0.016001676734695384,0.960097227720851,0.03990277227914896,"(1, 0.016002)"
train,PN01,PN01_S01,PN01_S01_preictal,PN01-1.edf,18,10008.0,210,3.5,1,0.01602740004984135,0.9616406212019781,0.03835937879802187,"(1, 0.016027)"
train,PN01,PN01_S01,PN01_S01_preictal,PN01-1.edf,19,10013.0,205,3.4166666666666665,1,0.016060067475685426,0.9636006598597814,0.03639934014021862,"(1, 0.016060)"
train,PN01,PN01_S01,PN01_S01_preictal,PN01-1.edf,20,10018.0,200,3.3333333333333335,1,0.016040931564197072,0.962452509208166,0.03754749079183395,"(1, 0.016041)"
train,PN01,PN01_S01,PN01_S01_preictal,PN01-1.edf,21,10023.0,195,3.25,1,0.016069762884704967,0.9641823823552182,0.03581761764478175,"(1, 0.016070)"
train,PN01,PN01_S01,PN01_S01_preictal,PN01-1.edf,22,10028.0,190,3.1666666666666665,1,0.016094775911093224,0.9656831586607539,0.03431684133924606,"(1, 0.016095)"
train,PN01,PN01_S01,PN01_S01_preictal,PN01-1.edf,23,10033.0,185,3.0833333333333335,1,0.016128669981015278,0.9677167957044136,0.0322832042955864,"(1, 0.016129)"
train,PN01,PN01_S01,PN01_S01_preictal,PN01-1.edf,24,10038.0,180,3.0,1,0.016161344933891146,0.969677285982536,0.030322714017464003,"(1, 0.016161)"
train,PN01,PN01_S01,PN01_S01_preictal,PN01-1.edf,25,10043.0,175,2.9166666666666665,1,0.016187589188877104,0.971251935744144,0.028748064255855965,"(1, 0.016188)"
train,PN01,PN01_S01,PN01_S01_preictal,PN01-1.edf,26,10048.0,170,2.8333333333333335,1,0.016154870837519868,0.9692888415662967,0.03071115843370331,"(1, 0.016155)"
train,PN01,PN01_S01,PN01_S01_preictal,PN01-1.edf,27,10053.0,165,2.75,1,0.016117778855506193,0.9670633304719007,0.03293666952809926,"(1, 0.016118)"
train,PN01,PN01_S01,PN01_S01_preictal,PN01-1.edf,28,10058.0,160,2.6666666666666665,1,0.016107884713166862,0.9664696840192093,0.033530315980790704,"(1, 0.016108)"
train,PN01,PN01_S01,PN01_S01_preictal,PN01-1.edf,29,10063.0,155,2.5833333333333335,1,0.016017340956670033,0.9610370777341721,0.03896292226582787,"(1, 0.016017)"
train,PN01,PN01_S01,PN01_S01_preictal,PN01-1.edf,30,10068.0,150,2.5,1,0.015985424054306696,0.9591220703268525,0.04087792967314752,"(1, 0.015985)"
train,PN01,PN01_S01,PN01_S01_preictal,PN01-1.edf,31,10073.0,145,2.4166666666666665,1,0.01590237971271746,0.9541394273538912,0.045860572646108766,"(1, 0.015902)"
train,PN01,PN01_S01,PN01_S01_preictal,PN01-1.edf,32,10078.0,140,2.3333333333333335,1,0.01579433369931228,0.947656689347337,0.052343310652662955,"(1, 0.015794)"
train,PN01,PN01_S01,PN01_S01_preictal,PN01-1.edf,33,10083.0,135,2.25,1,0.015792158440264513,0.9475261742634515,0.05247382573654846,"(1, 0.015792)"
train,PN01,PN01_S01,PN01_S01_preictal,PN01-1.edf,34,10088.0,130,2.1666666666666665,1,0.015815547196607143,0.9489294947089715,0.05107050529102852,"(1, 0.015816)"
train,PN01,PN01_S01,PN01_S01_preictal,PN01-1.edf,35,10093.0,125,2.0833333333333335,1,0.015818447483753658,0.9491035113258006,0.05089648867419938,"(1, 0.015818)"
train,PN01,PN01_S01,PN01_S01_preictal,PN01-1.edf,36,10098.0,120,2.0,1,0.015798838217248475,0.9479269594730535,0.0520730405269465,"(1, 0.015799)"
train,PN01,PN01_S01,PN01_S01_preictal,PN01-1.edf,37,10103.0,115,1.9166666666666667,1,0.015784059351719518,0.9470402306596633,0.05295976934033675,"(1, 0.015784)"
train,PN01,PN01_S01,PN01_S01_preictal,PN01-1.edf,38,10108.0,110,1.8333333333333333,1,0.015741516521998254,0.9444876698529432,0.05551233014705681,"(1, 0.015742)"
train,PN01,PN01_S01,PN01_S01_preictal,PN01-1.edf,39,10113.0,105,1.75,1,0.01579363771491817,0.9476149304305435,0.052385069569456544,"(1, 0.015794)"
train,PN01,PN01_S01,PN01_S01_preictal,PN01-1.edf,40,10118.0,100,1.6666666666666667,1,0.015827693067972073,0.9496582444280831,0.05034175557191689,"(1, 0.015828)"
train,PN01,PN01_S01,PN01_S01_preictal,PN01-1.edf,41,10123.0,95,1.5833333333333333,1,0.015750742760406715,0.9450412422107106,0.05495875778928938,"(1, 0.015751)"
train,PN01,PN01_S01,PN01_S01_preictal,PN01-1.edf,42,10128.0,90,1.5,1,0.0157277089783136,0.9436592201452618,0.05634077985473818,"(1, 0.015728)"
train,PN01,PN01_S01,PN01_S01_preictal,PN01-1.edf,43,10133.0,85,1.4166666666666667,1,0.015707694353970222,0.9424583469077538,0.05754165309224624,"(1, 0.015708)"
train,PN01,PN01_S01,PN01_S01_preictal,PN01-1.edf,44,10138.0,80,1.3333333333333333,1,0.015698187089236065,0.9418879130297415,0.05811208697025849,"(1, 0.015698)"
train,PN01,PN01_S01,PN01_S01_preictal,PN01-1.edf,45,10143.0,75,1.25,1,0.01568907563015586,0.9413412274074509,0.05865877259254915,"(1, 0.015689)"
train,PN01,PN01_S01,PN01_S01_preictal,PN01-1.edf,46,10148.0,70,1.1666666666666667,1,0.015689780553107685,0.9413835226358215,0.05861647736417852,"(1, 0.015690)"
train,PN01,PN01_S01,PN01_S01_preictal,PN01-1.edf,47,10153.0,65,1.0833333333333333,1,0.015670827037443585,0.9402463156951757,0.059753684304824306,"(1, 0.015671)"
train,PN01,PN01_S01,PN01_S01_preictal,PN01-1.edf,48,10158.0,60,1.0,1,0.01563174435027962,0.937901362711802,0.06209863728819798,"(1, 0.015632)"
train,PN01,PN01_S01,PN01_S01_preictal,PN01-1.edf,49,10163.0,55,0.9166666666666666,1,0.015561490073319046,0.9336861209178511,0.06631387908214892,"(1, 0.015561)"
train,PN01,PN01_S01,PN01_S01_preictal,PN01-1.edf,50,10168.0,50,0.8333333333333334,1,0.01554764701811196,0.9328555405263167,0.0671444594736833,"(1, 0.015548)"
train,PN01,PN01_S01,PN01_S01_preictal,PN01-1.edf,51,10173.0,45,0.75,1,0.015511237334119531,0.9306709671692305,0.06932903283076952,"(1, 0.015511)"
train,PN01,PN01_S01,PN01_S01_preictal,PN01-1.edf,52,10178.0,40,0.6666666666666666,1,0.015397338033759343,0.9238370331804219,0.07616296681957813,"(1, 0.015397)"
train,PN01,PN01_S01,PN01_S01_preictal,PN01-1.edf,53,10183.0,35,0.5833333333333334,1,0.015279660802239298,0.9167764241191672,0.08322357588083285,"(1, 0.015280)"
train,PN01,PN01_S01,PN01_S01_preictal,PN01-1.edf,54,10188.0,30,0.5,1,0.015159639188397238,0.9095751526132572,0.09042484738674283,"(1, 0.015160)"
train,PN01,PN01_S01,PN01_S01_preictal,PN01-1.edf,55,10193.0,25,0.4166666666666667,1,0.015132250643417748,0.9079318456934828,0.09206815430651716,"(1, 0.015132)"
train,PN01,PN01_S01,PN01_S01_preictal,PN01-1.edf,56,10198.0,20,0.3333333333333333,1,0.01512130268615029,0.9072749705674593,0.09272502943254068,"(1, 0.015121)"
train,PN01,PN01_S01,PN01_S01_preictal,PN01-1.edf,57,10203.0,15,0.25,1,0.015137247659113017,0.9082316655808265,0.09176833441917354,"(1, 0.015137)"
train,PN01,PN01_S01,PN01_S01_preictal,PN01-1.edf,58,10208.0,10,0.16666666666666666,1,0.015158444155220639,0.9095034508748138,0.09049654912518623,"(1, 0.015158)"
train,PN01,PN01_S01,PN01_S01_preictal,PN01-1.edf,59,10213.0,5,0.08333333333333333,1,0.01503235431188889,0.9019380868799215,0.0980619131200785,"(1, 0.015032)"
train,PN01,PN01_S01,PN01_S01_preictal,PN01-1.edf,60,10218.0,0,0.0,1,0.014484518182155636,0.8690680346895922,0.13093196531040785,"(1, 0.014485)"
train,PN01,PN01_S02,PN01_S02_preictal,PN01-1.edf,0,46053.0,300,5.0,1,0.014002880478833472,0.8401698741160308,0.15983012588396917,"(1, 0.014003)"
train,PN01,PN01_S02,PN01_S02_preictal,PN01-1.edf,1,46058.0,295,4.916666666666667,1,0.014062171741974657,0.8437273373940192,0.15627266260598083,"(1, 0.014062)"
train,PN01,PN01_S02,PN01_S02_preictal,PN01-1.edf,2,46063.0,290,4.833333333333333,1,0.01412693584050035,0.8476131696403073,0.1523868303596927,"(1, 0.014127)"
train,PN01,PN01_S02,PN01_S02_preictal,PN01-1.edf,3,46068.0,285,4.75,1,0.014183463075609129,0.8510047918195623,0.14899520818043765,"(1, 0.014183)"
train,PN01,PN01_S02,PN01_S02_preictal,PN01-1.edf,4,46073.0,280,4.666666666666667,1,0.014130159863646075,0.8478066103487805,0.15219338965121953,"(1, 0.014130)"
train,PN01,PN01_S02,PN01_S02_preictal,PN01-1.edf,5,46078.0,275,4.583333333333333,60,0.09815667021147052,0.8435045456395452,0.15649545436045476,"(60, 0.098157)"
train,PN01,PN01_S02,PN01_S02_preictal,PN01-1.edf,6,46083.0,270,4.5,60,0.08288757889467453,0.8519157770938228,0.14808422290617718,"(60, 0.082888)"
train,PN01,PN01_S02,PN01_S02_preictal,PN01-1.edf,7,46088.0,265,4.416666666666667,1,0.014405553426782026,0.8643301660287739,0.13566983397122612,"(1, 0.014406)"
train,PN01,PN01_S02,PN01_S02_preictal,PN01-1.edf,8,46093.0,260,4.333333333333333,1,0.014624283450369802,0.8774539212919087,0.12254607870809131,"(1, 0.014624)"
train,PN01,PN01_S02,PN01_S02_preictal,PN01-1.edf,9,46098.0,255,4.25,1,0.014824048000670597,0.8894397521595478,0.11056024784045215,"(1, 0.014824)"
train,PN01,PN01_S02,PN01_S02_preictal,PN01-1.edf,10,46103.0,250,4.166666666666667,60,0.09685455061720066,0.9001253375554983,0.09987466244450172,"(60, 0.096855)"
train,PN01,PN01_S02,PN01_S02_preictal,PN01-1.edf,11,46108.0,245,4.083333333333333,60,0.10615911252211892,0.9067669386355961,0.0932330613644039,"(60, 0.106159)"
train,PN01,PN01_S02,PN01_S02_preictal,PN01-1.edf,12,46113.0,240,4.0,60,0.10624279307131822,0.9154424654869556,0.08455753451304437,"(60, 0.106243)"
train,PN01,PN01_S02,PN01_S02_preictal,PN01-1.edf,13,46118.0,235,3.9166666666666665,60,0.10799479600710249,0.9220002481144788,0.07799975188552122,"(60, 0.107995)"
train,PN01,PN01_S02,PN01_S02_preictal,PN01-1.edf,14,46123.0,230,3.8333333333333335,60,0.10782213105946144,0.9292442884462188,0.07075571155378124,"(60, 0.107822)"
train,PN01,PN01_S02,PN01_S02_preictal,PN01-1.edf,15,46128.0,225,3.75,60,0.10589076013999131,0.9359445237728163,0.06405547622718366,"(60, 0.105891)"
train,PN01,PN01_S02,PN01_S02_preictal,PN01-1.edf,16,46133.0,220,3.6666666666666665,60,0.0731747975869092,0.9413164591342954,0.0586835408657046,"(60, 0.073175)"
train,PN01,PN01_S02,PN01_S02_preictal,PN01-1.edf,17,46138.0,215,3.5833333333333335,60,0.10908045190784685,0.9443758449692415,0.05562415503075846,"(60, 0.109080)"
train,PN01,PN01_S02,PN01_S02_preictal,PN01-1.edf,18,46143.0,210,3.5,60,0.1107581980936403,0.9494825028941668,0.0505174971058332,"(60, 0.110758)"
train,PN01,PN01_S02,PN01_S02_preictal,PN01-1.edf,19,46148.0,205,3.4166666666666665,60,0.10848746176251382,0.9533994942000283,0.04660050579997166,"(60, 0.108487)"
train,PN01,PN01_S02,PN01_S02_preictal,PN01-1.edf,20,46153.0,200,3.3333333333333335,60,0.11209842303216444,0.9565392235717072,0.043460776428292824,"(60, 0.112098)"
train,PN01,PN01_S02,PN01_S02_preictal,PN01-1.edf,21,46158.0,195,3.25,60,0.11206315944555235,0.9598592205507228,0.040140779449277186,"(60, 0.112063)"
train,PN01,PN01_S02,PN01_S02_preictal,PN01-1.edf,22,46163.0,190,3.1666666666666665,60,0.10774621886372912,0.9630337769459197,0.03696622305408026,"(60, 0.107746)"
train,PN01,PN01_S02,PN01_S02_preictal,PN01-1.edf,23,46168.0,185,3.0833333333333335,53,0.04834886761237886,0.9643930489631801,0.03560695103681988,"(53, 0.048349)"
train,PN01,PN01_S02,PN01_S02_preictal,PN01-1.edf,24,46173.0,180,3.0,60,0.10989365909688201,0.9666747808571606,0.03332521914283937,"(60, 0.109894)"
train,PN01,PN01_S02,PN01_S02_preictal,PN01-1.edf,25,46178.0,175,2.9166666666666665,60,0.10973260383331226,0.9680504670930672,0.03194953290693281,"(60, 0.109733)"
train,PN01,PN01_S02,PN01_S02_preictal,PN01-1.edf,26,46183.0,170,2.8333333333333335,60,0.10907574781980867,0.9690830666004615,0.030916933399538493,"(60, 0.109076)"
train,PN01,PN01_S02,PN01_S02_preictal,PN01-1.edf,27,46188.0,165,2.75,60,0.10097929491436777,0.9651173710529632,0.03488262894703675,"(60, 0.100979)"
train,PN01,PN01_S02,PN01_S02_preictal,PN01-1.edf,28,46193.0,160,2.6666666666666665,60,0.10256660137073056,0.9630366255044855,0.036963374495514456,"(60, 0.102567)"
train,PN01,PN01_S02,PN01_S02_preictal,PN01-1.edf,29,46198.0,155,2.5833333333333335,1,0.015484785648257277,0.9290838715988126,0.07091612840118744,"(1, 0.015485)"
train,PN01,PN01_S02,PN01_S02_preictal,PN01-1.edf,30,46203.0,150,2.5,1,0.01497719224768035,0.8986283746666291,0.10137162533337085,"(1, 0.014977)"
train,PN01,PN01_S02,PN01_S02_preictal,PN01-1.edf,31,46208.0,145,2.4166666666666665,1,0.014901490901534887,0.8940863098709189,0.10591369012908114,"(1, 0.014901)"
train,PN01,PN01_S02,PN01_S02_preictal,PN01-1.edf,32,46213.0,140,2.3333333333333335,1,0.014889700026163435,0.8933788598365117,0.10662114016348834,"(1, 0.014890)"
train,PN01,PN01_S02,PN01_S02_preictal,PN01-1.edf,33,46218.0,135,2.25,1,0.01484123406380515,0.8904709123213541,0.10952908767864589,"(1, 0.014841)"
train,PN01,PN01_S02,PN01_S02_preictal,PN01-1.edf,34,46223.0,130,2.1666666666666665,1,0.014867964849491737,0.8920747538223417,0.10792524617765831,"(1, 0.014868)"
train,PN01,PN01_S02,PN01_S02_preictal,PN01-1.edf,35,46228.0,125,2.0833333333333335,1,0.014954037783610295,0.897239111708028,0.10276088829197205,"(1, 0.014954)"
train,PN01,PN01_S02,PN01_S02_preictal,PN01-1.edf,36,46233.0,120,2.0,1,0.015025491575099281,0.9015263241205855,0.09847367587941447,"(1, 0.015025)"
train,PN01,PN01_S02,PN01_S02_preictal,PN01-1.edf,37,46238.0,115,1.9166666666666667,1,0.015050913818067054,0.9030516533345474,0.0969483466654526,"(1, 0.015051)"
train,PN01,PN01_S02,PN01_S02_preictal,PN01-1.edf,38,46243.0,110,1.8333333333333333,1,0.0150427947865972,0.9025645131594754,0.09743548684052461,"(1, 0.015043)"
train,PN01,PN01_S02,PN01_S02_preictal,PN01-1.edf,39,46248.0,105,1.75,1,0.015104113369927888,0.9062436152210684,0.09375638477893156,"(1, 0.015104)"
train,PN01,PN01_S02,PN01_S02_preictal,PN01-1.edf,40,46253.0,100,1.6666666666666667,1,0.015141329231640714,0.9084765590712747,0.09152344092872533,"(1, 0.015141)"
train,PN01,PN01_S02,PN01_S02_preictal,PN01-1.edf,41,46258.0,95,1.5833333333333333,1,0.015170475608009656,0.9102253355035129,0.08977466449648708,"(1, 0.015170)"
train,PN01,PN01_S02,PN01_S02_preictal,PN01-1.edf,42,46263.0,90,1.5,1,0.015053903768922662,0.9032310497550029,0.0967689502449971,"(1, 0.015054)"
train,PN01,PN01_S02,PN01_S02_preictal,PN01-1.edf,43,46268.0,85,1.4166666666666667,1,0.014828309951828681,0.8896954683297593,0.11030453167024068,"(1, 0.014828)"
train,PN01,PN01_S02,PN01_S02_preictal,PN01-1.edf,44,46273.0,80,1.3333333333333333,1,0.014663958634634565,0.879834423976313,0.12016557602368705,"(1, 0.014664)"
train,PN01,PN01_S02,PN01_S02_preictal,PN01-1.edf,45,46278.0,75,1.25,1,0.014632862163440246,0.877968642266023,0.122031357733977,"(1, 0.014633)"
train,PN01,PN01_S02,PN01_S02_preictal,PN01-1.edf,46,46283.0,70,1.1666666666666667,1,0.014696122631731253,0.8817642570154967,0.11823574298450334,"(1, 0.014696)"
train,PN01,PN01_S02,PN01_S02_preictal,PN01-1.edf,47,46288.0,65,1.0833333333333333,1,0.014800606229879082,0.8880332508582809,0.11196674914171911,"(1, 0.014801)"
train,PN01,PN01_S02,PN01_S02_preictal,PN01-1.edf,48,46293.0,60,1.0,1,0.014911561959386197,0.8946905712169998,0.1053094287830002,"(1, 0.014912)"
train,PN01,PN01_S02,PN01_S02_preictal,PN01-1.edf,49,46298.0,55,0.9166666666666666,1,0.014974968517453155,0.8984949513222055,0.10150504867779453,"(1, 0.014975)"
train,PN01,PN01_S02,PN01_S02_preictal,PN01-1.edf,50,46303.0,50,0.8333333333333334,1,0.015123169262992753,0.9073869647841585,0.09261303521584152,"(1, 0.015123)"
train,PN01,PN01_S02,PN01_S02_preictal,PN01-1.edf,51,46308.0,45,0.75,1,0.015256947404172801,0.9154136250277144,0.0845863749722856,"(1, 0.015257)"
train,PN01,PN01_S02,PN01_S02_preictal,PN01-1.edf,52,46313.0,40,0.6666666666666666,1,0.015380414900591824,0.9228216487611594,0.07717835123884065,"(1, 0.015380)"
train,PN01,PN01_S02,PN01_S02_preictal,PN01-1.edf,53,46318.0,35,0.5833333333333334,1,0.015474901761578324,0.9284908404835799,0.07150915951642012,"(1, 0.015475)"
train,PN01,PN01_S02,PN01_S02_preictal,PN01-1.edf,54,46323.0,30,0.5,1,0.01556842688176737,0.934102327961081,0.06589767203891905,"(1, 0.015568)"
train,PN01,PN01_S02,PN01_S02_preictal,PN01-1.edf,55,46328.0,25,0.4166666666666667,1,0.015657311261424917,0.9394353719858902,0.06056462801410978,"(1, 0.015657)"
train,PN01,PN01_S02,PN01_S02_preictal,PN01-1.edf,56,46333.0,20,0.3333333333333333,1,0.01574714986732914,0.944825669384158,0.05517433061584198,"(1, 0.015747)"
train,PN01,PN01_S02,PN01_S02_preictal,PN01-1.edf,57,46338.0,15,0.25,1,0.015811654208443448,0.9486959162405719,0.051304083759428076,"(1, 0.015812)"
train,PN01,PN01_S02,PN01_S02_preictal,PN01-1.edf,58,46343.0,10,0.16666666666666666,1,0.015874327776902238,0.9524563171239486,0.047543682876051374,"(1, 0.015874)"
train,PN01,PN01_S02,PN01_S02_preictal,PN01-1.edf,59,46348.0,5,0.08333333333333333,1,0.015815882153628297,0.9489495920595648,0.05105040794043525,"(1, 0.015816)"
train,PN01,PN01_S02,PN01_S02_preictal,PN01-1.edf,60,46353.0,0,0.0,1,0.01563736891716662,0.9382388355382358,0.06176116446176416,"(1, 0.015637)"
train,PN03,PN03_S01,PN03_S01_preictal,PN03-1.edf,0,38373.0,300,5.0,1,0.01055807618468059,0.6334823433220883,0.3665176566779117,"(1, 0.010558)"
train,PN03,PN03_S01,PN03_S01_preictal,PN03-1.edf,1,38378.0,295,4.916666666666667,1,0.010838488694740174,0.6503070347584996,0.3496929652415004,"(1, 0.010838)"
train,PN03,PN03_S01,PN03_S01_preictal,PN03-1.edf,2,38383.0,290,4.833333333333333,1,0.011283498394340624,0.6770075228372832,0.32299247716271684,"(1, 0.011283)"
train,PN03,PN03_S01,PN03_S01_preictal,PN03-1.edf,3,38388.0,285,4.75,1,0.011716563899575545,0.7029913617743652,0.29700863822563484,"(1, 0.011717)"
train,PN03,PN03_S01,PN03_S01_preictal,PN03-1.edf,4,38393.0,280,4.666666666666667,1,0.012071368822937387,0.7242795823120799,0.2757204176879201,"(1, 0.012071)"
train,PN03,PN03_S01,PN03_S01_preictal,PN03-1.edf,5,38398.0,275,4.583333333333333,1,0.012423501728524538,0.74540748234711,0.25459251765289004,"(1, 0.012424)"
train,PN03,PN03_S01,PN03_S01_preictal,PN03-1.edf,6,38403.0,270,4.5,1,0.012754681566445481,0.7652782027432742,0.23472179725672582,"(1, 0.012755)"
train,PN03,PN03_S01,PN03_S01_preictal,PN03-1.edf,7,38408.0,265,4.416666666666667,1,0.01308332612944826,0.7849968071792928,0.21500319282070723,"(1, 0.013083)"
train,PN03,PN03_S01,PN03_S01_preictal,PN03-1.edf,8,38413.0,260,4.333333333333333,1,0.01335574561286486,0.8013419187036572,0.19865808129634277,"(1, 0.013356)"
train,PN03,PN03_S01,PN03_S01_preictal,PN03-1.edf,9,38418.0,255,4.25,1,0.013610829180725086,0.816646878952525,0.18335312104747503,"(1, 0.013611)"
train,PN03,PN03_S01,PN03_S01_preictal,PN03-1.edf,10,38423.0,250,4.166666666666667,1,0.013863470428619759,0.8318053005187903,0.1681946994812097,"(1, 0.013863)"
train,PN03,PN03_S01,PN03_S01_preictal,PN03-1.edf,11,38428.0,245,4.083333333333333,1,0.014082544015967124,0.8449496695350084,0.15505033046499161,"(1, 0.014083)"
train,PN03,PN03_S01,PN03_S01_preictal,PN03-1.edf,12,38433.0,240,4.0,1,0.014292716941596109,0.8575600007261671,0.14243999927383288,"(1, 0.014293)"
train,PN03,PN03_S01,PN03_S01_preictal,PN03-1.edf,13,38438.0,235,3.9166666666666665,1,0.014473945416854615,0.868433671002389,0.131566328997611,"(1, 0.014474)"
train,PN03,PN03_S01,PN03_S01_preictal,PN03-1.edf,14,38443.0,230,3.8333333333333335,1,0.014574037639089533,0.8744391832169809,0.1255608167830191,"(1, 0.014574)"
train,PN03,PN03_S01,PN03_S01_preictal,PN03-1.edf,15,38448.0,225,3.75,1,0.014681386848773213,0.880880113147271,0.119119886852729,"(1, 0.014681)"
train,PN03,PN03_S01,PN03_S01_preictal,PN03-1.edf,16,38453.0,220,3.6666666666666665,1,0.0147581483986253,0.8854857899416751,0.11451421005832485,"(1, 0.014758)"
train,PN03,PN03_S01,PN03_S01_preictal,PN03-1.edf,17,38458.0,215,3.5833333333333335,1,0.014840833657996598,0.8904468880573267,0.10955311194267325,"(1, 0.014841)"
train,PN03,PN03_S01,PN03_S01_preictal,PN03-1.edf,18,38463.0,210,3.5,1,0.014900853291922969,0.8940480534287397,0.10595194657126028,"(1, 0.014901)"
train,PN03,PN03_S01,PN03_S01_preictal,PN03-1.edf,19,38468.0,205,3.4166666666666665,1,0.014973996044304116,0.8984366031384554,0.10156339686154459,"(1, 0.014974)"
train,PN03,PN03_S01,PN03_S01_preictal,PN03-1.edf,20,38473.0,200,3.3333333333333335,1,0.014869947881238537,0.8921937353087291,0.10780626469127086,"(1, 0.014870)"
train,PN03,PN03_S01,PN03_S01_preictal,PN03-1.edf,21,38478.0,195,3.25,1,0.014875061946493694,0.8925005781449685,0.10749942185503147,"(1, 0.014875)"
train,PN03,PN03_S01,PN03_S01_preictal,PN03-1.edf,22,38483.0,190,3.1666666666666665,1,0.014795269979189882,0.8877130769428802,0.11228692305711985,"(1, 0.014795)"
train,PN03,PN03_S01,PN03_S01_preictal,PN03-1.edf,23,38488.0,185,3.0833333333333335,1,0.01480096391762603,0.8880547120476255,0.11194528795237446,"(1, 0.014801)"
train,PN03,PN03_S01,PN03_S01_preictal,PN03-1.edf,24,38493.0,180,3.0,1,0.01482039356178898,0.889220486597739,0.110779513402261,"(1, 0.014820)"
train,PN03,PN03_S01,PN03_S01_preictal,PN03-1.edf,25,38498.0,175,2.9166666666666665,1,0.014907744334437976,0.8944615145256272,0.10553848547437283,"(1, 0.014908)"
train,PN03,PN03_S01,PN03_S01_preictal,PN03-1.edf,26,38503.0,170,2.8333333333333335,1,0.01490707967404019,0.8944216350420036,0.10557836495799644,"(1, 0.014907)"
train,PN03,PN03_S01,PN03_S01_preictal,PN03-1.edf,27,38508.0,165,2.75,1,0.014916849735965639,0.8950078366960431,0.10499216330395689,"(1, 0.014917)"
train,PN03,PN03_S01,PN03_S01_preictal,PN03-1.edf,28,38513.0,160,2.6666666666666665,1,0.01498373493651655,0.899020934616291,0.10097906538370904,"(1, 0.014984)"
train,PN03,PN03_S01,PN03_S01_preictal,PN03-1.edf,29,38518.0,155,2.5833333333333335,1,0.01504559004120476,0.9027322278461289,0.09726777215387106,"(1, 0.015046)"
train,PN03,PN03_S01,PN03_S01_preictal,PN03-1.edf,30,38523.0,150,2.5,1,0.015054996339331479,0.9032966037489991,0.09670339625100088,"(1, 0.015055)"
train,PN03,PN03_S01,PN03_S01_preictal,PN03-1.edf,31,38528.0,145,2.4166666666666665,1,0.015089422412839318,0.9053621608955527,0.09463783910444734,"(1, 0.015089)"
train,PN03,PN03_S01,PN03_S01_preictal,PN03-1.edf,32,38533.0,140,2.3333333333333335,1,0.015107617455948925,0.906453859642967,0.09354614035703301,"(1, 0.015108)"
train,PN03,PN03_S01,PN03_S01_preictal,PN03-1.edf,33,38538.0,135,2.25,1,0.015192345810701438,0.9115375430503974,0.08846245694960264,"(1, 0.015192)"
train,PN03,PN03_S01,PN03_S01_preictal,PN03-1.edf,34,38543.0,130,2.1666666666666665,1,0.015289310689342276,0.9173554153092154,0.08264458469078462,"(1, 0.015289)"
train,PN03,PN03_S01,PN03_S01_preictal,PN03-1.edf,35,38548.0,125,2.0833333333333335,1,0.015384752626170606,0.9230819113806243,0.07691808861937566,"(1, 0.015385)"
train,PN03,PN03_S01,PN03_S01_preictal,PN03-1.edf,36,38553.0,120,2.0,1,0.015457606511776677,0.9274531291447864,0.07254687085521361,"(1, 0.015458)"
train,PN03,PN03_S01,PN03_S01_preictal,PN03-1.edf,37,38558.0,115,1.9166666666666667,1,0.015418162127951636,0.9250864744380665,0.07491352556193354,"(1, 0.015418)"
train,PN03,PN03_S01,PN03_S01_preictal,PN03-1.edf,38,38563.0,110,1.8333333333333333,1,0.015464657028795684,0.9278761586782647,0.07212384132173533,"(1, 0.015465)"
train,PN03,PN03_S01,PN03_S01_preictal,PN03-1.edf,39,38568.0,105,1.75,1,0.015508338034778704,0.9304970098205343,0.0695029901794657,"(1, 0.015508)"
train,PN03,PN03_S01,PN03_S01_preictal,PN03-1.edf,40,38573.0,100,1.6666666666666667,1,0.015567950237988959,0.9340737294349483,0.06592627056505174,"(1, 0.015568)"
train,PN03,PN03_S01,PN03_S01_preictal,PN03-1.edf,41,38578.0,95,1.5833333333333333,1,0.015592986896519894,0.9355759236640584,0.0644240763359416,"(1, 0.015593)"
train,PN03,PN03_S01,PN03_S01_preictal,PN03-1.edf,42,38583.0,90,1.5,1,0.015622190229935792,0.937328117507096,0.06267188249290401,"(1, 0.015622)"
train,PN03,PN03_S01,PN03_S01_preictal,PN03-1.edf,43,38588.0,85,1.4166666666666667,1,0.015659738080167164,0.9395809805983653,0.060419019401634744,"(1, 0.015660)"
train,PN03,PN03_S01,PN03_S01_preictal,PN03-1.edf,44,38593.0,80,1.3333333333333333,1,0.015660849513906148,0.9396476663881913,0.060352333611808695,"(1, 0.015661)"
train,PN03,PN03_S01,PN03_S01_preictal,PN03-1.edf,45,38598.0,75,1.25,1,0.01562440503321539,0.9374610052365474,0.0625389947634526,"(1, 0.015624)"
train,PN03,PN03_S01,PN03_S01_preictal,PN03-1.edf,46,38603.0,70,1.1666666666666667,1,0.015589469635695878,0.9353648887567609,0.06463511124323906,"(1, 0.015589)"
train,PN03,PN03_S01,PN03_S01_preictal,PN03-1.edf,47,38608.0,65,1.0833333333333333,1,0.015577214270296479,0.9346295694186846,0.06537043058131542,"(1, 0.015577)"
train,PN03,PN03_S01,PN03_S01_preictal,PN03-1.edf,48,38613.0,60,1.0,1,0.015536071164154631,0.9321609917313873,0.06783900826861267,"(1, 0.015536)"
train,PN03,PN03_S01,PN03_S01_preictal,PN03-1.edf,49,38618.0,55,0.9166666666666666,1,0.015596240880664677,0.9357711620261533,0.06422883797384671,"(1, 0.015596)"
train,PN03,PN03_S01,PN03_S01_preictal,PN03-1.edf,50,38623.0,50,0.8333333333333334,1,0.01566255770522376,0.9397501575068188,0.060249842493181216,"(1, 0.015663)"
train,PN03,PN03_S01,PN03_S01_preictal,PN03-1.edf,51,38628.0,45,0.75,1,0.015727480773658407,0.9436455279141016,0.05635447208589839,"(1, 0.015727)"
train,PN03,PN03_S01,PN03_S01_preictal,PN03-1.edf,52,38633.0,40,0.6666666666666666,1,0.01580549188994199,0.9483261784307364,0.05167382156926359,"(1, 0.015805)"
train,PN03,PN03_S01,PN03_S01_preictal,PN03-1.edf,53,38638.0,35,0.5833333333333334,1,0.015873330364411024,0.9523964725849303,0.04760352741506968,"(1, 0.015873)"
train,PN03,PN03_S01,PN03_S01_preictal,PN03-1.edf,54,38643.0,30,0.5,1,0.015934106675356337,0.9560430384178207,0.04395696158217932,"(1, 0.015934)"
train,PN03,PN03_S01,PN03_S01_preictal,PN03-1.edf,55,38648.0,25,0.4166666666666667,1,0.015984161013587954,0.9590462881502302,0.040953711849769814,"(1, 0.015984)"
train,PN03,PN03_S01,PN03_S01_preictal,PN03-1.edf,56,38653.0,20,0.3333333333333333,1,0.016016201306528102,0.960968698966123,0.039031301033876975,"(1, 0.016016)"
train,PN03,PN03_S01,PN03_S01_preictal,PN03-1.edf,57,38658.0,15,0.25,1,0.015790184152039165,0.9474077173865065,0.05259228261349347,"(1, 0.015790)"
train,PN03,PN03_S01,PN03_S01_preictal,PN03-1.edf,58,38663.0,10,0.16666666666666666,1,0.01564381269848174,0.9386254610575026,0.06137453894249745,"(1, 0.015644)"
train,PN03,PN03_S01,PN03_S01_preictal,PN03-1.edf,59,38668.0,5,0.08333333333333333,1,0.015508356009326887,0.9304980882896327,0.06950191171036735,"(1, 0.015508)"
train,PN03,PN03_S01,PN03_S01_preictal,PN03-1.edf,60,38673.0,0,0.0,1,0.014283991569885681,0.8570364802645988,0.14296351973540122,"(1, 0.014284)"
train,PN03,PN03_S02,PN03_S02_preictal,PN03-2.edf,0,34621.0,300,5.0,1,0.015353204905396411,0.9211890547907556,0.07881094520924437,"(1, 0.015353)"
train,PN03,PN03_S02,PN03_S02_preictal,PN03-2.edf,1,34626.0,295,4.916666666666667,1,0.015385554745031291,0.923130038343018,0.07686996165698201,"(1, 0.015386)"
train,PN03,PN03_S02,PN03_S02_preictal,PN03-2.edf,2,34631.0,290,4.833333333333333,1,0.01541955281829001,0.9251699155649326,0.07483008443506745,"(1, 0.015420)"
train,PN03,PN03_S02,PN03_S02_preictal,PN03-2.edf,3,34636.0,285,4.75,1,0.015463117335656364,0.9277837774147814,0.07221622258521865,"(1, 0.015463)"
train,PN03,PN03_S02,PN03_S02_preictal,PN03-2.edf,4,34641.0,280,4.666666666666667,1,0.015468652116756925,0.9281158631129738,0.07188413688702622,"(1, 0.015469)"
train,PN03,PN03_S02,PN03_S02_preictal,PN03-2.edf,5,34646.0,275,4.583333333333333,1,0.015449917065143839,0.9269917639692927,0.07300823603070727,"(1, 0.015450)"
train,PN03,PN03_S02,PN03_S02_preictal,PN03-2.edf,6,34651.0,270,4.5,1,0.015382065785078057,0.922920701481996,0.07707929851800399,"(1, 0.015382)"
train,PN03,PN03_S02,PN03_S02_preictal,PN03-2.edf,7,34656.0,265,4.416666666666667,1,0.01486102008486059,0.8916580694098213,0.10834193059017871,"(1, 0.014861)"
train,PN03,PN03_S02,PN03_S02_preictal,PN03-2.edf,8,34661.0,260,4.333333333333333,1,0.014668341756249629,0.8800974103483762,0.11990258965162381,"(1, 0.014668)"
train,PN03,PN03_S02,PN03_S02_preictal,PN03-2.edf,9,34666.0,255,4.25,1,0.014748290160429096,0.8848942977299956,0.11510570227000438,"(1, 0.014748)"
train,PN03,PN03_S02,PN03_S02_preictal,PN03-2.edf,10,34671.0,250,4.166666666666667,1,0.014853889204225111,0.8912302180763115,0.10876978192368847,"(1, 0.014854)"
train,PN03,PN03_S02,PN03_S02_preictal,PN03-2.edf,11,34676.0,245,4.083333333333333,1,0.014886052604425245,0.8931600153018279,0.10683998469817213,"(1, 0.014886)"
train,PN03,PN03_S02,PN03_S02_preictal,PN03-2.edf,12,34681.0,240,4.0,1,0.014950677673063614,0.8970375057842119,0.10296249421578807,"(1, 0.014951)"
train,PN03,PN03_S02,PN03_S02_preictal,PN03-2.edf,13,34686.0,235,3.9166666666666665,1,0.01500401402700478,0.9002376757666876,0.09976232423331244,"(1, 0.015004)"
train,PN03,PN03_S02,PN03_S02_preictal,PN03-2.edf,14,34691.0,230,3.8333333333333335,1,0.01498458249363834,0.8990717878647634,0.10092821213523662,"(1, 0.014985)"
train,PN03,PN03_S02,PN03_S02_preictal,PN03-2.edf,15,34696.0,225,3.75,1,0.015038667621545414,0.9023168841272019,0.0976831158727981,"(1, 0.015039)"
train,PN03,PN03_S02,PN03_S02_preictal,PN03-2.edf,16,34701.0,220,3.6666666666666665,1,0.015126215142789235,0.9075697169292655,0.09243028307073453,"(1, 0.015126)"
train,PN03,PN03_S02,PN03_S02_preictal,PN03-2.edf,17,34706.0,215,3.5833333333333335,1,0.015229811837317826,0.9137854967420325,0.08621450325796753,"(1, 0.015230)"
train,PN03,PN03_S02,PN03_S02_preictal,PN03-2.edf,18,34711.0,210,3.5,1,0.015316916126027902,0.9190117356855936,0.08098826431440642,"(1, 0.015317)"
train,PN03,PN03_S02,PN03_S02_preictal,PN03-2.edf,19,34716.0,205,3.4166666666666665,1,0.015312649700308916,0.9187557510426722,0.08124424895732785,"(1, 0.015313)"
train,PN03,PN03_S02,PN03_S02_preictal,PN03-2.edf,20,34721.0,200,3.3333333333333335,1,0.015261830464936265,0.9157066076431942,0.08429339235680577,"(1, 0.015262)"
train,PN03,PN03_S02,PN03_S02_preictal,PN03-2.edf,21,34726.0,195,3.25,1,0.015213580312626927,0.9128116086854374,0.08718839131456257,"(1, 0.015214)"
train,PN03,PN03_S02,PN03_S02_preictal,PN03-2.edf,22,34731.0,190,3.1666666666666665,1,0.015256937921019375,0.9154130560405098,0.08458694395949018,"(1, 0.015257)"
train,PN03,PN03_S02,PN03_S02_preictal,PN03-2.edf,23,34736.0,185,3.0833333333333335,1,0.01531431145799189,0.918855456153019,0.081144543846981,"(1, 0.015314)"
train,PN03,PN03_S02,PN03_S02_preictal,PN03-2.edf,24,34741.0,180,3.0,1,0.015405493814465324,0.9243263783019074,0.07567362169809255,"(1, 0.015405)"
train,PN03,PN03_S02,PN03_S02_preictal,PN03-2.edf,25,34746.0,175,2.9166666666666665,1,0.01547998954597859,0.9287961064740711,0.07120389352592893,"(1, 0.015480)"
train,PN03,PN03_S02,PN03_S02_preictal,PN03-2.edf,26,34751.0,170,2.8333333333333335,1,0.01554848841031301,0.9329060238808456,0.06709397611915435,"(1, 0.015548)"
train,PN03,PN03_S02,PN03_S02_preictal,PN03-2.edf,27,34756.0,165,2.75,1,0.015421681568236546,0.9252976401125576,0.07470235988744245,"(1, 0.015422)"
train,PN03,PN03_S02,PN03_S02_preictal,PN03-2.edf,28,34761.0,160,2.6666666666666665,1,0.015455269452319694,0.9273129060704881,0.07268709392951189,"(1, 0.015455)"
train,PN03,PN03_S02,PN03_S02_preictal,PN03-2.edf,29,34766.0,155,2.5833333333333335,1,0.015471937117582607,0.928312962469378,0.071687037530622,"(1, 0.015472)"
train,PN03,PN03_S02,PN03_S02_preictal,PN03-2.edf,30,34771.0,150,2.5,1,0.015515006776880585,0.9308971329395396,0.06910286706046043,"(1, 0.015515)"
train,PN03,PN03_S02,PN03_S02_preictal,PN03-2.edf,31,34776.0,145,2.4166666666666665,1,0.015510748990873482,0.9306416666775081,0.06935833332249186,"(1, 0.015511)"
train,PN03,PN03_S02,PN03_S02_preictal,PN03-2.edf,32,34781.0,140,2.3333333333333335,1,0.015485796598351876,0.9291445283911777,0.07085547160882233,"(1, 0.015486)"
train,PN03,PN03_S02,PN03_S02_preictal,PN03-2.edf,33,34786.0,135,2.25,1,0.015558550695288244,0.9335097588562131,0.06649024114378688,"(1, 0.015559)"
train,PN03,PN03_S02,PN03_S02_preictal,PN03-2.edf,34,34791.0,130,2.1666666666666665,1,0.01561806502581278,0.9370806061301351,0.06291939386986489,"(1, 0.015618)"
train,PN03,PN03_S02,PN03_S02_preictal,PN03-2.edf,35,34796.0,125,2.0833333333333335,1,0.01567334283338568,0.9403972629208672,0.05960273707913277,"(1, 0.015673)"
train,PN03,PN03_S02,PN03_S02_preictal,PN03-2.edf,36,34801.0,120,2.0,1,0.015645090280009127,0.9387021156795753,0.06129788432042471,"(1, 0.015645)"
train,PN03,PN03_S02,PN03_S02_preictal,PN03-2.edf,37,34806.0,115,1.9166666666666667,1,0.01565281450405204,0.9391655674923356,0.060834432507664404,"(1, 0.015653)"
train,PN03,PN03_S02,PN03_S02_preictal,PN03-2.edf,38,34811.0,110,1.8333333333333333,1,0.015666206868640443,0.9399691065418448,0.060030893458155155,"(1, 0.015666)"
train,PN03,PN03_S02,PN03_S02_preictal,PN03-2.edf,39,34816.0,105,1.75,1,0.015661390501727067,0.9396801255432977,0.06031987445670228,"(1, 0.015661)"
train,PN03,PN03_S02,PN03_S02_preictal,PN03-2.edf,40,34821.0,100,1.6666666666666667,1,0.015633655297107463,0.9380160191182619,0.061983980881738066,"(1, 0.015634)"
train,PN03,PN03_S02,PN03_S02_preictal,PN03-2.edf,41,34826.0,95,1.5833333333333333,1,0.015615143513524539,0.9369053160092811,0.06309468399071894,"(1, 0.015615)"
train,PN03,PN03_S02,PN03_S02_preictal,PN03-2.edf,42,34831.0,90,1.5,1,0.015569255630564665,0.9341520527140522,0.06584794728594778,"(1, 0.015569)"
train,PN03,PN03_S02,PN03_S02_preictal,PN03-2.edf,43,34836.0,85,1.4166666666666667,1,0.015595914778606633,0.9357515959714783,0.06424840402852172,"(1, 0.015596)"
train,PN03,PN03_S02,PN03_S02_preictal,PN03-2.edf,44,34841.0,80,1.3333333333333333,1,0.015449995553832328,0.926996473274041,0.073003526725959,"(1, 0.015450)"
train,PN03,PN03_S02,PN03_S02_preictal,PN03-2.edf,45,34846.0,75,1.25,1,0.015275354291154654,0.9165180343627642,0.08348196563723576,"(1, 0.015275)"
train,PN03,PN03_S02,PN03_S02_preictal,PN03-2.edf,46,34851.0,70,1.1666666666666667,1,0.015258055557730694,0.9154801140073671,0.08451988599263294,"(1, 0.015258)"
train,PN03,PN03_S02,PN03_S02_preictal,PN03-2.edf,47,34856.0,65,1.0833333333333333,1,0.015338918117133518,0.9203318505095007,0.07966814949049927,"(1, 0.015339)"
train,PN03,PN03_S02,PN03_S02_preictal,PN03-2.edf,48,34861.0,60,1.0,1,0.015314919157225932,0.9188919179788366,0.08110808202116337,"(1, 0.015315)"
train,PN03,PN03_S02,PN03_S02_preictal,PN03-2.edf,49,34866.0,55,0.9166666666666666,1,0.015258376056091733,0.9154993438414041,0.08450065615859592,"(1, 0.015258)"
train,PN03,PN03_S02,PN03_S02_preictal,PN03-2.edf,50,34871.0,50,0.8333333333333334,1,0.015210388036959472,0.9126200728189617,0.08737992718103826,"(1, 0.015210)"
train,PN03,PN03_S02,PN03_S02_preictal,PN03-2.edf,51,34876.0,45,0.75,1,0.015252286155021168,0.915133951062142,0.08486604893785799,"(1, 0.015252)"
train,PN03,PN03_S02,PN03_S02_preictal,PN03-2.edf,52,34881.0,40,0.6666666666666666,1,0.015330060763741505,0.9198004111748854,0.08019958882511458,"(1, 0.015330)"
train,PN03,PN03_S02,PN03_S02_preictal,PN03-2.edf,53,34886.0,35,0.5833333333333334,1,0.015401207406042313,0.9240691947009608,0.07593080529903917,"(1, 0.015401)"
train,PN03,PN03_S02,PN03_S02_preictal,PN03-2.edf,54,34891.0,30,0.5,1,0.015414907040058578,0.9248911698513079,0.07510883014869207,"(1, 0.015415)"
train,PN03,PN03_S02,PN03_S02_preictal,PN03-2.edf,55,34896.0,25,0.4166666666666667,1,0.01546535499158298,0.9279180362982319,0.07208196370176811,"(1, 0.015465)"
train,PN03,PN03_S02,PN03_S02_preictal,PN03-2.edf,56,34901.0,20,0.3333333333333333,1,0.015469346951759881,0.9281575530665407,0.07184244693345931,"(1, 0.015469)"
train,PN03,PN03_S02,PN03_S02_preictal,PN03-2.edf,57,34906.0,15,0.25,1,0.01552154411879311,0.931289372074909,0.06871062792509097,"(1, 0.015522)"
train,PN03,PN03_S02,PN03_S02_preictal,PN03-2.edf,58,34911.0,10,0.16666666666666666,1,0.01553255372865601,0.9319499463436505,0.06805005365634953,"(1, 0.015533)"
train,PN03,PN03_S02,PN03_S02_preictal,PN03-2.edf,59,34916.0,5,0.08333333333333333,1,0.015520249029778124,0.9312116670072742,0.0687883329927258,"(1, 0.015520)"
train,PN03,PN03_S02,PN03_S02_preictal,PN03-2.edf,60,34921.0,0,0.0,1,0.015131556607422481,0.9078902036802088,0.09210979631979122,"(1, 0.015132)"
train,PN05,PN05_S01,PN05_S01_preictal,PN05-2.edf,0,6863.0,300,5.0,1,0.010120937038336254,0.6072540867779815,0.39274591322201846,"(1, 0.010121)"
train,PN05,PN05_S01,PN05_S01_preictal,PN05-2.edf,1,6868.0,295,4.916666666666667,1,0.010117510377911977,0.6070484878755518,0.39295151212444823,"(1, 0.010118)"
train,PN05,PN05_S01,PN05_S01_preictal,PN05-2.edf,2,6873.0,290,4.833333333333333,1,0.010379687188404024,0.6227790411856515,0.3772209588143485,"(1, 0.010380)"
train,PN05,PN05_S01,PN05_S01_preictal,PN05-2.edf,3,6878.0,285,4.75,1,0.010885117859100953,0.6531047747813721,0.3468952252186279,"(1, 0.010885)"
train,PN05,PN05_S01,PN05_S01_preictal,PN05-2.edf,4,6883.0,280,4.666666666666667,1,0.011319273202848623,0.6791540037992626,0.3208459962007374,"(1, 0.011319)"
train,PN05,PN05_S01,PN05_S01_preictal,PN05-2.edf,5,6888.0,275,4.583333333333333,1,0.011704941719928103,0.7022940334478037,0.2977059665521963,"(1, 0.011705)"
train,PN05,PN05_S01,PN05_S01_preictal,PN05-2.edf,6,6893.0,270,4.5,1,0.012037222340542685,0.7222308005733206,0.27776919942667944,"(1, 0.012037)"
train,PN05,PN05_S01,PN05_S01_preictal,PN05-2.edf,7,6898.0,265,4.416666666666667,1,0.012378580587982647,0.742712223392977,0.25728777660702296,"(1, 0.012379)"
train,PN05,PN05_S01,PN05_S01_preictal,PN05-2.edf,8,6903.0,260,4.333333333333333,1,0.012734541972973164,0.7640698313843983,0.23593016861560168,"(1, 0.012735)"
train,PN05,PN05_S01,PN05_S01_preictal,PN05-2.edf,9,6908.0,255,4.25,1,0.013071381219588485,0.7842801151080875,0.21571988489191252,"(1, 0.013071)"
train,PN05,PN05_S01,PN05_S01_preictal,PN05-2.edf,10,6913.0,250,4.166666666666667,1,0.013380800178066624,0.8028451873292387,0.1971548126707613,"(1, 0.013381)"
train,PN05,PN05_S01,PN05_S01_preictal,PN05-2.edf,11,6918.0,245,4.083333333333333,1,0.013542621168729545,0.8125544126247133,0.18744558737528672,"(1, 0.013543)"
train,PN05,PN05_S01,PN05_S01_preictal,PN05-2.edf,12,6923.0,240,4.0,1,0.013682458090959375,0.8209445984528506,0.17905540154714938,"(1, 0.013682)"
train,PN05,PN05_S01,PN05_S01_preictal,PN05-2.edf,13,6928.0,235,3.9166666666666665,1,0.013899228657735501,0.8339507867207326,0.16604921327926736,"(1, 0.013899)"
train,PN05,PN05_S01,PN05_S01_preictal,PN05-2.edf,14,6933.0,230,3.8333333333333335,1,0.014083869986909347,0.8450292275117612,0.15497077248823876,"(1, 0.014084)"
train,PN05,PN05_S01,PN05_S01_preictal,PN05-2.edf,15,6938.0,225,3.75,1,0.014255940539960144,0.8553534243878462,0.14464657561215377,"(1, 0.014256)"
train,PN05,PN05_S01,PN05_S01_preictal,PN05-2.edf,16,6943.0,220,3.6666666666666665,1,0.014391084483987232,0.8634620325140395,0.13653796748596048,"(1, 0.014391)"
train,PN05,PN05_S01,PN05_S01_preictal,PN05-2.edf,17,6948.0,215,3.5833333333333335,1,0.014535385551781762,0.8721200661341222,0.12787993386587782,"(1, 0.014535)"
train,PN05,PN05_S01,PN05_S01_preictal,PN05-2.edf,18,6953.0,210,3.5,1,0.014682268081327129,0.8809329869145655,0.11906701308543455,"(1, 0.014682)"
train,PN05,PN05_S01,PN05_S01_preictal,PN05-2.edf,19,6958.0,205,3.4166666666666665,1,0.01480069533672639,0.8880385972503179,0.11196140274968214,"(1, 0.014801)"
train,PN05,PN05_S01,PN05_S01_preictal,PN05-2.edf,20,6963.0,200,3.3333333333333335,1,0.014872189044013462,0.8923282046023383,0.1076717953976617,"(1, 0.014872)"
train,PN05,PN05_S01,PN05_S01_preictal,PN05-2.edf,21,6968.0,195,3.25,1,0.014934418772889965,0.8960619752044281,0.1039380247955719,"(1, 0.014934)"
train,PN05,PN05_S01,PN05_S01_preictal,PN05-2.edf,22,6973.0,190,3.1666666666666665,1,0.014968056724746506,0.8980802452181978,0.10191975478180215,"(1, 0.014968)"
train,PN05,PN05_S01,PN05_S01_preictal,PN05-2.edf,23,6978.0,185,3.0833333333333335,1,0.01498186524974331,0.8989087538044012,0.10109124619559884,"(1, 0.014982)"
train,PN05,PN05_S01,PN05_S01_preictal,PN05-2.edf,24,6983.0,180,3.0,1,0.014871161608128479,0.8922665586660288,0.10773344133397122,"(1, 0.014871)"
train,PN05,PN05_S01,PN05_S01_preictal,PN05-2.edf,25,6988.0,175,2.9166666666666665,1,0.014786617817025782,0.8871939490386442,0.11280605096135576,"(1, 0.014787)"
train,PN05,PN05_S01,PN05_S01_preictal,PN05-2.edf,26,6993.0,170,2.8333333333333335,1,0.01473738436576684,0.8842399523513877,0.11576004764861225,"(1, 0.014737)"
train,PN05,PN05_S01,PN05_S01_preictal,PN05-2.edf,27,6998.0,165,2.75,1,0.01464831402941589,0.8788957509642111,0.12110424903578887,"(1, 0.014648)"
train,PN05,PN05_S01,PN05_S01_preictal,PN05-2.edf,28,7003.0,160,2.6666666666666665,1,0.01467516041592265,0.8805065284900173,0.11949347150998268,"(1, 0.014675)"
train,PN05,PN05_S01,PN05_S01_preictal,PN05-2.edf,29,7008.0,155,2.5833333333333335,1,0.014721497283412209,0.8832867307622913,0.11671326923770875,"(1, 0.014721)"
train,PN05,PN05_S01,PN05_S01_preictal,PN05-2.edf,30,7013.0,150,2.5,1,0.01477333960115645,0.8863972588881937,0.11360274111180635,"(1, 0.014773)"
train,PN05,PN05_S01,PN05_S01_preictal,PN05-2.edf,31,7018.0,145,2.4166666666666665,1,0.014639359563957788,0.8783584849261211,0.12164151507387888,"(1, 0.014639)"
train,PN05,PN05_S01,PN05_S01_preictal,PN05-2.edf,32,7023.0,140,2.3333333333333335,1,0.01454458308613505,0.8726719162546357,0.1273280837453643,"(1, 0.014545)"
train,PN05,PN05_S01,PN05_S01_preictal,PN05-2.edf,33,7028.0,135,2.25,1,0.014380727473986065,0.8628406140993032,0.13715938590069676,"(1, 0.014381)"
train,PN05,PN05_S01,PN05_S01_preictal,PN05-2.edf,34,7033.0,130,2.1666666666666665,1,0.014166596795510007,0.8499928185724076,0.1500071814275924,"(1, 0.014167)"
train,PN05,PN05_S01,PN05_S01_preictal,PN05-2.edf,35,7038.0,125,2.0833333333333335,1,0.0138780769005802,0.8326816857544448,0.1673183142455552,"(1, 0.013878)"
train,PN05,PN05_S01,PN05_S01_preictal,PN05-2.edf,36,7043.0,120,2.0,1,0.013625137722689917,0.8175053884513063,0.18249461154869373,"(1, 0.013625)"
train,PN05,PN05_S01,PN05_S01_preictal,PN05-2.edf,37,7048.0,115,1.9166666666666667,1,0.013469243674315724,0.8081517784425678,0.1918482215574322,"(1, 0.013469)"
train,PN05,PN05_S01,PN05_S01_preictal,PN05-2.edf,38,7053.0,110,1.8333333333333333,1,0.013360456016835607,0.8016245419480047,0.1983754580519953,"(1, 0.013360)"
train,PN05,PN05_S01,PN05_S01_preictal,PN05-2.edf,39,7058.0,105,1.75,1,0.013022512899824933,0.7813480262335115,0.21865197376648848,"(1, 0.013023)"
train,PN05,PN05_S01,PN05_S01_preictal,PN05-2.edf,40,7063.0,100,1.6666666666666667,1,0.012891968459853513,0.7735153873801609,0.2264846126198391,"(1, 0.012892)"
train,PN05,PN05_S01,PN05_S01_preictal,PN05-2.edf,41,7068.0,95,1.5833333333333333,1,0.012789815343473676,0.7673862219517235,0.23261377804827654,"(1, 0.012790)"
train,PN05,PN05_S01,PN05_S01_preictal,PN05-2.edf,42,7073.0,90,1.5,1,0.012997479449374915,0.7798460244885795,0.22015397551142046,"(1, 0.012997)"
train,PN05,PN05_S01,PN05_S01_preictal,PN05-2.edf,43,7078.0,85,1.4166666666666667,1,0.013318639137612307,0.7991155380179867,0.20088446198201326,"(1, 0.013319)"
train,PN05,PN05_S01,PN05_S01_preictal,PN05-2.edf,44,7083.0,80,1.3333333333333333,1,0.013615076812710323,0.8169017359753871,0.18309826402461293,"(1, 0.013615)"
train,PN05,PN05_S01,PN05_S01_preictal,PN05-2.edf,45,7088.0,75,1.25,1,0.01387038546216572,0.8322202010724729,0.16777979892752715,"(1, 0.013870)"
train,PN05,PN05_S01,PN05_S01_preictal,PN05-2.edf,46,7093.0,70,1.1666666666666667,1,0.014042810215956894,0.8425656499182439,0.1574343500817561,"(1, 0.014043)"
train,PN05,PN05_S01,PN05_S01_preictal,PN05-2.edf,47,7098.0,65,1.0833333333333333,1,0.014129026616135588,0.8477386157372669,0.15226138426273306,"(1, 0.014129)"
train,PN05,PN05_S01,PN05_S01_preictal,PN05-2.edf,48,7103.0,60,1.0,1,0.014231913738959183,0.8539118213974543,0.14608817860254575,"(1, 0.014232)"
train,PN05,PN05_S01,PN05_S01_preictal,PN05-2.edf,49,7108.0,55,0.9166666666666666,1,0.014377106235461068,0.8626233405518863,0.13737665944811372,"(1, 0.014377)"
train,PN05,PN05_S01,PN05_S01_preictal,PN05-2.edf,50,7113.0,50,0.8333333333333334,1,0.01452721275167267,0.8716296998520411,0.12837030014795892,"(1, 0.014527)"
train,PN05,PN05_S01,PN05_S01_preictal,PN05-2.edf,51,7118.0,45,0.75,1,0.014660428321194522,0.8796226059148081,0.12037739408519188,"(1, 0.014660)"
train,PN05,PN05_S01,PN05_S01_preictal,PN05-2.edf,52,7123.0,40,0.6666666666666666,1,0.01477227766702544,0.8863335430644017,0.11366645693559829,"(1, 0.014772)"
train,PN05,PN05_S01,PN05_S01_preictal,PN05-2.edf,53,7128.0,35,0.5833333333333334,1,0.014871851790532664,0.8923079694646511,0.10769203053534893,"(1, 0.014872)"
train,PN05,PN05_S01,PN05_S01_preictal,PN05-2.edf,54,7133.0,30,0.5,1,0.014966667131057236,0.8979968698900466,0.10200313010995343,"(1, 0.014967)"
train,PN05,PN05_S01,PN05_S01_preictal,PN05-2.edf,55,7138.0,25,0.4166666666666667,1,0.015083030703403048,0.90497865967803,0.09502134032196996,"(1, 0.015083)"
train,PN05,PN05_S01,PN05_S01_preictal,PN05-2.edf,56,7143.0,20,0.3333333333333333,1,0.015168619215624143,0.9101139523520818,0.08988604764791819,"(1, 0.015169)"
train,PN05,PN05_S01,PN05_S01_preictal,PN05-2.edf,57,7148.0,15,0.25,1,0.015249326401069305,0.9149563664495396,0.0850436335504604,"(1, 0.015249)"
train,PN05,PN05_S01,PN05_S01_preictal,PN05-2.edf,58,7153.0,10,0.16666666666666666,1,0.015303876636614446,0.9182293690721243,0.08177063092787573,"(1, 0.015304)"
train,PN05,PN05_S01,PN05_S01_preictal,PN05-2.edf,59,7158.0,5,0.08333333333333333,1,0.015311537085301048,0.9186889943769623,0.08131100562303772,"(1, 0.015312)"
train,PN05,PN05_S01,PN05_S01_preictal,PN05-2.edf,60,7163.0,0,0.0,1,0.014680210082713372,0.8808095074319786,0.11919049256802139,"(1, 0.014680)"
train,PN05,PN05_S02,PN05_S02_preictal,PN05-3.edf,0,6536.0,300,5.0,1,0.014253821267301103,0.8552262684754712,0.14477373152452877,"(1, 0.014254)"
train,PN05,PN05_S02,PN05_S02_preictal,PN05-3.edf,1,6541.0,295,4.916666666666667,1,0.014300567292242447,0.85803102010852,0.14196897989148005,"(1, 0.014301)"
train,PN05,PN05_S02,PN05_S02_preictal,PN05-3.edf,2,6546.0,290,4.833333333333333,1,0.014337078552338945,0.8602216880104178,0.13977831198958224,"(1, 0.014337)"
train,PN05,PN05_S02,PN05_S02_preictal,PN05-3.edf,3,6551.0,285,4.75,1,0.014256062880182097,0.8553607647753496,0.1446392352246504,"(1, 0.014256)"
train,PN05,PN05_S02,PN05_S02_preictal,PN05-3.edf,4,6556.0,280,4.666666666666667,1,0.014144053533399639,0.8486402276024239,0.15135977239757614,"(1, 0.014144)"
train,PN05,PN05_S02,PN05_S02_preictal,PN05-3.edf,5,6561.0,275,4.583333333333333,1,0.014206534290740733,0.852389059859422,0.14761094014057796,"(1, 0.014207)"
train,PN05,PN05_S02,PN05_S02_preictal,PN05-3.edf,6,6566.0,270,4.5,1,0.01433155921482387,0.8598905289240959,0.1401094710759041,"(1, 0.014332)"
train,PN05,PN05_S02,PN05_S02_preictal,PN05-3.edf,7,6571.0,265,4.416666666666667,1,0.014506466348751107,0.8703849200542475,0.1296150799457525,"(1, 0.014506)"
train,PN05,PN05_S02,PN05_S02_preictal,PN05-3.edf,8,6576.0,260,4.333333333333333,1,0.014660899341214631,0.8796508670166292,0.1203491329833708,"(1, 0.014661)"
train,PN05,PN05_S02,PN05_S02_preictal,PN05-3.edf,9,6581.0,255,4.25,1,0.014808184190976285,0.88848792692516,0.11151207307484001,"(1, 0.014808)"
train,PN05,PN05_S02,PN05_S02_preictal,PN05-3.edf,10,6586.0,250,4.166666666666667,1,0.014860008965264253,0.8915974024473877,0.10840259755261228,"(1, 0.014860)"
train,PN05,PN05_S02,PN05_S02_preictal,PN05-3.edf,11,6591.0,245,4.083333333333333,1,0.014961616067242355,0.8976938071269304,0.10230619287306963,"(1, 0.014962)"
train,PN05,PN05_S02,PN05_S02_preictal,PN05-3.edf,12,6596.0,240,4.0,1,0.01504269056242601,0.9025582597311953,0.0974417402688047,"(1, 0.015043)"
train,PN05,PN05_S02,PN05_S02_preictal,PN05-3.edf,13,6601.0,235,3.9166666666666665,1,0.015102191582046046,0.906128308353656,0.09387169164634401,"(1, 0.015102)"
train,PN05,PN05_S02,PN05_S02_preictal,PN05-3.edf,14,6606.0,230,3.8333333333333335,1,0.015137267630622028,0.9082328638671532,0.09176713613284682,"(1, 0.015137)"
train,PN05,PN05_S02,PN05_S02_preictal,PN05-3.edf,15,6611.0,225,3.75,1,0.015188041058414311,0.9112792588214744,0.08872074117852558,"(1, 0.015188)"
train,PN05,PN05_S02,PN05_S02_preictal,PN05-3.edf,16,6616.0,220,3.6666666666666665,1,0.015100701117790521,0.9060388808128131,0.09396111918718686,"(1, 0.015101)"
train,PN05,PN05_S02,PN05_S02_preictal,PN05-3.edf,17,6621.0,215,3.5833333333333335,1,0.015023318636198012,0.9013959482450005,0.09860405175499953,"(1, 0.015023)"
train,PN05,PN05_S02,PN05_S02_preictal,PN05-3.edf,18,6626.0,210,3.5,1,0.015040486159958255,0.9024259960482599,0.0975740039517401,"(1, 0.015040)"
train,PN05,PN05_S02,PN05_S02_preictal,PN05-3.edf,19,6631.0,205,3.4166666666666665,1,0.015088277938832712,0.9052934926966408,0.09470650730335917,"(1, 0.015088)"
train,PN05,PN05_S02,PN05_S02_preictal,PN05-3.edf,20,6636.0,200,3.3333333333333335,1,0.015156760320898289,0.9094024211707625,0.09059757882923747,"(1, 0.015157)"
train,PN05,PN05_S02,PN05_S02_preictal,PN05-3.edf,21,6641.0,195,3.25,1,0.01522654974031526,0.9135897716101824,0.0864102283898176,"(1, 0.015227)"
train,PN05,PN05_S02,PN05_S02_preictal,PN05-3.edf,22,6646.0,190,3.1666666666666665,1,0.015246838442880176,0.9148070894831521,0.08519291051684785,"(1, 0.015247)"
train,PN05,PN05_S02,PN05_S02_preictal,PN05-3.edf,23,6651.0,185,3.0833333333333335,1,0.015290582201236105,0.9174317057545556,0.08256829424544443,"(1, 0.015291)"
train,PN05,PN05_S02,PN05_S02_preictal,PN05-3.edf,24,6656.0,180,3.0,1,0.015224481441657268,0.9134656741271149,0.08653432587288512,"(1, 0.015224)"
train,PN05,PN05_S02,PN05_S02_preictal,PN05-3.edf,25,6661.0,175,2.9166666666666665,1,0.015244603458402516,0.9146729908860753,0.08532700911392466,"(1, 0.015245)"
train,PN05,PN05_S02,PN05_S02_preictal,PN05-3.edf,26,6666.0,170,2.8333333333333335,1,0.015220134376459414,0.9132048511324763,0.08679514886752371,"(1, 0.015220)"
train,PN05,PN05_S02,PN05_S02_preictal,PN05-3.edf,27,6671.0,165,2.75,1,0.015237479858709319,0.9142455764075661,0.0857544235924339,"(1, 0.015237)"
train,PN05,PN05_S02,PN05_S02_preictal,PN05-3.edf,28,6676.0,160,2.6666666666666665,1,0.015266518657279958,0.9159878981946051,0.08401210180539487,"(1, 0.015267)"
train,PN05,PN05_S02,PN05_S02_preictal,PN05-3.edf,29,6681.0,155,2.5833333333333335,60,0.022586885418207935,0.9184159913440284,0.0815840086559716,"(60, 0.022587)"
train,PN05,PN05_S02,PN05_S02_preictal,PN05-3.edf,30,6686.0,150,2.5,1,0.015313294453808888,0.9187944361166271,0.08120556388337286,"(1, 0.015313)"
train,PN05,PN05_S02,PN05_S02_preictal,PN05-3.edf,31,6691.0,145,2.4166666666666665,1,0.015350117621623766,0.9210038184158151,0.07899618158418487,"(1, 0.015350)"
train,PN05,PN05_S02,PN05_S02_preictal,PN05-3.edf,32,6696.0,140,2.3333333333333335,1,0.015379467519085253,0.922764806070663,0.07723519392933698,"(1, 0.015379)"
train,PN05,PN05_S02,PN05_S02_preictal,PN05-3.edf,33,6701.0,135,2.25,60,0.018657951854685693,0.9229187157936597,0.0770812842063403,"(60, 0.018658)"
train,PN05,PN05_S02,PN05_S02_preictal,PN05-3.edf,34,6706.0,130,2.1666666666666665,1,0.015319183723040967,0.9191477910279136,0.08085220897208645,"(1, 0.015319)"
train,PN05,PN05_S02,PN05_S02_preictal,PN05-3.edf,35,6711.0,125,2.0833333333333335,60,0.025087379018598883,0.912862024034057,0.08713797596594297,"(60, 0.025087)"
train,PN05,PN05_S02,PN05_S02_preictal,PN05-3.edf,36,6716.0,120,2.0,1,0.015147542566481884,0.9088493578507285,0.09115064214927149,"(1, 0.015148)"
train,PN05,PN05_S02,PN05_S02_preictal,PN05-3.edf,37,6721.0,115,1.9166666666666667,60,0.06842039643238645,0.9128690422281022,0.08713095777189783,"(60, 0.068420)"
train,PN05,PN05_S02,PN05_S02_preictal,PN05-3.edf,38,6726.0,110,1.8333333333333333,60,0.08455848988379354,0.9179722139392614,0.08202778606073857,"(60, 0.084558)"
train,PN05,PN05_S02,PN05_S02_preictal,PN05-3.edf,39,6731.0,105,1.75,60,0.09857854855291869,0.9238443538825482,0.07615564611745185,"(60, 0.098579)"
train,PN05,PN05_S02,PN05_S02_preictal,PN05-3.edf,40,6736.0,100,1.6666666666666667,60,0.10677886818397017,0.9286565712639143,0.07134342873608568,"(60, 0.106779)"
train,PN05,PN05_S02,PN05_S02_preictal,PN05-3.edf,41,6741.0,95,1.5833333333333333,1,0.015480052286171433,0.9287998708724035,0.07120012912759655,"(1, 0.015480)"
train,PN05,PN05_S02,PN05_S02_preictal,PN05-3.edf,42,6746.0,90,1.5,60,0.054356499873307276,0.9334249336751648,0.06657506632483523,"(60, 0.054356)"
train,PN05,PN05_S02,PN05_S02_preictal,PN05-3.edf,43,6751.0,85,1.4166666666666667,1,0.015592857013101792,0.9355681306863777,0.06443186931362233,"(1, 0.015593)"
train,PN05,PN05_S02,PN05_S02_preictal,PN05-3.edf,44,6756.0,80,1.3333333333333333,60,0.0804484917884474,0.9405834159393288,0.059416584060671185,"(60, 0.080448)"
train,PN05,PN05_S02,PN05_S02_preictal,PN05-3.edf,45,6761.0,75,1.25,60,0.07283752392821934,0.9453226575536533,0.0546773424463467,"(60, 0.072838)"
train,PN05,PN05_S02,PN05_S02_preictal,PN05-3.edf,46,6766.0,70,1.1666666666666667,60,0.019547268486728612,0.9490900239607971,0.05090997603920289,"(60, 0.019547)"
train,PN05,PN05_S02,PN05_S02_preictal,PN05-3.edf,47,6771.0,65,1.0833333333333333,60,0.036392751974271595,0.9532498100008135,0.04675018999918645,"(60, 0.036393)"
train,PN05,PN05_S02,PN05_S02_preictal,PN05-3.edf,48,6776.0,60,1.0,60,0.07367614860720521,0.9557298462033748,0.044270153796625245,"(60, 0.073676)"
train,PN05,PN05_S02,PN05_S02_preictal,PN05-3.edf,49,6781.0,55,0.9166666666666666,60,0.07528486408008021,0.9586730429910605,0.04132695700893951,"(60, 0.075285)"
train,PN05,PN05_S02,PN05_S02_preictal,PN05-3.edf,50,6786.0,50,0.8333333333333334,1,0.016032309090286856,0.9619351625928987,0.038064837407101315,"(1, 0.016032)"
train,PN05,PN05_S02,PN05_S02_preictal,PN05-3.edf,51,6791.0,45,0.75,60,0.05873390638569463,0.962663541646956,0.037336458353044,"(60, 0.058734)"
train,PN05,PN05_S02,PN05_S02_preictal,PN05-3.edf,52,6796.0,40,0.6666666666666666,60,0.030879566651041194,0.9626020249062225,0.037397975093777514,"(60, 0.030880)"
train,PN05,PN05_S02,PN05_S02_preictal,PN05-3.edf,53,6801.0,35,0.5833333333333334,1,0.01598330247361131,0.9589947759327838,0.041005224067216184,"(1, 0.015983)"
train,PN05,PN05_S02,PN05_S02_preictal,PN05-3.edf,54,6806.0,30,0.5,60,0.06931015095625573,0.9578111772096266,0.04218882279037339,"(60, 0.069310)"
train,PN05,PN05_S02,PN05_S02_preictal,PN05-3.edf,55,6811.0,25,0.4166666666666667,1,0.015924010797966823,0.9554372879046844,0.04456271209531559,"(1, 0.015924)"
train,PN05,PN05_S02,PN05_S02_preictal,PN05-3.edf,56,6816.0,20,0.3333333333333333,60,0.05176370961886253,0.9525801635654649,0.04741983643453507,"(60, 0.051764)"
train,PN05,PN05_S02,PN05_S02_preictal,PN05-3.edf,57,6821.0,15,0.25,60,0.030048015170606252,0.9522259347166407,0.04777406528335926,"(60, 0.030048)"
train,PN05,PN05_S02,PN05_S02_preictal,PN05-3.edf,58,6826.0,10,0.16666666666666666,1,0.015857607023011776,0.9514530754186076,0.048546924581392426,"(1, 0.015858)"
train,PN05,PN05_S02,PN05_S02_preictal,PN05-3.edf,59,6831.0,5,0.08333333333333333,1,0.01537448497858418,0.9224658546919169,0.07753414530808311,"(1, 0.015374)"
train,PN05,PN05_S02,PN05_S02_preictal,PN05-3.edf,60,6836.0,0,0.0,1,0.014820865940119717,0.8892488291979113,0.11075117080208874,"(1, 0.014821)"
test,PN05,PN05_S03,PN05_S03_preictal,PN05-4.edf,0,3308.0,300,5.0,1,0.007929802847207389,0.4757864976405335,0.5242135023594665,"(1, 0.007930)"
test,PN05,PN05_S03,PN05_S03_preictal,PN05-4.edf,1,3313.0,295,4.916666666666667,1,0.007854031486683824,0.47124023199691023,0.5287597680030898,"(1, 0.007854)"
test,PN05,PN05_S03,PN05_S03_preictal,PN05-4.edf,2,3318.0,290,4.833333333333333,1,0.007840830744625615,0.47044819025878004,0.52955180974122,"(1, 0.007841)"
test,PN05,PN05_S03,PN05_S03_preictal,PN05-4.edf,3,3323.0,285,4.75,1,0.008207594132637648,0.49245391615226486,0.5075460838477351,"(1, 0.008208)"
test,PN05,PN05_S03,PN05_S03_preictal,PN05-4.edf,4,3328.0,280,4.666666666666667,1,0.008533985562722488,0.5120373330886191,0.4879626669113809,"(1, 0.008534)"
test,PN05,PN05_S03,PN05_S03_preictal,PN05-4.edf,5,3333.0,275,4.583333333333333,1,0.008676171804368991,0.5205684775860494,0.4794315224139506,"(1, 0.008676)"
test,PN05,PN05_S03,PN05_S03_preictal,PN05-4.edf,6,3338.0,270,4.5,1,0.008820139736577704,0.5292065231412748,0.4707934768587252,"(1, 0.008820)"
test,PN05,PN05_S03,PN05_S03_preictal,PN05-4.edf,7,3343.0,265,4.416666666666667,1,0.008818322360928915,0.5290974809858146,0.47090251901418545,"(1, 0.008818)"
test,PN05,PN05_S03,PN05_S03_preictal,PN05-4.edf,8,3348.0,260,4.333333333333333,1,0.008651538258339527,0.5190904700219707,0.48090952997802927,"(1, 0.008652)"
test,PN05,PN05_S03,PN05_S03_preictal,PN05-4.edf,9,3353.0,255,4.25,1,0.00845777988609602,0.5074650085704625,0.4925349914295375,"(1, 0.008458)"
test,PN05,PN05_S03,PN05_S03_preictal,PN05-4.edf,10,3358.0,250,4.166666666666667,1,0.008326552622792355,0.4995914004612534,0.5004085995387466,"(1, 0.008327)"
test,PN05,PN05_S03,PN05_S03_preictal,PN05-4.edf,11,3363.0,245,4.083333333333333,1,0.008215373334325995,0.49292066661215084,0.5070793333878492,"(1, 0.008215)"
test,PN05,PN05_S03,PN05_S03_preictal,PN05-4.edf,12,3368.0,240,4.0,1,0.008143372336064884,0.48860062190872666,0.5113993780912733,"(1, 0.008143)"
test,PN05,PN05_S03,PN05_S03_preictal,PN05-4.edf,13,3373.0,235,3.9166666666666665,1,0.008088929645280534,0.4853340719490974,0.5146659280509026,"(1, 0.008089)"
test,PN05,PN05_S03,PN05_S03_preictal,PN05-4.edf,14,3378.0,230,3.8333333333333335,1,0.008032899611645158,0.48197228175333673,0.5180277182466633,"(1, 0.008033)"
test,PN05,PN05_S03,PN05_S03_preictal,PN05-4.edf,15,3383.0,225,3.75,60,0.008751912247281345,0.4873597549070684,0.5126402450929316,"(60, 0.008752)"
test,PN05,PN05_S03,PN05_S03_preictal,PN05-4.edf,16,3388.0,220,3.6666666666666665,60,0.040059573952018056,0.48904382536087865,0.5109561746391214,"(60, 0.040060)"
test,PN05,PN05_S03,PN05_S03_preictal,PN05-4.edf,17,3393.0,215,3.5833333333333335,60,0.05437499104916629,0.49160942669666197,0.508390573303338,"(60, 0.054375)"
test,PN05,PN05_S03,PN05_S03_preictal,PN05-4.edf,18,3398.0,210,3.5,60,0.00903553288793115,0.4940050829863587,0.5059949170136413,"(60, 0.009036)"
test,PN05,PN05_S03,PN05_S03_preictal,PN05-4.edf,19,3403.0,205,3.4166666666666665,60,0.052716169030924964,0.49091317925882116,0.5090868207411788,"(60, 0.052716)"
test,PN05,PN05_S03,PN05_S03_preictal,PN05-4.edf,20,3408.0,200,3.3333333333333335,60,0.034905402280003474,0.48657701064151226,0.5134229893584877,"(60, 0.034905)"
test,PN05,PN05_S03,PN05_S03_preictal,PN05-4.edf,21,3413.0,195,3.25,60,0.055741235147239165,0.47986701337668736,0.5201329866233126,"(60, 0.055741)"
test,PN05,PN05_S03,PN05_S03_preictal,PN05-4.edf,22,3418.0,190,3.1666666666666665,60,0.03908794911048105,0.4659949208818037,0.5340050791181963,"(60, 0.039088)"
test,PN05,PN05_S03,PN05_S03_preictal,PN05-4.edf,23,3423.0,185,3.0833333333333335,1,0.0075074001035089055,0.45044242214579033,0.5495575778542097,"(1, 0.007507)"
test,PN05,PN05_S03,PN05_S03_preictal,PN05-4.edf,24,3428.0,180,3.0,1,0.007307770957159816,0.4384647154866832,0.5615352845133168,"(1, 0.007308)"
test,PN05,PN05_S03,PN05_S03_preictal,PN05-4.edf,25,3433.0,175,2.9166666666666665,60,0.01872696801814916,0.4284336166040885,0.5715663833959115,"(60, 0.018727)"
test,PN05,PN05_S03,PN05_S03_preictal,PN05-4.edf,26,3438.0,170,2.8333333333333335,60,0.02547358613415702,0.41670131571955915,0.5832986842804408,"(60, 0.025474)"
test,PN05,PN05_S03,PN05_S03_preictal,PN05-4.edf,27,3443.0,165,2.75,60,0.020037449885397022,0.4054984175056304,0.5945015824943696,"(60, 0.020037)"
test,PN05,PN05_S03,PN05_S03_preictal,PN05-4.edf,28,3448.0,160,2.6666666666666665,60,0.03787861845392562,0.3964103671491589,0.6035896328508411,"(60, 0.037879)"
test,PN05,PN05_S03,PN05_S03_preictal,PN05-4.edf,29,3453.0,155,2.5833333333333335,60,0.03787666902308138,0.3921126796957224,0.6078873203042776,"(60, 0.037877)"
test,PN05,PN05_S03,PN05_S03_preictal,PN05-4.edf,30,3458.0,150,2.5,1,0.006591119575732297,0.3954657838147907,0.6045342161852093,"(1, 0.006591)"
test,PN05,PN05_S03,PN05_S03_preictal,PN05-4.edf,31,3463.0,145,2.4166666666666665,1,0.00668915014347075,0.40134759719460467,0.5986524028053953,"(1, 0.006689)"
test,PN05,PN05_S03,PN05_S03_preictal,PN05-4.edf,32,3468.0,140,2.3333333333333335,1,0.00664108936157898,0.39846396042194465,0.6015360395780553,"(1, 0.006641)"
test,PN05,PN05_S03,PN05_S03_preictal,PN05-4.edf,33,3473.0,135,2.25,1,0.006786584204107046,0.4071936202741526,0.5928063797258474,"(1, 0.006787)"
test,PN05,PN05_S03,PN05_S03_preictal,PN05-4.edf,34,3478.0,130,2.1666666666666665,1,0.007361032122668349,0.4416603741790657,0.5583396258209343,"(1, 0.007361)"
test,PN05,PN05_S03,PN05_S03_preictal,PN05-4.edf,35,3483.0,125,2.0833333333333335,1,0.007905975657048646,0.47435687125855663,0.5256431287414434,"(1, 0.007906)"
test,PN05,PN05_S03,PN05_S03_preictal,PN05-4.edf,36,3488.0,120,2.0,1,0.008413209675513237,0.5047908053398297,0.4952091946601703,"(1, 0.008413)"
test,PN05,PN05_S03,PN05_S03_preictal,PN05-4.edf,37,3493.0,115,1.9166666666666667,1,0.008516574242146182,0.5109926575278372,0.4890073424721628,"(1, 0.008517)"
test,PN05,PN05_S03,PN05_S03_preictal,PN05-4.edf,38,3498.0,110,1.8333333333333333,1,0.00845132369418892,0.5070776384182959,0.4929223615817041,"(1, 0.008451)"
test,PN05,PN05_S03,PN05_S03_preictal,PN05-4.edf,39,3503.0,105,1.75,1,0.008405703928381357,0.5043404620956329,0.4956595379043671,"(1, 0.008406)"
test,PN05,PN05_S03,PN05_S03_preictal,PN05-4.edf,40,3508.0,100,1.6666666666666667,1,0.008730726385272164,0.5238417409291991,0.4761582590708009,"(1, 0.008731)"
test,PN05,PN05_S03,PN05_S03_preictal,PN05-4.edf,41,3513.0,95,1.5833333333333333,1,0.008940716527179092,0.5364411051356018,0.46355889486439816,"(1, 0.008941)"
test,PN05,PN05_S03,PN05_S03_preictal,PN05-4.edf,42,3518.0,90,1.5,1,0.009436457684732651,0.5661854699872119,0.43381453001278814,"(1, 0.009436)"
test,PN05,PN05_S03,PN05_S03_preictal,PN05-4.edf,43,3523.0,85,1.4166666666666667,1,0.009857601973528286,0.5914540384533187,0.4085459615466813,"(1, 0.009858)"
test,PN05,PN05_S03,PN05_S03_preictal,PN05-4.edf,44,3528.0,80,1.3333333333333333,1,0.010266917335529351,0.61601287380766,0.38398712619234,"(1, 0.010267)"
test,PN05,PN05_S03,PN05_S03_preictal,PN05-4.edf,45,3533.0,75,1.25,1,0.010654755381070522,0.6392830747061311,0.3607169252938689,"(1, 0.010655)"
test,PN05,PN05_S03,PN05_S03_preictal,PN05-4.edf,46,3538.0,70,1.1666666666666667,1,0.010881795112337061,0.6529054106766397,0.34709458932336035,"(1, 0.010882)"
test,PN05,PN05_S03,PN05_S03_preictal,PN05-4.edf,47,3543.0,65,1.0833333333333333,1,0.011123986976847692,0.6674368714446869,0.3325631285553131,"(1, 0.011124)"
test,PN05,PN05_S03,PN05_S03_preictal,PN05-4.edf,48,3548.0,60,1.0,1,0.011296705484351495,0.6777999454512336,0.32220005454876643,"(1, 0.011297)"
test,PN05,PN05_S03,PN05_S03_preictal,PN05-4.edf,49,3553.0,55,0.9166666666666666,1,0.01152730008939629,0.6916355730983575,0.30836442690164245,"(1, 0.011527)"
test,PN05,PN05_S03,PN05_S03_preictal,PN05-4.edf,50,3558.0,50,0.8333333333333334,1,0.011754651814461765,0.7052766286309714,0.2947233713690286,"(1, 0.011755)"
test,PN05,PN05_S03,PN05_S03_preictal,PN05-4.edf,51,3563.0,45,0.75,1,0.011094036825465914,0.6656398686812754,0.33436013131872455,"(1, 0.011094)"
test,PN05,PN05_S03,PN05_S03_preictal,PN05-4.edf,52,3568.0,40,0.6666666666666666,1,0.010451875031813225,0.6271102965585367,0.3728897034414633,"(1, 0.010452)"
test,PN05,PN05_S03,PN05_S03_preictal,PN05-4.edf,53,3573.0,35,0.5833333333333334,1,0.009915530949705768,0.594929764800928,0.40507023519907204,"(1, 0.009916)"
test,PN05,PN05_S03,PN05_S03_preictal,PN05-4.edf,54,3578.0,30,0.5,1,0.009459812802831195,0.5675867721451843,0.43241322785481573,"(1, 0.009460)"
test,PN05,PN05_S03,PN05_S03_preictal,PN05-4.edf,55,3583.0,25,0.4166666666666667,1,0.009155295255845927,0.5493157835794052,0.45068421642059475,"(1, 0.009155)"
test,PN05,PN05_S03,PN05_S03_preictal,PN05-4.edf,56,3588.0,20,0.3333333333333333,1,0.008909128733726181,0.5345458441934656,0.4654541558065344,"(1, 0.008909)"
test,PN05,PN05_S03,PN05_S03_preictal,PN05-4.edf,57,3593.0,15,0.25,1,0.008720373524136136,0.5232205714454956,0.4767794285545044,"(1, 0.008720)"
test,PN05,PN05_S03,PN05_S03_preictal,PN05-4.edf,58,3598.0,10,0.16666666666666666,1,0.008423482300233839,0.5054071606555375,0.4945928393444625,"(1, 0.008423)"
test,PN05,PN05_S03,PN05_S03_preictal,PN05-4.edf,59,3603.0,5,0.08333333333333333,1,0.00807149118904965,0.48428776825476627,0.5157122317452337,"(1, 0.008071)"
test,PN05,PN05_S03,PN05_S03_preictal,PN05-4.edf,60,3608.0,0,0.0,1,0.007617364420889257,0.4570402579860918,0.5429597420139082,"(1, 0.007617)"
train,PN06,PN06_S01,PN06_S01_preictal,PN06-1.edf,0,5283.0,300,5.0,1,0.014742458178474627,0.8845443800432783,0.11545561995672171,"(1, 0.014742)"
train,PN06,PN06_S01,PN06_S01_preictal,PN06-1.edf,1,5288.0,295,4.916666666666667,1,0.014815438595430273,0.8889231896617167,0.11107681033828332,"(1, 0.014815)"
train,PN06,PN06_S01,PN06_S01_preictal,PN06-1.edf,2,5293.0,290,4.833333333333333,1,0.014888818951758736,0.8933259955581369,0.10667400444186315,"(1, 0.014889)"
train,PN06,PN06_S01,PN06_S01_preictal,PN06-1.edf,3,5298.0,285,4.75,1,0.014965636004230088,0.8979350024979859,0.10206499750201414,"(1, 0.014966)"
train,PN06,PN06_S01,PN06_S01_preictal,PN06-1.edf,4,5303.0,280,4.666666666666667,1,0.015024730927329472,0.901480685414894,0.09851931458510599,"(1, 0.015025)"
train,PN06,PN06_S01,PN06_S01_preictal,PN06-1.edf,5,5308.0,275,4.583333333333333,1,0.015067185585719586,0.9040279559603491,0.09597204403965087,"(1, 0.015067)"
train,PN06,PN06_S01,PN06_S01_preictal,PN06-1.edf,6,5313.0,270,4.5,1,0.01495580298310485,0.8973450233052435,0.10265497669475654,"(1, 0.014956)"
train,PN06,PN06_S01,PN06_S01_preictal,PN06-1.edf,7,5318.0,265,4.416666666666667,1,0.014960826559460558,0.897646436826609,0.10235356317339095,"(1, 0.014961)"
train,PN06,PN06_S01,PN06_S01_preictal,PN06-1.edf,8,5323.0,260,4.333333333333333,1,0.015003482141978344,0.9002057627773294,0.09979423722267056,"(1, 0.015003)"
train,PN06,PN06_S01,PN06_S01_preictal,PN06-1.edf,9,5328.0,255,4.25,1,0.015047878474502698,0.9028695333611448,0.09713046663885516,"(1, 0.015048)"
train,PN06,PN06_S01,PN06_S01_preictal,PN06-1.edf,10,5333.0,250,4.166666666666667,1,0.015066284365321347,0.9039738829266127,0.09602611707338726,"(1, 0.015066)"
train,PN06,PN06_S01,PN06_S01_preictal,PN06-1.edf,11,5338.0,245,4.083333333333333,1,0.014964263879161603,0.8978526752833957,0.10214732471660426,"(1, 0.014964)"
train,PN06,PN06_S01,PN06_S01_preictal,PN06-1.edf,12,5343.0,240,4.0,1,0.014855116180275468,0.8913038363804404,0.10869616361955958,"(1, 0.014855)"
train,PN06,PN06_S01,PN06_S01_preictal,PN06-1.edf,13,5348.0,235,3.9166666666666665,1,0.014765203057373147,0.88590906797801,0.11409093202199005,"(1, 0.014765)"
train,PN06,PN06_S01,PN06_S01_preictal,PN06-1.edf,14,5353.0,230,3.8333333333333335,1,0.014603392227470317,0.8762004523259967,0.12379954767400325,"(1, 0.014603)"
train,PN06,PN06_S01,PN06_S01_preictal,PN06-1.edf,15,5358.0,225,3.75,1,0.014522748202542032,0.8713618278462246,0.12863817215377538,"(1, 0.014523)"
train,PN06,PN06_S01,PN06_S01_preictal,PN06-1.edf,16,5363.0,220,3.6666666666666665,1,0.014199161846292769,0.8519467147481332,0.14805328525186678,"(1, 0.014199)"
train,PN06,PN06_S01,PN06_S01_preictal,PN06-1.edf,17,5368.0,215,3.5833333333333335,1,0.014228225436398838,0.853690524022067,0.14630947597793298,"(1, 0.014228)"
train,PN06,PN06_S01,PN06_S01_preictal,PN06-1.edf,18,5373.0,210,3.5,1,0.01423701408740436,0.8542178412279892,0.14578215877201084,"(1, 0.014237)"
train,PN06,PN06_S01,PN06_S01_preictal,PN06-1.edf,19,5378.0,205,3.4166666666666665,1,0.014213162799090585,0.852786768961795,0.14721323103820505,"(1, 0.014213)"
train,PN06,PN06_S01,PN06_S01_preictal,PN06-1.edf,20,5383.0,200,3.3333333333333335,1,0.014183430851642231,0.8510028583883478,0.14899714161165223,"(1, 0.014183)"
train,PN06,PN06_S01,PN06_S01_preictal,PN06-1.edf,21,5388.0,195,3.25,1,0.014107945900801479,0.8464737772652607,0.15352622273473926,"(1, 0.014108)"
train,PN06,PN06_S01,PN06_S01_preictal,PN06-1.edf,22,5393.0,190,3.1666666666666665,1,0.014003450534926595,0.8402040773613361,0.15979592263866393,"(1, 0.014003)"
train,PN06,PN06_S01,PN06_S01_preictal,PN06-1.edf,23,5398.0,185,3.0833333333333335,1,0.014158250276393898,0.8494920291865603,0.1505079708134397,"(1, 0.014158)"
train,PN06,PN06_S01,PN06_S01_preictal,PN06-1.edf,24,5403.0,180,3.0,1,0.014302122051413542,0.8581243053307308,0.1418756946692692,"(1, 0.014302)"
train,PN06,PN06_S01,PN06_S01_preictal,PN06-1.edf,25,5408.0,175,2.9166666666666665,1,0.01447311932318578,0.8683841055565651,0.1316158944434349,"(1, 0.014473)"
train,PN06,PN06_S01,PN06_S01_preictal,PN06-1.edf,26,5413.0,170,2.8333333333333335,1,0.014637921163822636,0.8782721812215151,0.12172781877848493,"(1, 0.014638)"
train,PN06,PN06_S01,PN06_S01_preictal,PN06-1.edf,27,5418.0,165,2.75,1,0.014782960929709219,0.8869745365712552,0.11302546342874475,"(1, 0.014783)"
train,PN06,PN06_S01,PN06_S01_preictal,PN06-1.edf,28,5423.0,160,2.6666666666666665,1,0.014928634665738088,0.8957149299957646,0.10428507000423537,"(1, 0.014929)"
train,PN06,PN06_S01,PN06_S01_preictal,PN06-1.edf,29,5428.0,155,2.5833333333333335,1,0.015056133259605971,0.903364818725578,0.09663518127442206,"(1, 0.015056)"
train,PN06,PN06_S01,PN06_S01_preictal,PN06-1.edf,30,5433.0,150,2.5,1,0.015102741155391548,0.9061612826384259,0.09383871736157412,"(1, 0.015103)"
train,PN06,PN06_S01,PN06_S01_preictal,PN06-1.edf,31,5438.0,145,2.4166666666666665,1,0.015174561829872068,0.9104705079530631,0.08952949204693694,"(1, 0.015175)"
train,PN06,PN06_S01,PN06_S01_preictal,PN06-1.edf,32,5443.0,140,2.3333333333333335,1,0.015244735902065747,0.9146809374779235,0.08531906252207655,"(1, 0.015245)"
train,PN06,PN06_S01,PN06_S01_preictal,PN06-1.edf,33,5448.0,135,2.25,1,0.015289696867329472,0.9173785859069634,0.08262141409303658,"(1, 0.015290)"
train,PN06,PN06_S01,PN06_S01_preictal,PN06-1.edf,34,5453.0,130,2.1666666666666665,1,0.015257229992208913,0.9154305802502549,0.08456941974974508,"(1, 0.015257)"
train,PN06,PN06_S01,PN06_S01_preictal,PN06-1.edf,35,5458.0,125,2.0833333333333335,1,0.015265046703800994,0.9158995812964501,0.0841004187035499,"(1, 0.015265)"
train,PN06,PN06_S01,PN06_S01_preictal,PN06-1.edf,36,5463.0,120,2.0,1,0.015296285722811966,0.9177739158456616,0.08222608415433841,"(1, 0.015296)"
train,PN06,PN06_S01,PN06_S01_preictal,PN06-1.edf,37,5468.0,115,1.9166666666666667,1,0.015305073046915318,0.9183011534377334,0.08169884656226656,"(1, 0.015305)"
train,PN06,PN06_S01,PN06_S01_preictal,PN06-1.edf,38,5473.0,110,1.8333333333333333,1,0.01528615017917711,0.9171657853661745,0.08283421463382545,"(1, 0.015286)"
train,PN06,PN06_S01,PN06_S01_preictal,PN06-1.edf,39,5478.0,105,1.75,1,0.015319152754646306,0.9191459329307682,0.08085406706923182,"(1, 0.015319)"
train,PN06,PN06_S01,PN06_S01_preictal,PN06-1.edf,40,5483.0,100,1.6666666666666667,1,0.01532213720097775,0.9193249990809353,0.08067500091906465,"(1, 0.015322)"
train,PN06,PN06_S01,PN06_S01_preictal,PN06-1.edf,41,5488.0,95,1.5833333333333333,1,0.01532134745342905,0.9192776143946504,0.08072238560534961,"(1, 0.015321)"
train,PN06,PN06_S01,PN06_S01_preictal,PN06-1.edf,42,5493.0,90,1.5,1,0.015229827772347125,0.9137864528404281,0.08621354715957186,"(1, 0.015230)"
train,PN06,PN06_S01,PN06_S01_preictal,PN06-1.edf,43,5498.0,85,1.4166666666666667,1,0.015241212678110076,0.914469544783985,0.08553045521601499,"(1, 0.015241)"
train,PN06,PN06_S01,PN06_S01_preictal,PN06-1.edf,44,5503.0,80,1.3333333333333333,1,0.015293784884399897,0.9176238660686155,0.08237613393138454,"(1, 0.015294)"
train,PN06,PN06_S01,PN06_S01_preictal,PN06-1.edf,45,5508.0,75,1.25,1,0.015346137518666654,0.9207650130781919,0.07923498692180808,"(1, 0.015346)"
train,PN06,PN06_S01,PN06_S01_preictal,PN06-1.edf,46,5513.0,70,1.1666666666666667,1,0.015086907528757413,0.9052112683812801,0.09478873161871992,"(1, 0.015087)"
train,PN06,PN06_S01,PN06_S01_preictal,PN06-1.edf,47,5518.0,65,1.0833333333333333,1,0.014725189450179676,0.8835082599892905,0.1164917400107095,"(1, 0.014725)"
train,PN06,PN06_S01,PN06_S01_preictal,PN06-1.edf,48,5523.0,60,1.0,1,0.014589731983119159,0.875380840547245,0.12461915945275504,"(1, 0.014590)"
train,PN06,PN06_S01,PN06_S01_preictal,PN06-1.edf,49,5528.0,55,0.9166666666666666,1,0.014738430379970682,0.8843027129829087,0.11569728701709125,"(1, 0.014738)"
train,PN06,PN06_S01,PN06_S01_preictal,PN06-1.edf,50,5533.0,50,0.8333333333333334,1,0.014849972082195842,0.8909951915810699,0.10900480841893012,"(1, 0.014850)"
train,PN06,PN06_S01,PN06_S01_preictal,PN06-1.edf,51,5538.0,45,0.75,1,0.014976486339906166,0.8985860203491249,0.10141397965087506,"(1, 0.014976)"
train,PN06,PN06_S01,PN06_S01_preictal,PN06-1.edf,52,5543.0,40,0.6666666666666666,1,0.015039931339203786,0.9023927069200592,0.09760729307994076,"(1, 0.015040)"
train,PN06,PN06_S01,PN06_S01_preictal,PN06-1.edf,53,5548.0,35,0.5833333333333334,1,0.015065284913174905,0.9039139160087111,0.09608608399128893,"(1, 0.015065)"
train,PN06,PN06_S01,PN06_S01_preictal,PN06-1.edf,54,5553.0,30,0.5,1,0.015088122727190173,0.9052841800308382,0.09471581996916179,"(1, 0.015088)"
train,PN06,PN06_S01,PN06_S01_preictal,PN06-1.edf,55,5558.0,25,0.4166666666666667,1,0.015129235475854022,0.907750936275861,0.09224906372413899,"(1, 0.015129)"
train,PN06,PN06_S01,PN06_S01_preictal,PN06-1.edf,56,5563.0,20,0.3333333333333333,1,0.01518604580852699,0.9111595442492338,0.08884045575076616,"(1, 0.015186)"
train,PN06,PN06_S01,PN06_S01_preictal,PN06-1.edf,57,5568.0,15,0.25,1,0.015241242924146029,0.9144713595397603,0.08552864046023967,"(1, 0.015241)"
train,PN06,PN06_S01,PN06_S01_preictal,PN06-1.edf,58,5573.0,10,0.16666666666666666,1,0.015234016814195818,0.91403779446746,0.08596220553253997,"(1, 0.015234)"
train,PN06,PN06_S01,PN06_S01_preictal,PN06-1.edf,59,5578.0,5,0.08333333333333333,1,0.015232884794166526,0.9139698735045593,0.08603012649544073,"(1, 0.015233)"
train,PN06,PN06_S01,PN06_S01_preictal,PN06-1.edf,60,5583.0,0,0.0,1,0.0146621850188432,0.8797280074030649,0.1202719925969351,"(1, 0.014662)"
train,PN06,PN06_S02,PN06_S02_preictal,PN06-2.edf,0,8560.0,300,5.0,1,0.011692009268091722,0.7015180890663739,0.2984819109336261,"(1, 0.011692)"
train,PN06,PN06_S02,PN06_S02_preictal,PN06-2.edf,1,8565.0,295,4.916666666666667,1,0.011992422364368456,0.7195428114556817,0.28045718854431834,"(1, 0.011992)"
train,PN06,PN06_S02,PN06_S02_preictal,PN06-2.edf,2,8570.0,290,4.833333333333333,1,0.012263927863766807,0.7358330841318023,0.26416691586819774,"(1, 0.012264)"
train,PN06,PN06_S02,PN06_S02_preictal,PN06-2.edf,3,8575.0,285,4.75,1,0.012607587693156258,0.7564526013827932,0.24354739861720676,"(1, 0.012608)"
train,PN06,PN06_S02,PN06_S02_preictal,PN06-2.edf,4,8580.0,280,4.666666666666667,1,0.012917495366768332,0.7750469964088613,0.22495300359113868,"(1, 0.012917)"
train,PN06,PN06_S02,PN06_S02_preictal,PN06-2.edf,5,8585.0,275,4.583333333333333,1,0.013192388411107191,0.7915405210666389,0.20845947893336114,"(1, 0.013192)"
train,PN06,PN06_S02,PN06_S02_preictal,PN06-2.edf,6,8590.0,270,4.5,1,0.01334151110889827,0.8004878514691484,0.19951214853085164,"(1, 0.013342)"
train,PN06,PN06_S02,PN06_S02_preictal,PN06-2.edf,7,8595.0,265,4.416666666666667,1,0.013572928458029088,0.8143728435878345,0.18562715641216554,"(1, 0.013573)"
train,PN06,PN06_S02,PN06_S02_preictal,PN06-2.edf,8,8600.0,260,4.333333333333333,1,0.013733539836106179,0.824009492383388,0.17599050761661195,"(1, 0.013734)"
train,PN06,PN06_S02,PN06_S02_preictal,PN06-2.edf,9,8605.0,255,4.25,1,0.013844891557947648,0.8306905721986136,0.16930942780138636,"(1, 0.013845)"
train,PN06,PN06_S02,PN06_S02_preictal,PN06-2.edf,10,8610.0,250,4.166666666666667,1,0.013656647657507195,0.8193959778917327,0.18060402210826731,"(1, 0.013657)"
train,PN06,PN06_S02,PN06_S02_preictal,PN06-2.edf,11,8615.0,245,4.083333333333333,1,0.013611397627479106,0.8166809856378238,0.18331901436217624,"(1, 0.013611)"
train,PN06,PN06_S02,PN06_S02_preictal,PN06-2.edf,12,8620.0,240,4.0,1,0.01348848426143813,0.8093062096101398,0.19069379038986023,"(1, 0.013488)"
train,PN06,PN06_S02,PN06_S02_preictal,PN06-2.edf,13,8625.0,235,3.9166666666666665,1,0.01315199084575498,0.7891166756694105,0.21088332433058954,"(1, 0.013152)"
train,PN06,PN06_S02,PN06_S02_preictal,PN06-2.edf,14,8630.0,230,3.8333333333333335,1,0.013172684843416908,0.7903583111626834,0.2096416888373166,"(1, 0.013173)"
train,PN06,PN06_S02,PN06_S02_preictal,PN06-2.edf,15,8635.0,225,3.75,1,0.013289958679654415,0.7973947165921025,0.20260528340789752,"(1, 0.013290)"
train,PN06,PN06_S02,PN06_S02_preictal,PN06-2.edf,16,8640.0,220,3.6666666666666665,1,0.013540345969417885,0.8124179011460818,0.1875820988539182,"(1, 0.013540)"
train,PN06,PN06_S02,PN06_S02_preictal,PN06-2.edf,17,8645.0,215,3.5833333333333335,1,0.013769572894701985,0.8261714682961451,0.17382853170385493,"(1, 0.013770)"
train,PN06,PN06_S02,PN06_S02_preictal,PN06-2.edf,18,8650.0,210,3.5,1,0.013970149489311062,0.8382060216509395,0.1617939783490605,"(1, 0.013970)"
train,PN06,PN06_S02,PN06_S02_preictal,PN06-2.edf,19,8655.0,205,3.4166666666666665,1,0.014132036315494709,0.8479191970637664,0.1520808029362336,"(1, 0.014132)"
train,PN06,PN06_S02,PN06_S02_preictal,PN06-2.edf,20,8660.0,200,3.3333333333333335,1,0.014268298713443038,0.8560949121892398,0.14390508781076017,"(1, 0.014268)"
train,PN06,PN06_S02,PN06_S02_preictal,PN06-2.edf,21,8665.0,195,3.25,1,0.014135112583850723,0.8481037725160332,0.1518962274839668,"(1, 0.014135)"
train,PN06,PN06_S02,PN06_S02_preictal,PN06-2.edf,22,8670.0,190,3.1666666666666665,1,0.014136086765250145,0.8481622231944458,0.15183777680555421,"(1, 0.014136)"
train,PN06,PN06_S02,PN06_S02_preictal,PN06-2.edf,23,8675.0,185,3.0833333333333335,1,0.014122426394307313,0.8473426038202202,0.1526573961797798,"(1, 0.014122)"
train,PN06,PN06_S02,PN06_S02_preictal,PN06-2.edf,24,8680.0,180,3.0,1,0.014094428247350589,0.8456627209104381,0.15433727908956185,"(1, 0.014094)"
train,PN06,PN06_S02,PN06_S02_preictal,PN06-2.edf,25,8685.0,175,2.9166666666666665,1,0.014153510708406224,0.8492076561073508,0.15079234389264917,"(1, 0.014154)"
train,PN06,PN06_S02,PN06_S02_preictal,PN06-2.edf,26,8690.0,170,2.8333333333333335,1,0.014227993660181829,0.8536766174979513,0.14632338250204868,"(1, 0.014228)"
train,PN06,PN06_S02,PN06_S02_preictal,PN06-2.edf,27,8695.0,165,2.75,1,0.014271211309374462,0.8562696673305663,0.1437303326694337,"(1, 0.014271)"
train,PN06,PN06_S02,PN06_S02_preictal,PN06-2.edf,28,8700.0,160,2.6666666666666665,1,0.014318304962498498,0.8590952765812268,0.14090472341877325,"(1, 0.014318)"
train,PN06,PN06_S02,PN06_S02_preictal,PN06-2.edf,29,8705.0,155,2.5833333333333335,1,0.014366214539331058,0.8619698410822384,0.1380301589177616,"(1, 0.014366)"
train,PN06,PN06_S02,PN06_S02_preictal,PN06-2.edf,30,8710.0,150,2.5,1,0.014232068051848653,0.8539210801382623,0.1460789198617377,"(1, 0.014232)"
train,PN06,PN06_S02,PN06_S02_preictal,PN06-2.edf,31,8715.0,145,2.4166666666666665,1,0.0141578553056597,0.8494683310258474,0.1505316689741526,"(1, 0.014158)"
train,PN06,PN06_S02,PN06_S02_preictal,PN06-2.edf,32,8720.0,140,2.3333333333333335,1,0.013917681285960683,0.8350579405207309,0.1649420594792691,"(1, 0.013918)"
train,PN06,PN06_S02,PN06_S02_preictal,PN06-2.edf,33,8725.0,135,2.25,1,0.014096243597639616,0.84577164154474,0.15422835845525995,"(1, 0.014096)"
train,PN06,PN06_S02,PN06_S02_preictal,PN06-2.edf,34,8730.0,130,2.1666666666666665,1,0.01423477282179011,0.8540833657640421,0.1459166342359579,"(1, 0.014235)"
train,PN06,PN06_S02,PN06_S02_preictal,PN06-2.edf,35,8735.0,125,2.0833333333333335,1,0.014353538039051962,0.8612092537402398,0.13879074625976018,"(1, 0.014354)"
train,PN06,PN06_S02,PN06_S02_preictal,PN06-2.edf,36,8740.0,120,2.0,1,0.014477832293505731,0.8686668827813233,0.1313331172186767,"(1, 0.014478)"
train,PN06,PN06_S02,PN06_S02_preictal,PN06-2.edf,37,8745.0,115,1.9166666666666667,1,0.014495148895162832,0.8697058752269388,0.13029412477306124,"(1, 0.014495)"
train,PN06,PN06_S02,PN06_S02_preictal,PN06-2.edf,38,8750.0,110,1.8333333333333333,1,0.014477200795947151,0.8686289930610548,0.1313710069389452,"(1, 0.014477)"
train,PN06,PN06_S02,PN06_S02_preictal,PN06-2.edf,39,8755.0,105,1.75,1,0.014531360247064688,0.8718785487004388,0.1281214512995612,"(1, 0.014531)"
train,PN06,PN06_S02,PN06_S02_preictal,PN06-2.edf,40,8760.0,100,1.6666666666666667,1,0.014530975059288553,0.8718554375151455,0.1281445624848545,"(1, 0.014531)"
train,PN06,PN06_S02,PN06_S02_preictal,PN06-2.edf,41,8765.0,95,1.5833333333333333,1,0.014573467754440116,0.8744049902582618,0.1255950097417382,"(1, 0.014573)"
train,PN06,PN06_S02,PN06_S02_preictal,PN06-2.edf,42,8770.0,90,1.5,1,0.014712608997833283,0.8827534355029879,0.1172465644970121,"(1, 0.014713)"
train,PN06,PN06_S02,PN06_S02_preictal,PN06-2.edf,43,8775.0,85,1.4166666666666667,1,0.014857358836474174,0.8914383952791614,0.10856160472083864,"(1, 0.014857)"
train,PN06,PN06_S02,PN06_S02_preictal,PN06-2.edf,44,8780.0,80,1.3333333333333333,1,0.014946083679606523,0.8967618671461212,0.10323813285387884,"(1, 0.014946)"
train,PN06,PN06_S02,PN06_S02_preictal,PN06-2.edf,45,8785.0,75,1.25,1,0.01504440570208886,0.9026611677490711,0.09733883225092888,"(1, 0.015044)"
train,PN06,PN06_S02,PN06_S02_preictal,PN06-2.edf,46,8790.0,70,1.1666666666666667,1,0.015132799618910233,0.9079647841071979,0.09203521589280206,"(1, 0.015133)"
train,PN06,PN06_S02,PN06_S02_preictal,PN06-2.edf,47,8795.0,65,1.0833333333333333,1,0.015216833827409912,0.9130068188859235,0.0869931811140765,"(1, 0.015217)"
train,PN06,PN06_S02,PN06_S02_preictal,PN06-2.edf,48,8800.0,60,1.0,1,0.0152308979656743,0.9138506642142473,0.08614933578575268,"(1, 0.015231)"
train,PN06,PN06_S02,PN06_S02_preictal,PN06-2.edf,49,8805.0,55,0.9166666666666666,1,0.01513361282105269,0.9080135760641593,0.09198642393584067,"(1, 0.015134)"
train,PN06,PN06_S02,PN06_S02_preictal,PN06-2.edf,50,8810.0,50,0.8333333333333334,1,0.015099813381447277,0.9059856168195313,0.09401438318046873,"(1, 0.015100)"
train,PN06,PN06_S02,PN06_S02_preictal,PN06-2.edf,51,8815.0,45,0.75,1,0.01507427015222722,0.9044530284559604,0.09554697154403957,"(1, 0.015074)"
train,PN06,PN06_S02,PN06_S02_preictal,PN06-2.edf,52,8820.0,40,0.6666666666666666,1,0.015158162227027781,0.9094865352427293,0.09051346475727073,"(1, 0.015158)"
train,PN06,PN06_S02,PN06_S02_preictal,PN06-2.edf,53,8825.0,35,0.5833333333333334,1,0.015244109503247037,0.9146433536809713,0.08535664631902873,"(1, 0.015244)"
train,PN06,PN06_S02,PN06_S02_preictal,PN06-2.edf,54,8830.0,30,0.5,1,0.01526694646431306,0.9160135665263238,0.08398643347367618,"(1, 0.015267)"
train,PN06,PN06_S02,PN06_S02_preictal,PN06-2.edf,55,8835.0,25,0.4166666666666667,1,0.015306750252238334,0.9184017854032234,0.08159821459677663,"(1, 0.015307)"
train,PN06,PN06_S02,PN06_S02_preictal,PN06-2.edf,56,8840.0,20,0.3333333333333333,1,0.01534918785155584,0.9209480324079214,0.07905196759207855,"(1, 0.015349)"
train,PN06,PN06_S02,PN06_S02_preictal,PN06-2.edf,57,8845.0,15,0.25,1,0.015336970802542076,0.9202150120448984,0.07978498795510158,"(1, 0.015337)"
train,PN06,PN06_S02,PN06_S02_preictal,PN06-2.edf,58,8850.0,10,0.16666666666666666,1,0.015122110766961898,0.9073234552456503,0.09267654475434972,"(1, 0.015122)"
train,PN06,PN06_S02,PN06_S02_preictal,PN06-2.edf,59,8855.0,5,0.08333333333333333,1,0.015074354041153619,0.9044580617738438,0.0955419382261562,"(1, 0.015074)"
train,PN06,PN06_S02,PN06_S02_preictal,PN06-2.edf,60,8860.0,0,0.0,1,0.014056284390558033,0.8433740975512555,0.15662590244874453,"(1, 0.014056)"
train,PN06,PN06_S03,PN06_S03_preictal,PN06-3.edf,0,5975.0,300,5.0,1,0.013733112910384178,0.8239838769301495,0.17601612306985048,"(1, 0.013733)"
train,PN06,PN06_S03,PN06_S03_preictal,PN06-3.edf,1,5980.0,295,4.916666666666667,1,0.013866707288153183,0.8319995114078169,0.16800048859218308,"(1, 0.013867)"
train,PN06,PN06_S03,PN06_S03_preictal,PN06-3.edf,2,5985.0,290,4.833333333333333,1,0.013986018886284856,0.8391581821209173,0.1608418178790827,"(1, 0.013986)"
train,PN06,PN06_S03,PN06_S03_preictal,PN06-3.edf,3,5990.0,285,4.75,1,0.014046649204672013,0.8427959884311228,0.1572040115688772,"(1, 0.014047)"
train,PN06,PN06_S03,PN06_S03_preictal,PN06-3.edf,4,5995.0,280,4.666666666666667,1,0.014099100532907855,0.8459430570580198,0.15405694294198025,"(1, 0.014099)"
train,PN06,PN06_S03,PN06_S03_preictal,PN06-3.edf,5,6000.0,275,4.583333333333333,1,0.014180839396164985,0.8508473716065112,0.14915262839348875,"(1, 0.014181)"
train,PN06,PN06_S03,PN06_S03_preictal,PN06-3.edf,6,6005.0,270,4.5,1,0.014251366132294378,0.8550789608931023,0.1449210391068977,"(1, 0.014251)"
train,PN06,PN06_S03,PN06_S03_preictal,PN06-3.edf,7,6010.0,265,4.416666666666667,1,0.014315343852387702,0.8589176105993745,0.14108238940062545,"(1, 0.014315)"
train,PN06,PN06_S03,PN06_S03_preictal,PN06-3.edf,8,6015.0,260,4.333333333333333,1,0.01434678535435376,0.8608040940831673,0.13919590591683273,"(1, 0.014347)"
train,PN06,PN06_S03,PN06_S03_preictal,PN06-3.edf,9,6020.0,255,4.25,1,0.014451137799872511,0.86706521879588,0.13293478120411995,"(1, 0.014451)"
train,PN06,PN06_S03,PN06_S03_preictal,PN06-3.edf,10,6025.0,250,4.166666666666667,1,0.01459192998421701,0.8755127201493368,0.12448727985066321,"(1, 0.014592)"
train,PN06,PN06_S03,PN06_S03_preictal,PN06-3.edf,11,6030.0,245,4.083333333333333,1,0.014698661563175003,0.881916592366406,0.11808340763359404,"(1, 0.014699)"
train,PN06,PN06_S03,PN06_S03_preictal,PN06-3.edf,12,6035.0,240,4.0,1,0.01479396605844504,0.8876348419733174,0.11236515802668257,"(1, 0.014794)"
train,PN06,PN06_S03,PN06_S03_preictal,PN06-3.edf,13,6040.0,235,3.9166666666666665,1,0.0148813649045658,0.8928787542993679,0.10712124570063208,"(1, 0.014881)"
train,PN06,PN06_S03,PN06_S03_preictal,PN06-3.edf,14,6045.0,230,3.8333333333333335,1,0.014683210615955487,0.8809895387933917,0.1190104612066083,"(1, 0.014683)"
train,PN06,PN06_S03,PN06_S03_preictal,PN06-3.edf,15,6050.0,225,3.75,1,0.014673047462796325,0.8803797517482719,0.11962024825172812,"(1, 0.014673)"
train,PN06,PN06_S03,PN06_S03_preictal,PN06-3.edf,16,6055.0,220,3.6666666666666665,1,0.014584731187331314,0.8750807938551444,0.12491920614485563,"(1, 0.014585)"
train,PN06,PN06_S03,PN06_S03_preictal,PN06-3.edf,17,6060.0,215,3.5833333333333335,1,0.014521822048742085,0.8713062588136468,0.12869374118635324,"(1, 0.014522)"
train,PN06,PN06_S03,PN06_S03_preictal,PN06-3.edf,18,6065.0,210,3.5,1,0.014461648958121227,0.867695886072944,0.132304113927056,"(1, 0.014462)"
train,PN06,PN06_S03,PN06_S03_preictal,PN06-3.edf,19,6070.0,205,3.4166666666666665,1,0.014231352901268165,0.8538781712543302,0.1461218287456698,"(1, 0.014231)"
train,PN06,PN06_S03,PN06_S03_preictal,PN06-3.edf,20,6075.0,200,3.3333333333333335,1,0.013884405679338165,0.8330614111445475,0.16693858885545254,"(1, 0.013884)"
train,PN06,PN06_S03,PN06_S03_preictal,PN06-3.edf,21,6080.0,195,3.25,1,0.013649698352526773,0.8189790210592138,0.18102097894078617,"(1, 0.013650)"
train,PN06,PN06_S03,PN06_S03_preictal,PN06-3.edf,22,6085.0,190,3.1666666666666665,1,0.013423001158939936,0.8053772372772118,0.19462276272278822,"(1, 0.013423)"
train,PN06,PN06_S03,PN06_S03_preictal,PN06-3.edf,23,6090.0,185,3.0833333333333335,1,0.013016904397819997,0.7810115172966117,0.21898848270338833,"(1, 0.013017)"
train,PN06,PN06_S03,PN06_S03_preictal,PN06-3.edf,24,6095.0,180,3.0,1,0.012681859773363046,0.7609089105237586,0.23909108947624136,"(1, 0.012682)"
train,PN06,PN06_S03,PN06_S03_preictal,PN06-3.edf,25,6100.0,175,2.9166666666666665,1,0.012613484148380438,0.7568063874520893,0.24319361254791072,"(1, 0.012613)"
train,PN06,PN06_S03,PN06_S03_preictal,PN06-3.edf,26,6105.0,170,2.8333333333333335,1,0.01255526466701161,0.7533132308542959,0.2466867691457041,"(1, 0.012555)"
train,PN06,PN06_S03,PN06_S03_preictal,PN06-3.edf,27,6110.0,165,2.75,1,0.012664681825787583,0.7598782372937855,0.24012176270621455,"(1, 0.012665)"
train,PN06,PN06_S03,PN06_S03_preictal,PN06-3.edf,28,6115.0,160,2.6666666666666665,1,0.012685518753497587,0.7611284485597847,0.23887155144021532,"(1, 0.012686)"
train,PN06,PN06_S03,PN06_S03_preictal,PN06-3.edf,29,6120.0,155,2.5833333333333335,1,0.012877767044641497,0.7726633054639448,0.2273366945360552,"(1, 0.012878)"
train,PN06,PN06_S03,PN06_S03_preictal,PN06-3.edf,30,6125.0,150,2.5,1,0.013067179425725628,0.7840280083628964,0.21597199163710357,"(1, 0.013067)"
train,PN06,PN06_S03,PN06_S03_preictal,PN06-3.edf,31,6130.0,145,2.4166666666666665,1,0.01323127060422201,0.7938734444493681,0.20612655555063186,"(1, 0.013231)"
train,PN06,PN06_S03,PN06_S03_preictal,PN06-3.edf,32,6135.0,140,2.3333333333333335,1,0.01326401463725854,0.7958380795225545,0.20416192047744552,"(1, 0.013264)"
train,PN06,PN06_S03,PN06_S03_preictal,PN06-3.edf,33,6140.0,135,2.25,1,0.01319587592595711,0.7917497712217669,0.20825022877823307,"(1, 0.013196)"
train,PN06,PN06_S03,PN06_S03_preictal,PN06-3.edf,34,6145.0,130,2.1666666666666665,1,0.013349878729326168,0.8009899069292507,0.19901009307074935,"(1, 0.013350)"
train,PN06,PN06_S03,PN06_S03_preictal,PN06-3.edf,35,6150.0,125,2.0833333333333335,1,0.013514350349222487,0.8108581694194452,0.18914183058055478,"(1, 0.013514)"
train,PN06,PN06_S03,PN06_S03_preictal,PN06-3.edf,36,6155.0,120,2.0,1,0.013680405233062931,0.820821427412218,0.17917857258778203,"(1, 0.013680)"
train,PN06,PN06_S03,PN06_S03_preictal,PN06-3.edf,37,6160.0,115,1.9166666666666667,1,0.013819609558125662,0.8291736575438076,0.17082634245619244,"(1, 0.013820)"
train,PN06,PN06_S03,PN06_S03_preictal,PN06-3.edf,38,6165.0,110,1.8333333333333333,1,0.013859216348729296,0.8315500566229753,0.16844994337702468,"(1, 0.013859)"
train,PN06,PN06_S03,PN06_S03_preictal,PN06-3.edf,39,6170.0,105,1.75,1,0.013783085957219344,0.8269822491959244,0.17301775080407555,"(1, 0.013783)"
train,PN06,PN06_S03,PN06_S03_preictal,PN06-3.edf,40,6175.0,100,1.6666666666666667,1,0.01364097125687141,0.8184553971613131,0.1815446028386869,"(1, 0.013641)"
train,PN06,PN06_S03,PN06_S03_preictal,PN06-3.edf,41,6180.0,95,1.5833333333333333,1,0.013428144186546987,0.8056858178484537,0.19431418215154628,"(1, 0.013428)"
train,PN06,PN06_S03,PN06_S03_preictal,PN06-3.edf,42,6185.0,90,1.5,1,0.013112488116475779,0.7867465202477517,0.2132534797522483,"(1, 0.013112)"
train,PN06,PN06_S03,PN06_S03_preictal,PN06-3.edf,43,6190.0,85,1.4166666666666667,1,0.01291999125763183,0.7751967493340371,0.22480325066596285,"(1, 0.012920)"
train,PN06,PN06_S03,PN06_S03_preictal,PN06-3.edf,44,6195.0,80,1.3333333333333333,1,0.012785125008757099,0.7671048028583914,0.23289519714160856,"(1, 0.012785)"
train,PN06,PN06_S03,PN06_S03_preictal,PN06-3.edf,45,6200.0,75,1.25,1,0.012638951689452402,0.7583344345427447,0.24166556545725526,"(1, 0.012639)"
train,PN06,PN06_S03,PN06_S03_preictal,PN06-3.edf,46,6205.0,70,1.1666666666666667,1,0.012284519898387417,0.7370686018641104,0.2629313981358896,"(1, 0.012285)"
train,PN06,PN06_S03,PN06_S03_preictal,PN06-3.edf,47,6210.0,65,1.0833333333333333,1,0.012503499316550001,0.7502073207491113,0.24979267925088866,"(1, 0.012503)"
train,PN06,PN06_S03,PN06_S03_preictal,PN06-3.edf,48,6215.0,60,1.0,1,0.012713964081040635,0.7628351622103909,0.23716483778960906,"(1, 0.012714)"
train,PN06,PN06_S03,PN06_S03_preictal,PN06-3.edf,49,6220.0,55,0.9166666666666666,1,0.012848322289266214,0.7708966263542842,0.22910337364571576,"(1, 0.012848)"
train,PN06,PN06_S03,PN06_S03_preictal,PN06-3.edf,50,6225.0,50,0.8333333333333334,1,0.013065988811728572,0.7839565717742931,0.21604342822570688,"(1, 0.013066)"
train,PN06,PN06_S03,PN06_S03_preictal,PN06-3.edf,51,6230.0,45,0.75,1,0.013252167986384338,0.7951272829697509,0.20487271703024912,"(1, 0.013252)"
train,PN06,PN06_S03,PN06_S03_preictal,PN06-3.edf,52,6235.0,40,0.6666666666666666,1,0.013406551563506477,0.8043902650220761,0.1956097349779239,"(1, 0.013407)"
train,PN06,PN06_S03,PN06_S03_preictal,PN06-3.edf,53,6240.0,35,0.5833333333333334,1,0.01351311297571536,0.810783927270104,0.18921607272989605,"(1, 0.013513)"
train,PN06,PN06_S03,PN06_S03_preictal,PN06-3.edf,54,6245.0,30,0.5,1,0.013405038568376732,0.804299485633534,0.19570051436646596,"(1, 0.013405)"
train,PN06,PN06_S03,PN06_S03_preictal,PN06-3.edf,55,6250.0,25,0.4166666666666667,1,0.013290228655955806,0.7974109151132208,0.20258908488677918,"(1, 0.013290)"
train,PN06,PN06_S03,PN06_S03_preictal,PN06-3.edf,56,6255.0,20,0.3333333333333333,1,0.013178257840508445,0.7906926898122708,0.2093073101877292,"(1, 0.013178)"
train,PN06,PN06_S03,PN06_S03_preictal,PN06-3.edf,57,6260.0,15,0.25,1,0.013146689109126792,0.7887985725903879,0.21120142740961212,"(1, 0.013147)"
train,PN06,PN06_S03,PN06_S03_preictal,PN06-3.edf,58,6265.0,10,0.16666666666666666,1,0.0131323536638982,0.7879384489014577,0.2120615510985423,"(1, 0.013132)"
train,PN06,PN06_S03,PN06_S03_preictal,PN06-3.edf,59,6270.0,5,0.08333333333333333,1,0.013150108225208568,0.7890037188338594,0.21099628116614055,"(1, 0.013150)"
train,PN06,PN06_S03,PN06_S03_preictal,PN06-3.edf,60,6275.0,0,0.0,1,0.012958358169377166,0.777498755943322,0.22250124405667804,"(1, 0.012958)"
test,PN06,PN06_S04,PN06_S04_preictal,PN06-4.edf,0,5639.0,300,5.0,1,0.0015205221596224512,0.09123100874649848,0.9087689912535015,"(1, 0.001521)"
test,PN06,PN06_S04,PN06_S04_preictal,PN06-4.edf,1,5644.0,295,4.916666666666667,1,0.0015531810059239563,0.09319053263355781,0.9068094673664422,"(1, 0.001553)"
test,PN06,PN06_S04,PN06_S04_preictal,PN06-4.edf,2,5649.0,290,4.833333333333333,1,0.0016540711272853773,0.0992439186273828,0.9007560813726172,"(1, 0.001654)"
test,PN06,PN06_S04,PN06_S04_preictal,PN06-4.edf,3,5654.0,285,4.75,1,0.0018762185705946133,0.11257271835272809,0.8874272816472719,"(1, 0.001876)"
test,PN06,PN06_S04,PN06_S04_preictal,PN06-4.edf,4,5659.0,280,4.666666666666667,1,0.0019848648181919146,0.1190914702841599,0.8809085297158401,"(1, 0.001985)"
test,PN06,PN06_S04,PN06_S04_preictal,PN06-4.edf,5,5664.0,275,4.583333333333333,1,0.002134502983548863,0.12806972863185773,0.8719302713681423,"(1, 0.002135)"
test,PN06,PN06_S04,PN06_S04_preictal,PN06-4.edf,6,5669.0,270,4.5,1,0.0022368368458383714,0.13420973877673803,0.865790261223262,"(1, 0.002237)"
test,PN06,PN06_S04,PN06_S04_preictal,PN06-4.edf,7,5674.0,265,4.416666666666667,1,0.0024171558834380925,0.14502884298532448,0.8549711570146755,"(1, 0.002417)"
test,PN06,PN06_S04,PN06_S04_preictal,PN06-4.edf,8,5679.0,260,4.333333333333333,1,0.0023487165940226317,0.14092250006111717,0.8590774999388828,"(1, 0.002349)"
test,PN06,PN06_S04,PN06_S04_preictal,PN06-4.edf,9,5684.0,255,4.25,1,0.002314307139139601,0.13885794002854557,0.8611420599714544,"(1, 0.002314)"
test,PN06,PN06_S04,PN06_S04_preictal,PN06-4.edf,10,5689.0,250,4.166666666666667,1,0.002471608578765518,0.1482959932154272,0.8517040067845728,"(1, 0.002472)"
test,PN06,PN06_S04,PN06_S04_preictal,PN06-4.edf,11,5694.0,245,4.083333333333333,1,0.002524886512182594,0.1514926579787843,0.8485073420212157,"(1, 0.002525)"
test,PN06,PN06_S04,PN06_S04_preictal,PN06-4.edf,12,5699.0,240,4.0,1,0.0026481300634514744,0.15888724505047325,0.8411127549495268,"(1, 0.002648)"
test,PN06,PN06_S04,PN06_S04_preictal,PN06-4.edf,13,5704.0,235,3.9166666666666665,1,0.0028702412653831165,0.1722138703008098,0.8277861296991902,"(1, 0.002870)"
test,PN06,PN06_S04,PN06_S04_preictal,PN06-4.edf,14,5709.0,230,3.8333333333333335,1,0.0031705314810490594,0.19023121987939806,0.8097687801206019,"(1, 0.003171)"
test,PN06,PN06_S04,PN06_S04_preictal,PN06-4.edf,15,5714.0,225,3.75,1,0.003448129376686458,0.20688703504436312,0.7931129649556369,"(1, 0.003448)"
test,PN06,PN06_S04,PN06_S04_preictal,PN06-4.edf,16,5719.0,220,3.6666666666666665,1,0.0037205715673096374,0.2232335089963311,0.7767664910036689,"(1, 0.003721)"
test,PN06,PN06_S04,PN06_S04_preictal,PN06-4.edf,17,5724.0,215,3.5833333333333335,1,0.003955551093218264,0.23733223097006473,0.7626677690299353,"(1, 0.003956)"
test,PN06,PN06_S04,PN06_S04_preictal,PN06-4.edf,18,5729.0,210,3.5,1,0.004240933912962976,0.25445513993884616,0.7455448600611538,"(1, 0.004241)"
test,PN06,PN06_S04,PN06_S04_preictal,PN06-4.edf,19,5734.0,205,3.4166666666666665,1,0.004570563246978365,0.2742328304278343,0.7257671695721657,"(1, 0.004571)"
test,PN06,PN06_S04,PN06_S04_preictal,PN06-4.edf,20,5739.0,200,3.3333333333333335,1,0.0052272119367245745,0.3136316132594428,0.6863683867405572,"(1, 0.005227)"
test,PN06,PN06_S04,PN06_S04_preictal,PN06-4.edf,21,5744.0,195,3.25,1,0.005804716642892277,0.3482817737757563,0.6517182262242437,"(1, 0.005805)"
test,PN06,PN06_S04,PN06_S04_preictal,PN06-4.edf,22,5749.0,190,3.1666666666666665,1,0.005848220247303953,0.350891980861177,0.649108019138823,"(1, 0.005848)"
test,PN06,PN06_S04,PN06_S04_preictal,PN06-4.edf,23,5754.0,185,3.0833333333333335,1,0.005990005221286166,0.3593990493834176,0.6406009506165824,"(1, 0.005990)"
test,PN06,PN06_S04,PN06_S04_preictal,PN06-4.edf,24,5759.0,180,3.0,1,0.0061668931343326515,0.37001228684277887,0.6299877131572211,"(1, 0.006167)"
test,PN06,PN06_S04,PN06_S04_preictal,PN06-4.edf,25,5764.0,175,2.9166666666666665,1,0.006228369608245362,0.3737008623059783,0.6262991376940217,"(1, 0.006228)"
test,PN06,PN06_S04,PN06_S04_preictal,PN06-4.edf,26,5769.0,170,2.8333333333333335,1,0.00628695185950648,0.37721578502076436,0.6227842149792356,"(1, 0.006287)"
test,PN06,PN06_S04,PN06_S04_preictal,PN06-4.edf,27,5774.0,165,2.75,1,0.006446386743206112,0.3867818444019113,0.6132181555980887,"(1, 0.006446)"
test,PN06,PN06_S04,PN06_S04_preictal,PN06-4.edf,28,5779.0,160,2.6666666666666665,1,0.0070125327308889615,0.4207504842058283,0.5792495157941717,"(1, 0.007013)"
test,PN06,PN06_S04,PN06_S04_preictal,PN06-4.edf,29,5784.0,155,2.5833333333333335,1,0.007510123193278728,0.4506058069574066,0.5493941930425934,"(1, 0.007510)"
test,PN06,PN06_S04,PN06_S04_preictal,PN06-4.edf,30,5789.0,150,2.5,1,0.007864577971512722,0.47187301886133115,0.5281269811386688,"(1, 0.007865)"
test,PN06,PN06_S04,PN06_S04_preictal,PN06-4.edf,31,5794.0,145,2.4166666666666665,1,0.008202805614503669,0.4921666060746056,0.5078333939253944,"(1, 0.008203)"
test,PN06,PN06_S04,PN06_S04_preictal,PN06-4.edf,32,5799.0,140,2.3333333333333335,1,0.00854339080249037,0.5126016454901824,0.4873983545098176,"(1, 0.008543)"
test,PN06,PN06_S04,PN06_S04_preictal,PN06-4.edf,33,5804.0,135,2.25,1,0.008875609849068877,0.5325347181865269,0.46746528181347313,"(1, 0.008876)"
test,PN06,PN06_S04,PN06_S04_preictal,PN06-4.edf,34,5809.0,130,2.1666666666666665,1,0.00940003583795988,0.5640001668658713,0.4359998331341287,"(1, 0.009400)"
test,PN06,PN06_S04,PN06_S04_preictal,PN06-4.edf,35,5814.0,125,2.0833333333333335,1,0.009924417178958882,0.5954629366811165,0.4045370633188835,"(1, 0.009924)"
test,PN06,PN06_S04,PN06_S04_preictal,PN06-4.edf,36,5819.0,120,2.0,1,0.010340728579611165,0.6204415328783637,0.3795584671216363,"(1, 0.010341)"
test,PN06,PN06_S04,PN06_S04_preictal,PN06-4.edf,37,5824.0,115,1.9166666666666667,1,0.010662435336428298,0.6397438704071237,0.36025612959287634,"(1, 0.010662)"
test,PN06,PN06_S04,PN06_S04_preictal,PN06-4.edf,38,5829.0,110,1.8333333333333333,1,0.010897832002177515,0.653867620683276,0.346132379316724,"(1, 0.010898)"
test,PN06,PN06_S04,PN06_S04_preictal,PN06-4.edf,39,5834.0,105,1.75,1,0.011034981000320875,0.6620965316333782,0.3379034683666218,"(1, 0.011035)"
test,PN06,PN06_S04,PN06_S04_preictal,PN06-4.edf,40,5839.0,100,1.6666666666666667,1,0.011115372022662133,0.6669199760113125,0.3330800239886875,"(1, 0.011115)"
test,PN06,PN06_S04,PN06_S04_preictal,PN06-4.edf,41,5844.0,95,1.5833333333333333,1,0.011266120254584568,0.675964838118715,0.324035161881285,"(1, 0.011266)"
test,PN06,PN06_S04,PN06_S04_preictal,PN06-4.edf,42,5849.0,90,1.5,1,0.011298528159749088,0.6779093055905038,0.3220906944094962,"(1, 0.011299)"
test,PN06,PN06_S04,PN06_S04_preictal,PN06-4.edf,43,5854.0,85,1.4166666666666667,1,0.010930888221682821,0.6558509868787175,0.34414901312128254,"(1, 0.010931)"
test,PN06,PN06_S04,PN06_S04_preictal,PN06-4.edf,44,5859.0,80,1.3333333333333333,1,0.010584821148325506,0.6350870354975842,0.36491296450241584,"(1, 0.010585)"
test,PN06,PN06_S04,PN06_S04_preictal,PN06-4.edf,45,5864.0,75,1.25,1,0.010081101450284027,0.6048639599001746,0.3951360400998254,"(1, 0.010081)"
test,PN06,PN06_S04,PN06_S04_preictal,PN06-4.edf,46,5869.0,70,1.1666666666666667,1,0.00997581634708211,0.5985468759232629,0.40145312407673706,"(1, 0.009976)"
test,PN06,PN06_S04,PN06_S04_preictal,PN06-4.edf,47,5874.0,65,1.0833333333333333,1,0.009641352762874096,0.5784791314427463,0.4215208685572537,"(1, 0.009641)"
test,PN06,PN06_S04,PN06_S04_preictal,PN06-4.edf,48,5879.0,60,1.0,1,0.009338424128000414,0.5603034772684015,0.43969652273159854,"(1, 0.009338)"
test,PN06,PN06_S04,PN06_S04_preictal,PN06-4.edf,49,5884.0,55,0.9166666666666666,1,0.00911023862265183,0.546612395094729,0.45338760490527097,"(1, 0.009110)"
test,PN06,PN06_S04,PN06_S04_preictal,PN06-4.edf,50,5889.0,50,0.8333333333333334,1,0.008973918886670805,0.5384332396993922,0.46156676030060784,"(1, 0.008974)"
test,PN06,PN06_S04,PN06_S04_preictal,PN06-4.edf,51,5894.0,45,0.75,1,0.008682451252136575,0.5209452431271382,0.4790547568728618,"(1, 0.008682)"
test,PN06,PN06_S04,PN06_S04_preictal,PN06-4.edf,52,5899.0,40,0.6666666666666666,1,0.00828287514425076,0.4969707609647249,0.5030292390352751,"(1, 0.008283)"
test,PN06,PN06_S04,PN06_S04_preictal,PN06-4.edf,53,5904.0,35,0.5833333333333334,1,0.007827813195193266,0.4696671400395478,0.5303328599604522,"(1, 0.007828)"
test,PN06,PN06_S04,PN06_S04_preictal,PN06-4.edf,54,5909.0,30,0.5,1,0.007422832365389346,0.4453683757024469,0.5546316242975531,"(1, 0.007423)"
test,PN06,PN06_S04,PN06_S04_preictal,PN06-4.edf,55,5914.0,25,0.4166666666666667,1,0.0070441171516942205,0.42264554278981703,0.577354457210183,"(1, 0.007044)"
test,PN06,PN06_S04,PN06_S04_preictal,PN06-4.edf,56,5919.0,20,0.3333333333333333,1,0.006467102251793363,0.3880247705461648,0.6119752294538352,"(1, 0.006467)"
test,PN06,PN06_S04,PN06_S04_preictal,PN06-4.edf,57,5924.0,15,0.25,1,0.00590553972108201,0.3543311371934261,0.6456688628065739,"(1, 0.005906)"
test,PN06,PN06_S04,PN06_S04_preictal,PN06-4.edf,58,5929.0,10,0.16666666666666666,1,0.005378247804857288,0.3226937334787705,0.6773062665212295,"(1, 0.005378)"
test,PN06,PN06_S04,PN06_S04_preictal,PN06-4.edf,59,5934.0,5,0.08333333333333333,1,0.004912137722182837,0.2947272268677372,0.7052727731322628,"(1, 0.004912)"
test,PN06,PN06_S04,PN06_S04_preictal,PN06-4.edf,60,5939.0,0,0.0,1,0.004530750127701462,0.2718440516718059,0.7281559483281941,"(1, 0.004531)"
train,PN06,PN06_S05,PN06_S05_preictal,PN06-5.edf,0,4483.0,300,5.0,1,0.014864753438159692,0.8918820698200283,0.10811793017997173,"(1, 0.014865)"
train,PN06,PN06_S05,PN06_S05_preictal,PN06-5.edf,1,4488.0,295,4.916666666666667,1,0.014946897491109343,0.8968106956645757,0.10318930433542428,"(1, 0.014947)"
train,PN06,PN06_S05,PN06_S05_preictal,PN06-5.edf,2,4493.0,290,4.833333333333333,1,0.015000777073888133,0.9000434592626874,0.09995654073731264,"(1, 0.015001)"
train,PN06,PN06_S05,PN06_S05_preictal,PN06-5.edf,3,4498.0,285,4.75,1,0.015089140183222669,0.9053452271781043,0.09465477282189572,"(1, 0.015089)"
train,PN06,PN06_S05,PN06_S05_preictal,PN06-5.edf,4,4503.0,280,4.666666666666667,1,0.015122805450147513,0.9073651360902087,0.09263486390979125,"(1, 0.015123)"
train,PN06,PN06_S05,PN06_S05_preictal,PN06-5.edf,5,4508.0,275,4.583333333333333,1,0.015114835688311994,0.9068869520617009,0.09311304793829911,"(1, 0.015115)"
train,PN06,PN06_S05,PN06_S05_preictal,PN06-5.edf,6,4513.0,270,4.5,1,0.015130051135656365,0.907799875691897,0.09220012430810298,"(1, 0.015130)"
train,PN06,PN06_S05,PN06_S05_preictal,PN06-5.edf,7,4518.0,265,4.416666666666667,1,0.01515541845331552,0.909321909398931,0.09067809060106902,"(1, 0.015155)"
train,PN06,PN06_S05,PN06_S05_preictal,PN06-5.edf,8,4523.0,260,4.333333333333333,1,0.015189291078166434,0.9113542597428471,0.08864574025715288,"(1, 0.015189)"
train,PN06,PN06_S05,PN06_S05_preictal,PN06-5.edf,9,4528.0,255,4.25,1,0.015179927769580251,0.9107924632033384,0.0892075367966616,"(1, 0.015180)"
train,PN06,PN06_S05,PN06_S05_preictal,PN06-5.edf,10,4533.0,250,4.166666666666667,1,0.01521232557543232,0.9127363247185112,0.08726367528148882,"(1, 0.015212)"
train,PN06,PN06_S05,PN06_S05_preictal,PN06-5.edf,11,4538.0,245,4.083333333333333,1,0.015230737042654138,0.9138410088669925,0.08615899113300751,"(1, 0.015231)"
train,PN06,PN06_S05,PN06_S05_preictal,PN06-5.edf,12,4543.0,240,4.0,1,0.015266484940242056,0.9159858751794454,0.08401412482055459,"(1, 0.015266)"
train,PN06,PN06_S05,PN06_S05_preictal,PN06-5.edf,13,4548.0,235,3.9166666666666665,1,0.015233238030145518,0.9139910675887658,0.0860089324112342,"(1, 0.015233)"
train,PN06,PN06_S05,PN06_S05_preictal,PN06-5.edf,14,4553.0,230,3.8333333333333335,1,0.01497953158570273,0.8987687344543706,0.10123126554562945,"(1, 0.014980)"
train,PN06,PN06_S05,PN06_S05_preictal,PN06-5.edf,15,4558.0,225,3.75,1,0.0149162423932373,0.8949713962604924,0.10502860373950762,"(1, 0.014916)"
train,PN06,PN06_S05,PN06_S05_preictal,PN06-5.edf,16,4563.0,220,3.6666666666666665,1,0.014898959103996407,0.8939344025528204,0.10606559744717958,"(1, 0.014899)"
train,PN06,PN06_S05,PN06_S05_preictal,PN06-5.edf,17,4568.0,215,3.5833333333333335,1,0.014945032277819993,0.8966987832607756,0.10330121673922443,"(1, 0.014945)"
train,PN06,PN06_S05,PN06_S05_preictal,PN06-5.edf,18,4573.0,210,3.5,1,0.015002678444066313,0.9001575410721883,0.09984245892781174,"(1, 0.015003)"
train,PN06,PN06_S05,PN06_S05_preictal,PN06-5.edf,19,4578.0,205,3.4166666666666665,1,0.01506903508043316,0.9041389252529194,0.09586107474708061,"(1, 0.015069)"
train,PN06,PN06_S05,PN06_S05_preictal,PN06-5.edf,20,4583.0,200,3.3333333333333335,1,0.015108347946617355,0.9064976889289389,0.0935023110710611,"(1, 0.015108)"
train,PN06,PN06_S05,PN06_S05_preictal,PN06-5.edf,21,4588.0,195,3.25,1,0.015053415124383528,0.9032017311857591,0.09679826881424092,"(1, 0.015053)"
train,PN06,PN06_S05,PN06_S05_preictal,PN06-5.edf,22,4593.0,190,3.1666666666666665,1,0.014980317359123108,0.8988158806937947,0.1011841193062053,"(1, 0.014980)"
train,PN06,PN06_S05,PN06_S05_preictal,PN06-5.edf,23,4598.0,185,3.0833333333333335,1,0.01486167384692697,0.89169729499586,0.10830270500413997,"(1, 0.014862)"
train,PN06,PN06_S05,PN06_S05_preictal,PN06-5.edf,24,4603.0,180,3.0,1,0.014901793904564666,0.8941044899887719,0.1058955100112281,"(1, 0.014902)"
train,PN06,PN06_S05,PN06_S05_preictal,PN06-5.edf,25,4608.0,175,2.9166666666666665,1,0.014923503505282895,0.8954070614511302,0.10459293854886975,"(1, 0.014924)"
train,PN06,PN06_S05,PN06_S05_preictal,PN06-5.edf,26,4613.0,170,2.8333333333333335,1,0.014978989606629923,0.89873621582436,0.10126378417563997,"(1, 0.014979)"
train,PN06,PN06_S05,PN06_S05_preictal,PN06-5.edf,27,4618.0,165,2.75,1,0.01498959656322435,0.8993726309819531,0.10062736901804692,"(1, 0.014990)"
train,PN06,PN06_S05,PN06_S05_preictal,PN06-5.edf,28,4623.0,160,2.6666666666666665,1,0.0150101270957925,0.9006044586040907,0.09939554139590934,"(1, 0.015010)"
train,PN06,PN06_S05,PN06_S05_preictal,PN06-5.edf,29,4628.0,155,2.5833333333333335,1,0.014994829857104212,0.8996866275105174,0.10031337248948258,"(1, 0.014995)"
train,PN06,PN06_S05,PN06_S05_preictal,PN06-5.edf,30,4633.0,150,2.5,1,0.014947860200154886,0.8968684580041762,0.10313154199582375,"(1, 0.014948)"
train,PN06,PN06_S05,PN06_S05_preictal,PN06-5.edf,31,4638.0,145,2.4166666666666665,1,0.014868050939334305,0.8920799191947308,0.10792008080526916,"(1, 0.014868)"
train,PN06,PN06_S05,PN06_S05_preictal,PN06-5.edf,32,4643.0,140,2.3333333333333335,1,0.014255392919931994,0.8553205673017054,0.14467943269829464,"(1, 0.014255)"
train,PN06,PN06_S05,PN06_S05_preictal,PN06-5.edf,33,4648.0,135,2.25,1,0.014084889025622938,0.8450903696195591,0.15490963038044092,"(1, 0.014085)"
train,PN06,PN06_S05,PN06_S05_preictal,PN06-5.edf,34,4653.0,130,2.1666666666666665,1,0.01393256765511998,0.8359511195292583,0.16404888047074173,"(1, 0.013933)"
train,PN06,PN06_S05,PN06_S05_preictal,PN06-5.edf,35,4658.0,125,2.0833333333333335,1,0.013746782879235345,0.82480407217685,0.17519592782314997,"(1, 0.013747)"
train,PN06,PN06_S05,PN06_S05_preictal,PN06-5.edf,36,4663.0,120,2.0,1,0.013574210623013248,0.8144497732163467,0.1855502267836533,"(1, 0.013574)"
train,PN06,PN06_S05,PN06_S05_preictal,PN06-5.edf,37,4668.0,115,1.9166666666666667,1,0.013486884930349606,0.8092102500822879,0.19078974991771214,"(1, 0.013487)"
train,PN06,PN06_S05,PN06_S05_preictal,PN06-5.edf,38,4673.0,110,1.8333333333333333,1,0.013458821020469169,0.8075264214109591,0.1924735785890409,"(1, 0.013459)"
train,PN06,PN06_S05,PN06_S05_preictal,PN06-5.edf,39,4678.0,105,1.75,1,0.013561484933215219,0.8136862345135911,0.18631376548640888,"(1, 0.013561)"
train,PN06,PN06_S05,PN06_S05_preictal,PN06-5.edf,40,4683.0,100,1.6666666666666667,1,0.013722862693824105,0.8233688660993453,0.17663113390065466,"(1, 0.013723)"
train,PN06,PN06_S05,PN06_S05_preictal,PN06-5.edf,41,4688.0,95,1.5833333333333333,1,0.013887007885510791,0.8332175429658384,0.1667824570341616,"(1, 0.013887)"
train,PN06,PN06_S05,PN06_S05_preictal,PN06-5.edf,42,4693.0,90,1.5,1,0.014094778774845513,0.8456837524861721,0.1543162475138279,"(1, 0.014095)"
train,PN06,PN06_S05,PN06_S05_preictal,PN06-5.edf,43,4698.0,85,1.4166666666666667,1,0.014275992610024466,0.8565565443607099,0.14344345563929006,"(1, 0.014276)"
train,PN06,PN06_S05,PN06_S05_preictal,PN06-5.edf,44,4703.0,80,1.3333333333333333,1,0.014462839743861382,0.867767332966097,0.13223266703390302,"(1, 0.014463)"
train,PN06,PN06_S05,PN06_S05_preictal,PN06-5.edf,45,4708.0,75,1.25,1,0.0146427004189499,0.8785589355207261,0.12144106447927394,"(1, 0.014643)"
train,PN06,PN06_S05,PN06_S05_preictal,PN06-5.edf,46,4713.0,70,1.1666666666666667,1,0.014814104419503118,0.8888431393875991,0.11115686061240093,"(1, 0.014814)"
train,PN06,PN06_S05,PN06_S05_preictal,PN06-5.edf,47,4718.0,65,1.0833333333333333,1,0.014974891235382872,0.898490314414295,0.10150968558570495,"(1, 0.014975)"
train,PN06,PN06_S05,PN06_S05_preictal,PN06-5.edf,48,4723.0,60,1.0,1,0.015096903290441523,0.9058110119732166,0.09418898802678344,"(1, 0.015097)"
train,PN06,PN06_S05,PN06_S05_preictal,PN06-5.edf,49,4728.0,55,0.9166666666666666,1,0.015186502838306,0.9111869659395408,0.08881303406045915,"(1, 0.015187)"
train,PN06,PN06_S05,PN06_S05_preictal,PN06-5.edf,50,4733.0,50,0.8333333333333334,1,0.015295417211649162,0.9177218053591496,0.0822781946408504,"(1, 0.015295)"
train,PN06,PN06_S05,PN06_S05_preictal,PN06-5.edf,51,4738.0,45,0.75,1,0.01539447828696303,0.923665448976051,0.07633455102394904,"(1, 0.015394)"
train,PN06,PN06_S05,PN06_S05_preictal,PN06-5.edf,52,4743.0,40,0.6666666666666666,1,0.015378255571184453,0.9226920894523365,0.0773079105476635,"(1, 0.015378)"
train,PN06,PN06_S05,PN06_S05_preictal,PN06-5.edf,53,4748.0,35,0.5833333333333334,1,0.015450509586174447,0.927027315106107,0.07297268489389297,"(1, 0.015451)"
train,PN06,PN06_S05,PN06_S05_preictal,PN06-5.edf,54,4753.0,30,0.5,1,0.015487027870883829,0.9292184044832957,0.07078159551670427,"(1, 0.015487)"
train,PN06,PN06_S05,PN06_S05_preictal,PN06-5.edf,55,4758.0,25,0.4166666666666667,1,0.015301671566515969,0.9180970653314864,0.08190293466851362,"(1, 0.015302)"
train,PN06,PN06_S05,PN06_S05_preictal,PN06-5.edf,56,4763.0,20,0.3333333333333333,1,0.01502973282521955,0.901780798232896,0.09821920176710397,"(1, 0.015030)"
train,PN06,PN06_S05,PN06_S05_preictal,PN06-5.edf,57,4768.0,15,0.25,1,0.014934495092793322,0.896066554382526,0.10393344561747397,"(1, 0.014934)"
train,PN06,PN06_S05,PN06_S05_preictal,PN06-5.edf,58,4773.0,10,0.16666666666666666,1,0.014907389911602942,0.8944402492303085,0.10555975076969148,"(1, 0.014907)"
train,PN06,PN06_S05,PN06_S05_preictal,PN06-5.edf,59,4778.0,5,0.08333333333333333,1,0.01480937372046686,0.8885592984436033,0.11144070155639674,"(1, 0.014809)"
train,PN06,PN06_S05,PN06_S05_preictal,PN06-5.edf,60,4783.0,0,0.0,1,0.014021350915567117,0.8412780964227792,0.15872190357722082,"(1, 0.014021)"
train,PN07,PN07_S01,PN07_S01_preictal,PN07-1.edf,0,21759.0,300,5.0,60,0.06043774867399968,0.6623650681631281,0.3376349318368719,"(60, 0.060438)"
train,PN07,PN07_S01,PN07_S01_preictal,PN07-1.edf,1,21764.0,295,4.916666666666667,1,0.011085984185961812,0.6651567120101398,0.3348432879898602,"(1, 0.011086)"
train,PN07,PN07_S01,PN07_S01_preictal,PN07-1.edf,2,21769.0,290,4.833333333333333,1,0.011391452451922007,0.6834847435138122,0.31651525648618783,"(1, 0.011391)"
train,PN07,PN07_S01,PN07_S01_preictal,PN07-1.edf,3,21774.0,285,4.75,1,0.011690352191936365,0.7014186648466962,0.29858133515330376,"(1, 0.011690)"
train,PN07,PN07_S01,PN07_S01_preictal,PN07-1.edf,4,21779.0,280,4.666666666666667,1,0.012002340830601739,0.7201379173368778,0.2798620826631222,"(1, 0.012002)"
train,PN07,PN07_S01,PN07_S01_preictal,PN07-1.edf,5,21784.0,275,4.583333333333333,1,0.012268856424220154,0.7361287967190746,0.2638712032809254,"(1, 0.012269)"
train,PN07,PN07_S01,PN07_S01_preictal,PN07-1.edf,6,21789.0,270,4.5,1,0.012464281616928368,0.7478542670467653,0.2521457329532347,"(1, 0.012464)"
train,PN07,PN07_S01,PN07_S01_preictal,PN07-1.edf,7,21794.0,265,4.416666666666667,1,0.012528338581312536,0.7516976713937675,0.24830232860623247,"(1, 0.012528)"
train,PN07,PN07_S01,PN07_S01_preictal,PN07-1.edf,8,21799.0,260,4.333333333333333,1,0.012708194869184893,0.7624890107163527,0.23751098928364733,"(1, 0.012708)"
train,PN07,PN07_S01,PN07_S01_preictal,PN07-1.edf,9,21804.0,255,4.25,1,0.012885454296236835,0.7731245389376515,0.22687546106234846,"(1, 0.012885)"
train,PN07,PN07_S01,PN07_S01_preictal,PN07-1.edf,10,21809.0,250,4.166666666666667,1,0.01303495327645876,0.7820944462066162,0.21790555379338383,"(1, 0.013035)"
train,PN07,PN07_S01,PN07_S01_preictal,PN07-1.edf,11,21814.0,245,4.083333333333333,1,0.01317407747156716,0.7904418685578534,0.20955813144214663,"(1, 0.013174)"
train,PN07,PN07_S01,PN07_S01_preictal,PN07-1.edf,12,21819.0,240,4.0,1,0.013148746189005418,0.7889219969490607,0.21107800305093927,"(1, 0.013149)"
train,PN07,PN07_S01,PN07_S01_preictal,PN07-1.edf,13,21824.0,235,3.9166666666666665,1,0.013320007247613421,0.7991976243293817,0.20080237567061832,"(1, 0.013320)"
train,PN07,PN07_S01,PN07_S01_preictal,PN07-1.edf,14,21829.0,230,3.8333333333333335,1,0.01339672910461466,0.8038009195611103,0.19619908043888967,"(1, 0.013397)"
train,PN07,PN07_S01,PN07_S01_preictal,PN07-1.edf,15,21834.0,225,3.75,1,0.013568501328592119,0.8141072167557426,0.1858927832442574,"(1, 0.013569)"
train,PN07,PN07_S01,PN07_S01_preictal,PN07-1.edf,16,21839.0,220,3.6666666666666665,1,0.013719582520999267,0.823172056421973,0.176827943578027,"(1, 0.013720)"
train,PN07,PN07_S01,PN07_S01_preictal,PN07-1.edf,17,21844.0,215,3.5833333333333335,1,0.013789340062193898,0.8273574941747788,0.17264250582522123,"(1, 0.013789)"
train,PN07,PN07_S01,PN07_S01_preictal,PN07-1.edf,18,21849.0,210,3.5,1,0.01389344068885172,0.8336035098089698,0.1663964901910302,"(1, 0.013893)"
train,PN07,PN07_S01,PN07_S01_preictal,PN07-1.edf,19,21854.0,205,3.4166666666666665,1,0.01399324738679786,0.8395918906264808,0.16040810937351924,"(1, 0.013993)"
train,PN07,PN07_S01,PN07_S01_preictal,PN07-1.edf,20,21859.0,200,3.3333333333333335,1,0.013888211596632144,0.833289765379136,0.16671023462086398,"(1, 0.013888)"
train,PN07,PN07_S01,PN07_S01_preictal,PN07-1.edf,21,21864.0,195,3.25,60,0.08539120680086613,0.8023558397104712,0.1976441602895288,"(60, 0.085391)"
train,PN07,PN07_S01,PN07_S01_preictal,PN07-1.edf,22,21869.0,190,3.1666666666666665,60,0.09218575379803641,0.7872599688128076,0.21274003118719242,"(60, 0.092186)"
train,PN07,PN07_S01,PN07_S01_preictal,PN07-1.edf,23,21874.0,185,3.0833333333333335,60,0.09268827297836453,0.7950264667428228,0.20497353325717715,"(60, 0.092688)"
train,PN07,PN07_S01,PN07_S01_preictal,PN07-1.edf,24,21879.0,180,3.0,60,0.0922180646092545,0.8089744935088978,0.19102550649110217,"(60, 0.092218)"
train,PN07,PN07_S01,PN07_S01_preictal,PN07-1.edf,25,21884.0,175,2.9166666666666665,60,0.09183846544781131,0.8259768983373653,0.17402310166263468,"(60, 0.091838)"
train,PN07,PN07_S01,PN07_S01_preictal,PN07-1.edf,26,21889.0,170,2.8333333333333335,60,0.0831236744506901,0.8417108613337314,0.1582891386662686,"(60, 0.083124)"
train,PN07,PN07_S01,PN07_S01_preictal,PN07-1.edf,27,21894.0,165,2.75,55,0.04464336876208661,0.8516926142584498,0.14830738574155022,"(55, 0.044643)"
train,PN07,PN07_S01,PN07_S01_preictal,PN07-1.edf,28,21899.0,160,2.6666666666666665,44,0.039786839785352045,0.8606818773163818,0.1393181226836182,"(44, 0.039787)"
train,PN07,PN07_S01,PN07_S01_preictal,PN07-1.edf,29,21904.0,155,2.5833333333333335,54,0.04533948585764572,0.8705869102835166,0.12941308971648335,"(54, 0.045339)"
train,PN07,PN07_S01,PN07_S01_preictal,PN07-1.edf,30,21909.0,150,2.5,60,0.07112827134864291,0.8803137442230757,0.11968625577692427,"(60, 0.071128)"
train,PN07,PN07_S01,PN07_S01_preictal,PN07-1.edf,31,21914.0,145,2.4166666666666665,60,0.10424601443605909,0.8898116729253585,0.11018832707464155,"(60, 0.104246)"
train,PN07,PN07_S01,PN07_S01_preictal,PN07-1.edf,32,21919.0,140,2.3333333333333335,60,0.10547086301227637,0.8996300317645607,0.10036996823543931,"(60, 0.105471)"
train,PN07,PN07_S01,PN07_S01_preictal,PN07-1.edf,33,21924.0,135,2.25,60,0.10629201790347086,0.9086137999771763,0.09138620002282372,"(60, 0.106292)"
train,PN07,PN07_S01,PN07_S01_preictal,PN07-1.edf,34,21929.0,130,2.1666666666666665,60,0.1045952529622073,0.9163604251638426,0.08363957483615736,"(60, 0.104595)"
train,PN07,PN07_S01,PN07_S01_preictal,PN07-1.edf,35,21934.0,125,2.0833333333333335,60,0.09647942948534287,0.9238115930002123,0.07618840699978768,"(60, 0.096479)"
train,PN07,PN07_S01,PN07_S01_preictal,PN07-1.edf,36,21939.0,120,2.0,60,0.10309948089755396,0.9308893433303878,0.06911065666961225,"(60, 0.103099)"
train,PN07,PN07_S01,PN07_S01_preictal,PN07-1.edf,37,21944.0,115,1.9166666666666667,58,0.05762577491209984,0.9372399517887621,0.06276004821123793,"(58, 0.057626)"
train,PN07,PN07_S01,PN07_S01_preictal,PN07-1.edf,38,21949.0,110,1.8333333333333333,60,0.1058443071060178,0.9429788365154246,0.05702116348457542,"(60, 0.105844)"
train,PN07,PN07_S01,PN07_S01_preictal,PN07-1.edf,39,21954.0,105,1.75,60,0.09110862087775891,0.9480832526960128,0.05191674730398721,"(60, 0.091109)"
train,PN07,PN07_S01,PN07_S01_preictal,PN07-1.edf,40,21959.0,100,1.6666666666666667,60,0.10716178027511737,0.9523512053674412,0.04764879463255878,"(60, 0.107162)"
train,PN07,PN07_S01,PN07_S01_preictal,PN07-1.edf,41,21964.0,95,1.5833333333333333,60,0.07225696376211908,0.9564002341129407,0.04359976588705927,"(60, 0.072257)"
train,PN07,PN07_S01,PN07_S01_preictal,PN07-1.edf,42,21969.0,90,1.5,54,0.04908473243752926,0.9598956944284315,0.04010430557156852,"(54, 0.049085)"
train,PN07,PN07_S01,PN07_S01_preictal,PN07-1.edf,43,21974.0,85,1.4166666666666667,60,0.11169381005386775,0.9633327319532119,0.036667268046788104,"(60, 0.111694)"
train,PN07,PN07_S01,PN07_S01_preictal,PN07-1.edf,44,21979.0,80,1.3333333333333333,60,0.1120192146878863,0.9626648531418909,0.037335146858109125,"(60, 0.112019)"
train,PN07,PN07_S01,PN07_S01_preictal,PN07-1.edf,45,21984.0,75,1.25,60,0.11157658135016166,0.952201821348573,0.04779817865142699,"(60, 0.111577)"
train,PN07,PN07_S01,PN07_S01_preictal,PN07-1.edf,46,21989.0,70,1.1666666666666667,60,0.10939188411609817,0.9331783278762641,0.06682167212373591,"(60, 0.109392)"
train,PN07,PN07_S01,PN07_S01_preictal,PN07-1.edf,47,21994.0,65,1.0833333333333333,60,0.09738237031040044,0.9065819036193665,0.09341809638063348,"(60, 0.097382)"
train,PN07,PN07_S01,PN07_S01_preictal,PN07-1.edf,48,21999.0,60,1.0,60,0.10303240132498004,0.8791643610448782,0.12083563895512184,"(60, 0.103032)"
train,PN07,PN07_S01,PN07_S01_preictal,PN07-1.edf,49,22004.0,55,0.9166666666666666,60,0.0995774173407859,0.8542170449594579,0.14578295504054206,"(60, 0.099577)"
train,PN07,PN07_S01,PN07_S01_preictal,PN07-1.edf,50,22009.0,50,0.8333333333333334,60,0.0802503293311579,0.8337571597622129,0.16624284023778713,"(60, 0.080250)"
train,PN07,PN07_S01,PN07_S01_preictal,PN07-1.edf,51,22014.0,45,0.75,1,0.013591814777162986,0.8155060187508466,0.1844939812491534,"(1, 0.013592)"
train,PN07,PN07_S01,PN07_S01_preictal,PN07-1.edf,52,22019.0,40,0.6666666666666666,1,0.013463128810681221,0.8077848879147366,0.19221511208526343,"(1, 0.013463)"
train,PN07,PN07_S01,PN07_S01_preictal,PN07-1.edf,53,22024.0,35,0.5833333333333334,60,0.01924899609398634,0.8028974398256605,0.19710256017433947,"(60, 0.019249)"
train,PN07,PN07_S01,PN07_S01_preictal,PN07-1.edf,54,22029.0,30,0.5,60,0.06100058995237167,0.7937754494578513,0.20622455054214872,"(60, 0.061001)"
train,PN07,PN07_S01,PN07_S01_preictal,PN07-1.edf,55,22034.0,25,0.4166666666666667,60,0.02687852847757914,0.7797414762088469,0.22025852379115307,"(60, 0.026879)"
train,PN07,PN07_S01,PN07_S01_preictal,PN07-1.edf,56,22039.0,20,0.3333333333333333,60,0.0824701239393401,0.7604546324633528,0.23954536753664724,"(60, 0.082470)"
train,PN07,PN07_S01,PN07_S01_preictal,PN07-1.edf,57,22044.0,15,0.25,60,0.0882940152005017,0.7550926959621423,0.24490730403785765,"(60, 0.088294)"
train,PN07,PN07_S01,PN07_S01_preictal,PN07-1.edf,58,22049.0,10,0.16666666666666666,60,0.06910250431627345,0.7659050105280134,0.2340949894719866,"(60, 0.069103)"
train,PN07,PN07_S01,PN07_S01_preictal,PN07-1.edf,59,22054.0,5,0.08333333333333333,60,0.05658448650142823,0.7784803688369637,0.2215196311630363,"(60, 0.056584)"
train,PN07,PN07_S01,PN07_S01_preictal,PN07-1.edf,60,22059.0,0,0.0,60,0.0881953176401652,0.787163624093604,0.21283637590639604,"(60, 0.088195)"
train,PN09,PN09_S01,PN09_S01_preictal,PN09-1.edf,0,6949.0,300,5.0,60,0.10917759503093877,0.9763995642455945,0.023600435754405513,"(60, 0.109178)"
train,PN09,PN09_S01,PN09_S01_preictal,PN09-1.edf,1,6954.0,295,4.916666666666667,60,0.05750971568957081,0.977302348444991,0.022697651555009024,"(60, 0.057510)"
train,PN09,PN09_S01,PN09_S01_preictal,PN09-1.edf,2,6959.0,290,4.833333333333333,1,0.01630277581323726,0.9781631089013249,0.02183689109867515,"(1, 0.016303)"
train,PN09,PN09_S01,PN09_S01_preictal,PN09-1.edf,3,6964.0,285,4.75,1,0.016303904558584242,0.978230833383978,0.021769166616022018,"(1, 0.016304)"
train,PN09,PN09_S01,PN09_S01_preictal,PN09-1.edf,4,6969.0,280,4.666666666666667,60,0.0415323211590612,0.9787053827012377,0.021294617298762253,"(60, 0.041532)"
train,PN09,PN09_S01,PN09_S01_preictal,PN09-1.edf,5,6974.0,275,4.583333333333333,60,0.05876260097183389,0.9757952527736857,0.02420474722631427,"(60, 0.058763)"
train,PN09,PN09_S01,PN09_S01_preictal,PN09-1.edf,6,6979.0,270,4.5,60,0.024784723273069742,0.9567519246145452,0.04324807538545483,"(60, 0.024785)"
train,PN09,PN09_S01,PN09_S01_preictal,PN09-1.edf,7,6984.0,265,4.416666666666667,1,0.015750333074354365,0.9450166611340134,0.05498333886598661,"(1, 0.015750)"
train,PN09,PN09_S01,PN09_S01_preictal,PN09-1.edf,8,6989.0,260,4.333333333333333,60,0.08154697506457298,0.9416627450753929,0.05833725492460706,"(60, 0.081547)"
train,PN09,PN09_S01,PN09_S01_preictal,PN09-1.edf,9,6994.0,255,4.25,60,0.10548818034284489,0.945452695315339,0.05454730468466096,"(60, 0.105488)"
train,PN09,PN09_S01,PN09_S01_preictal,PN09-1.edf,10,6999.0,250,4.166666666666667,60,0.10970990080598672,0.9497965294160758,0.05020347058392416,"(60, 0.109710)"
train,PN09,PN09_S01,PN09_S01_preictal,PN09-1.edf,11,7004.0,245,4.083333333333333,60,0.11000733881511694,0.9528441910571948,0.047155808942805244,"(60, 0.110007)"
train,PN09,PN09_S01,PN09_S01_preictal,PN09-1.edf,12,7009.0,240,4.0,60,0.1115594424601713,0.9556833629274366,0.04431663707256339,"(60, 0.111559)"
train,PN09,PN09_S01,PN09_S01_preictal,PN09-1.edf,13,7014.0,235,3.9166666666666665,60,0.11194808159091106,0.9579434385340405,0.042056561465959486,"(60, 0.111948)"
train,PN09,PN09_S01,PN09_S01_preictal,PN09-1.edf,14,7019.0,230,3.8333333333333335,60,0.11225103039032537,0.9595076511880996,0.04049234881190045,"(60, 0.112251)"
train,PN09,PN09_S01,PN09_S01_preictal,PN09-1.edf,15,7024.0,225,3.75,60,0.11221203528087959,0.9575301329520087,0.04246986704799127,"(60, 0.112212)"
train,PN09,PN09_S01,PN09_S01_preictal,PN09-1.edf,16,7029.0,220,3.6666666666666665,60,0.11093428344845588,0.9572543688245756,0.0427456311754244,"(60, 0.110934)"
train,PN09,PN09_S01,PN09_S01_preictal,PN09-1.edf,17,7034.0,215,3.5833333333333335,60,0.10020498003000329,0.9584289821321339,0.0415710178678661,"(60, 0.100205)"
train,PN09,PN09_S01,PN09_S01_preictal,PN09-1.edf,18,7039.0,210,3.5,60,0.11266591366606148,0.9609957589831487,0.03900424101685129,"(60, 0.112666)"
train,PN09,PN09_S01,PN09_S01_preictal,PN09-1.edf,19,7044.0,205,3.4166666666666665,60,0.11301823277252929,0.9640070350407687,0.03599296495923132,"(60, 0.113018)"
train,PN09,PN09_S01,PN09_S01_preictal,PN09-1.edf,20,7049.0,200,3.3333333333333335,60,0.11277000250375366,0.9650879012117086,0.03491209878829138,"(60, 0.112770)"
train,PN09,PN09_S01,PN09_S01_preictal,PN09-1.edf,21,7054.0,195,3.25,60,0.11290053794648489,0.963002087313116,0.036997912686884016,"(60, 0.112901)"
train,PN09,PN09_S01,PN09_S01_preictal,PN09-1.edf,22,7059.0,190,3.1666666666666665,60,0.11256085897057051,0.9632778596279038,0.0367221403720962,"(60, 0.112561)"
train,PN09,PN09_S01,PN09_S01_preictal,PN09-1.edf,23,7064.0,185,3.0833333333333335,60,0.07857090260902228,0.9646567077167969,0.0353432922832031,"(60, 0.078571)"
train,PN09,PN09_S01,PN09_S01_preictal,PN09-1.edf,24,7069.0,180,3.0,60,0.08674579635092332,0.9655236912985743,0.034476308701425706,"(60, 0.086746)"
train,PN09,PN09_S01,PN09_S01_preictal,PN09-1.edf,25,7074.0,175,2.9166666666666665,60,0.0904975415225776,0.9648058751520849,0.035194124847915065,"(60, 0.090498)"
train,PN09,PN09_S01,PN09_S01_preictal,PN09-1.edf,26,7079.0,170,2.8333333333333335,1,0.015964031479140186,0.9578385203307047,0.04216147966929529,"(1, 0.015964)"
train,PN09,PN09_S01,PN09_S01_preictal,PN09-1.edf,27,7084.0,165,2.75,1,0.015855759317989628,0.9513422135071452,0.04865778649285479,"(1, 0.015856)"
train,PN09,PN09_S01,PN09_S01_preictal,PN09-1.edf,28,7089.0,160,2.6666666666666665,1,0.015815953299105536,0.9489538607731873,0.05104613922681267,"(1, 0.015816)"
train,PN09,PN09_S01,PN09_S01_preictal,PN09-1.edf,29,7094.0,155,2.5833333333333335,1,0.015833666575797163,0.9500166536371757,0.04998334636282431,"(1, 0.015834)"
train,PN09,PN09_S01,PN09_S01_preictal,PN09-1.edf,30,7099.0,150,2.5,1,0.015801818866123158,0.9481057977766163,0.0518942022233837,"(1, 0.015802)"
train,PN09,PN09_S01,PN09_S01_preictal,PN09-1.edf,31,7104.0,145,2.4166666666666665,1,0.015833889443761868,0.9500300256680327,0.04996997433196726,"(1, 0.015834)"
train,PN09,PN09_S01,PN09_S01_preictal,PN09-1.edf,32,7109.0,140,2.3333333333333335,1,0.01585482906683537,0.9512863986341733,0.0487136013658267,"(1, 0.015855)"
train,PN09,PN09_S01,PN09_S01_preictal,PN09-1.edf,33,7114.0,135,2.25,1,0.015843453443964053,0.9506038636621557,0.04939613633784434,"(1, 0.015843)"
train,PN09,PN09_S01,PN09_S01_preictal,PN09-1.edf,34,7119.0,130,2.1666666666666665,1,0.015818329825518562,0.9490964518565208,0.050903548143479194,"(1, 0.015818)"
train,PN09,PN09_S01,PN09_S01_preictal,PN09-1.edf,35,7124.0,125,2.0833333333333335,60,0.02285636808631862,0.947216481327918,0.052783518672081975,"(60, 0.022856)"
train,PN09,PN09_S01,PN09_S01_preictal,PN09-1.edf,36,7129.0,120,2.0,60,0.11036070149146598,0.9488713962037922,0.05112860379620776,"(60, 0.110361)"
train,PN09,PN09_S01,PN09_S01_preictal,PN09-1.edf,37,7134.0,115,1.9166666666666667,60,0.11154737355718505,0.9528700291519527,0.047129970848047265,"(60, 0.111547)"
train,PN09,PN09_S01,PN09_S01_preictal,PN09-1.edf,38,7139.0,110,1.8333333333333333,60,0.11213818828922165,0.9566193836554417,0.043380616344558254,"(60, 0.112138)"
train,PN09,PN09_S01,PN09_S01_preictal,PN09-1.edf,39,7144.0,105,1.75,60,0.11235654378540795,0.9604536710309897,0.039546328969010336,"(60, 0.112357)"
train,PN09,PN09_S01,PN09_S01_preictal,PN09-1.edf,40,7149.0,100,1.6666666666666667,60,0.11241007898544261,0.9639164033958184,0.03608359660418159,"(60, 0.112410)"
train,PN09,PN09_S01,PN09_S01_preictal,PN09-1.edf,41,7154.0,95,1.5833333333333333,60,0.11297773515552884,0.9653898851197559,0.034610114880244125,"(60, 0.112978)"
train,PN09,PN09_S01,PN09_S01_preictal,PN09-1.edf,42,7159.0,90,1.5,60,0.05806892551118192,0.9636346928259674,0.036365307174032635,"(60, 0.058069)"
train,PN09,PN09_S01,PN09_S01_preictal,PN09-1.edf,43,7164.0,85,1.4166666666666667,60,0.040731609560065704,0.9645041999130536,0.035495800086946416,"(60, 0.040732)"
train,PN09,PN09_S01,PN09_S01_preictal,PN09-1.edf,44,7169.0,80,1.3333333333333333,60,0.11250561982034285,0.9648998650376861,0.0351001349623139,"(60, 0.112506)"
train,PN09,PN09_S01,PN09_S01_preictal,PN09-1.edf,45,7174.0,75,1.25,1,0.01600993180639411,0.9605925302809507,0.03940746971904929,"(1, 0.016010)"
train,PN09,PN09_S01,PN09_S01_preictal,PN09-1.edf,46,7179.0,70,1.1666666666666667,60,0.04001545777596221,0.9523482172830389,0.04765178271696113,"(60, 0.040015)"
train,PN09,PN09_S01,PN09_S01_preictal,PN09-1.edf,47,7184.0,65,1.0833333333333333,1,0.015705643824403554,0.9423353155664163,0.057664684433583746,"(1, 0.015706)"
train,PN09,PN09_S01,PN09_S01_preictal,PN09-1.edf,48,7189.0,60,1.0,1,0.015617861751782553,0.9370684097312124,0.06293159026878758,"(1, 0.015618)"
train,PN09,PN09_S01,PN09_S01_preictal,PN09-1.edf,49,7194.0,55,0.9166666666666666,60,0.05494621808482328,0.932492972415083,0.067507027584917,"(60, 0.054946)"
train,PN09,PN09_S01,PN09_S01_preictal,PN09-1.edf,50,7199.0,50,0.8333333333333334,1,0.015475444168294793,0.9285233847721199,0.07147661522788007,"(1, 0.015475)"
train,PN09,PN09_S01,PN09_S01_preictal,PN09-1.edf,51,7204.0,45,0.75,1,0.015389933886660859,0.9233927859167912,0.07660721408320881,"(1, 0.015390)"
train,PN09,PN09_S01,PN09_S01_preictal,PN09-1.edf,52,7209.0,40,0.6666666666666666,1,0.015298106375667947,0.917883154632862,0.08211684536713804,"(1, 0.015298)"
train,PN09,PN09_S01,PN09_S01_preictal,PN09-1.edf,53,7214.0,35,0.5833333333333334,60,0.10638232633255583,0.9150245402613555,0.08497545973864451,"(60, 0.106382)"
train,PN09,PN09_S01,PN09_S01_preictal,PN09-1.edf,54,7219.0,30,0.5,60,0.09969699911760688,0.9138322733108526,0.0861677266891474,"(60, 0.099697)"
train,PN09,PN09_S01,PN09_S01_preictal,PN09-1.edf,55,7224.0,25,0.4166666666666667,60,0.10717323333507964,0.9174131835767807,0.0825868164232193,"(60, 0.107173)"
train,PN09,PN09_S01,PN09_S01_preictal,PN09-1.edf,56,7229.0,20,0.3333333333333333,60,0.10770434816218394,0.9187622349014456,0.0812377650985544,"(60, 0.107704)"
train,PN09,PN09_S01,PN09_S01_preictal,PN09-1.edf,57,7234.0,15,0.25,60,0.10783809902142075,0.9227074295304923,0.07729257046950766,"(60, 0.107838)"
train,PN09,PN09_S01,PN09_S01_preictal,PN09-1.edf,58,7239.0,10,0.16666666666666666,60,0.10702868736680352,0.9273801882609469,0.07261981173905308,"(60, 0.107029)"
train,PN09,PN09_S01,PN09_S01_preictal,PN09-1.edf,59,7244.0,5,0.08333333333333333,60,0.08947450023496421,0.9182267398590044,0.08177326014099562,"(60, 0.089475)"
train,PN09,PN09_S01,PN09_S01_preictal,PN09-1.edf,60,7249.0,0,0.0,1,0.014536558438409864,0.8721904390843287,0.1278095609156713,"(1, 0.014537)"
train,PN09,PN09_S02,PN09_S02_preictal,PN09-2.edf,0,6827.0,300,5.0,60,0.09965438867731052,0.8500166641877394,0.14998333581226064,"(60, 0.099654)"
train,PN09,PN09_S02,PN09_S02_preictal,PN09-2.edf,1,6832.0,295,4.916666666666667,60,0.09489589940126279,0.8561134676646259,0.14388653233537407,"(60, 0.094896)"
train,PN09,PN09_S02,PN09_S02_preictal,PN09-2.edf,2,6837.0,290,4.833333333333333,60,0.10114981227524883,0.8628468402827845,0.13715315971721553,"(60, 0.101150)"
train,PN09,PN09_S02,PN09_S02_preictal,PN09-2.edf,3,6842.0,285,4.75,60,0.1021062850475251,0.8729957299240324,0.1270042700759676,"(60, 0.102106)"
train,PN09,PN09_S02,PN09_S02_preictal,PN09-2.edf,4,6847.0,280,4.666666666666667,60,0.1035625992168268,0.8847240777558507,0.11527592224414929,"(60, 0.103563)"
train,PN09,PN09_S02,PN09_S02_preictal,PN09-2.edf,5,6852.0,275,4.583333333333333,60,0.10497340279984717,0.895663638718738,0.104336361281262,"(60, 0.104973)"
train,PN09,PN09_S02,PN09_S02_preictal,PN09-2.edf,6,6857.0,270,4.5,60,0.10612419376353047,0.9056282174906882,0.09437178250931177,"(60, 0.106124)"
train,PN09,PN09_S02,PN09_S02_preictal,PN09-2.edf,7,6862.0,265,4.416666666666667,60,0.1070396421568158,0.9142343537814588,0.08576564621854121,"(60, 0.107040)"
train,PN09,PN09_S02,PN09_S02_preictal,PN09-2.edf,8,6867.0,260,4.333333333333333,60,0.10294960539560062,0.919086841240146,0.08091315875985405,"(60, 0.102950)"
train,PN09,PN09_S02,PN09_S02_preictal,PN09-2.edf,9,6872.0,255,4.25,56,0.05148541399744203,0.9269617300024061,0.07303826999759389,"(56, 0.051485)"
train,PN09,PN09_S02,PN09_S02_preictal,PN09-2.edf,10,6877.0,250,4.166666666666667,53,0.04607248677889214,0.9336809041777898,0.06631909582221018,"(53, 0.046072)"
train,PN09,PN09_S02,PN09_S02_preictal,PN09-2.edf,11,6882.0,245,4.083333333333333,59,0.06183867436633314,0.9396057058498647,0.06039429415013531,"(59, 0.061839)"
train,PN09,PN09_S02,PN09_S02_preictal,PN09-2.edf,12,6887.0,240,4.0,60,0.1010799575127218,0.9448482373294919,0.05515176267050814,"(60, 0.101080)"
train,PN09,PN09_S02,PN09_S02_preictal,PN09-2.edf,13,6892.0,235,3.9166666666666665,60,0.10992128113906775,0.9499002706185085,0.05009972938149154,"(60, 0.109921)"
train,PN09,PN09_S02,PN09_S02_preictal,PN09-2.edf,14,6897.0,230,3.8333333333333335,60,0.10946598966716796,0.9535871958052481,0.04641280419475191,"(60, 0.109466)"
train,PN09,PN09_S02,PN09_S02_preictal,PN09-2.edf,15,6902.0,225,3.75,60,0.11015045446826598,0.9576599418653206,0.04234005813467945,"(60, 0.110150)"
train,PN09,PN09_S02,PN09_S02_preictal,PN09-2.edf,16,6907.0,220,3.6666666666666665,60,0.09956460948790342,0.9616574110406626,0.0383425889593374,"(60, 0.099565)"
train,PN09,PN09_S02,PN09_S02_preictal,PN09-2.edf,17,6912.0,215,3.5833333333333335,57,0.05513805025767462,0.9652116831273113,0.034788316872688685,"(57, 0.055138)"
train,PN09,PN09_S02,PN09_S02_preictal,PN09-2.edf,18,6917.0,210,3.5,60,0.07908276383005979,0.9684835585846173,0.03151644141538268,"(60, 0.079083)"
train,PN09,PN09_S02,PN09_S02_preictal,PN09-2.edf,19,6922.0,205,3.4166666666666665,36,0.04640542102843511,0.971237063987664,0.028762936012336038,"(36, 0.046405)"
train,PN09,PN09_S02,PN09_S02_preictal,PN09-2.edf,20,6927.0,200,3.3333333333333335,57,0.05634475605781923,0.9728352492029491,0.02716475079705094,"(57, 0.056345)"
train,PN09,PN09_S02,PN09_S02_preictal,PN09-2.edf,21,6932.0,195,3.25,55,0.050865269903734855,0.9737435722876615,0.026256427712338493,"(55, 0.050865)"
train,PN09,PN09_S02,PN09_S02_preictal,PN09-2.edf,22,6937.0,190,3.1666666666666665,46,0.04493512109415986,0.9739907021113224,0.026009297888677563,"(46, 0.044935)"
train,PN09,PN09_S02,PN09_S02_preictal,PN09-2.edf,23,6942.0,185,3.0833333333333335,60,0.06670780445086116,0.9724929530394737,0.027507046960526305,"(60, 0.066708)"
train,PN09,PN09_S02,PN09_S02_preictal,PN09-2.edf,24,6947.0,180,3.0,37,0.04592398814390744,0.970372869410315,0.029627130589685025,"(37, 0.045924)"
train,PN09,PN09_S02,PN09_S02_preictal,PN09-2.edf,25,6952.0,175,2.9166666666666665,60,0.10981473999876508,0.9698242884283661,0.0301757115716339,"(60, 0.109815)"
train,PN09,PN09_S02,PN09_S02_preictal,PN09-2.edf,26,6957.0,170,2.8333333333333335,60,0.11182523830293165,0.9645149028701532,0.03548509712984682,"(60, 0.111825)"
train,PN09,PN09_S02,PN09_S02_preictal,PN09-2.edf,27,6962.0,165,2.75,60,0.11229794096637047,0.9592607160027814,0.0407392839972186,"(60, 0.112298)"
train,PN09,PN09_S02,PN09_S02_preictal,PN09-2.edf,28,6967.0,160,2.6666666666666665,60,0.11244616106475723,0.959294332483945,0.04070566751605498,"(60, 0.112446)"
train,PN09,PN09_S02,PN09_S02_preictal,PN09-2.edf,29,6972.0,155,2.5833333333333335,60,0.10212231073721857,0.95623799632285,0.043762003677149997,"(60, 0.102122)"
train,PN09,PN09_S02,PN09_S02_preictal,PN09-2.edf,30,6977.0,150,2.5,60,0.11236086977107618,0.9587988169874329,0.041201183012567144,"(60, 0.112361)"
train,PN09,PN09_S02,PN09_S02_preictal,PN09-2.edf,31,6982.0,145,2.4166666666666665,60,0.11271513582338336,0.9620928145496082,0.037907185450391845,"(60, 0.112715)"
train,PN09,PN09_S02,PN09_S02_preictal,PN09-2.edf,32,6987.0,140,2.3333333333333335,60,0.11235965221959934,0.964168064628059,0.03583193537194096,"(60, 0.112360)"
train,PN09,PN09_S02,PN09_S02_preictal,PN09-2.edf,33,6992.0,135,2.25,60,0.1132037033566423,0.9669284778812057,0.03307152211879427,"(60, 0.113204)"
train,PN09,PN09_S02,PN09_S02_preictal,PN09-2.edf,34,6997.0,130,2.1666666666666665,60,0.11364596045002183,0.9693582287857068,0.030641771214293234,"(60, 0.113646)"
train,PN09,PN09_S02,PN09_S02_preictal,PN09-2.edf,35,7002.0,125,2.0833333333333335,60,0.11384468905540486,0.9712543249472436,0.02874567505275638,"(60, 0.113845)"
train,PN09,PN09_S02,PN09_S02_preictal,PN09-2.edf,36,7007.0,120,2.0,60,0.11385327971455977,0.9734935100423148,0.02650648995768523,"(60, 0.113853)"
train,PN09,PN09_S02,PN09_S02_preictal,PN09-2.edf,37,7012.0,115,1.9166666666666667,60,0.10533309624484455,0.9754988597415847,0.02450114025841532,"(60, 0.105333)"
train,PN09,PN09_S02,PN09_S02_preictal,PN09-2.edf,38,7017.0,110,1.8333333333333333,60,0.11050701910478537,0.9769254975888815,0.023074502411118525,"(60, 0.110507)"
train,PN09,PN09_S02,PN09_S02_preictal,PN09-2.edf,39,7022.0,105,1.75,60,0.10561430231772391,0.9780607323897109,0.02193926761028908,"(60, 0.105614)"
train,PN09,PN09_S02,PN09_S02_preictal,PN09-2.edf,40,7027.0,100,1.6666666666666667,60,0.11320469985385967,0.979698472874276,0.020301527125723973,"(60, 0.113205)"
train,PN09,PN09_S02,PN09_S02_preictal,PN09-2.edf,41,7032.0,95,1.5833333333333333,60,0.11278224177178915,0.9811129129881604,0.01888708701183961,"(60, 0.112782)"
train,PN09,PN09_S02,PN09_S02_preictal,PN09-2.edf,42,7037.0,90,1.5,60,0.11004730407491965,0.9806312009945026,0.019368799005497372,"(60, 0.110047)"
train,PN09,PN09_S02,PN09_S02_preictal,PN09-2.edf,43,7042.0,85,1.4166666666666667,60,0.11326646914352238,0.9810376380491808,0.01896236195081924,"(60, 0.113266)"
train,PN09,PN09_S02,PN09_S02_preictal,PN09-2.edf,44,7047.0,80,1.3333333333333333,60,0.11164245926965363,0.981042679644323,0.018957320355676988,"(60, 0.111642)"
train,PN09,PN09_S02,PN09_S02_preictal,PN09-2.edf,45,7052.0,75,1.25,60,0.11498557038527092,0.9816555976528679,0.018344402347132083,"(60, 0.114986)"
train,PN09,PN09_S02,PN09_S02_preictal,PN09-2.edf,46,7057.0,70,1.1666666666666667,60,0.10421029129791406,0.982090493159817,0.017909506840182998,"(60, 0.104210)"
train,PN09,PN09_S02,PN09_S02_preictal,PN09-2.edf,47,7062.0,65,1.0833333333333333,60,0.11439895999956556,0.9825009178750899,0.017499082124910137,"(60, 0.114399)"
train,PN09,PN09_S02,PN09_S02_preictal,PN09-2.edf,48,7067.0,60,1.0,60,0.11416501711101501,0.9822109509247993,0.017789049075200736,"(60, 0.114165)"
train,PN09,PN09_S02,PN09_S02_preictal,PN09-2.edf,49,7072.0,55,0.9166666666666666,60,0.11437630757479955,0.9808967143481646,0.01910328565183539,"(60, 0.114376)"
train,PN09,PN09_S02,PN09_S02_preictal,PN09-2.edf,50,7077.0,50,0.8333333333333334,60,0.11422016397758451,0.9743785394342792,0.02562146056572079,"(60, 0.114220)"
train,PN09,PN09_S02,PN09_S02_preictal,PN09-2.edf,51,7082.0,45,0.75,60,0.11345066056507246,0.9685130472372726,0.031486952762727394,"(60, 0.113451)"
train,PN09,PN09_S02,PN09_S02_preictal,PN09-2.edf,52,7087.0,40,0.6666666666666666,60,0.11272274812285214,0.9615611583472158,0.03843884165278422,"(60, 0.112723)"
train,PN09,PN09_S02,PN09_S02_preictal,PN09-2.edf,53,7092.0,35,0.5833333333333334,60,0.11133902880252858,0.9500827790416209,0.04991722095837914,"(60, 0.111339)"
train,PN09,PN09_S02,PN09_S02_preictal,PN09-2.edf,54,7097.0,30,0.5,60,0.10616144072729912,0.946755902886014,0.05324409711398603,"(60, 0.106161)"
train,PN09,PN09_S02,PN09_S02_preictal,PN09-2.edf,55,7102.0,25,0.4166666666666667,60,0.11023648691102535,0.9464517302742845,0.05354826972571547,"(60, 0.110236)"
train,PN09,PN09_S02,PN09_S02_preictal,PN09-2.edf,56,7107.0,20,0.3333333333333333,60,0.10896993091512537,0.946445515186345,0.05355448481365499,"(60, 0.108970)"
train,PN09,PN09_S02,PN09_S02_preictal,PN09-2.edf,57,7112.0,15,0.25,60,0.10433219560757216,0.9402907239749542,0.05970927602504583,"(60, 0.104332)"
train,PN09,PN09_S02,PN09_S02_preictal,PN09-2.edf,58,7117.0,10,0.16666666666666666,60,0.0928222955385774,0.9377026917556551,0.06229730824434487,"(60, 0.092822)"
train,PN09,PN09_S02,PN09_S02_preictal,PN09-2.edf,59,7122.0,5,0.08333333333333333,60,0.10369315917703727,0.9338330234307461,0.06616697656925385,"(60, 0.103693)"
train,PN09,PN09_S02,PN09_S02_preictal,PN09-2.edf,60,7127.0,0,0.0,60,0.07317000610464214,0.9291531879880166,0.0708468120119834,"(60, 0.073170)"
test,PN09,PN09_S03,PN09_S03_preictal,PN09-3.edf,0,6921.0,300,5.0,1,0.005911123042204302,0.35466613528268043,0.6453338647173196,"(1, 0.005911)"
test,PN09,PN09_S03,PN09_S03_preictal,PN09-3.edf,1,6926.0,295,4.916666666666667,1,0.005862320811328576,0.35173801172742925,0.6482619882725708,"(1, 0.005862)"
test,PN09,PN09_S03,PN09_S03_preictal,PN09-3.edf,2,6931.0,290,4.833333333333333,1,0.005843855808233407,0.35063011543784284,0.6493698845621572,"(1, 0.005844)"
test,PN09,PN09_S03,PN09_S03_preictal,PN09-3.edf,3,6936.0,285,4.75,1,0.005818962957734944,0.3491365496603376,0.6508634503396624,"(1, 0.005819)"
test,PN09,PN09_S03,PN09_S03_preictal,PN09-3.edf,4,6941.0,280,4.666666666666667,1,0.005643537842686869,0.33861107977222993,0.6613889202277701,"(1, 0.005644)"
test,PN09,PN09_S03,PN09_S03_preictal,PN09-3.edf,5,6946.0,275,4.583333333333333,1,0.005491371857028388,0.3294811527398114,0.6705188472601886,"(1, 0.005491)"
test,PN09,PN09_S03,PN09_S03_preictal,PN09-3.edf,6,6951.0,270,4.5,1,0.005441974266957019,0.3265173077584427,0.6734826922415573,"(1, 0.005442)"
test,PN09,PN09_S03,PN09_S03_preictal,PN09-3.edf,7,6956.0,265,4.416666666666667,1,0.005386812779675889,0.3232076301606731,0.6767923698393269,"(1, 0.005387)"
test,PN09,PN09_S03,PN09_S03_preictal,PN09-3.edf,8,6961.0,260,4.333333333333333,1,0.005330924411845494,0.3198543398833198,0.6801456601166802,"(1, 0.005331)"
test,PN09,PN09_S03,PN09_S03_preictal,PN09-3.edf,9,6966.0,255,4.25,1,0.005349657689961243,0.3209783326175347,0.6790216673824653,"(1, 0.005350)"
test,PN09,PN09_S03,PN09_S03_preictal,PN09-3.edf,10,6971.0,250,4.166666666666667,1,0.0053282086199256855,0.31969139294116444,0.6803086070588356,"(1, 0.005328)"
test,PN09,PN09_S03,PN09_S03_preictal,PN09-3.edf,11,6976.0,245,4.083333333333333,1,0.005338145251227417,0.32028758872263485,0.6797124112773651,"(1, 0.005338)"
test,PN09,PN09_S03,PN09_S03_preictal,PN09-3.edf,12,6981.0,240,4.0,1,0.005352041913316393,0.3211213855157715,0.6788786144842285,"(1, 0.005352)"
test,PN09,PN09_S03,PN09_S03_preictal,PN09-3.edf,13,6986.0,235,3.9166666666666665,1,0.005289514571271535,0.3173697581863768,0.6826302418136232,"(1, 0.005290)"
test,PN09,PN09_S03,PN09_S03_preictal,PN09-3.edf,14,6991.0,230,3.8333333333333335,1,0.0052334926870357895,0.3140084569528745,0.6859915430471255,"(1, 0.005233)"
test,PN09,PN09_S03,PN09_S03_preictal,PN09-3.edf,15,6996.0,225,3.75,1,0.005331878370595583,0.31991157720703933,0.6800884227929607,"(1, 0.005332)"
test,PN09,PN09_S03,PN09_S03_preictal,PN09-3.edf,16,7001.0,220,3.6666666666666665,1,0.005442512252529005,0.3265495867792466,0.6734504132207534,"(1, 0.005443)"
test,PN09,PN09_S03,PN09_S03_preictal,PN09-3.edf,17,7006.0,215,3.5833333333333335,1,0.00537384236994206,0.3224294083134056,0.6775705916865944,"(1, 0.005374)"
test,PN09,PN09_S03,PN09_S03_preictal,PN09-3.edf,18,7011.0,210,3.5,1,0.005315504443627847,0.31892914504388103,0.681070854956119,"(1, 0.005316)"
test,PN09,PN09_S03,PN09_S03_preictal,PN09-3.edf,19,7016.0,205,3.4166666666666665,1,0.0051385524546656725,0.30831206304309855,0.6916879369569015,"(1, 0.005139)"
test,PN09,PN09_S03,PN09_S03_preictal,PN09-3.edf,20,7021.0,200,3.3333333333333335,1,0.005010067339506123,0.30060298324394163,0.6993970167560584,"(1, 0.005010)"
test,PN09,PN09_S03,PN09_S03_preictal,PN09-3.edf,21,7026.0,195,3.25,1,0.005014577007808877,0.30087356239056495,0.699126437609435,"(1, 0.005015)"
test,PN09,PN09_S03,PN09_S03_preictal,PN09-3.edf,22,7031.0,190,3.1666666666666665,1,0.004852470781865747,0.29114722303846263,0.7088527769615374,"(1, 0.004852)"
test,PN09,PN09_S03,PN09_S03_preictal,PN09-3.edf,23,7036.0,185,3.0833333333333335,1,0.004657118489517774,0.2794261267170044,0.7205738732829956,"(1, 0.004657)"
test,PN09,PN09_S03,PN09_S03_preictal,PN09-3.edf,24,7041.0,180,3.0,1,0.004489541830011778,0.26937156250539385,0.7306284374946062,"(1, 0.004490)"
test,PN09,PN09_S03,PN09_S03_preictal,PN09-3.edf,25,7046.0,175,2.9166666666666665,1,0.004460091843168942,0.267604569508784,0.732395430491216,"(1, 0.004460)"
test,PN09,PN09_S03,PN09_S03_preictal,PN09-3.edf,26,7051.0,170,2.8333333333333335,1,0.004438446644966691,0.26630586218379526,0.7336941378162047,"(1, 0.004438)"
test,PN09,PN09_S03,PN09_S03_preictal,PN09-3.edf,27,7056.0,165,2.75,1,0.004358233883248161,0.26149311340561177,0.7385068865943882,"(1, 0.004358)"
test,PN09,PN09_S03,PN09_S03_preictal,PN09-3.edf,28,7061.0,160,2.6666666666666665,1,0.004247746416938402,0.2548638887399305,0.7451361112600695,"(1, 0.004248)"
test,PN09,PN09_S03,PN09_S03_preictal,PN09-3.edf,29,7066.0,155,2.5833333333333335,1,0.004051907726470045,0.24311360863387943,0.7568863913661206,"(1, 0.004052)"
test,PN09,PN09_S03,PN09_S03_preictal,PN09-3.edf,30,7071.0,150,2.5,1,0.004084539014999501,0.24507147906043036,0.7549285209395696,"(1, 0.004085)"
test,PN09,PN09_S03,PN09_S03_preictal,PN09-3.edf,31,7076.0,145,2.4166666666666665,1,0.004246189275537732,0.25477046058444786,0.7452295394155521,"(1, 0.004246)"
test,PN09,PN09_S03,PN09_S03_preictal,PN09-3.edf,32,7081.0,140,2.3333333333333335,1,0.00414376885629255,0.24862525704049065,0.7513747429595093,"(1, 0.004144)"
test,PN09,PN09_S03,PN09_S03_preictal,PN09-3.edf,33,7086.0,135,2.25,1,0.004109818913795338,0.2465882676541109,0.7534117323458891,"(1, 0.004110)"
test,PN09,PN09_S03,PN09_S03_preictal,PN09-3.edf,34,7091.0,130,2.1666666666666665,1,0.004045234027574096,0.2427131881082758,0.7572868118917242,"(1, 0.004045)"
test,PN09,PN09_S03,PN09_S03_preictal,PN09-3.edf,35,7096.0,125,2.0833333333333335,1,0.004192435369679322,0.2515452375750411,0.7484547624249589,"(1, 0.004192)"
test,PN09,PN09_S03,PN09_S03_preictal,PN09-3.edf,36,7101.0,120,2.0,1,0.004343808199125777,0.26062757540209436,0.7393724245979056,"(1, 0.004344)"
test,PN09,PN09_S03,PN09_S03_preictal,PN09-3.edf,37,7106.0,115,1.9166666666666667,1,0.004484884502588454,0.26909212384269265,0.7309078761573073,"(1, 0.004485)"
test,PN09,PN09_S03,PN09_S03_preictal,PN09-3.edf,38,7111.0,110,1.8333333333333333,1,0.004643099190306911,0.2785849717224309,0.7214150282775691,"(1, 0.004643)"
test,PN09,PN09_S03,PN09_S03_preictal,PN09-3.edf,39,7116.0,105,1.75,1,0.004772333443740753,0.2863389996599768,0.7136610003400232,"(1, 0.004772)"
test,PN09,PN09_S03,PN09_S03_preictal,PN09-3.edf,40,7121.0,100,1.6666666666666667,1,0.004840520152789408,0.29043018781547025,0.7095698121845297,"(1, 0.004841)"
test,PN09,PN09_S03,PN09_S03_preictal,PN09-3.edf,41,7126.0,95,1.5833333333333333,1,0.004928695918833608,0.2957207151729966,0.7042792848270034,"(1, 0.004929)"
test,PN09,PN09_S03,PN09_S03_preictal,PN09-3.edf,42,7131.0,90,1.5,1,0.004974152414111847,0.29844809529835037,0.7015519047016496,"(1, 0.004974)"
test,PN09,PN09_S03,PN09_S03_preictal,PN09-3.edf,43,7136.0,85,1.4166666666666667,1,0.004981274206356924,0.2988754013303536,0.7011245986696464,"(1, 0.004981)"
test,PN09,PN09_S03,PN09_S03_preictal,PN09-3.edf,44,7141.0,80,1.3333333333333333,1,0.005004196305567491,0.3002507224464146,0.6997492775535854,"(1, 0.005004)"
test,PN09,PN09_S03,PN09_S03_preictal,PN09-3.edf,45,7146.0,75,1.25,1,0.005047025919013543,0.30282049021611024,0.6971795097838898,"(1, 0.005047)"
test,PN09,PN09_S03,PN09_S03_preictal,PN09-3.edf,46,7151.0,70,1.1666666666666667,1,0.005102714278840858,0.30616178005548056,0.6938382199445194,"(1, 0.005103)"
test,PN09,PN09_S03,PN09_S03_preictal,PN09-3.edf,47,7156.0,65,1.0833333333333333,1,0.0053550214621940935,0.3213001578197474,0.6786998421802526,"(1, 0.005355)"
test,PN09,PN09_S03,PN09_S03_preictal,PN09-3.edf,48,7161.0,60,1.0,1,0.005596444947970933,0.33578551602589546,0.6642144839741045,"(1, 0.005596)"
test,PN09,PN09_S03,PN09_S03_preictal,PN09-3.edf,49,7166.0,55,0.9166666666666666,1,0.00591811474931706,0.35508563623419265,0.6449143637658074,"(1, 0.005918)"
test,PN09,PN09_S03,PN09_S03_preictal,PN09-3.edf,50,7171.0,50,0.8333333333333334,1,0.0063278741794686386,0.37967111558386635,0.6203288844161337,"(1, 0.006328)"
test,PN09,PN09_S03,PN09_S03_preictal,PN09-3.edf,51,7176.0,45,0.75,1,0.006495582051213173,0.3897335525021032,0.6102664474978968,"(1, 0.006496)"
test,PN09,PN09_S03,PN09_S03_preictal,PN09-3.edf,52,7181.0,40,0.6666666666666666,1,0.006585267763941028,0.39511467634204944,0.6048853236579506,"(1, 0.006585)"
test,PN09,PN09_S03,PN09_S03_preictal,PN09-3.edf,53,7186.0,35,0.5833333333333334,1,0.006468137469251782,0.38808688337523867,0.6119131166247613,"(1, 0.006468)"
test,PN09,PN09_S03,PN09_S03_preictal,PN09-3.edf,54,7191.0,30,0.5,1,0.006542003133347875,0.39251880763531644,0.6074811923646836,"(1, 0.006542)"
test,PN09,PN09_S03,PN09_S03_preictal,PN09-3.edf,55,7196.0,25,0.4166666666666667,1,0.0066925390623413395,0.4015509316117767,0.5984490683882233,"(1, 0.006693)"
test,PN09,PN09_S03,PN09_S03_preictal,PN09-3.edf,56,7201.0,20,0.3333333333333333,1,0.006376517863581592,0.38258972636680455,0.6174102736331954,"(1, 0.006377)"
test,PN09,PN09_S03,PN09_S03_preictal,PN09-3.edf,57,7206.0,15,0.25,1,0.006178897414125186,0.3707325410974225,0.6292674589025775,"(1, 0.006179)"
test,PN09,PN09_S03,PN09_S03_preictal,PN09-3.edf,58,7211.0,10,0.16666666666666666,1,0.0058832817442790765,0.3529956632816931,0.6470043367183069,"(1, 0.005883)"
test,PN09,PN09_S03,PN09_S03_preictal,PN09-3.edf,59,7216.0,5,0.08333333333333333,1,0.005664134435306805,0.33984687098353605,0.660153129016464,"(1, 0.005664)"
test,PN09,PN09_S03,PN09_S03_preictal,PN09-3.edf,60,7221.0,0,0.0,1,0.005531192002610048,0.3318703530726428,0.6681296469273572,"(1, 0.005531)"
train,PN10,PN10_S01,PN10_S01_preictal,PN10-1.edf,0,7245.0,300,5.0,1,0.011207486363077274,0.6724468170000544,0.3275531829999456,"(1, 0.011207)"
train,PN10,PN10_S01,PN10_S01_preictal,PN10-1.edf,1,7250.0,295,4.916666666666667,1,0.011240359417903089,0.6744191933533742,0.3255808066466258,"(1, 0.011240)"
train,PN10,PN10_S01,PN10_S01_preictal,PN10-1.edf,2,7255.0,290,4.833333333333333,1,0.01125741165561234,0.6754423240178995,0.3245576759821005,"(1, 0.011257)"
train,PN10,PN10_S01,PN10_S01_preictal,PN10-1.edf,3,7260.0,285,4.75,60,0.07868656142965222,0.6798751559910706,0.3201248440089294,"(60, 0.078687)"
train,PN10,PN10_S01,PN10_S01_preictal,PN10-1.edf,4,7265.0,280,4.666666666666667,60,0.0826918252393075,0.7075344237522366,0.29246557624776337,"(60, 0.082692)"
train,PN10,PN10_S01,PN10_S01_preictal,PN10-1.edf,5,7270.0,275,4.583333333333333,60,0.08572672079980255,0.7327206365986252,0.2672793634013748,"(60, 0.085727)"
train,PN10,PN10_S01,PN10_S01_preictal,PN10-1.edf,6,7275.0,270,4.5,60,0.08403506573536387,0.7541204624921902,0.24587953750780978,"(60, 0.084035)"
train,PN10,PN10_S01,PN10_S01_preictal,PN10-1.edf,7,7280.0,265,4.416666666666667,60,0.09065815763261881,0.7732817174872616,0.2267182825127384,"(60, 0.090658)"
train,PN10,PN10_S01,PN10_S01_preictal,PN10-1.edf,8,7285.0,260,4.333333333333333,60,0.09151664582693023,0.7869983419642672,0.2130016580357328,"(60, 0.091517)"
train,PN10,PN10_S01,PN10_S01_preictal,PN10-1.edf,9,7290.0,255,4.25,60,0.0932976899124634,0.7985367223689035,0.2014632776310965,"(60, 0.093298)"
train,PN10,PN10_S01,PN10_S01_preictal,PN10-1.edf,10,7295.0,250,4.166666666666667,60,0.09477335644626797,0.8123060169769597,0.1876939830230403,"(60, 0.094773)"
train,PN10,PN10_S01,PN10_S01_preictal,PN10-1.edf,11,7300.0,245,4.083333333333333,60,0.09608778563362194,0.8236548347450606,0.17634516525493937,"(60, 0.096088)"
train,PN10,PN10_S01,PN10_S01_preictal,PN10-1.edf,12,7305.0,240,4.0,60,0.09567572047730784,0.8368572511711951,0.16314274882880486,"(60, 0.095676)"
train,PN10,PN10_S01,PN10_S01_preictal,PN10-1.edf,13,7310.0,235,3.9166666666666665,60,0.09932505044163141,0.848993292636097,0.15100670736390298,"(60, 0.099325)"
train,PN10,PN10_S01,PN10_S01_preictal,PN10-1.edf,14,7315.0,230,3.8333333333333335,60,0.09053149656627175,0.8590165507702365,0.14098344922976347,"(60, 0.090531)"
train,PN10,PN10_S01,PN10_S01_preictal,PN10-1.edf,15,7320.0,225,3.75,60,0.09833513865778502,0.867248957390381,0.132751042609619,"(60, 0.098335)"
train,PN10,PN10_S01,PN10_S01_preictal,PN10-1.edf,16,7325.0,220,3.6666666666666665,60,0.10163078655778343,0.8732470227001189,0.1267529772998811,"(60, 0.101631)"
train,PN10,PN10_S01,PN10_S01_preictal,PN10-1.edf,17,7330.0,215,3.5833333333333335,60,0.09565751689949017,0.880642896881579,0.11935710311842096,"(60, 0.095658)"
train,PN10,PN10_S01,PN10_S01_preictal,PN10-1.edf,18,7335.0,210,3.5,60,0.10413413918279546,0.8887042509706358,0.11129574902936423,"(60, 0.104134)"
train,PN10,PN10_S01,PN10_S01_preictal,PN10-1.edf,19,7340.0,205,3.4166666666666665,60,0.10481676051531714,0.8977848641821684,0.10221513581783159,"(60, 0.104817)"
train,PN10,PN10_S01,PN10_S01_preictal,PN10-1.edf,20,7345.0,200,3.3333333333333335,45,0.04183559424096392,0.9063982527933989,0.09360174720660108,"(45, 0.041836)"
train,PN10,PN10_S01,PN10_S01_preictal,PN10-1.edf,21,7350.0,195,3.25,60,0.10602259268034613,0.9140461434913584,0.08595385650864162,"(60, 0.106023)"
train,PN10,PN10_S01,PN10_S01_preictal,PN10-1.edf,22,7355.0,190,3.1666666666666665,60,0.1012206384853702,0.9192423743287648,0.08075762567123523,"(60, 0.101221)"
train,PN10,PN10_S01,PN10_S01_preictal,PN10-1.edf,23,7360.0,185,3.0833333333333335,1,0.015393897988736655,0.9236306312049116,0.07636936879508838,"(1, 0.015394)"
train,PN10,PN10_S01,PN10_S01_preictal,PN10-1.edf,24,7365.0,180,3.0,1,0.01548731819360126,0.9292358237850834,0.0707641762149166,"(1, 0.015487)"
train,PN10,PN10_S01,PN10_S01_preictal,PN10-1.edf,25,7370.0,175,2.9166666666666665,1,0.015557439532187346,0.9334430893046151,0.06655691069538494,"(1, 0.015557)"
train,PN10,PN10_S01,PN10_S01_preictal,PN10-1.edf,26,7375.0,170,2.8333333333333335,1,0.015593384105220164,0.9355997561022633,0.06440024389773669,"(1, 0.015593)"
train,PN10,PN10_S01,PN10_S01_preictal,PN10-1.edf,27,7380.0,165,2.75,1,0.015569474366494794,0.9341651768237066,0.06583482317629341,"(1, 0.015569)"
train,PN10,PN10_S01,PN10_S01_preictal,PN10-1.edf,28,7385.0,160,2.6666666666666665,1,0.015595477251711228,0.9357253444500724,0.06427465554992762,"(1, 0.015595)"
train,PN10,PN10_S01,PN10_S01_preictal,PN10-1.edf,29,7390.0,155,2.5833333333333335,1,0.015642290974355436,0.9385341579310087,0.061465842068991305,"(1, 0.015642)"
train,PN10,PN10_S01,PN10_S01_preictal,PN10-1.edf,30,7395.0,150,2.5,1,0.01567776569225248,0.9406626335196502,0.05933736648034982,"(1, 0.015678)"
train,PN10,PN10_S01,PN10_S01_preictal,PN10-1.edf,31,7400.0,145,2.4166666666666665,1,0.01570039242813069,0.9420202328980916,0.05797976710190844,"(1, 0.015700)"
train,PN10,PN10_S01,PN10_S01_preictal,PN10-1.edf,32,7405.0,140,2.3333333333333335,1,0.015667051708474888,0.9400197967536499,0.05998020324635012,"(1, 0.015667)"
train,PN10,PN10_S01,PN10_S01_preictal,PN10-1.edf,33,7410.0,135,2.25,1,0.015495347399691911,0.9297175744563564,0.07028242554364361,"(1, 0.015495)"
train,PN10,PN10_S01,PN10_S01_preictal,PN10-1.edf,34,7415.0,130,2.1666666666666665,1,0.015108885852162508,0.9065299631481498,0.09347003685185018,"(1, 0.015109)"
train,PN10,PN10_S01,PN10_S01_preictal,PN10-1.edf,35,7420.0,125,2.0833333333333335,1,0.01477328695664905,0.8863941002288578,0.11360589977114222,"(1, 0.014773)"
train,PN10,PN10_S01,PN10_S01_preictal,PN10-1.edf,36,7425.0,120,2.0,1,0.014521744984810635,0.8713016349940202,0.12869836500597975,"(1, 0.014522)"
train,PN10,PN10_S01,PN10_S01_preictal,PN10-1.edf,37,7430.0,115,1.9166666666666667,1,0.014415280742329417,0.8649138029091494,0.13508619709085057,"(1, 0.014415)"
train,PN10,PN10_S01,PN10_S01_preictal,PN10-1.edf,38,7435.0,110,1.8333333333333333,1,0.014311489821638887,0.8586863695676479,0.14131363043235212,"(1, 0.014311)"
train,PN10,PN10_S01,PN10_S01_preictal,PN10-1.edf,39,7440.0,105,1.75,1,0.014157970047819478,0.8494752155312235,0.15052478446877648,"(1, 0.014158)"
train,PN10,PN10_S01,PN10_S01_preictal,PN10-1.edf,40,7445.0,100,1.6666666666666667,1,0.014004156676829107,0.8402464457264905,0.15975355427350946,"(1, 0.014004)"
train,PN10,PN10_S01,PN10_S01_preictal,PN10-1.edf,41,7450.0,95,1.5833333333333333,1,0.013931971412700589,0.8359153451099022,0.16408465489009783,"(1, 0.013932)"
train,PN10,PN10_S01,PN10_S01_preictal,PN10-1.edf,42,7455.0,90,1.5,1,0.013956133393117805,0.8373650588367465,0.1626349411632535,"(1, 0.013956)"
train,PN10,PN10_S01,PN10_S01_preictal,PN10-1.edf,43,7460.0,85,1.4166666666666667,1,0.013948152036890121,0.8368861791471552,0.16311382085284476,"(1, 0.013948)"
train,PN10,PN10_S01,PN10_S01_preictal,PN10-1.edf,44,7465.0,80,1.3333333333333333,1,0.014026740680451249,0.8416014811785844,0.15839851882141565,"(1, 0.014027)"
train,PN10,PN10_S01,PN10_S01_preictal,PN10-1.edf,45,7470.0,75,1.25,1,0.014148918056883203,0.8489320979850211,0.15106790201497888,"(1, 0.014149)"
train,PN10,PN10_S01,PN10_S01_preictal,PN10-1.edf,46,7475.0,70,1.1666666666666667,1,0.014236488784443627,0.8541863231611843,0.14581367683881574,"(1, 0.014236)"
train,PN10,PN10_S01,PN10_S01_preictal,PN10-1.edf,47,7480.0,65,1.0833333333333333,1,0.014305494378133094,0.8583266442223415,0.1416733557776585,"(1, 0.014305)"
train,PN10,PN10_S01,PN10_S01_preictal,PN10-1.edf,48,7485.0,60,1.0,1,0.014154101617595914,0.8492431105340501,0.1507568894659499,"(1, 0.014154)"
train,PN10,PN10_S01,PN10_S01_preictal,PN10-1.edf,49,7490.0,55,0.9166666666666666,1,0.01415420766054433,0.84924947308858,0.15075052691142,"(1, 0.014154)"
train,PN10,PN10_S01,PN10_S01_preictal,PN10-1.edf,50,7495.0,50,0.8333333333333334,1,0.01425342033966072,0.8552022129016442,0.14479778709835578,"(1, 0.014253)"
train,PN10,PN10_S01,PN10_S01_preictal,PN10-1.edf,51,7500.0,45,0.75,1,0.014351403279046831,0.8610811685903673,0.13891883140963268,"(1, 0.014351)"
train,PN10,PN10_S01,PN10_S01_preictal,PN10-1.edf,52,7505.0,40,0.6666666666666666,1,0.014388701628898215,0.863319061711482,0.13668093828851802,"(1, 0.014389)"
train,PN10,PN10_S01,PN10_S01_preictal,PN10-1.edf,53,7510.0,35,0.5833333333333334,1,0.014425618212227419,0.8655340489218188,0.13446595107818116,"(1, 0.014426)"
train,PN10,PN10_S01,PN10_S01_preictal,PN10-1.edf,54,7515.0,30,0.5,1,0.014507644782047198,0.870455625803363,0.129544374196637,"(1, 0.014508)"
train,PN10,PN10_S01,PN10_S01_preictal,PN10-1.edf,55,7520.0,25,0.4166666666666667,1,0.014591627405234345,0.8754945654742212,0.12450543452577878,"(1, 0.014592)"
train,PN10,PN10_S01,PN10_S01_preictal,PN10-1.edf,56,7525.0,20,0.3333333333333333,1,0.014661678667649893,0.8796976264383067,0.12030237356169327,"(1, 0.014662)"
train,PN10,PN10_S01,PN10_S01_preictal,PN10-1.edf,57,7530.0,15,0.25,1,0.01461230688562118,0.8767353299340518,0.12326467006594821,"(1, 0.014612)"
train,PN10,PN10_S01,PN10_S01_preictal,PN10-1.edf,58,7535.0,10,0.16666666666666666,1,0.014417221518938102,0.8650302490961658,0.13496975090383423,"(1, 0.014417)"
train,PN10,PN10_S01,PN10_S01_preictal,PN10-1.edf,59,7540.0,5,0.08333333333333333,1,0.014221778577435725,0.8533037138445704,0.14669628615542962,"(1, 0.014222)"
train,PN10,PN10_S01,PN10_S01_preictal,PN10-1.edf,60,7545.0,0,0.0,1,0.013519404049432786,0.8111613903657302,0.1888386096342698,"(1, 0.013519)"
train,PN10,PN10_S02,PN10_S02_preictal,PN10-2.edf,0,7498.0,300,5.0,1,0.010917312573540476,0.6550364508546445,0.34496354914535554,"(1, 0.010917)"
train,PN10,PN10_S02,PN10_S02_preictal,PN10-2.edf,1,7503.0,295,4.916666666666667,1,0.01089469455390669,0.6536793744490295,0.34632062555097054,"(1, 0.010895)"
train,PN10,PN10_S02,PN10_S02_preictal,PN10-2.edf,2,7508.0,290,4.833333333333333,1,0.01125750188797511,0.6754477379406266,0.3245522620593734,"(1, 0.011258)"
train,PN10,PN10_S02,PN10_S02_preictal,PN10-2.edf,3,7513.0,285,4.75,1,0.01149909547152102,0.6899433019770281,0.31005669802297187,"(1, 0.011499)"
train,PN10,PN10_S02,PN10_S02_preictal,PN10-2.edf,4,7518.0,280,4.666666666666667,1,0.011850777178186181,0.7110441301719421,0.2889558698280579,"(1, 0.011851)"
train,PN10,PN10_S02,PN10_S02_preictal,PN10-2.edf,5,7523.0,275,4.583333333333333,1,0.012206349743803618,0.7323784090830197,0.26762159091698035,"(1, 0.012206)"
train,PN10,PN10_S02,PN10_S02_preictal,PN10-2.edf,6,7528.0,270,4.5,1,0.012570290448536484,0.7542147745753418,0.2457852254246582,"(1, 0.012570)"
train,PN10,PN10_S02,PN10_S02_preictal,PN10-2.edf,7,7533.0,265,4.416666666666667,1,0.012910779382477651,0.7746440387684962,0.2253559612315038,"(1, 0.012911)"
train,PN10,PN10_S02,PN10_S02_preictal,PN10-2.edf,8,7538.0,260,4.333333333333333,1,0.013217989420363702,0.7930765762202052,0.20692342377979478,"(1, 0.013218)"
train,PN10,PN10_S02,PN10_S02_preictal,PN10-2.edf,9,7543.0,255,4.25,1,0.013487698401393064,0.8092590581732526,0.1907409418267474,"(1, 0.013488)"
train,PN10,PN10_S02,PN10_S02_preictal,PN10-2.edf,10,7548.0,250,4.166666666666667,1,0.013655657419387996,0.8193365638135215,0.1806634361864785,"(1, 0.013656)"
train,PN10,PN10_S02,PN10_S02_preictal,PN10-2.edf,11,7553.0,245,4.083333333333333,1,0.013796353503603684,0.8277782991795267,0.17222170082047328,"(1, 0.013796)"
train,PN10,PN10_S02,PN10_S02_preictal,PN10-2.edf,12,7558.0,240,4.0,1,0.014006526327456272,0.8403886242641232,0.1596113757358768,"(1, 0.014007)"
train,PN10,PN10_S02,PN10_S02_preictal,PN10-2.edf,13,7563.0,235,3.9166666666666665,1,0.014164312170502997,0.849855741554044,0.15014425844595602,"(1, 0.014164)"
train,PN10,PN10_S02,PN10_S02_preictal,PN10-2.edf,14,7568.0,230,3.8333333333333335,1,0.014279460758415127,0.8567646325323687,0.14323536746763132,"(1, 0.014279)"
train,PN10,PN10_S02,PN10_S02_preictal,PN10-2.edf,15,7573.0,225,3.75,1,0.014372357985297124,0.8623384465439325,0.13766155345606745,"(1, 0.014372)"
train,PN10,PN10_S02,PN10_S02_preictal,PN10-2.edf,16,7578.0,220,3.6666666666666665,1,0.014394691828780781,0.8636784724405011,0.1363215275594989,"(1, 0.014395)"
train,PN10,PN10_S02,PN10_S02_preictal,PN10-2.edf,17,7583.0,215,3.5833333333333335,1,0.01447880248432098,0.8687250940255276,0.13127490597447244,"(1, 0.014479)"
train,PN10,PN10_S02,PN10_S02_preictal,PN10-2.edf,18,7588.0,210,3.5,1,0.014569065724210224,0.8741408693732986,0.1258591306267014,"(1, 0.014569)"
train,PN10,PN10_S02,PN10_S02_preictal,PN10-2.edf,19,7593.0,205,3.4166666666666665,1,0.014610699585215662,0.8766388922488618,0.12336110775113818,"(1, 0.014611)"
train,PN10,PN10_S02,PN10_S02_preictal,PN10-2.edf,20,7598.0,200,3.3333333333333335,1,0.014654883779899368,0.8792899346069996,0.12071006539300044,"(1, 0.014655)"
train,PN10,PN10_S02,PN10_S02_preictal,PN10-2.edf,21,7603.0,195,3.25,1,0.014636796043706287,0.878204674251935,0.12179532574806495,"(1, 0.014637)"
train,PN10,PN10_S02,PN10_S02_preictal,PN10-2.edf,22,7608.0,190,3.1666666666666665,1,0.014452578814100742,0.8671516793455193,0.1328483206544807,"(1, 0.014453)"
train,PN10,PN10_S02,PN10_S02_preictal,PN10-2.edf,23,7613.0,185,3.0833333333333335,1,0.014302960730172632,0.8581746258793146,0.1418253741206854,"(1, 0.014303)"
train,PN10,PN10_S02,PN10_S02_preictal,PN10-2.edf,24,7618.0,180,3.0,60,0.014997067541549034,0.8422101570037204,0.15778984299627963,"(60, 0.014997)"
train,PN10,PN10_S02,PN10_S02_preictal,PN10-2.edf,25,7623.0,175,2.9166666666666665,60,0.04162865830649195,0.8390264765302949,0.16097352346970506,"(60, 0.041629)"
train,PN10,PN10_S02,PN10_S02_preictal,PN10-2.edf,26,7628.0,170,2.8333333333333335,60,0.07323285281976177,0.846410369362975,0.15358963063702502,"(60, 0.073233)"
train,PN10,PN10_S02,PN10_S02_preictal,PN10-2.edf,27,7633.0,165,2.75,60,0.09806612304307438,0.8561330479115151,0.14386695208848488,"(60, 0.098066)"
train,PN10,PN10_S02,PN10_S02_preictal,PN10-2.edf,28,7638.0,160,2.6666666666666665,60,0.10197915514239374,0.8699765068671996,0.13002349313280037,"(60, 0.101979)"
train,PN10,PN10_S02,PN10_S02_preictal,PN10-2.edf,29,7643.0,155,2.5833333333333335,60,0.10342498107898226,0.8823725948634378,0.11762740513656222,"(60, 0.103425)"
train,PN10,PN10_S02,PN10_S02_preictal,PN10-2.edf,30,7648.0,150,2.5,60,0.10383324342510321,0.8916386660638823,0.10836133393611769,"(60, 0.103833)"
train,PN10,PN10_S02,PN10_S02_preictal,PN10-2.edf,31,7653.0,145,2.4166666666666665,60,0.06790806574268377,0.9015829710811875,0.09841702891881254,"(60, 0.067908)"
train,PN10,PN10_S02,PN10_S02_preictal,PN10-2.edf,32,7658.0,140,2.3333333333333335,60,0.1067495072988015,0.9109249484244402,0.08907505157555984,"(60, 0.106750)"
train,PN10,PN10_S02,PN10_S02_preictal,PN10-2.edf,33,7663.0,135,2.25,60,0.10766602440064647,0.9184473002639771,0.08155269973602286,"(60, 0.107666)"
train,PN10,PN10_S02,PN10_S02_preictal,PN10-2.edf,34,7668.0,130,2.1666666666666665,60,0.10851632204127983,0.9262987308514634,0.07370126914853659,"(60, 0.108516)"
train,PN10,PN10_S02,PN10_S02_preictal,PN10-2.edf,35,7673.0,125,2.0833333333333335,60,0.10854674157839425,0.9329101221757172,0.06708987782428277,"(60, 0.108547)"
train,PN10,PN10_S02,PN10_S02_preictal,PN10-2.edf,36,7678.0,120,2.0,60,0.10978941134816535,0.9390522059670211,0.0609477940329789,"(60, 0.109789)"
train,PN10,PN10_S02,PN10_S02_preictal,PN10-2.edf,37,7683.0,115,1.9166666666666667,60,0.09979329510658563,0.9445261644321241,0.055473835567875884,"(60, 0.099793)"
train,PN10,PN10_S02,PN10_S02_preictal,PN10-2.edf,38,7688.0,110,1.8333333333333333,60,0.10817008662931517,0.9491758571673109,0.0508241428326891,"(60, 0.108170)"
train,PN10,PN10_S02,PN10_S02_preictal,PN10-2.edf,39,7693.0,105,1.75,1,0.0158947302909783,0.953680463663573,0.04631953633642705,"(1, 0.015895)"
train,PN10,PN10_S02,PN10_S02_preictal,PN10-2.edf,40,7698.0,100,1.6666666666666667,1,0.015959860586485693,0.9575882676514953,0.042411732348504705,"(1, 0.015960)"
train,PN10,PN10_S02,PN10_S02_preictal,PN10-2.edf,41,7703.0,95,1.5833333333333333,1,0.016020513736565725,0.9612274438584558,0.03877255614154418,"(1, 0.016021)"
train,PN10,PN10_S02,PN10_S02_preictal,PN10-2.edf,42,7708.0,90,1.5,60,0.020118801901557137,0.964390688968001,0.03560931103199905,"(60, 0.020119)"
train,PN10,PN10_S02,PN10_S02_preictal,PN10-2.edf,43,7713.0,85,1.4166666666666667,60,0.046139583443549806,0.9657839294100139,0.0342160705899861,"(60, 0.046140)"
train,PN10,PN10_S02,PN10_S02_preictal,PN10-2.edf,44,7718.0,80,1.3333333333333333,60,0.08492884142420203,0.966699990808721,0.033300009191278956,"(60, 0.084929)"
train,PN10,PN10_S02,PN10_S02_preictal,PN10-2.edf,45,7723.0,75,1.25,60,0.11215913341684378,0.9664482723066778,0.03355172769332215,"(60, 0.112159)"
train,PN10,PN10_S02,PN10_S02_preictal,PN10-2.edf,46,7728.0,70,1.1666666666666667,60,0.04787297038156897,0.9615985161374466,0.038401483862553376,"(60, 0.047873)"
train,PN10,PN10_S02,PN10_S02_preictal,PN10-2.edf,47,7733.0,65,1.0833333333333333,1,0.015776182223290535,0.9465676046160018,0.053432395383998244,"(1, 0.015776)"
train,PN10,PN10_S02,PN10_S02_preictal,PN10-2.edf,48,7738.0,60,1.0,1,0.015123029506615374,0.9073785794310044,0.09262142056899558,"(1, 0.015123)"
train,PN10,PN10_S02,PN10_S02_preictal,PN10-2.edf,49,7743.0,55,0.9166666666666666,1,0.01464752728407388,0.8788485464096941,0.12115145359030588,"(1, 0.014648)"
train,PN10,PN10_S02,PN10_S02_preictal,PN10-2.edf,50,7748.0,50,0.8333333333333334,1,0.014532471718391029,0.8719452367454983,0.1280547632545017,"(1, 0.014532)"
train,PN10,PN10_S02,PN10_S02_preictal,PN10-2.edf,51,7753.0,45,0.75,1,0.014517843706328812,0.8710675591082824,0.12893244089171763,"(1, 0.014518)"
train,PN10,PN10_S02,PN10_S02_preictal,PN10-2.edf,52,7758.0,40,0.6666666666666666,1,0.014559766974239673,0.873582946337106,0.12641705366289402,"(1, 0.014560)"
train,PN10,PN10_S02,PN10_S02_preictal,PN10-2.edf,53,7763.0,35,0.5833333333333334,1,0.014585602856197937,0.8751330938032192,0.12486690619678076,"(1, 0.014586)"
train,PN10,PN10_S02,PN10_S02_preictal,PN10-2.edf,54,7768.0,30,0.5,1,0.014547963629916052,0.8728747481681995,0.12712525183180046,"(1, 0.014548)"
train,PN10,PN10_S02,PN10_S02_preictal,PN10-2.edf,55,7773.0,25,0.4166666666666667,1,0.01438561483958122,0.8631338550037763,0.13686614499622374,"(1, 0.014386)"
train,PN10,PN10_S02,PN10_S02_preictal,PN10-2.edf,56,7778.0,20,0.3333333333333333,1,0.014393732476994393,0.8636209115357415,0.1363790884642585,"(1, 0.014394)"
train,PN10,PN10_S02,PN10_S02_preictal,PN10-2.edf,57,7783.0,15,0.25,1,0.014416180585527813,0.8649677933111859,0.1350322066888141,"(1, 0.014416)"
train,PN10,PN10_S02,PN10_S02_preictal,PN10-2.edf,58,7788.0,10,0.16666666666666666,1,0.014287128064374132,0.8572246692721041,0.14277533072789594,"(1, 0.014287)"
train,PN10,PN10_S02,PN10_S02_preictal,PN10-2.edf,59,7793.0,5,0.08333333333333333,1,0.014047148336759662,0.8428259362510646,0.1571740637489354,"(1, 0.014047)"
train,PN10,PN10_S02,PN10_S02_preictal,PN10-2.edf,60,7798.0,0,0.0,1,0.013138293912787289,0.7882948625814079,0.2117051374185921,"(1, 0.013138)"
train,PN10,PN10_S03,PN10_S03_preictal,PN10-3.edf,0,7535.0,300,5.0,1,0.014635986045285593,0.8781560745176034,0.12184392548239664,"(1, 0.014636)"
train,PN10,PN10_S03,PN10_S03_preictal,PN10-3.edf,1,7540.0,295,4.916666666666667,60,0.040161798598512176,0.8797628710333208,0.12023712896667915,"(60, 0.040162)"
train,PN10,PN10_S03,PN10_S03_preictal,PN10-3.edf,2,7545.0,290,4.833333333333333,60,0.07494712414560366,0.8818654535203478,0.11813454647965216,"(60, 0.074947)"
train,PN10,PN10_S03,PN10_S03_preictal,PN10-3.edf,3,7550.0,285,4.75,60,0.10331724792699422,0.8838710413480477,0.11612895865195227,"(60, 0.103317)"
train,PN10,PN10_S03,PN10_S03_preictal,PN10-3.edf,4,7555.0,280,4.666666666666667,60,0.09426811208972324,0.8902046705687404,0.10979532943125958,"(60, 0.094268)"
train,PN10,PN10_S03,PN10_S03_preictal,PN10-3.edf,5,7560.0,275,4.583333333333333,60,0.10391030219279433,0.8961618079317921,0.10383819206820788,"(60, 0.103910)"
train,PN10,PN10_S03,PN10_S03_preictal,PN10-3.edf,6,7565.0,270,4.5,60,0.10323035139233216,0.8992184566245047,0.10078154337549527,"(60, 0.103230)"
train,PN10,PN10_S03,PN10_S03_preictal,PN10-3.edf,7,7570.0,265,4.416666666666667,60,0.10590302062245438,0.9035581873177441,0.09644181268225593,"(60, 0.105903)"
train,PN10,PN10_S03,PN10_S03_preictal,PN10-3.edf,8,7575.0,260,4.333333333333333,60,0.09521738701801039,0.9061829916533211,0.09381700834667894,"(60, 0.095217)"
train,PN10,PN10_S03,PN10_S03_preictal,PN10-3.edf,9,7580.0,255,4.25,60,0.09038505183438834,0.9047644182014787,0.09523558179852132,"(60, 0.090385)"
train,PN10,PN10_S03,PN10_S03_preictal,PN10-3.edf,10,7585.0,250,4.166666666666667,60,0.06435233936046447,0.901533400547043,0.098466599452957,"(60, 0.064352)"
train,PN10,PN10_S03,PN10_S03_preictal,PN10-3.edf,11,7590.0,245,4.083333333333333,60,0.09642858582316166,0.9035679573842638,0.09643204261573624,"(60, 0.096429)"
train,PN10,PN10_S03,PN10_S03_preictal,PN10-3.edf,12,7595.0,240,4.0,60,0.1055930608814195,0.9019983985332549,0.09800160146674508,"(60, 0.105593)"
train,PN10,PN10_S03,PN10_S03_preictal,PN10-3.edf,13,7600.0,235,3.9166666666666665,60,0.09491387498455776,0.9005545854266958,0.09944541457330425,"(60, 0.094914)"
train,PN10,PN10_S03,PN10_S03_preictal,PN10-3.edf,14,7605.0,230,3.8333333333333335,60,0.10563513140282875,0.9012587028686726,0.0987412971313274,"(60, 0.105635)"
train,PN10,PN10_S03,PN10_S03_preictal,PN10-3.edf,15,7610.0,225,3.75,60,0.10509461386667358,0.8998964209038088,0.10010357909619116,"(60, 0.105095)"
train,PN10,PN10_S03,PN10_S03_preictal,PN10-3.edf,16,7615.0,220,3.6666666666666665,60,0.10580301908041584,0.9025922790079112,0.09740772099208883,"(60, 0.105803)"
train,PN10,PN10_S03,PN10_S03_preictal,PN10-3.edf,17,7620.0,215,3.5833333333333335,60,0.09763447682081082,0.9051171594133196,0.0948828405866804,"(60, 0.097634)"
train,PN10,PN10_S03,PN10_S03_preictal,PN10-3.edf,18,7625.0,210,3.5,60,0.10611804127083105,0.9072190099831674,0.0927809900168326,"(60, 0.106118)"
train,PN10,PN10_S03,PN10_S03_preictal,PN10-3.edf,19,7630.0,205,3.4166666666666665,60,0.10611998730226084,0.9081276528678621,0.09187234713213788,"(60, 0.106120)"
train,PN10,PN10_S03,PN10_S03_preictal,PN10-3.edf,20,7635.0,200,3.3333333333333335,60,0.10621733580856851,0.9060084029185431,0.09399159708145688,"(60, 0.106217)"
train,PN10,PN10_S03,PN10_S03_preictal,PN10-3.edf,21,7640.0,195,3.25,60,0.10680204015549619,0.9115662444102437,0.0884337555897563,"(60, 0.106802)"
train,PN10,PN10_S03,PN10_S03_preictal,PN10-3.edf,22,7645.0,190,3.1666666666666665,60,0.0610528916447323,0.9173097415762204,0.08269025842377964,"(60, 0.061053)"
train,PN10,PN10_S03,PN10_S03_preictal,PN10-3.edf,23,7650.0,185,3.0833333333333335,1,0.015358122564121614,0.9214841132766396,0.0785158867233604,"(1, 0.015358)"
train,PN10,PN10_S03,PN10_S03_preictal,PN10-3.edf,24,7655.0,180,3.0,1,0.015403279175931154,0.924193500457147,0.07580649954285301,"(1, 0.015403)"
train,PN10,PN10_S03,PN10_S03_preictal,PN10-3.edf,25,7660.0,175,2.9166666666666665,60,0.057000629664004245,0.9277332252247514,0.07226677477524857,"(60, 0.057001)"
train,PN10,PN10_S03,PN10_S03_preictal,PN10-3.edf,26,7665.0,170,2.8333333333333335,60,0.051966087015948445,0.9315924688223253,0.06840753117767473,"(60, 0.051966)"
train,PN10,PN10_S03,PN10_S03_preictal,PN10-3.edf,27,7670.0,165,2.75,1,0.015537526604757072,0.9322483178604352,0.06775168213956484,"(1, 0.015538)"
train,PN10,PN10_S03,PN10_S03_preictal,PN10-3.edf,28,7675.0,160,2.6666666666666665,1,0.015378737483712851,0.9227210041023567,0.07727899589764331,"(1, 0.015379)"
train,PN10,PN10_S03,PN10_S03_preictal,PN10-3.edf,29,7680.0,155,2.5833333333333335,60,0.08707879641523195,0.9188780801489231,0.08112191985107686,"(60, 0.087079)"
train,PN10,PN10_S03,PN10_S03_preictal,PN10-3.edf,30,7685.0,150,2.5,60,0.100894335857816,0.9213574447948107,0.07864255520518926,"(60, 0.100894)"
train,PN10,PN10_S03,PN10_S03_preictal,PN10-3.edf,31,7690.0,145,2.4166666666666665,60,0.05515312691186842,0.9260772540217854,0.07392274597821458,"(60, 0.055153)"
train,PN10,PN10_S03,PN10_S03_preictal,PN10-3.edf,32,7695.0,140,2.3333333333333335,60,0.10914325130467581,0.9313550665206903,0.06864493347930967,"(60, 0.109143)"
train,PN10,PN10_S03,PN10_S03_preictal,PN10-3.edf,33,7700.0,135,2.25,60,0.09352688978679624,0.9354631086314068,0.0645368913685932,"(60, 0.093527)"
train,PN10,PN10_S03,PN10_S03_preictal,PN10-3.edf,34,7705.0,130,2.1666666666666665,60,0.10720896350196901,0.9394770952231741,0.06052290477682587,"(60, 0.107209)"
train,PN10,PN10_S03,PN10_S03_preictal,PN10-3.edf,35,7710.0,125,2.0833333333333335,60,0.11058161712352677,0.9432253386470781,0.05677466135292186,"(60, 0.110582)"
train,PN10,PN10_S03,PN10_S03_preictal,PN10-3.edf,36,7715.0,120,2.0,60,0.1097841892843778,0.9471065914400685,0.05289340855993152,"(60, 0.109784)"
train,PN10,PN10_S03,PN10_S03_preictal,PN10-3.edf,37,7720.0,115,1.9166666666666667,60,0.10004818342883355,0.9499796381540947,0.0500203618459053,"(60, 0.100048)"
train,PN10,PN10_S03,PN10_S03_preictal,PN10-3.edf,38,7725.0,110,1.8333333333333333,60,0.11081414903075741,0.9531973348845698,0.046802665115430186,"(60, 0.110814)"
train,PN10,PN10_S03,PN10_S03_preictal,PN10-3.edf,39,7730.0,105,1.75,60,0.09718654166685152,0.9560938642382518,0.04390613576174818,"(60, 0.097187)"
train,PN10,PN10_S03,PN10_S03_preictal,PN10-3.edf,40,7735.0,100,1.6666666666666667,60,0.08963048777864537,0.9577388171648414,0.04226118283515856,"(60, 0.089630)"
train,PN10,PN10_S03,PN10_S03_preictal,PN10-3.edf,41,7740.0,95,1.5833333333333333,60,0.032483549901084346,0.9596398944953534,0.04036010550464664,"(60, 0.032484)"
train,PN10,PN10_S03,PN10_S03_preictal,PN10-3.edf,42,7745.0,90,1.5,1,0.0160149543048432,0.9608938791281468,0.03910612087185317,"(1, 0.016015)"
train,PN10,PN10_S03,PN10_S03_preictal,PN10-3.edf,43,7750.0,85,1.4166666666666667,1,0.016040735925128533,0.9624407709053336,0.03755922909466636,"(1, 0.016041)"
train,PN10,PN10_S03,PN10_S03_preictal,PN10-3.edf,44,7755.0,80,1.3333333333333333,60,0.04139578244879407,0.9646501652665039,0.035349834733496066,"(60, 0.041396)"
train,PN10,PN10_S03,PN10_S03_preictal,PN10-3.edf,45,7760.0,75,1.25,60,0.09422809721826185,0.9670831381709978,0.03291686182900222,"(60, 0.094228)"
train,PN10,PN10_S03,PN10_S03_preictal,PN10-3.edf,46,7765.0,70,1.1666666666666667,60,0.11060111161650309,0.9694559076995657,0.03054409230043431,"(60, 0.110601)"
train,PN10,PN10_S03,PN10_S03_preictal,PN10-3.edf,47,7770.0,65,1.0833333333333333,60,0.11383175662043014,0.9709885287601,0.0290114712399,"(60, 0.113832)"
train,PN10,PN10_S03,PN10_S03_preictal,PN10-3.edf,48,7775.0,60,1.0,60,0.1115143849389644,0.9735184473671417,0.02648155263285834,"(60, 0.111514)"
train,PN10,PN10_S03,PN10_S03_preictal,PN10-3.edf,49,7780.0,55,0.9166666666666666,60,0.11428135774538839,0.9759531043343935,0.02404689566560647,"(60, 0.114281)"
train,PN10,PN10_S03,PN10_S03_preictal,PN10-3.edf,50,7785.0,50,0.8333333333333334,60,0.11446198066876852,0.9782186196856371,0.02178138031436294,"(60, 0.114462)"
train,PN10,PN10_S03,PN10_S03_preictal,PN10-3.edf,51,7790.0,45,0.75,60,0.11478945473965825,0.979139518610019,0.020860481389980978,"(60, 0.114789)"
train,PN10,PN10_S03,PN10_S03_preictal,PN10-3.edf,52,7795.0,40,0.6666666666666666,60,0.11478971686227808,0.9805545481750053,0.019445451824994686,"(60, 0.114790)"
train,PN10,PN10_S03,PN10_S03_preictal,PN10-3.edf,53,7800.0,35,0.5833333333333334,60,0.1150454656523914,0.9822283888685397,0.017771611131460308,"(60, 0.115045)"
train,PN10,PN10_S03,PN10_S03_preictal,PN10-3.edf,54,7805.0,30,0.5,60,0.11516597124511949,0.9836417881452706,0.01635821185472941,"(60, 0.115166)"
train,PN10,PN10_S03,PN10_S03_preictal,PN10-3.edf,55,7810.0,25,0.4166666666666667,60,0.11470108335665875,0.9850923844730489,0.014907615526951079,"(60, 0.114701)"
train,PN10,PN10_S03,PN10_S03_preictal,PN10-3.edf,56,7815.0,20,0.3333333333333333,60,0.03188256079358875,0.9863282574495582,0.01367174255044179,"(60, 0.031883)"
train,PN10,PN10_S03,PN10_S03_preictal,PN10-3.edf,57,7820.0,15,0.25,60,0.11234354463155706,0.9835539168004961,0.016446083199503914,"(60, 0.112344)"
train,PN10,PN10_S03,PN10_S03_preictal,PN10-3.edf,58,7825.0,10,0.16666666666666666,60,0.11392802799357482,0.974023849494841,0.025976150505159,"(60, 0.113928)"
train,PN10,PN10_S03,PN10_S03_preictal,PN10-3.edf,59,7830.0,5,0.08333333333333333,60,0.11304360321561599,0.9672486543357972,0.03275134566420279,"(60, 0.113044)"
train,PN10,PN10_S03,PN10_S03_preictal,PN10-3.edf,60,7835.0,0,0.0,60,0.11034566845805713,0.9516806035930168,0.04831939640698324,"(60, 0.110346)"
train,PN10,PN10_S04,PN10_S04_preictal,PN10-4.5.6.edf,0,2009.0,300,5.0,1,0.01391752661402166,0.8350486602370253,0.1649513397629747,"(1, 0.013918)"
train,PN10,PN10_S04,PN10_S04_preictal,PN10-4.5.6.edf,1,2014.0,295,4.916666666666667,1,0.013922795942541732,0.835364818836399,0.16463518116360099,"(1, 0.013923)"
train,PN10,PN10_S04,PN10_S04_preictal,PN10-4.5.6.edf,2,2019.0,290,4.833333333333333,1,0.013641180650253855,0.8184679607200777,0.18153203927992234,"(1, 0.013641)"
train,PN10,PN10_S04,PN10_S04_preictal,PN10-4.5.6.edf,3,2024.0,285,4.75,1,0.013152043260854429,0.7891198205643177,0.21088017943568227,"(1, 0.013152)"
train,PN10,PN10_S04,PN10_S04_preictal,PN10-4.5.6.edf,4,2029.0,280,4.666666666666667,1,0.01296422853574463,0.77785097668672,0.22214902331328001,"(1, 0.012964)"
train,PN10,PN10_S04,PN10_S04_preictal,PN10-4.5.6.edf,5,2034.0,275,4.583333333333333,1,0.012920068135076226,0.7752013619644798,0.22479863803552025,"(1, 0.012920)"
train,PN10,PN10_S04,PN10_S04_preictal,PN10-4.5.6.edf,6,2039.0,270,4.5,1,0.012934857227481476,0.7760887043882897,0.2239112956117103,"(1, 0.012935)"
train,PN10,PN10_S04,PN10_S04_preictal,PN10-4.5.6.edf,7,2044.0,265,4.416666666666667,1,0.013028420789280572,0.7817024983542825,0.21829750164571748,"(1, 0.013028)"
train,PN10,PN10_S04,PN10_S04_preictal,PN10-4.5.6.edf,8,2049.0,260,4.333333333333333,1,0.013212475995934354,0.7927457719177794,0.2072542280822206,"(1, 0.013212)"
train,PN10,PN10_S04,PN10_S04_preictal,PN10-4.5.6.edf,9,2054.0,255,4.25,1,0.013346390950782461,0.8007806409525511,0.19921935904744892,"(1, 0.013346)"
train,PN10,PN10_S04,PN10_S04_preictal,PN10-4.5.6.edf,10,2059.0,250,4.166666666666667,1,0.013433858360493153,0.8060286670795305,0.19397133292046953,"(1, 0.013434)"
train,PN10,PN10_S04,PN10_S04_preictal,PN10-4.5.6.edf,11,2064.0,245,4.083333333333333,1,0.013263001353796546,0.795777282728638,0.204222717271362,"(1, 0.013263)"
train,PN10,PN10_S04,PN10_S04_preictal,PN10-4.5.6.edf,12,2069.0,240,4.0,1,0.013394890582680776,0.8036906086330062,0.19630939136699377,"(1, 0.013395)"
train,PN10,PN10_S04,PN10_S04_preictal,PN10-4.5.6.edf,13,2074.0,235,3.9166666666666665,1,0.013565771522024886,0.813943428937699,0.186056571062301,"(1, 0.013566)"
train,PN10,PN10_S04,PN10_S04_preictal,PN10-4.5.6.edf,14,2079.0,230,3.8333333333333335,1,0.01373432771468239,0.824056764931718,0.17594323506828202,"(1, 0.013734)"
train,PN10,PN10_S04,PN10_S04_preictal,PN10-4.5.6.edf,15,2084.0,225,3.75,1,0.013722007221691104,0.8233175379518703,0.17668246204812965,"(1, 0.013722)"
train,PN10,PN10_S04,PN10_S04_preictal,PN10-4.5.6.edf,16,2089.0,220,3.6666666666666665,1,0.013783353635980206,0.8269983098650958,0.17300169013490418,"(1, 0.013783)"
train,PN10,PN10_S04,PN10_S04_preictal,PN10-4.5.6.edf,17,2094.0,215,3.5833333333333335,1,0.013809203146699082,0.8285492750539702,0.17145072494602975,"(1, 0.013809)"
train,PN10,PN10_S04,PN10_S04_preictal,PN10-4.5.6.edf,18,2099.0,210,3.5,1,0.013833886210055074,0.8300302536471924,0.1699697463528076,"(1, 0.013834)"
train,PN10,PN10_S04,PN10_S04_preictal,PN10-4.5.6.edf,19,2104.0,205,3.4166666666666665,1,0.013990898647653361,0.8394509667733958,0.1605490332266042,"(1, 0.013991)"
train,PN10,PN10_S04,PN10_S04_preictal,PN10-4.5.6.edf,20,2109.0,200,3.3333333333333335,1,0.014023846806875979,0.8414278493746767,0.15857215062532326,"(1, 0.014024)"
train,PN10,PN10_S04,PN10_S04_preictal,PN10-4.5.6.edf,21,2114.0,195,3.25,1,0.014126944430181462,0.8476136850193616,0.15238631498063837,"(1, 0.014127)"
train,PN10,PN10_S04,PN10_S04_preictal,PN10-4.5.6.edf,22,2119.0,190,3.1666666666666665,1,0.014198992610787577,0.8519365606535305,0.14806343934646948,"(1, 0.014199)"
train,PN10,PN10_S04,PN10_S04_preictal,PN10-4.5.6.edf,23,2124.0,185,3.0833333333333335,1,0.014154824943935933,0.8492865099618291,0.15071349003817092,"(1, 0.014155)"
train,PN10,PN10_S04,PN10_S04_preictal,PN10-4.5.6.edf,24,2129.0,180,3.0,1,0.013673404130113944,0.8204013627125145,0.17959863728748549,"(1, 0.013673)"
train,PN10,PN10_S04,PN10_S04_preictal,PN10-4.5.6.edf,25,2134.0,175,2.9166666666666665,1,0.013703378138395518,0.8221997968848799,0.17780020311512013,"(1, 0.013703)"
train,PN10,PN10_S04,PN10_S04_preictal,PN10-4.5.6.edf,26,2139.0,170,2.8333333333333335,1,0.013756796291297562,0.8254048747877487,0.1745951252122513,"(1, 0.013757)"
train,PN10,PN10_S04,PN10_S04_preictal,PN10-4.5.6.edf,27,2144.0,165,2.75,1,0.01391721525324786,0.8350299786562946,0.16497002134370542,"(1, 0.013917)"
train,PN10,PN10_S04,PN10_S04_preictal,PN10-4.5.6.edf,28,2149.0,160,2.6666666666666665,1,0.014094719433537618,0.8456801920202195,0.1543198079797805,"(1, 0.014095)"
train,PN10,PN10_S04,PN10_S04_preictal,PN10-4.5.6.edf,29,2154.0,155,2.5833333333333335,1,0.014206589946674817,0.8523923992037237,0.14760760079627633,"(1, 0.014207)"
train,PN10,PN10_S04,PN10_S04_preictal,PN10-4.5.6.edf,30,2159.0,150,2.5,1,0.014344854513868107,0.8606882440614362,0.13931175593856382,"(1, 0.014345)"
train,PN10,PN10_S04,PN10_S04_preictal,PN10-4.5.6.edf,31,2164.0,145,2.4166666666666665,1,0.014437020669842498,0.8662181939728,0.13378180602720002,"(1, 0.014437)"
train,PN10,PN10_S04,PN10_S04_preictal,PN10-4.5.6.edf,32,2169.0,140,2.3333333333333335,1,0.014496819163772521,0.8698060909910926,0.13019390900890737,"(1, 0.014497)"
train,PN10,PN10_S04,PN10_S04_preictal,PN10-4.5.6.edf,33,2174.0,135,2.25,1,0.014566170132082246,0.8739671344565911,0.12603286554340887,"(1, 0.014566)"
train,PN10,PN10_S04,PN10_S04_preictal,PN10-4.5.6.edf,34,2179.0,130,2.1666666666666665,1,0.014627295692862882,0.8776346552059089,0.12236534479409111,"(1, 0.014627)"
train,PN10,PN10_S04,PN10_S04_preictal,PN10-4.5.6.edf,35,2184.0,125,2.0833333333333335,1,0.01468484195054737,0.8810874185246924,0.11891258147530759,"(1, 0.014685)"
train,PN10,PN10_S04,PN10_S04_preictal,PN10-4.5.6.edf,36,2189.0,120,2.0,1,0.014591923465405325,0.8755123290220111,0.12448767097798885,"(1, 0.014592)"
train,PN10,PN10_S04,PN10_S04_preictal,PN10-4.5.6.edf,37,2194.0,115,1.9166666666666667,1,0.014681689324528974,0.8808982616287941,0.11910173837120586,"(1, 0.014682)"
train,PN10,PN10_S04,PN10_S04_preictal,PN10-4.5.6.edf,38,2199.0,110,1.8333333333333333,1,0.014747974889423688,0.8848753815361934,0.11512461846380662,"(1, 0.014748)"
train,PN10,PN10_S04,PN10_S04_preictal,PN10-4.5.6.edf,39,2204.0,105,1.75,1,0.014805319169116149,0.8883160262180727,0.11168397378192729,"(1, 0.014805)"
train,PN10,PN10_S04,PN10_S04_preictal,PN10-4.5.6.edf,40,2209.0,100,1.6666666666666667,1,0.014879904635655857,0.8927911384728887,0.10720886152711129,"(1, 0.014880)"
train,PN10,PN10_S04,PN10_S04_preictal,PN10-4.5.6.edf,41,2214.0,95,1.5833333333333333,1,0.014715449834955811,0.8829238851309217,0.11707611486907832,"(1, 0.014715)"
train,PN10,PN10_S04,PN10_S04_preictal,PN10-4.5.6.edf,42,2219.0,90,1.5,1,0.014458183047705903,0.8674879321793332,0.13251206782066682,"(1, 0.014458)"
train,PN10,PN10_S04,PN10_S04_preictal,PN10-4.5.6.edf,43,2224.0,85,1.4166666666666667,1,0.014376738372247042,0.8626012688366641,0.1373987311633359,"(1, 0.014377)"
train,PN10,PN10_S04,PN10_S04_preictal,PN10-4.5.6.edf,44,2229.0,80,1.3333333333333333,1,0.014307006854590692,0.8584173924906642,0.14158260750933582,"(1, 0.014307)"
train,PN10,PN10_S04,PN10_S04_preictal,PN10-4.5.6.edf,45,2234.0,75,1.25,1,0.01433564003959167,0.8601353775491082,0.13986462245089182,"(1, 0.014336)"
train,PN10,PN10_S04,PN10_S04_preictal,PN10-4.5.6.edf,46,2239.0,70,1.1666666666666667,1,0.014285025948954573,0.8570985427904778,0.1429014572095222,"(1, 0.014285)"
train,PN10,PN10_S04,PN10_S04_preictal,PN10-4.5.6.edf,47,2244.0,65,1.0833333333333333,1,0.014313651322558666,0.8588160591667569,0.14118394083324315,"(1, 0.014314)"
train,PN10,PN10_S04,PN10_S04_preictal,PN10-4.5.6.edf,48,2249.0,60,1.0,1,0.014198437078784914,0.8519032288505882,0.14809677114941178,"(1, 0.014198)"
train,PN10,PN10_S04,PN10_S04_preictal,PN10-4.5.6.edf,49,2254.0,55,0.9166666666666666,1,0.013862247940390916,0.8317319514830053,0.16826804851699473,"(1, 0.013862)"
train,PN10,PN10_S04,PN10_S04_preictal,PN10-4.5.6.edf,50,2259.0,50,0.8333333333333334,1,0.013762311075488547,0.8257357606755859,0.17426423932441415,"(1, 0.013762)"
train,PN10,PN10_S04,PN10_S04_preictal,PN10-4.5.6.edf,51,2264.0,45,0.75,1,0.013722858324446809,0.8233686039376296,0.17663139606237044,"(1, 0.013723)"
train,PN10,PN10_S04,PN10_S04_preictal,PN10-4.5.6.edf,52,2269.0,40,0.6666666666666666,1,0.013743449353930471,0.824604061361933,0.17539593863806702,"(1, 0.013743)"
train,PN10,PN10_S04,PN10_S04_preictal,PN10-4.5.6.edf,53,2274.0,35,0.5833333333333334,1,0.013835077540617939,0.830101733229593,0.16989826677040698,"(1, 0.013835)"
train,PN10,PN10_S04,PN10_S04_preictal,PN10-4.5.6.edf,54,2279.0,30,0.5,1,0.013897635257533139,0.8338551830447991,0.1661448169552009,"(1, 0.013898)"
train,PN10,PN10_S04,PN10_S04_preictal,PN10-4.5.6.edf,55,2284.0,25,0.4166666666666667,1,0.014029050761318046,0.841740085543164,0.15825991445683596,"(1, 0.014029)"
train,PN10,PN10_S04,PN10_S04_preictal,PN10-4.5.6.edf,56,2289.0,20,0.3333333333333333,1,0.014147816547759042,0.8488660076699903,0.15113399233000968,"(1, 0.014148)"
train,PN10,PN10_S04,PN10_S04_preictal,PN10-4.5.6.edf,57,2294.0,15,0.25,1,0.014243498317003389,0.8546068936357555,0.14539310636424452,"(1, 0.014243)"
train,PN10,PN10_S04,PN10_S04_preictal,PN10-4.5.6.edf,58,2299.0,10,0.16666666666666666,1,0.014215633848694165,0.8529350314166172,0.1470649685833828,"(1, 0.014216)"
train,PN10,PN10_S04,PN10_S04_preictal,PN10-4.5.6.edf,59,2304.0,5,0.08333333333333333,1,0.014093143240471293,0.8455856207688174,0.15441437923118262,"(1, 0.014093)"
train,PN10,PN10_S04,PN10_S04_preictal,PN10-4.5.6.edf,60,2309.0,0,0.0,1,0.013912763444510654,0.8347628710713958,0.1652371289286042,"(1, 0.013913)"
train,PN10,PN10_S05,PN10_S05_preictal,PN10-4.5.6.edf,0,6244.0,300,5.0,60,0.09023479149694487,0.7696990845282242,0.23030091547177578,"(60, 0.090235)"
train,PN10,PN10_S05,PN10_S05_preictal,PN10-4.5.6.edf,1,6249.0,295,4.916666666666667,60,0.08996615127193133,0.7916870032273409,0.20831299677265913,"(60, 0.089966)"
train,PN10,PN10_S05,PN10_S05_preictal,PN10-4.5.6.edf,2,6254.0,290,4.833333333333333,60,0.09012293796743953,0.8094421161071355,0.19055788389286454,"(60, 0.090123)"
train,PN10,PN10_S05,PN10_S05_preictal,PN10-4.5.6.edf,3,6259.0,285,4.75,60,0.0967263992659974,0.8268543665689485,0.1731456334310515,"(60, 0.096726)"
train,PN10,PN10_S05,PN10_S05_preictal,PN10-4.5.6.edf,4,6264.0,280,4.666666666666667,60,0.08077665334945584,0.8379615991783207,0.1620384008216793,"(60, 0.080777)"
train,PN10,PN10_S05,PN10_S05_preictal,PN10-4.5.6.edf,5,6269.0,275,4.583333333333333,60,0.04493258288891311,0.8504342842695798,0.1495657157304202,"(60, 0.044933)"
train,PN10,PN10_S05,PN10_S05_preictal,PN10-4.5.6.edf,6,6274.0,270,4.5,60,0.10034513833235705,0.8616500761764225,0.13834992382357747,"(60, 0.100345)"
train,PN10,PN10_S05,PN10_S05_preictal,PN10-4.5.6.edf,7,6279.0,265,4.416666666666667,60,0.10240948575141896,0.8738710648867556,0.1261289351132444,"(60, 0.102409)"
train,PN10,PN10_S05,PN10_S05_preictal,PN10-4.5.6.edf,8,6284.0,260,4.333333333333333,60,0.1032512400073886,0.8851995329757764,0.11480046702422364,"(60, 0.103251)"
train,PN10,PN10_S05,PN10_S05_preictal,PN10-4.5.6.edf,9,6289.0,255,4.25,60,0.10466784559565616,0.8946119045598858,0.10538809544011418,"(60, 0.104668)"
train,PN10,PN10_S05,PN10_S05_preictal,PN10-4.5.6.edf,10,6294.0,250,4.166666666666667,60,0.08876651919696504,0.8979533973977702,0.10204660260222975,"(60, 0.088767)"
train,PN10,PN10_S05,PN10_S05_preictal,PN10-4.5.6.edf,11,6299.0,245,4.083333333333333,60,0.08741533814223869,0.9045054207705421,0.09549457922945792,"(60, 0.087415)"
train,PN10,PN10_S05,PN10_S05_preictal,PN10-4.5.6.edf,12,6304.0,240,4.0,60,0.10661768227211646,0.9113157904777451,0.08868420952225486,"(60, 0.106618)"
train,PN10,PN10_S05,PN10_S05_preictal,PN10-4.5.6.edf,13,6309.0,235,3.9166666666666665,60,0.0986221666969343,0.9155061754625566,0.08449382453744336,"(60, 0.098622)"
train,PN10,PN10_S05,PN10_S05_preictal,PN10-4.5.6.edf,14,6314.0,230,3.8333333333333335,60,0.10735965665166435,0.9168263020609494,0.0831736979390506,"(60, 0.107360)"
train,PN10,PN10_S05,PN10_S05_preictal,PN10-4.5.6.edf,15,6319.0,225,3.75,1,0.015360974920850704,0.9216552540785365,0.07834474592146345,"(1, 0.015361)"
train,PN10,PN10_S05,PN10_S05_preictal,PN10-4.5.6.edf,16,6324.0,220,3.6666666666666665,60,0.10737276701223034,0.9254387351274835,0.07456126487251646,"(60, 0.107373)"
train,PN10,PN10_S05,PN10_S05_preictal,PN10-4.5.6.edf,17,6329.0,215,3.5833333333333335,60,0.06576442850068714,0.9263542655766763,0.07364573442332367,"(60, 0.065764)"
train,PN10,PN10_S05,PN10_S05_preictal,PN10-4.5.6.edf,18,6334.0,210,3.5,60,0.0641775090553043,0.9192581165100631,0.08074188348993694,"(60, 0.064178)"
train,PN10,PN10_S05,PN10_S05_preictal,PN10-4.5.6.edf,19,6339.0,205,3.4166666666666665,60,0.10244453124274604,0.9173481214609391,0.08265187853906086,"(60, 0.102445)"
train,PN10,PN10_S05,PN10_S05_preictal,PN10-4.5.6.edf,20,6344.0,200,3.3333333333333335,60,0.10766318030231806,0.9188025036602011,0.08119749633979889,"(60, 0.107663)"
train,PN10,PN10_S05,PN10_S05_preictal,PN10-4.5.6.edf,21,6349.0,195,3.25,60,0.10801320965096797,0.9216026378848676,0.07839736211513237,"(60, 0.108013)"
train,PN10,PN10_S05,PN10_S05_preictal,PN10-4.5.6.edf,22,6354.0,190,3.1666666666666665,60,0.10197272136803087,0.9235598326332328,0.07644016736676718,"(60, 0.101973)"
train,PN10,PN10_S05,PN10_S05_preictal,PN10-4.5.6.edf,23,6359.0,185,3.0833333333333335,60,0.106908267538287,0.9212833144505514,0.07871668554944855,"(60, 0.106908)"
train,PN10,PN10_S05,PN10_S05_preictal,PN10-4.5.6.edf,24,6364.0,180,3.0,60,0.10659748156148902,0.9135084386671946,0.08649156133280544,"(60, 0.106597)"
train,PN10,PN10_S05,PN10_S05_preictal,PN10-4.5.6.edf,25,6369.0,175,2.9166666666666665,60,0.10530108899134134,0.9001925541564608,0.09980744584353918,"(60, 0.105301)"
train,PN10,PN10_S05,PN10_S05_preictal,PN10-4.5.6.edf,26,6374.0,170,2.8333333333333335,60,0.10614481596594233,0.9054908916508806,0.09450910834911941,"(60, 0.106145)"
train,PN10,PN10_S05,PN10_S05_preictal,PN10-4.5.6.edf,27,6379.0,165,2.75,60,0.10472550059490905,0.9105890720093444,0.08941092799065564,"(60, 0.104726)"
train,PN10,PN10_S05,PN10_S05_preictal,PN10-4.5.6.edf,28,6384.0,160,2.6666666666666665,60,0.10642742766132851,0.9086834286151937,0.09131657138480631,"(60, 0.106427)"
train,PN10,PN10_S05,PN10_S05_preictal,PN10-4.5.6.edf,29,6389.0,155,2.5833333333333335,60,0.10547436605542929,0.9117023412611578,0.08829765873884221,"(60, 0.105474)"
train,PN10,PN10_S05,PN10_S05_preictal,PN10-4.5.6.edf,30,6394.0,150,2.5,60,0.10690598208264039,0.9170779245929183,0.08292207540708174,"(60, 0.106906)"
train,PN10,PN10_S05,PN10_S05_preictal,PN10-4.5.6.edf,31,6399.0,145,2.4166666666666665,60,0.1067971944002539,0.9204400308310282,0.07955996916897179,"(60, 0.106797)"
train,PN10,PN10_S05,PN10_S05_preictal,PN10-4.5.6.edf,32,6404.0,140,2.3333333333333335,60,0.10819368291056018,0.9263047638898392,0.07369523611016082,"(60, 0.108194)"
train,PN10,PN10_S05,PN10_S05_preictal,PN10-4.5.6.edf,33,6409.0,135,2.25,60,0.10895406448358767,0.9312823887737792,0.06871761122622078,"(60, 0.108954)"
train,PN10,PN10_S05,PN10_S05_preictal,PN10-4.5.6.edf,34,6414.0,130,2.1666666666666665,60,0.10922562981203338,0.9319739169648208,0.06802608303517921,"(60, 0.109226)"
train,PN10,PN10_S05,PN10_S05_preictal,PN10-4.5.6.edf,35,6419.0,125,2.0833333333333335,60,0.10942645429712083,0.9350799496063603,0.06492005039363968,"(60, 0.109426)"
train,PN10,PN10_S05,PN10_S05_preictal,PN10-4.5.6.edf,36,6424.0,120,2.0,60,0.10990810306819151,0.9376556832531628,0.06234431674683716,"(60, 0.109908)"
train,PN10,PN10_S05,PN10_S05_preictal,PN10-4.5.6.edf,37,6429.0,115,1.9166666666666667,60,0.1050411408869122,0.9388248116272606,0.061175188372739386,"(60, 0.105041)"
train,PN10,PN10_S05,PN10_S05_preictal,PN10-4.5.6.edf,38,6434.0,110,1.8333333333333333,60,0.08698505424153441,0.917676556435306,0.08232344356469401,"(60, 0.086985)"
train,PN10,PN10_S05,PN10_S05_preictal,PN10-4.5.6.edf,39,6439.0,105,1.75,60,0.09936467883966768,0.8910919786278012,0.1089080213721988,"(60, 0.099365)"
train,PN10,PN10_S05,PN10_S05_preictal,PN10-4.5.6.edf,40,6444.0,100,1.6666666666666667,1,0.014318938598531889,0.8591332946095327,0.1408667053904673,"(1, 0.014319)"
train,PN10,PN10_S05,PN10_S05_preictal,PN10-4.5.6.edf,41,6449.0,95,1.5833333333333333,1,0.014018079907627108,0.8410818366365628,0.15891816336343723,"(1, 0.014018)"
train,PN10,PN10_S05,PN10_S05_preictal,PN10-4.5.6.edf,42,6454.0,90,1.5,1,0.013800836056767173,0.8280472514235153,0.17195274857648468,"(1, 0.013801)"
train,PN10,PN10_S05,PN10_S05_preictal,PN10-4.5.6.edf,43,6459.0,85,1.4166666666666667,1,0.013827582113419654,0.8296520091792344,0.17034799082076557,"(1, 0.013828)"
train,PN10,PN10_S05,PN10_S05_preictal,PN10-4.5.6.edf,44,6464.0,80,1.3333333333333333,1,0.013953978636415903,0.837235773889287,0.16276422611071295,"(1, 0.013954)"
train,PN10,PN10_S05,PN10_S05_preictal,PN10-4.5.6.edf,45,6469.0,75,1.25,1,0.014034032493976193,0.8420389884515052,0.15796101154849485,"(1, 0.014034)"
train,PN10,PN10_S05,PN10_S05_preictal,PN10-4.5.6.edf,46,6474.0,70,1.1666666666666667,1,0.014141821728816343,0.8485063197983378,0.1514936802016622,"(1, 0.014142)"
train,PN10,PN10_S05,PN10_S05_preictal,PN10-4.5.6.edf,47,6479.0,65,1.0833333333333333,1,0.014215034322962197,0.8528990599991993,0.14710094000080065,"(1, 0.014215)"
train,PN10,PN10_S05,PN10_S05_preictal,PN10-4.5.6.edf,48,6484.0,60,1.0,1,0.014191198326404612,0.8514689052351501,0.14853109476484994,"(1, 0.014191)"
train,PN10,PN10_S05,PN10_S05_preictal,PN10-4.5.6.edf,49,6489.0,55,0.9166666666666666,1,0.014187228860602866,0.8512307381246044,0.14876926187539563,"(1, 0.014187)"
train,PN10,PN10_S05,PN10_S05_preictal,PN10-4.5.6.edf,50,6494.0,50,0.8333333333333334,1,0.014106321404142506,0.8463763078084918,0.15362369219150818,"(1, 0.014106)"
train,PN10,PN10_S05,PN10_S05_preictal,PN10-4.5.6.edf,51,6499.0,45,0.75,1,0.01416367041382907,0.8498172362890193,0.15018276371098072,"(1, 0.014164)"
train,PN10,PN10_S05,PN10_S05_preictal,PN10-4.5.6.edf,52,6504.0,40,0.6666666666666666,1,0.014227977994968872,0.8536756775884793,0.1463243224115207,"(1, 0.014228)"
train,PN10,PN10_S05,PN10_S05_preictal,PN10-4.5.6.edf,53,6509.0,35,0.5833333333333334,1,0.014251265957293764,0.8550729504142025,0.1449270495857975,"(1, 0.014251)"
train,PN10,PN10_S05,PN10_S05_preictal,PN10-4.5.6.edf,54,6514.0,30,0.5,1,0.014295387702549204,0.8577202458198211,0.1422797541801789,"(1, 0.014295)"
train,PN10,PN10_S05,PN10_S05_preictal,PN10-4.5.6.edf,55,6519.0,25,0.4166666666666667,1,0.014307577295102432,0.8584516188010054,0.1415483811989946,"(1, 0.014308)"
train,PN10,PN10_S05,PN10_S05_preictal,PN10-4.5.6.edf,56,6524.0,20,0.3333333333333333,1,0.014341406876968736,0.8604813865749269,0.1395186134250731,"(1, 0.014341)"
train,PN10,PN10_S05,PN10_S05_preictal,PN10-4.5.6.edf,57,6529.0,15,0.25,1,0.014366476647493418,0.8619855675166751,0.1380144324833249,"(1, 0.014366)"
train,PN10,PN10_S05,PN10_S05_preictal,PN10-4.5.6.edf,58,6534.0,10,0.16666666666666666,1,0.014163451893174092,0.8498041250958286,0.1501958749041714,"(1, 0.014163)"
train,PN10,PN10_S05,PN10_S05_preictal,PN10-4.5.6.edf,59,6539.0,5,0.08333333333333333,1,0.014072765347760773,0.8443629515059305,0.15563704849406945,"(1, 0.014073)"
train,PN10,PN10_S05,PN10_S05_preictal,PN10-4.5.6.edf,60,6544.0,0,0.0,1,0.013558747912190484,0.8135220138296196,0.18647798617038036,"(1, 0.013559)"
validation,PN10,PN10_S06,PN10_S06_preictal,PN10-4.5.6.edf,0,10925.0,300,5.0,1,0.00961965977909179,0.5771775569930372,0.4228224430069628,"(1, 0.009620)"
validation,PN10,PN10_S06,PN10_S06_preictal,PN10-4.5.6.edf,1,10930.0,295,4.916666666666667,1,0.009592497787143769,0.5755478432073482,0.4244521567926518,"(1, 0.009592)"
validation,PN10,PN10_S06,PN10_S06_preictal,PN10-4.5.6.edf,2,10935.0,290,4.833333333333333,1,0.009225843945755284,0.5535486900881619,0.4464513099118381,"(1, 0.009226)"
validation,PN10,PN10_S06,PN10_S06_preictal,PN10-4.5.6.edf,3,10940.0,285,4.75,1,0.009031695917234333,0.5418998493422248,0.4581001506577752,"(1, 0.009032)"
validation,PN10,PN10_S06,PN10_S06_preictal,PN10-4.5.6.edf,4,10945.0,280,4.666666666666667,1,0.00888730849192346,0.5332366342893831,0.46676336571061694,"(1, 0.008887)"
validation,PN10,PN10_S06,PN10_S06_preictal,PN10-4.5.6.edf,5,10950.0,275,4.583333333333333,1,0.008758995963897627,0.5255379096818332,0.4744620903181668,"(1, 0.008759)"
validation,PN10,PN10_S06,PN10_S06_preictal,PN10-4.5.6.edf,6,10955.0,270,4.5,1,0.008411769769660116,0.5047044112924632,0.49529558870753676,"(1, 0.008412)"
validation,PN10,PN10_S06,PN10_S06_preictal,PN10-4.5.6.edf,7,10960.0,265,4.416666666666667,1,0.008075606872953823,0.48453470842060564,0.5154652915793944,"(1, 0.008076)"
validation,PN10,PN10_S06,PN10_S06_preictal,PN10-4.5.6.edf,8,10965.0,260,4.333333333333333,1,0.007788468468478714,0.4673064647384295,0.5326935352615705,"(1, 0.007788)"
validation,PN10,PN10_S06,PN10_S06_preictal,PN10-4.5.6.edf,9,10970.0,255,4.25,1,0.007596290763916422,0.45577584301427265,0.5442241569857273,"(1, 0.007596)"
validation,PN10,PN10_S06,PN10_S06_preictal,PN10-4.5.6.edf,10,10975.0,250,4.166666666666667,1,0.007319439825939381,0.4391648451513206,0.5608351548486794,"(1, 0.007319)"
validation,PN10,PN10_S06,PN10_S06_preictal,PN10-4.5.6.edf,11,10980.0,245,4.083333333333333,1,0.007031308079136202,0.421877001139056,0.578122998860944,"(1, 0.007031)"
validation,PN10,PN10_S06,PN10_S06_preictal,PN10-4.5.6.edf,12,10985.0,240,4.0,1,0.0067574934631757615,0.4054481819564346,0.5945518180435654,"(1, 0.006757)"
validation,PN10,PN10_S06,PN10_S06_preictal,PN10-4.5.6.edf,13,10990.0,235,3.9166666666666665,1,0.006490332291934072,0.38941856805305863,0.6105814319469414,"(1, 0.006490)"
validation,PN10,PN10_S06,PN10_S06_preictal,PN10-4.5.6.edf,14,10995.0,230,3.8333333333333335,1,0.006392789411144871,0.38356601578729754,0.6164339842127025,"(1, 0.006393)"
validation,PN10,PN10_S06,PN10_S06_preictal,PN10-4.5.6.edf,15,11000.0,225,3.75,1,0.006438551921967132,0.38631175678072327,0.6136882432192767,"(1, 0.006439)"
validation,PN10,PN10_S06,PN10_S06_preictal,PN10-4.5.6.edf,16,11005.0,220,3.6666666666666665,1,0.006426267042006038,0.3855746665751727,0.6144253334248273,"(1, 0.006426)"
validation,PN10,PN10_S06,PN10_S06_preictal,PN10-4.5.6.edf,17,11010.0,215,3.5833333333333335,1,0.0063522337747248196,0.3811326861593518,0.6188673138406482,"(1, 0.006352)"
validation,PN10,PN10_S06,PN10_S06_preictal,PN10-4.5.6.edf,18,11015.0,210,3.5,1,0.00614521350689343,0.36871151377083655,0.6312884862291634,"(1, 0.006145)"
validation,PN10,PN10_S06,PN10_S06_preictal,PN10-4.5.6.edf,19,11020.0,205,3.4166666666666665,1,0.006001214668950825,0.3600716138780987,0.6399283861219013,"(1, 0.006001)"
validation,PN10,PN10_S06,PN10_S06_preictal,PN10-4.5.6.edf,20,11025.0,200,3.3333333333333335,1,0.005557107802680341,0.333425295608615,0.666574704391385,"(1, 0.005557)"
validation,PN10,PN10_S06,PN10_S06_preictal,PN10-4.5.6.edf,21,11030.0,195,3.25,60,0.03741035838946271,0.3199070342552107,0.6800929657447893,"(60, 0.037410)"
validation,PN10,PN10_S06,PN10_S06_preictal,PN10-4.5.6.edf,22,11035.0,190,3.1666666666666665,60,0.03572528058523763,0.30491422139523494,0.6950857786047651,"(60, 0.035725)"
validation,PN10,PN10_S06,PN10_S06_preictal,PN10-4.5.6.edf,23,11040.0,185,3.0833333333333335,60,0.03302928854438969,0.29051839361000975,0.7094816063899902,"(60, 0.033029)"
validation,PN10,PN10_S06,PN10_S06_preictal,PN10-4.5.6.edf,24,11045.0,180,3.0,60,0.02010565071942657,0.27671750366953507,0.7232824963304649,"(60, 0.020106)"
validation,PN10,PN10_S06,PN10_S06_preictal,PN10-4.5.6.edf,25,11050.0,175,2.9166666666666665,60,0.029026027504872504,0.2646787909432864,0.7353212090567136,"(60, 0.029026)"
validation,PN10,PN10_S06,PN10_S06_preictal,PN10-4.5.6.edf,26,11055.0,170,2.8333333333333335,1,0.004247916939637906,0.25487412006592036,0.7451258799340796,"(1, 0.004248)"
validation,PN10,PN10_S06,PN10_S06_preictal,PN10-4.5.6.edf,27,11060.0,165,2.75,60,0.026732845846776373,0.24764924861691817,0.7523507513830818,"(60, 0.026733)"
validation,PN10,PN10_S06,PN10_S06_preictal,PN10-4.5.6.edf,28,11065.0,160,2.6666666666666665,60,0.02329062379089275,0.23964533869081595,0.760354661309184,"(60, 0.023291)"
validation,PN10,PN10_S06,PN10_S06_preictal,PN10-4.5.6.edf,29,11070.0,155,2.5833333333333335,60,0.004092310975103511,0.23198291442976804,0.768017085570232,"(60, 0.004092)"
validation,PN10,PN10_S06,PN10_S06_preictal,PN10-4.5.6.edf,30,11075.0,150,2.5,60,0.008662832087169482,0.22610009233801986,0.7738999076619801,"(60, 0.008663)"
validation,PN10,PN10_S06,PN10_S06_preictal,PN10-4.5.6.edf,31,11080.0,145,2.4166666666666665,1,0.0037118790349097604,0.22271195888646667,0.7772880411135333,"(1, 0.003712)"
validation,PN10,PN10_S06,PN10_S06_preictal,PN10-4.5.6.edf,32,11085.0,140,2.3333333333333335,60,0.004738340400122462,0.24028468542560177,0.7597153145743982,"(60, 0.004738)"
validation,PN10,PN10_S06,PN10_S06_preictal,PN10-4.5.6.edf,33,11090.0,135,2.25,60,0.011774317233577521,0.23839599491501273,0.7616040050849873,"(60, 0.011774)"
validation,PN10,PN10_S06,PN10_S06_preictal,PN10-4.5.6.edf,34,11095.0,130,2.1666666666666665,1,0.0044583503027500115,0.2675000774511139,0.7324999225488861,"(1, 0.004458)"
validation,PN10,PN10_S06,PN10_S06_preictal,PN10-4.5.6.edf,35,11100.0,125,2.0833333333333335,1,0.005275702333591393,0.31654102683995666,0.6834589731600433,"(1, 0.005276)"
validation,PN10,PN10_S06,PN10_S06_preictal,PN10-4.5.6.edf,36,11105.0,120,2.0,60,0.02307118626267495,0.33964092656907985,0.6603590734309202,"(60, 0.023071)"
validation,PN10,PN10_S06,PN10_S06_preictal,PN10-4.5.6.edf,37,11110.0,115,1.9166666666666667,1,0.005937382275954607,0.35624168376698884,0.6437583162330112,"(1, 0.005937)"
validation,PN10,PN10_S06,PN10_S06_preictal,PN10-4.5.6.edf,38,11115.0,110,1.8333333333333333,1,0.006232798694964492,0.3739666065745868,0.6260333934254132,"(1, 0.006233)"
validation,PN10,PN10_S06,PN10_S06_preictal,PN10-4.5.6.edf,39,11120.0,105,1.75,1,0.006350905816087957,0.38105300892133986,0.6189469910786601,"(1, 0.006351)"
validation,PN10,PN10_S06,PN10_S06_preictal,PN10-4.5.6.edf,40,11125.0,100,1.6666666666666667,1,0.006665644796847946,0.399937281356875,0.600062718643125,"(1, 0.006666)"
validation,PN10,PN10_S06,PN10_S06_preictal,PN10-4.5.6.edf,41,11130.0,95,1.5833333333333333,1,0.006900834108110375,0.4140485904075719,0.5859514095924281,"(1, 0.006901)"
validation,PN10,PN10_S06,PN10_S06_preictal,PN10-4.5.6.edf,42,11135.0,90,1.5,1,0.007041409090184096,0.4224830596706117,0.5775169403293883,"(1, 0.007041)"
validation,PN10,PN10_S06,PN10_S06_preictal,PN10-4.5.6.edf,43,11140.0,85,1.4166666666666667,1,0.007186564893943621,0.43119237726824444,0.5688076227317556,"(1, 0.007187)"
validation,PN10,PN10_S06,PN10_S06_preictal,PN10-4.5.6.edf,44,11145.0,80,1.3333333333333333,1,0.007306680782632075,0.4383993052450461,0.5616006947549539,"(1, 0.007307)"
validation,PN10,PN10_S06,PN10_S06_preictal,PN10-4.5.6.edf,45,11150.0,75,1.25,1,0.007349588722381533,0.44097377257641923,0.5590262274235808,"(1, 0.007350)"
validation,PN10,PN10_S06,PN10_S06_preictal,PN10-4.5.6.edf,46,11155.0,70,1.1666666666666667,1,0.0073342530176454,0.4400536335280918,0.5599463664719082,"(1, 0.007334)"
validation,PN10,PN10_S06,PN10_S06_preictal,PN10-4.5.6.edf,47,11160.0,65,1.0833333333333333,1,0.007316979417734373,0.4390172211781673,0.5609827788218327,"(1, 0.007317)"
validation,PN10,PN10_S06,PN10_S06_preictal,PN10-4.5.6.edf,48,11165.0,60,1.0,1,0.007223345037564426,0.4333991781248663,0.5666008218751337,"(1, 0.007223)"
validation,PN10,PN10_S06,PN10_S06_preictal,PN10-4.5.6.edf,49,11170.0,55,0.9166666666666666,1,0.007115988027474081,0.4269577801718222,0.5730422198281778,"(1, 0.007116)"
validation,PN10,PN10_S06,PN10_S06_preictal,PN10-4.5.6.edf,50,11175.0,50,0.8333333333333334,1,0.007073224446681622,0.42439197434740905,0.575608025652591,"(1, 0.007073)"
validation,PN10,PN10_S06,PN10_S06_preictal,PN10-4.5.6.edf,51,11180.0,45,0.75,60,0.025245615729073703,0.4202643532458903,0.5797356467541097,"(60, 0.025246)"
validation,PN10,PN10_S06,PN10_S06_preictal,PN10-4.5.6.edf,52,11185.0,40,0.6666666666666666,60,0.04931681442421673,0.42839166123035444,0.5716083387696456,"(60, 0.049317)"
validation,PN10,PN10_S06,PN10_S06_preictal,PN10-4.5.6.edf,53,11190.0,35,0.5833333333333334,60,0.0518307012534827,0.4421207503348029,0.5578792496651971,"(60, 0.051831)"
validation,PN10,PN10_S06,PN10_S06_preictal,PN10-4.5.6.edf,54,11195.0,30,0.5,60,0.053814693087035376,0.4596164939268248,0.5403835060731752,"(60, 0.053815)"
validation,PN10,PN10_S06,PN10_S06_preictal,PN10-4.5.6.edf,55,11200.0,25,0.4166666666666667,60,0.05301077381962785,0.48202891265846093,0.5179710873415391,"(60, 0.053011)"
validation,PN10,PN10_S06,PN10_S06_preictal,PN10-4.5.6.edf,56,11205.0,20,0.3333333333333333,60,0.04381808351015197,0.5035026716165741,0.49649732838342586,"(60, 0.043818)"
validation,PN10,PN10_S06,PN10_S06_preictal,PN10-4.5.6.edf,57,11210.0,15,0.25,53,0.026327223105818823,0.5240636345826324,0.4759363654173676,"(53, 0.026327)"
validation,PN10,PN10_S06,PN10_S06_preictal,PN10-4.5.6.edf,58,11215.0,10,0.16666666666666666,36,0.025645593591175322,0.5367436150856819,0.4632563849143181,"(36, 0.025646)"
validation,PN10,PN10_S06,PN10_S06_preictal,PN10-4.5.6.edf,59,11220.0,5,0.08333333333333333,57,0.030712227973308664,0.5231770042649123,0.4768229957350877,"(57, 0.030712)"
validation,PN10,PN10_S06,PN10_S06_preictal,PN10-4.5.6.edf,60,11225.0,0,0.0,60,0.05146656650391007,0.5046008886487697,0.49539911135123027,"(60, 0.051467)"
train,PN10,PN10_S07,PN10_S07_preictal,PN10-7.8.9.edf,0,2448.0,300,5.0,1,0.013974116030899528,0.8384440133093054,0.1615559866906946,"(1, 0.013974)"
train,PN10,PN10_S07,PN10_S07_preictal,PN10-7.8.9.edf,1,2453.0,295,4.916666666666667,1,0.013970759399269918,0.8382426161197796,0.16175738388022043,"(1, 0.013971)"
train,PN10,PN10_S07,PN10_S07_preictal,PN10-7.8.9.edf,2,2458.0,290,4.833333333333333,1,0.014158999328358476,0.8495369721463847,0.15046302785361532,"(1, 0.014159)"
train,PN10,PN10_S07,PN10_S07_preictal,PN10-7.8.9.edf,3,2463.0,285,4.75,1,0.014307865420548602,0.858468906266981,0.14153109373301898,"(1, 0.014308)"
train,PN10,PN10_S07,PN10_S07_preictal,PN10-7.8.9.edf,4,2468.0,280,4.666666666666667,1,0.014426734972730046,0.8656010543163395,0.1343989456836605,"(1, 0.014427)"
train,PN10,PN10_S07,PN10_S07_preictal,PN10-7.8.9.edf,5,2473.0,275,4.583333333333333,1,0.014576788689940086,0.8746042456875411,0.12539575431245886,"(1, 0.014577)"
train,PN10,PN10_S07,PN10_S07_preictal,PN10-7.8.9.edf,6,2478.0,270,4.5,1,0.014616469856743131,0.8769851073229801,0.12301489267701993,"(1, 0.014616)"
train,PN10,PN10_S07,PN10_S07_preictal,PN10-7.8.9.edf,7,2483.0,265,4.416666666666667,1,0.014610818763685637,0.8766460429319136,0.12335395706808638,"(1, 0.014611)"
train,PN10,PN10_S07,PN10_S07_preictal,PN10-7.8.9.edf,8,2488.0,260,4.333333333333333,1,0.014635666066926855,0.8781368758835947,0.12186312411640532,"(1, 0.014636)"
train,PN10,PN10_S07,PN10_S07_preictal,PN10-7.8.9.edf,9,2493.0,255,4.25,1,0.01471427879502931,0.8828536229824216,0.11714637701757835,"(1, 0.014714)"
train,PN10,PN10_S07,PN10_S07_preictal,PN10-7.8.9.edf,10,2498.0,250,4.166666666666667,1,0.014812575394711027,0.8887513982226986,0.11124860177730145,"(1, 0.014813)"
train,PN10,PN10_S07,PN10_S07_preictal,PN10-7.8.9.edf,11,2503.0,245,4.083333333333333,1,0.014926910245830503,0.895611465165163,0.10438853483483701,"(1, 0.014927)"
train,PN10,PN10_S07,PN10_S07_preictal,PN10-7.8.9.edf,12,2508.0,240,4.0,1,0.015024431642109924,0.9014627283648704,0.0985372716351296,"(1, 0.015024)"
train,PN10,PN10_S07,PN10_S07_preictal,PN10-7.8.9.edf,13,2513.0,235,3.9166666666666665,1,0.015057479507257086,0.9034455933005859,0.09655440669941406,"(1, 0.015057)"
train,PN10,PN10_S07,PN10_S07_preictal,PN10-7.8.9.edf,14,2518.0,230,3.8333333333333335,1,0.015075104053787087,0.9045030623735989,0.0954969376264011,"(1, 0.015075)"
train,PN10,PN10_S07,PN10_S07_preictal,PN10-7.8.9.edf,15,2523.0,225,3.75,1,0.01508960017500762,0.9053728265881429,0.09462717341185711,"(1, 0.015090)"
train,PN10,PN10_S07,PN10_S07_preictal,PN10-7.8.9.edf,16,2528.0,220,3.6666666666666665,1,0.014937373070701039,0.8962392324497345,0.10376076755026553,"(1, 0.014937)"
train,PN10,PN10_S07,PN10_S07_preictal,PN10-7.8.9.edf,17,2533.0,215,3.5833333333333335,1,0.014662800992976037,0.8797649657210642,0.12023503427893578,"(1, 0.014663)"
train,PN10,PN10_S07,PN10_S07_preictal,PN10-7.8.9.edf,18,2538.0,210,3.5,1,0.014180716756340264,0.8508400132429051,0.14915998675709485,"(1, 0.014181)"
train,PN10,PN10_S07,PN10_S07_preictal,PN10-7.8.9.edf,19,2543.0,205,3.4166666666666665,1,0.01435012447602135,0.8610044406786664,0.13899555932133356,"(1, 0.014350)"
train,PN10,PN10_S07,PN10_S07_preictal,PN10-7.8.9.edf,20,2548.0,200,3.3333333333333335,1,0.014499329433739874,0.8699567066594658,0.13004329334053422,"(1, 0.014499)"
train,PN10,PN10_S07,PN10_S07_preictal,PN10-7.8.9.edf,21,2553.0,195,3.25,1,0.014589784228839752,0.8753839752794567,0.12461602472054334,"(1, 0.014590)"
train,PN10,PN10_S07,PN10_S07_preictal,PN10-7.8.9.edf,22,2558.0,190,3.1666666666666665,1,0.014735639442448066,0.8841352573204408,0.11586474267955915,"(1, 0.014736)"
train,PN10,PN10_S07,PN10_S07_preictal,PN10-7.8.9.edf,23,2563.0,185,3.0833333333333335,1,0.014864751577307142,0.8918819581692679,0.10811804183073215,"(1, 0.014865)"
train,PN10,PN10_S07,PN10_S07_preictal,PN10-7.8.9.edf,24,2568.0,180,3.0,1,0.014960952594189659,0.8976539988837617,0.10234600111623826,"(1, 0.014961)"
train,PN10,PN10_S07,PN10_S07_preictal,PN10-7.8.9.edf,25,2573.0,175,2.9166666666666665,1,0.015047839067268264,0.9028671689353938,0.09713283106460624,"(1, 0.015048)"
train,PN10,PN10_S07,PN10_S07_preictal,PN10-7.8.9.edf,26,2578.0,170,2.8333333333333335,1,0.015055176475304088,0.9033074118693468,0.09669258813065318,"(1, 0.015055)"
train,PN10,PN10_S07,PN10_S07_preictal,PN10-7.8.9.edf,27,2583.0,165,2.75,1,0.015049069088920846,0.9029409699750136,0.09705903002498639,"(1, 0.015049)"
train,PN10,PN10_S07,PN10_S07_preictal,PN10-7.8.9.edf,28,2588.0,160,2.6666666666666665,1,0.015072860693130779,0.9043684612075705,0.09563153879242947,"(1, 0.015073)"
train,PN10,PN10_S07,PN10_S07_preictal,PN10-7.8.9.edf,29,2593.0,155,2.5833333333333335,1,0.015037265936288359,0.9022327833075348,0.09776721669246524,"(1, 0.015037)"
train,PN10,PN10_S07,PN10_S07_preictal,PN10-7.8.9.edf,30,2598.0,150,2.5,1,0.01499382757645228,0.8996264908828832,0.10037350911711684,"(1, 0.014994)"
train,PN10,PN10_S07,PN10_S07_preictal,PN10-7.8.9.edf,31,2603.0,145,2.4166666666666665,1,0.014790893688692155,0.8874505004364158,0.11254949956358418,"(1, 0.014791)"
train,PN10,PN10_S07,PN10_S07_preictal,PN10-7.8.9.edf,32,2608.0,140,2.3333333333333335,1,0.014753700277861681,0.8852189036344136,0.11478109636558642,"(1, 0.014754)"
train,PN10,PN10_S07,PN10_S07_preictal,PN10-7.8.9.edf,33,2613.0,135,2.25,1,0.014767035210117156,0.8860189967560654,0.11398100324393456,"(1, 0.014767)"
train,PN10,PN10_S07,PN10_S07_preictal,PN10-7.8.9.edf,34,2618.0,130,2.1666666666666665,1,0.014813779288548327,0.8888236315989144,0.11117636840108558,"(1, 0.014814)"
train,PN10,PN10_S07,PN10_S07_preictal,PN10-7.8.9.edf,35,2623.0,125,2.0833333333333335,1,0.014851656813973435,0.8910962751322463,0.10890372486775368,"(1, 0.014852)"
train,PN10,PN10_S07,PN10_S07_preictal,PN10-7.8.9.edf,36,2628.0,120,2.0,1,0.014860865768542285,0.8916488104632838,0.10835118953671619,"(1, 0.014861)"
train,PN10,PN10_S07,PN10_S07_preictal,PN10-7.8.9.edf,37,2633.0,115,1.9166666666666667,1,0.014853953931688101,0.8912341017104334,0.10876589828956662,"(1, 0.014854)"
train,PN10,PN10_S07,PN10_S07_preictal,PN10-7.8.9.edf,38,2638.0,110,1.8333333333333333,1,0.014871674207578444,0.8922973145248679,0.10770268547513207,"(1, 0.014872)"
train,PN10,PN10_S07,PN10_S07_preictal,PN10-7.8.9.edf,39,2643.0,105,1.75,1,0.014877258364142979,0.8926323627404805,0.10736763725951948,"(1, 0.014877)"
train,PN10,PN10_S07,PN10_S07_preictal,PN10-7.8.9.edf,40,2648.0,100,1.6666666666666667,1,0.014772145366714173,0.8863256050736411,0.11367439492635889,"(1, 0.014772)"
train,PN10,PN10_S07,PN10_S07_preictal,PN10-7.8.9.edf,41,2653.0,95,1.5833333333333333,1,0.014478174423232279,0.8686874104927267,0.13131258950727331,"(1, 0.014478)"
train,PN10,PN10_S07,PN10_S07_preictal,PN10-7.8.9.edf,42,2658.0,90,1.5,60,0.09169441220843419,0.8715154390138145,0.12848456098618555,"(60, 0.091694)"
train,PN10,PN10_S07,PN10_S07_preictal,PN10-7.8.9.edf,43,2663.0,85,1.4166666666666667,60,0.10010848392474156,0.8764435602848396,0.1235564397151604,"(60, 0.100108)"
train,PN10,PN10_S07,PN10_S07_preictal,PN10-7.8.9.edf,44,2668.0,80,1.3333333333333333,60,0.09633587221168578,0.8840713473953712,0.11592865260462881,"(60, 0.096336)"
train,PN10,PN10_S07,PN10_S07_preictal,PN10-7.8.9.edf,45,2673.0,75,1.25,60,0.10451345256252285,0.8916679924298411,0.10833200757015893,"(60, 0.104513)"
train,PN10,PN10_S07,PN10_S07_preictal,PN10-7.8.9.edf,46,2678.0,70,1.1666666666666667,60,0.10396091480659878,0.8978733593200798,0.10212664067992017,"(60, 0.103961)"
train,PN10,PN10_S07,PN10_S07_preictal,PN10-7.8.9.edf,47,2683.0,65,1.0833333333333333,1,0.015019060963446395,0.9011404887782742,0.09885951122172576,"(1, 0.015019)"
train,PN10,PN10_S07,PN10_S07_preictal,PN10-7.8.9.edf,48,2688.0,60,1.0,1,0.015110980145163329,0.9066556202863023,0.09334437971369769,"(1, 0.015111)"
train,PN10,PN10_S07,PN10_S07_preictal,PN10-7.8.9.edf,49,2693.0,55,0.9166666666666666,60,0.08473980785453679,0.912819298169753,0.08718070183024695,"(60, 0.084740)"
train,PN10,PN10_S07,PN10_S07_preictal,PN10-7.8.9.edf,50,2698.0,50,0.8333333333333334,60,0.04007727582723071,0.9161888491493472,0.08381115085065283,"(60, 0.040077)"
train,PN10,PN10_S07,PN10_S07_preictal,PN10-7.8.9.edf,51,2703.0,45,0.75,1,0.01528716558859981,0.9172267097172846,0.0827732902827154,"(1, 0.015287)"
train,PN10,PN10_S07,PN10_S07_preictal,PN10-7.8.9.edf,52,2708.0,40,0.6666666666666666,1,0.015232030765531208,0.9139186319666406,0.08608136803335942,"(1, 0.015232)"
train,PN10,PN10_S07,PN10_S07_preictal,PN10-7.8.9.edf,53,2713.0,35,0.5833333333333334,1,0.015335694440597798,0.9201384305975546,0.07986156940244538,"(1, 0.015336)"
train,PN10,PN10_S07,PN10_S07_preictal,PN10-7.8.9.edf,54,2718.0,30,0.5,1,0.015423872451501942,0.925429092646204,0.07457090735379601,"(1, 0.015424)"
train,PN10,PN10_S07,PN10_S07_preictal,PN10-7.8.9.edf,55,2723.0,25,0.4166666666666667,1,0.015452594508461134,0.9271524100033888,0.07284758999661123,"(1, 0.015453)"
train,PN10,PN10_S07,PN10_S07_preictal,PN10-7.8.9.edf,56,2728.0,20,0.3333333333333333,1,0.015456048674520514,0.927359659238121,0.07264034076187897,"(1, 0.015456)"
train,PN10,PN10_S07,PN10_S07_preictal,PN10-7.8.9.edf,57,2733.0,15,0.25,1,0.015494561130058237,0.9296703984442393,0.07032960155576073,"(1, 0.015495)"
train,PN10,PN10_S07,PN10_S07_preictal,PN10-7.8.9.edf,58,2738.0,10,0.16666666666666666,1,0.015491704617532853,0.9294990082954416,0.07050099170455837,"(1, 0.015492)"
train,PN10,PN10_S07,PN10_S07_preictal,PN10-7.8.9.edf,59,2743.0,5,0.08333333333333333,1,0.015477556763264408,0.9286501400245384,0.07134985997546162,"(1, 0.015478)"
train,PN10,PN10_S07,PN10_S07_preictal,PN10-7.8.9.edf,60,2748.0,0,0.0,1,0.015288534030981222,0.9173088159714274,0.08269118402857256,"(1, 0.015289)"
test,PN10,PN10_S08,PN10_S08_preictal,PN10-7.8.9.edf,0,5159.0,300,5.0,1,0.003692730648849841,0.22156305976318946,0.7784369402368105,"(1, 0.003693)"
test,PN10,PN10_S08,PN10_S08_preictal,PN10-7.8.9.edf,1,5164.0,295,4.916666666666667,1,0.0036738388867704245,0.22042955802459463,0.7795704419754054,"(1, 0.003674)"
test,PN10,PN10_S08,PN10_S08_preictal,PN10-7.8.9.edf,2,5169.0,290,4.833333333333333,1,0.0036249325196398645,0.21749518631602616,0.7825048136839738,"(1, 0.003625)"
test,PN10,PN10_S08,PN10_S08_preictal,PN10-7.8.9.edf,3,5174.0,285,4.75,1,0.0035395658961953733,0.212373206921752,0.787626793078248,"(1, 0.003540)"
test,PN10,PN10_S08,PN10_S08_preictal,PN10-7.8.9.edf,4,5179.0,280,4.666666666666667,1,0.003494960655099037,0.2096969018676974,0.7903030981323026,"(1, 0.003495)"
test,PN10,PN10_S08,PN10_S08_preictal,PN10-7.8.9.edf,5,5184.0,275,4.583333333333333,1,0.0034020863350604008,0.20412446226190184,0.7958755377380982,"(1, 0.003402)"
test,PN10,PN10_S08,PN10_S08_preictal,PN10-7.8.9.edf,6,5189.0,270,4.5,1,0.003347466099945385,0.2008472596798947,0.7991527403201053,"(1, 0.003347)"
test,PN10,PN10_S08,PN10_S08_preictal,PN10-7.8.9.edf,7,5194.0,265,4.416666666666667,1,0.003288870208840679,0.1973315185773713,0.8026684814226287,"(1, 0.003289)"
test,PN10,PN10_S08,PN10_S08_preictal,PN10-7.8.9.edf,8,5199.0,260,4.333333333333333,1,0.0032971961819405742,0.19783107520658105,0.802168924793419,"(1, 0.003297)"
test,PN10,PN10_S08,PN10_S08_preictal,PN10-7.8.9.edf,9,5204.0,255,4.25,1,0.0032454162793460377,0.19472429197649122,0.8052757080235088,"(1, 0.003245)"
test,PN10,PN10_S08,PN10_S08_preictal,PN10-7.8.9.edf,10,5209.0,250,4.166666666666667,1,0.0031756044140570723,0.19053559478948778,0.8094644052105122,"(1, 0.003176)"
test,PN10,PN10_S08,PN10_S08_preictal,PN10-7.8.9.edf,11,5214.0,245,4.083333333333333,1,0.003098794344412382,0.18592700681776497,0.814072993182235,"(1, 0.003099)"
test,PN10,PN10_S08,PN10_S08_preictal,PN10-7.8.9.edf,12,5219.0,240,4.0,1,0.003029339935711597,0.18175975695062885,0.8182402430493712,"(1, 0.003029)"
test,PN10,PN10_S08,PN10_S08_preictal,PN10-7.8.9.edf,13,5224.0,235,3.9166666666666665,1,0.0029096492209686763,0.17457833932084743,0.8254216606791526,"(1, 0.002910)"
test,PN10,PN10_S08,PN10_S08_preictal,PN10-7.8.9.edf,14,5229.0,230,3.8333333333333335,1,0.0028856531886871347,0.17313858244712832,0.8268614175528717,"(1, 0.002886)"
test,PN10,PN10_S08,PN10_S08_preictal,PN10-7.8.9.edf,15,5234.0,225,3.75,1,0.003002727797610679,0.18016303427974667,0.8198369657202533,"(1, 0.003003)"
test,PN10,PN10_S08,PN10_S08_preictal,PN10-7.8.9.edf,16,5239.0,220,3.6666666666666665,1,0.003257807822383887,0.19546778194414105,0.804532218055859,"(1, 0.003258)"
test,PN10,PN10_S08,PN10_S08_preictal,PN10-7.8.9.edf,17,5244.0,215,3.5833333333333335,1,0.0032480359952044187,0.19488147437523284,0.8051185256247672,"(1, 0.003248)"
test,PN10,PN10_S08,PN10_S08_preictal,PN10-7.8.9.edf,18,5249.0,210,3.5,1,0.003179725519015256,0.19078286021742374,0.8092171397825763,"(1, 0.003180)"
test,PN10,PN10_S08,PN10_S08_preictal,PN10-7.8.9.edf,19,5254.0,205,3.4166666666666665,1,0.003446520283891044,0.20679048981615766,0.7932095101838423,"(1, 0.003447)"
test,PN10,PN10_S08,PN10_S08_preictal,PN10-7.8.9.edf,20,5259.0,200,3.3333333333333335,1,0.0036318016071613074,0.21790733011793217,0.7820926698820678,"(1, 0.003632)"
test,PN10,PN10_S08,PN10_S08_preictal,PN10-7.8.9.edf,21,5264.0,195,3.25,1,0.004009105048613967,0.24054545699389873,0.7594545430061013,"(1, 0.004009)"
test,PN10,PN10_S08,PN10_S08_preictal,PN10-7.8.9.edf,22,5269.0,190,3.1666666666666665,1,0.004297201308852166,0.2578311718197521,0.7421688281802479,"(1, 0.004297)"
test,PN10,PN10_S08,PN10_S08_preictal,PN10-7.8.9.edf,23,5274.0,185,3.0833333333333335,1,0.0045256865860504635,0.27154024024115553,0.7284597597588445,"(1, 0.004526)"
test,PN10,PN10_S08,PN10_S08_preictal,PN10-7.8.9.edf,24,5279.0,180,3.0,1,0.004822446251515459,0.2893457575526345,0.7106542424473655,"(1, 0.004822)"
test,PN10,PN10_S08,PN10_S08_preictal,PN10-7.8.9.edf,25,5284.0,175,2.9166666666666665,1,0.005158501387438243,0.3095089948002192,0.6904910051997808,"(1, 0.005159)"
test,PN10,PN10_S08,PN10_S08_preictal,PN10-7.8.9.edf,26,5289.0,170,2.8333333333333335,1,0.005451737092627716,0.32710307523872395,0.672896924761276,"(1, 0.005452)"
test,PN10,PN10_S08,PN10_S08_preictal,PN10-7.8.9.edf,27,5294.0,165,2.75,1,0.005581317224019059,0.3348778557807395,0.6651221442192605,"(1, 0.005581)"
test,PN10,PN10_S08,PN10_S08_preictal,PN10-7.8.9.edf,28,5299.0,160,2.6666666666666665,1,0.0057977639130102065,0.34786461144986114,0.6521353885501389,"(1, 0.005798)"
test,PN10,PN10_S08,PN10_S08_preictal,PN10-7.8.9.edf,29,5304.0,155,2.5833333333333335,1,0.005948680979517004,0.3569196035967013,0.6430803964032987,"(1, 0.005949)"
test,PN10,PN10_S08,PN10_S08_preictal,PN10-7.8.9.edf,30,5309.0,150,2.5,1,0.00601832087276957,0.3610979824978069,0.6389020175021931,"(1, 0.006018)"
test,PN10,PN10_S08,PN10_S08_preictal,PN10-7.8.9.edf,31,5314.0,145,2.4166666666666665,1,0.006054249570071779,0.36325369675496844,0.6367463032450316,"(1, 0.006054)"
test,PN10,PN10_S08,PN10_S08_preictal,PN10-7.8.9.edf,32,5319.0,140,2.3333333333333335,1,0.006185830776603641,0.3711485413831872,0.6288514586168128,"(1, 0.006186)"
test,PN10,PN10_S08,PN10_S08_preictal,PN10-7.8.9.edf,33,5324.0,135,2.25,1,0.006127983914727238,0.3676777418763165,0.6323222581236835,"(1, 0.006128)"
test,PN10,PN10_S08,PN10_S08_preictal,PN10-7.8.9.edf,34,5329.0,130,2.1666666666666665,1,0.006043025669139748,0.36258026506729457,0.6374197349327054,"(1, 0.006043)"
test,PN10,PN10_S08,PN10_S08_preictal,PN10-7.8.9.edf,35,5334.0,125,2.0833333333333335,1,0.006065705630896188,0.363941057987199,0.636058942012801,"(1, 0.006066)"
test,PN10,PN10_S08,PN10_S08_preictal,PN10-7.8.9.edf,36,5339.0,120,2.0,1,0.006054741854883849,0.3632832337398202,0.6367167662601798,"(1, 0.006055)"
test,PN10,PN10_S08,PN10_S08_preictal,PN10-7.8.9.edf,37,5344.0,115,1.9166666666666667,1,0.006151647817577573,0.3690975710542427,0.6309024289457573,"(1, 0.006152)"
test,PN10,PN10_S08,PN10_S08_preictal,PN10-7.8.9.edf,38,5349.0,110,1.8333333333333333,1,0.006294713567857555,0.377681485884105,0.622318514115895,"(1, 0.006295)"
test,PN10,PN10_S08,PN10_S08_preictal,PN10-7.8.9.edf,39,5354.0,105,1.75,1,0.006363571660394937,0.3818129569072599,0.6181870430927401,"(1, 0.006364)"
test,PN10,PN10_S08,PN10_S08_preictal,PN10-7.8.9.edf,40,5359.0,100,1.6666666666666667,1,0.006416635740920556,0.38499679054225266,0.6150032094577473,"(1, 0.006417)"
test,PN10,PN10_S08,PN10_S08_preictal,PN10-7.8.9.edf,41,5364.0,95,1.5833333333333333,1,0.006447463972883138,0.38684647795523697,0.613153522044763,"(1, 0.006447)"
test,PN10,PN10_S08,PN10_S08_preictal,PN10-7.8.9.edf,42,5369.0,90,1.5,1,0.00649149156227264,0.3894881240287662,0.6105118759712338,"(1, 0.006491)"
test,PN10,PN10_S08,PN10_S08_preictal,PN10-7.8.9.edf,43,5374.0,85,1.4166666666666667,1,0.00669227457518027,0.4015350624379195,0.5984649375620805,"(1, 0.006692)"
test,PN10,PN10_S08,PN10_S08_preictal,PN10-7.8.9.edf,44,5379.0,80,1.3333333333333333,1,0.00686564813084554,0.4119374391959387,0.5880625608040613,"(1, 0.006866)"
test,PN10,PN10_S08,PN10_S08_preictal,PN10-7.8.9.edf,45,5384.0,75,1.25,1,0.006552296373717539,0.393136399885618,0.606863600114382,"(1, 0.006552)"
test,PN10,PN10_S08,PN10_S08_preictal,PN10-7.8.9.edf,46,5389.0,70,1.1666666666666667,1,0.0060607018833395716,0.3636408341895949,0.6363591658104051,"(1, 0.006061)"
test,PN10,PN10_S08,PN10_S08_preictal,PN10-7.8.9.edf,47,5394.0,65,1.0833333333333333,1,0.005684177812134514,0.34104946936403713,0.6589505306359629,"(1, 0.005684)"
test,PN10,PN10_S08,PN10_S08_preictal,PN10-7.8.9.edf,48,5399.0,60,1.0,1,0.005235612737912288,0.31413565955813283,0.6858643404418672,"(1, 0.005236)"
test,PN10,PN10_S08,PN10_S08_preictal,PN10-7.8.9.edf,49,5404.0,55,0.9166666666666666,1,0.005066680057009261,0.30399973434882155,0.6960002656511785,"(1, 0.005067)"
test,PN10,PN10_S08,PN10_S08_preictal,PN10-7.8.9.edf,50,5409.0,50,0.8333333333333334,1,0.004974230974356353,0.29845280889644443,0.7015471911035556,"(1, 0.004974)"
test,PN10,PN10_S08,PN10_S08_preictal,PN10-7.8.9.edf,51,5414.0,45,0.75,1,0.0048800460201431795,0.29280173151672106,0.7071982684832789,"(1, 0.004880)"
test,PN10,PN10_S08,PN10_S08_preictal,PN10-7.8.9.edf,52,5419.0,40,0.6666666666666666,1,0.004757527195080244,0.2854506278644712,0.7145493721355288,"(1, 0.004758)"
test,PN10,PN10_S08,PN10_S08_preictal,PN10-7.8.9.edf,53,5424.0,35,0.5833333333333334,1,0.004727070615141226,0.283623239494482,0.716376760505518,"(1, 0.004727)"
test,PN10,PN10_S08,PN10_S08_preictal,PN10-7.8.9.edf,54,5429.0,30,0.5,1,0.004712731563068003,0.2827628993956349,0.7172371006043651,"(1, 0.004713)"
test,PN10,PN10_S08,PN10_S08_preictal,PN10-7.8.9.edf,55,5434.0,25,0.4166666666666667,1,0.004690310131588503,0.2814176182377969,0.7185823817622031,"(1, 0.004690)"
test,PN10,PN10_S08,PN10_S08_preictal,PN10-7.8.9.edf,56,5439.0,20,0.3333333333333333,1,0.004639172379052375,0.2783493638757176,0.7216506361242824,"(1, 0.004639)"
test,PN10,PN10_S08,PN10_S08_preictal,PN10-7.8.9.edf,57,5444.0,15,0.25,1,0.004540560181143283,0.27243265280838946,0.7275673471916105,"(1, 0.004541)"
test,PN10,PN10_S08,PN10_S08_preictal,PN10-7.8.9.edf,58,5449.0,10,0.16666666666666666,1,0.004534354241304454,0.2720602977275157,0.7279397022724843,"(1, 0.004534)"
test,PN10,PN10_S08,PN10_S08_preictal,PN10-7.8.9.edf,59,5454.0,5,0.08333333333333333,1,0.004710788769104158,0.2826463321677346,0.7173536678322654,"(1, 0.004711)"
test,PN10,PN10_S08,PN10_S08_preictal,PN10-7.8.9.edf,60,5459.0,0,0.0,1,0.004679149706110462,0.2807479950639691,0.7192520049360309,"(1, 0.004679)"
train,PN10,PN10_S09,PN10_S09_preictal,PN10-7.8.9.edf,0,12623.0,300,5.0,1,0.010449269814115867,0.6269539840463974,0.37304601595360265,"(1, 0.010449)"
train,PN10,PN10_S09,PN10_S09_preictal,PN10-7.8.9.edf,1,12628.0,295,4.916666666666667,1,0.010830586945128411,0.6498329314490665,0.3501670685509335,"(1, 0.010831)"
train,PN10,PN10_S09,PN10_S09_preictal,PN10-7.8.9.edf,2,12633.0,290,4.833333333333333,1,0.011184652942360365,0.6710768165749017,0.3289231834250983,"(1, 0.011185)"
train,PN10,PN10_S09,PN10_S09_preictal,PN10-7.8.9.edf,3,12638.0,285,4.75,1,0.01162430754599375,0.6974560000255889,0.30254399997441106,"(1, 0.011624)"
train,PN10,PN10_S09,PN10_S09_preictal,PN10-7.8.9.edf,4,12643.0,280,4.666666666666667,1,0.012037681770873186,0.7222583662962107,0.27774163370378935,"(1, 0.012038)"
train,PN10,PN10_S09,PN10_S09_preictal,PN10-7.8.9.edf,5,12648.0,275,4.583333333333333,1,0.01236289915288353,0.7417713405958198,0.25822865940418016,"(1, 0.012363)"
train,PN10,PN10_S09,PN10_S09_preictal,PN10-7.8.9.edf,6,12653.0,270,4.5,1,0.012661316637715095,0.7596763267194924,0.24032367328050763,"(1, 0.012661)"
train,PN10,PN10_S09,PN10_S09_preictal,PN10-7.8.9.edf,7,12658.0,265,4.416666666666667,1,0.01288677407199871,0.7732037252048908,0.22679627479510922,"(1, 0.012887)"
train,PN10,PN10_S09,PN10_S09_preictal,PN10-7.8.9.edf,8,12663.0,260,4.333333333333333,1,0.013101379072597948,0.7860799799590951,0.21392002004090493,"(1, 0.013101)"
train,PN10,PN10_S09,PN10_S09_preictal,PN10-7.8.9.edf,9,12668.0,255,4.25,1,0.013298357154677466,0.7978986233214036,0.2021013766785964,"(1, 0.013298)"
train,PN10,PN10_S09,PN10_S09_preictal,PN10-7.8.9.edf,10,12673.0,250,4.166666666666667,1,0.013369709673781743,0.8021797594122471,0.19782024058775294,"(1, 0.013370)"
train,PN10,PN10_S09,PN10_S09_preictal,PN10-7.8.9.edf,11,12678.0,245,4.083333333333333,1,0.013469009686129452,0.8081377392007631,0.19186226079923685,"(1, 0.013469)"
train,PN10,PN10_S09,PN10_S09_preictal,PN10-7.8.9.edf,12,12683.0,240,4.0,1,0.013535021563598636,0.8120984379203788,0.18790156207962116,"(1, 0.013535)"
train,PN10,PN10_S09,PN10_S09_preictal,PN10-7.8.9.edf,13,12688.0,235,3.9166666666666665,1,0.013688410274808554,0.8213017282278879,0.17869827177211206,"(1, 0.013688)"
train,PN10,PN10_S09,PN10_S09_preictal,PN10-7.8.9.edf,14,12693.0,230,3.8333333333333335,1,0.013831109201767442,0.8298636337358846,0.17013636626411544,"(1, 0.013831)"
train,PN10,PN10_S09,PN10_S09_preictal,PN10-7.8.9.edf,15,12698.0,225,3.75,1,0.013986654083735573,0.8391962938339335,0.16080370616606654,"(1, 0.013987)"
train,PN10,PN10_S09,PN10_S09_preictal,PN10-7.8.9.edf,16,12703.0,220,3.6666666666666665,1,0.014103186502467058,0.8461882143694306,0.1538117856305694,"(1, 0.014103)"
train,PN10,PN10_S09,PN10_S09_preictal,PN10-7.8.9.edf,17,12708.0,215,3.5833333333333335,1,0.013914119922990175,0.8348442594939496,0.16515574050605042,"(1, 0.013914)"
train,PN10,PN10_S09,PN10_S09_preictal,PN10-7.8.9.edf,18,12713.0,210,3.5,1,0.01375970070939949,0.8255791392610309,0.17442086073896912,"(1, 0.013760)"
train,PN10,PN10_S09,PN10_S09_preictal,PN10-7.8.9.edf,19,12718.0,205,3.4166666666666665,1,0.01363476065076261,0.8180827621052257,0.18191723789477432,"(1, 0.013635)"
train,PN10,PN10_S09,PN10_S09_preictal,PN10-7.8.9.edf,20,12723.0,200,3.3333333333333335,1,0.01376156869845161,0.8256912182100116,0.17430878178998843,"(1, 0.013762)"
train,PN10,PN10_S09,PN10_S09_preictal,PN10-7.8.9.edf,21,12728.0,195,3.25,1,0.01391167885640216,0.8346977960137347,0.16530220398626527,"(1, 0.013912)"
train,PN10,PN10_S09,PN10_S09_preictal,PN10-7.8.9.edf,22,12733.0,190,3.1666666666666665,1,0.013986670159652879,0.8391972583855798,0.1608027416144202,"(1, 0.013987)"
train,PN10,PN10_S09,PN10_S09_preictal,PN10-7.8.9.edf,23,12738.0,185,3.0833333333333335,1,0.014049123891543093,0.8429444691212276,0.15705553087877244,"(1, 0.014049)"
train,PN10,PN10_S09,PN10_S09_preictal,PN10-7.8.9.edf,24,12743.0,180,3.0,1,0.014204400677258902,0.8522610435007056,0.14773895649929436,"(1, 0.014204)"
train,PN10,PN10_S09,PN10_S09_preictal,PN10-7.8.9.edf,25,12748.0,175,2.9166666666666665,1,0.014328815856787863,0.8597259280207853,0.1402740719792147,"(1, 0.014329)"
train,PN10,PN10_S09,PN10_S09_preictal,PN10-7.8.9.edf,26,12753.0,170,2.8333333333333335,1,0.014433261074433544,0.865992619041539,0.134007380958461,"(1, 0.014433)"
train,PN10,PN10_S09,PN10_S09_preictal,PN10-7.8.9.edf,27,12758.0,165,2.75,1,0.014333761511899955,0.8600226662839754,0.1399773337160246,"(1, 0.014334)"
train,PN10,PN10_S09,PN10_S09_preictal,PN10-7.8.9.edf,28,12763.0,160,2.6666666666666665,1,0.014255143674583309,0.8553056126333751,0.14469438736662488,"(1, 0.014255)"
train,PN10,PN10_S09,PN10_S09_preictal,PN10-7.8.9.edf,29,12768.0,155,2.5833333333333335,1,0.014357903404538751,0.8614711747483531,0.1385288252516469,"(1, 0.014358)"
train,PN10,PN10_S09,PN10_S09_preictal,PN10-7.8.9.edf,30,12773.0,150,2.5,1,0.014428297820635419,0.8656948248609002,0.13430517513909979,"(1, 0.014428)"
train,PN10,PN10_S09,PN10_S09_preictal,PN10-7.8.9.edf,31,12778.0,145,2.4166666666666665,1,0.014464270629912087,0.8678531858272217,0.1321468141727783,"(1, 0.014464)"
train,PN10,PN10_S09,PN10_S09_preictal,PN10-7.8.9.edf,32,12783.0,140,2.3333333333333335,1,0.014395262195663974,0.863712694333145,0.13628730566685499,"(1, 0.014395)"
train,PN10,PN10_S09,PN10_S09_preictal,PN10-7.8.9.edf,33,12788.0,135,2.25,1,0.014201436703896994,0.8520832057243908,0.14791679427560922,"(1, 0.014201)"
train,PN10,PN10_S09,PN10_S09_preictal,PN10-7.8.9.edf,34,12793.0,130,2.1666666666666665,1,0.014172109505656486,0.8503235800180121,0.14967641998198788,"(1, 0.014172)"
train,PN10,PN10_S09,PN10_S09_preictal,PN10-7.8.9.edf,35,12798.0,125,2.0833333333333335,1,0.014195970477568952,0.8517552332980844,0.14824476670191555,"(1, 0.014196)"
train,PN10,PN10_S09,PN10_S09_preictal,PN10-7.8.9.edf,36,12803.0,120,2.0,1,0.014256516831072385,0.855388001732983,0.14461199826701698,"(1, 0.014257)"
train,PN10,PN10_S09,PN10_S09_preictal,PN10-7.8.9.edf,37,12808.0,115,1.9166666666666667,1,0.0142497224226504,0.8549803386612871,0.1450196613387129,"(1, 0.014250)"
train,PN10,PN10_S09,PN10_S09_preictal,PN10-7.8.9.edf,38,12813.0,110,1.8333333333333333,1,0.014394892368773228,0.8636905047977339,0.1363094952022661,"(1, 0.014395)"
train,PN10,PN10_S09,PN10_S09_preictal,PN10-7.8.9.edf,39,12818.0,105,1.75,1,0.014517390552249486,0.8710403699591385,0.12895963004086153,"(1, 0.014517)"
train,PN10,PN10_S09,PN10_S09_preictal,PN10-7.8.9.edf,40,12823.0,100,1.6666666666666667,1,0.01456381830207202,0.8738260251522147,0.12617397484778525,"(1, 0.014564)"
train,PN10,PN10_S09,PN10_S09_preictal,PN10-7.8.9.edf,41,12828.0,95,1.5833333333333333,1,0.014605619368058738,0.8763340802913745,0.1236659197086255,"(1, 0.014606)"
train,PN10,PN10_S09,PN10_S09_preictal,PN10-7.8.9.edf,42,12833.0,90,1.5,1,0.014660398475611586,0.8796208151861294,0.12037918481387055,"(1, 0.014660)"
train,PN10,PN10_S09,PN10_S09_preictal,PN10-7.8.9.edf,43,12838.0,85,1.4166666666666667,1,0.014615319876396499,0.8769161087448285,0.1230838912551715,"(1, 0.014615)"
train,PN10,PN10_S09,PN10_S09_preictal,PN10-7.8.9.edf,44,12843.0,80,1.3333333333333333,1,0.014512491194504377,0.8707464095281986,0.1292535904718014,"(1, 0.014512)"
train,PN10,PN10_S09,PN10_S09_preictal,PN10-7.8.9.edf,45,12848.0,75,1.25,1,0.014495212758932206,0.8697097070396259,0.1302902929603741,"(1, 0.014495)"
train,PN10,PN10_S09,PN10_S09_preictal,PN10-7.8.9.edf,46,12853.0,70,1.1666666666666667,1,0.014496067115092753,0.8697609682289892,0.13023903177101082,"(1, 0.014496)"
train,PN10,PN10_S09,PN10_S09_preictal,PN10-7.8.9.edf,47,12858.0,65,1.0833333333333333,1,0.014451095912251027,0.8670627055474294,0.13293729445257063,"(1, 0.014451)"
train,PN10,PN10_S09,PN10_S09_preictal,PN10-7.8.9.edf,48,12863.0,60,1.0,1,0.014358074904194981,0.8614814646915404,0.1385185353084596,"(1, 0.014358)"
train,PN10,PN10_S09,PN10_S09_preictal,PN10-7.8.9.edf,49,12868.0,55,0.9166666666666666,1,0.01426270858772848,0.8557595058258853,0.14424049417411466,"(1, 0.014263)"
train,PN10,PN10_S09,PN10_S09_preictal,PN10-7.8.9.edf,50,12873.0,50,0.8333333333333334,1,0.013937901520115025,0.8362711503035131,0.16372884969648693,"(1, 0.013938)"
train,PN10,PN10_S09,PN10_S09_preictal,PN10-7.8.9.edf,51,12878.0,45,0.75,1,0.013640242330199111,0.818411661714779,0.18158833828522103,"(1, 0.013640)"
train,PN10,PN10_S09,PN10_S09_preictal,PN10-7.8.9.edf,52,12883.0,40,0.6666666666666666,1,0.013477635298129289,0.8086552741007453,0.19134472589925466,"(1, 0.013478)"
train,PN10,PN10_S09,PN10_S09_preictal,PN10-7.8.9.edf,53,12888.0,35,0.5833333333333334,1,0.01331980396671946,0.7991854275186364,0.20081457248136358,"(1, 0.013320)"
train,PN10,PN10_S09,PN10_S09_preictal,PN10-7.8.9.edf,54,12893.0,30,0.5,1,0.013483819983693756,0.8090263539296421,0.19097364607035794,"(1, 0.013484)"
train,PN10,PN10_S09,PN10_S09_preictal,PN10-7.8.9.edf,55,12898.0,25,0.4166666666666667,1,0.01363260937033478,0.817953685733477,0.18204631426652296,"(1, 0.013633)"
train,PN10,PN10_S09,PN10_S09_preictal,PN10-7.8.9.edf,56,12903.0,20,0.3333333333333333,1,0.01374708200476707,0.8248220196456378,0.17517798035436216,"(1, 0.013747)"
train,PN10,PN10_S09,PN10_S09_preictal,PN10-7.8.9.edf,57,12908.0,15,0.25,1,0.01375289200766178,0.8251706185934073,0.17482938140659265,"(1, 0.013753)"
train,PN10,PN10_S09,PN10_S09_preictal,PN10-7.8.9.edf,58,12913.0,10,0.16666666666666666,1,0.013785333449219993,0.8271170982417416,0.17288290175825838,"(1, 0.013785)"
train,PN10,PN10_S09,PN10_S09_preictal,PN10-7.8.9.edf,59,12918.0,5,0.08333333333333333,1,0.01377971677182369,0.8267800987830848,0.17321990121691522,"(1, 0.013780)"
train,PN10,PN10_S09,PN10_S09_preictal,PN10-7.8.9.edf,60,12923.0,0,0.0,1,0.013533041283266685,0.8119796215183018,0.18802037848169817,"(1, 0.013533)"
train,PN10,PN10_S10,PN10_S10_preictal,PN10-10.edf,0,7677.0,300,5.0,1,0.016297093473534655,0.9778221697181447,0.02217783028185527,"(1, 0.016297)"
train,PN10,PN10_S10,PN10_S10_preictal,PN10-10.edf,1,7682.0,295,4.916666666666667,1,0.016304129874168797,0.9782443522715096,0.021755647728490368,"(1, 0.016304)"
train,PN10,PN10_S10,PN10_S10_preictal,PN10-10.edf,2,7687.0,290,4.833333333333333,1,0.016279152753380197,0.9767457302943771,0.023254269705622943,"(1, 0.016279)"
train,PN10,PN10_S10,PN10_S10_preictal,PN10-10.edf,3,7692.0,285,4.75,1,0.016286588484238883,0.9771918725769557,0.022808127423044278,"(1, 0.016287)"
train,PN10,PN10_S10,PN10_S10_preictal,PN10-10.edf,4,7697.0,280,4.666666666666667,1,0.01627414209238339,0.9764450916918204,0.023554908308179634,"(1, 0.016274)"
train,PN10,PN10_S10,PN10_S10_preictal,PN10-10.edf,5,7702.0,275,4.583333333333333,1,0.016245812039994766,0.9747452945261565,0.025254705473843453,"(1, 0.016246)"
train,PN10,PN10_S10,PN10_S10_preictal,PN10-10.edf,6,7707.0,270,4.5,1,0.01623651478935573,0.9741874614495384,0.025812538550461617,"(1, 0.016237)"
train,PN10,PN10_S10,PN10_S10_preictal,PN10-10.edf,7,7712.0,265,4.416666666666667,1,0.016246147563040183,0.974765425838086,0.025234574161913992,"(1, 0.016246)"
train,PN10,PN10_S10,PN10_S10_preictal,PN10-10.edf,8,7717.0,260,4.333333333333333,60,0.10626476285322708,0.9753392700098775,0.024660729990122476,"(60, 0.106265)"
train,PN10,PN10_S10,PN10_S10_preictal,PN10-10.edf,9,7722.0,255,4.25,60,0.0951232437487691,0.9757624445454738,0.024237555454526216,"(60, 0.095123)"
train,PN10,PN10_S10,PN10_S10_preictal,PN10-10.edf,10,7727.0,250,4.166666666666667,1,0.01623674593235603,0.974201329980785,0.025798670019214986,"(1, 0.016237)"
train,PN10,PN10_S10,PN10_S10_preictal,PN10-10.edf,11,7732.0,245,4.083333333333333,1,0.01622127924795672,0.9732733321803038,0.026726667819696237,"(1, 0.016221)"
train,PN10,PN10_S10,PN10_S10_preictal,PN10-10.edf,12,7737.0,240,4.0,1,0.016158102923604305,0.9694827660493912,0.03051723395060879,"(1, 0.016158)"
train,PN10,PN10_S10,PN10_S10_preictal,PN10-10.edf,13,7742.0,235,3.9166666666666665,60,0.10192163563110974,0.9684358099449752,0.031564190055024754,"(60, 0.101922)"
train,PN10,PN10_S10,PN10_S10_preictal,PN10-10.edf,14,7747.0,230,3.8333333333333335,60,0.11111215436709594,0.9666234190688645,0.03337658093113549,"(60, 0.111112)"
train,PN10,PN10_S10,PN10_S10_preictal,PN10-10.edf,15,7752.0,225,3.75,1,0.016105357858184743,0.9663180732534495,0.03368192674655046,"(1, 0.016105)"
train,PN10,PN10_S10,PN10_S10_preictal,PN10-10.edf,16,7757.0,220,3.6666666666666665,60,0.04286687153154411,0.9678372168054069,0.03216278319459309,"(60, 0.042867)"
train,PN10,PN10_S10,PN10_S10_preictal,PN10-10.edf,17,7762.0,215,3.5833333333333335,60,0.10802248071184481,0.96872547716373,0.03127452283626997,"(60, 0.108022)"
train,PN10,PN10_S10,PN10_S10_preictal,PN10-10.edf,18,7767.0,210,3.5,60,0.09055854179367029,0.9702057665467473,0.029794233453252716,"(60, 0.090559)"
train,PN10,PN10_S10,PN10_S10_preictal,PN10-10.edf,19,7772.0,205,3.4166666666666665,1,0.016193359747750217,0.9715981680589405,0.028401831941059497,"(1, 0.016193)"
train,PN10,PN10_S10,PN10_S10_preictal,PN10-10.edf,20,7777.0,200,3.3333333333333335,1,0.016218698187171882,0.9731184690778184,0.026881530922181596,"(1, 0.016219)"
train,PN10,PN10_S10,PN10_S10_preictal,PN10-10.edf,21,7782.0,195,3.25,60,0.06826106199241919,0.9749379684239524,0.025062031576047583,"(60, 0.068261)"
train,PN10,PN10_S10,PN10_S10_preictal,PN10-10.edf,22,7787.0,190,3.1666666666666665,60,0.1036840486253718,0.9766795142715761,0.023320485728423934,"(60, 0.103684)"
train,PN10,PN10_S10,PN10_S10_preictal,PN10-10.edf,23,7792.0,185,3.0833333333333335,60,0.10883965882155176,0.9779260480744284,0.0220739519255716,"(60, 0.108840)"
train,PN10,PN10_S10,PN10_S10_preictal,PN10-10.edf,24,7797.0,180,3.0,60,0.11133823861924554,0.9790817415187805,0.02091825848121953,"(60, 0.111338)"
train,PN10,PN10_S10,PN10_S10_preictal,PN10-10.edf,25,7802.0,175,2.9166666666666665,60,0.10100564635843977,0.9765564330187415,0.02344356698125849,"(60, 0.101006)"
train,PN10,PN10_S10,PN10_S10_preictal,PN10-10.edf,26,7807.0,170,2.8333333333333335,60,0.11207385481463379,0.9753288712912833,0.024671128708716683,"(60, 0.112074)"
train,PN10,PN10_S10,PN10_S10_preictal,PN10-10.edf,27,7812.0,165,2.75,60,0.0996997250137047,0.9721919458728504,0.027808054127149595,"(60, 0.099700)"
train,PN10,PN10_S10,PN10_S10_preictal,PN10-10.edf,28,7817.0,160,2.6666666666666665,60,0.06272342741916132,0.9689422720792417,0.031057727920758338,"(60, 0.062723)"
train,PN10,PN10_S10,PN10_S10_preictal,PN10-10.edf,29,7822.0,155,2.5833333333333335,1,0.01605587756139089,0.9633492658861829,0.03665073411381714,"(1, 0.016056)"
train,PN10,PN10_S10,PN10_S10_preictal,PN10-10.edf,30,7827.0,150,2.5,1,0.015993351372586916,0.9595977077509981,0.040402292249001936,"(1, 0.015993)"
train,PN10,PN10_S10,PN10_S10_preictal,PN10-10.edf,31,7832.0,145,2.4166666666666665,1,0.015952622484135526,0.9571539830377283,0.04284601696227175,"(1, 0.015953)"
train,PN10,PN10_S10,PN10_S10_preictal,PN10-10.edf,32,7837.0,140,2.3333333333333335,1,0.01591469327520557,0.9548782385050107,0.045121761494989254,"(1, 0.015915)"
train,PN10,PN10_S10,PN10_S10_preictal,PN10-10.edf,33,7842.0,135,2.25,1,0.015855960804840988,0.951354302675713,0.04864569732428703,"(1, 0.015856)"
train,PN10,PN10_S10,PN10_S10_preictal,PN10-10.edf,34,7847.0,130,2.1666666666666665,1,0.015685074815623434,0.9411011793796791,0.058898820620320924,"(1, 0.015685)"
train,PN10,PN10_S10,PN10_S10_preictal,PN10-10.edf,35,7852.0,125,2.0833333333333335,1,0.015278451538537385,0.9167038685522075,0.08329613144779247,"(1, 0.015278)"
train,PN10,PN10_S10,PN10_S10_preictal,PN10-10.edf,36,7857.0,120,2.0,1,0.015272230101486005,0.9163305836418507,0.08366941635814928,"(1, 0.015272)"
train,PN10,PN10_S10,PN10_S10_preictal,PN10-10.edf,37,7862.0,115,1.9166666666666667,1,0.015295211607446797,0.9177094691503903,0.08229053084960969,"(1, 0.015295)"
train,PN10,PN10_S10,PN10_S10_preictal,PN10-10.edf,38,7867.0,110,1.8333333333333333,1,0.015317584912368233,0.9190518627248992,0.08094813727510075,"(1, 0.015318)"
train,PN10,PN10_S10,PN10_S10_preictal,PN10-10.edf,39,7872.0,105,1.75,1,0.015255059049710463,0.9153003241584177,0.08469967584158233,"(1, 0.015255)"
train,PN10,PN10_S10,PN10_S10_preictal,PN10-10.edf,40,7877.0,100,1.6666666666666667,1,0.015300184535246016,0.9180078437690534,0.08199215623094658,"(1, 0.015300)"
train,PN10,PN10_S10,PN10_S10_preictal,PN10-10.edf,41,7882.0,95,1.5833333333333333,1,0.015387889679382817,0.9232701339114373,0.07672986608856269,"(1, 0.015388)"
train,PN10,PN10_S10,PN10_S10_preictal,PN10-10.edf,42,7887.0,90,1.5,1,0.015476108838813346,0.9285632648629873,0.07143673513701265,"(1, 0.015476)"
train,PN10,PN10_S10,PN10_S10_preictal,PN10-10.edf,43,7892.0,85,1.4166666666666667,1,0.015536733368600697,0.9322007238584259,0.0677992761415741,"(1, 0.015537)"
train,PN10,PN10_S10,PN10_S10_preictal,PN10-10.edf,44,7897.0,80,1.3333333333333333,1,0.015616259108018253,0.9369722514435129,0.06302774855648707,"(1, 0.015616)"
train,PN10,PN10_S10,PN10_S10_preictal,PN10-10.edf,45,7902.0,75,1.25,1,0.015690313734156643,0.9414155133862574,0.0585844866137426,"(1, 0.015690)"
train,PN10,PN10_S10,PN10_S10_preictal,PN10-10.edf,46,7907.0,70,1.1666666666666667,1,0.015698360251068643,0.9418983027031589,0.058101697296841115,"(1, 0.015698)"
train,PN10,PN10_S10,PN10_S10_preictal,PN10-10.edf,47,7912.0,65,1.0833333333333333,1,0.015706329314670472,0.9423764448377927,0.057623555162207296,"(1, 0.015706)"
train,PN10,PN10_S10,PN10_S10_preictal,PN10-10.edf,48,7917.0,60,1.0,1,0.015742032510874315,0.9445186290766331,0.05548137092336691,"(1, 0.015742)"
train,PN10,PN10_S10,PN10_S10_preictal,PN10-10.edf,49,7922.0,55,0.9166666666666666,1,0.015795370356740526,0.9477188885742966,0.05228111142570335,"(1, 0.015795)"
train,PN10,PN10_S10,PN10_S10_preictal,PN10-10.edf,50,7927.0,50,0.8333333333333334,1,0.015843168144488527,0.9505867457538223,0.04941325424617771,"(1, 0.015843)"
train,PN10,PN10_S10,PN10_S10_preictal,PN10-10.edf,51,7932.0,45,0.75,1,0.015877191147707994,0.9526281187681216,0.04737188123187841,"(1, 0.015877)"
train,PN10,PN10_S10,PN10_S10_preictal,PN10-10.edf,52,7937.0,40,0.6666666666666666,1,0.015865994712430585,0.9519563350139297,0.04804366498607027,"(1, 0.015866)"
train,PN10,PN10_S10,PN10_S10_preictal,PN10-10.edf,53,7942.0,35,0.5833333333333334,1,0.015887425299562326,0.953242165719971,0.046757834280029,"(1, 0.015887)"
train,PN10,PN10_S10,PN10_S10_preictal,PN10-10.edf,54,7947.0,30,0.5,1,0.01592895549407058,0.9557339686275769,0.04426603137242313,"(1, 0.015929)"
train,PN10,PN10_S10,PN10_S10_preictal,PN10-10.edf,55,7952.0,25,0.4166666666666667,1,0.015950252243503465,0.9570117690999264,0.04298823090007364,"(1, 0.015950)"
train,PN10,PN10_S10,PN10_S10_preictal,PN10-10.edf,56,7957.0,20,0.3333333333333333,1,0.015971374353532568,0.958279091244898,0.04172090875510204,"(1, 0.015971)"
train,PN10,PN10_S10,PN10_S10_preictal,PN10-10.edf,57,7962.0,15,0.25,1,0.01595620586225641,0.9573689849688869,0.042631015031113106,"(1, 0.015956)"
train,PN10,PN10_S10,PN10_S10_preictal,PN10-10.edf,58,7967.0,10,0.16666666666666666,1,0.015750229912312737,0.945010471433283,0.054989528566717016,"(1, 0.015750)"
train,PN10,PN10_S10,PN10_S10_preictal,PN10-10.edf,59,7972.0,5,0.08333333333333333,1,0.015532753074992795,0.9319619070817954,0.06803809291820462,"(1, 0.015533)"
train,PN10,PN10_S10,PN10_S10_preictal,PN10-10.edf,60,7977.0,0,0.0,1,0.01434363067552715,0.8606148140192091,0.13938518598079086,"(1, 0.014344)"
train,PN11,PN11_S01,PN11_S01_preictal,PN11-1.edf,0,7254.0,300,5.0,1,0.012312934617361963,0.7387734790070649,0.2612265209929351,"(1, 0.012313)"
train,PN11,PN11_S01,PN11_S01_preictal,PN11-1.edf,1,7259.0,295,4.916666666666667,1,0.012538086121795569,0.7522825217660142,0.24771747823398582,"(1, 0.012538)"
train,PN11,PN11_S01,PN11_S01_preictal,PN11-1.edf,2,7264.0,290,4.833333333333333,1,0.012771073411863822,0.766261710009688,0.233738289990312,"(1, 0.012771)"
train,PN11,PN11_S01,PN11_S01_preictal,PN11-1.edf,3,7269.0,285,4.75,1,0.013003756894298375,0.7802226698594434,0.21977733014055656,"(1, 0.013004)"
train,PN11,PN11_S01,PN11_S01_preictal,PN11-1.edf,4,7274.0,280,4.666666666666667,1,0.013270038982891424,0.7961995389893879,0.2038004610106121,"(1, 0.013270)"
train,PN11,PN11_S01,PN11_S01_preictal,PN11-1.edf,5,7279.0,275,4.583333333333333,1,0.013488470715301118,0.8093053968447773,0.19069460315522269,"(1, 0.013488)"
train,PN11,PN11_S01,PN11_S01_preictal,PN11-1.edf,6,7284.0,270,4.5,1,0.01367270887627807,0.8203596476290609,0.17964035237093912,"(1, 0.013673)"
train,PN11,PN11_S01,PN11_S01_preictal,PN11-1.edf,7,7289.0,265,4.416666666666667,1,0.013787751079788762,0.8272621555657466,0.17273784443425344,"(1, 0.013788)"
train,PN11,PN11_S01,PN11_S01_preictal,PN11-1.edf,8,7294.0,260,4.333333333333333,1,0.013827974553606,0.8296755555076101,0.17032444449238993,"(1, 0.013828)"
train,PN11,PN11_S01,PN11_S01_preictal,PN11-1.edf,9,7299.0,255,4.25,1,0.013769993404347548,0.8261966987861511,0.1738033012138489,"(1, 0.013770)"
train,PN11,PN11_S01,PN11_S01_preictal,PN11-1.edf,10,7304.0,250,4.166666666666667,1,0.013559378961506828,0.8135598766554486,0.1864401233445514,"(1, 0.013559)"
train,PN11,PN11_S01,PN11_S01_preictal,PN11-1.edf,11,7309.0,245,4.083333333333333,1,0.013175487735664652,0.7905264841061366,0.20947351589386343,"(1, 0.013175)"
train,PN11,PN11_S01,PN11_S01_preictal,PN11-1.edf,12,7314.0,240,4.0,1,0.013147890049214071,0.7888706287422258,0.2111293712577742,"(1, 0.013148)"
train,PN11,PN11_S01,PN11_S01_preictal,PN11-1.edf,13,7319.0,235,3.9166666666666665,1,0.013174609431651354,0.7904737860506612,0.2095262139493388,"(1, 0.013175)"
train,PN11,PN11_S01,PN11_S01_preictal,PN11-1.edf,14,7324.0,230,3.8333333333333335,1,0.013288101160636868,0.797283265842987,0.20271673415701297,"(1, 0.013288)"
train,PN11,PN11_S01,PN11_S01_preictal,PN11-1.edf,15,7329.0,225,3.75,1,0.013325525155038195,0.7995286976105873,0.2004713023894127,"(1, 0.013326)"
train,PN11,PN11_S01,PN11_S01_preictal,PN11-1.edf,16,7334.0,220,3.6666666666666665,1,0.013331640397952305,0.799895610895115,0.20010438910488504,"(1, 0.013332)"
train,PN11,PN11_S01,PN11_S01_preictal,PN11-1.edf,17,7339.0,215,3.5833333333333335,1,0.01305176820543499,0.7831033383972325,0.21689666160276755,"(1, 0.013052)"
train,PN11,PN11_S01,PN11_S01_preictal,PN11-1.edf,18,7344.0,210,3.5,1,0.01282006926246486,0.7692014507076042,0.23079854929239585,"(1, 0.012820)"
train,PN11,PN11_S01,PN11_S01_preictal,PN11-1.edf,19,7349.0,205,3.4166666666666665,1,0.012667409312460512,0.7600418859186603,0.2399581140813397,"(1, 0.012667)"
train,PN11,PN11_S01,PN11_S01_preictal,PN11-1.edf,20,7354.0,200,3.3333333333333335,1,0.012668132994525884,0.7600853066898854,0.2399146933101146,"(1, 0.012668)"
train,PN11,PN11_S01,PN11_S01_preictal,PN11-1.edf,21,7359.0,195,3.25,1,0.012714107063474632,0.7628437411262614,0.2371562588737386,"(1, 0.012714)"
train,PN11,PN11_S01,PN11_S01_preictal,PN11-1.edf,22,7364.0,190,3.1666666666666665,1,0.012736689612713894,0.7641986893156892,0.23580131068431076,"(1, 0.012737)"
train,PN11,PN11_S01,PN11_S01_preictal,PN11-1.edf,23,7369.0,185,3.0833333333333335,1,0.012928061105766647,0.7756809385193846,0.22431906148061542,"(1, 0.012928)"
train,PN11,PN11_S01,PN11_S01_preictal,PN11-1.edf,24,7374.0,180,3.0,1,0.013031474122627578,0.7818856977108481,0.21811430228915185,"(1, 0.013031)"
train,PN11,PN11_S01,PN11_S01_preictal,PN11-1.edf,25,7379.0,175,2.9166666666666665,1,0.013216148874661241,0.7929661438664136,0.20703385613358638,"(1, 0.013216)"
train,PN11,PN11_S01,PN11_S01_preictal,PN11-1.edf,26,7384.0,170,2.8333333333333335,1,0.01329743995740085,0.7978435916783357,0.20215640832166426,"(1, 0.013297)"
train,PN11,PN11_S01,PN11_S01_preictal,PN11-1.edf,27,7389.0,165,2.75,1,0.013455149116662107,0.8073061079573087,0.19269389204269127,"(1, 0.013455)"
train,PN11,PN11_S01,PN11_S01_preictal,PN11-1.edf,28,7394.0,160,2.6666666666666665,1,0.013699062100480995,0.8219408355206944,0.1780591644793056,"(1, 0.013699)"
train,PN11,PN11_S01,PN11_S01_preictal,PN11-1.edf,29,7399.0,155,2.5833333333333335,1,0.013942785549673122,0.8365641910464665,0.1634358089535335,"(1, 0.013943)"
train,PN11,PN11_S01,PN11_S01_preictal,PN11-1.edf,30,7404.0,150,2.5,1,0.014152347375884212,0.8491378564014938,0.15086214359850625,"(1, 0.014152)"
train,PN11,PN11_S01,PN11_S01_preictal,PN11-1.edf,31,7409.0,145,2.4166666666666665,1,0.014357097458759774,0.8614228181716694,0.13857718182833056,"(1, 0.014357)"
train,PN11,PN11_S01,PN11_S01_preictal,PN11-1.edf,32,7414.0,140,2.3333333333333335,1,0.014542381378023704,0.8725398142325163,0.12746018576748375,"(1, 0.014542)"
train,PN11,PN11_S01,PN11_S01_preictal,PN11-1.edf,33,7419.0,135,2.25,1,0.014676273094828631,0.8805732889896004,0.11942671101039959,"(1, 0.014676)"
train,PN11,PN11_S01,PN11_S01_preictal,PN11-1.edf,34,7424.0,130,2.1666666666666665,1,0.01478651033862823,0.8871875003574692,0.11281249964253082,"(1, 0.014787)"
train,PN11,PN11_S01,PN11_S01_preictal,PN11-1.edf,35,7429.0,125,2.0833333333333335,1,0.01490371442586744,0.8942197208617074,0.10578027913829258,"(1, 0.014904)"
train,PN11,PN11_S01,PN11_S01_preictal,PN11-1.edf,36,7434.0,120,2.0,1,0.015056283683037712,0.903373844099743,0.09662615590025703,"(1, 0.015056)"
train,PN11,PN11_S01,PN11_S01_preictal,PN11-1.edf,37,7439.0,115,1.9166666666666667,1,0.015197131278221736,0.9118246700918795,0.08817532990812049,"(1, 0.015197)"
train,PN11,PN11_S01,PN11_S01_preictal,PN11-1.edf,38,7444.0,110,1.8333333333333333,1,0.015326256779964409,0.9195721729509019,0.08042782704909812,"(1, 0.015326)"
train,PN11,PN11_S01,PN11_S01_preictal,PN11-1.edf,39,7449.0,105,1.75,1,0.015377492988239004,0.922646334636515,0.07735366536348498,"(1, 0.015377)"
train,PN11,PN11_S01,PN11_S01_preictal,PN11-1.edf,40,7454.0,100,1.6666666666666667,1,0.015424568788243146,0.9254708727037488,0.07452912729625116,"(1, 0.015425)"
train,PN11,PN11_S01,PN11_S01_preictal,PN11-1.edf,41,7459.0,95,1.5833333333333333,1,0.015470715252017524,0.9282396507932873,0.0717603492067127,"(1, 0.015471)"
train,PN11,PN11_S01,PN11_S01_preictal,PN11-1.edf,42,7464.0,90,1.5,1,0.01551862226151401,0.9311140612546762,0.06888593874532378,"(1, 0.015519)"
train,PN11,PN11_S01,PN11_S01_preictal,PN11-1.edf,43,7469.0,85,1.4166666666666667,1,0.015548328761649455,0.9328964449947182,0.06710355500528176,"(1, 0.015548)"
train,PN11,PN11_S01,PN11_S01_preictal,PN11-1.edf,44,7474.0,80,1.3333333333333333,1,0.015405147423393833,0.9243055949107066,0.07569440508929337,"(1, 0.015405)"
train,PN11,PN11_S01,PN11_S01_preictal,PN11-1.edf,45,7479.0,75,1.25,1,0.015290326150521113,0.9174163427656828,0.08258365723431715,"(1, 0.015290)"
train,PN11,PN11_S01,PN11_S01_preictal,PN11-1.edf,46,7484.0,70,1.1666666666666667,1,0.014993224463030719,0.8995903042048468,0.10040969579515324,"(1, 0.014993)"
train,PN11,PN11_S01,PN11_S01_preictal,PN11-1.edf,47,7489.0,65,1.0833333333333333,1,0.014798218770599109,0.8878900038052375,0.11210999619476247,"(1, 0.014798)"
train,PN11,PN11_S01,PN11_S01_preictal,PN11-1.edf,48,7494.0,60,1.0,1,0.01478249920384366,0.8869468331167462,0.11305316688325384,"(1, 0.014782)"
train,PN11,PN11_S01,PN11_S01_preictal,PN11-1.edf,49,7499.0,55,0.9166666666666666,1,0.014764533450684004,0.8858688917179486,0.11413110828205142,"(1, 0.014765)"
train,PN11,PN11_S01,PN11_S01_preictal,PN11-1.edf,50,7504.0,50,0.8333333333333334,1,0.01473647185564386,0.884185201936549,0.11581479806345096,"(1, 0.014736)"
train,PN11,PN11_S01,PN11_S01_preictal,PN11-1.edf,51,7509.0,45,0.75,1,0.014668402948440984,0.8801010818669459,0.11989891813305409,"(1, 0.014668)"
train,PN11,PN11_S01,PN11_S01_preictal,PN11-1.edf,52,7514.0,40,0.6666666666666666,1,0.01478052271148621,0.8868282439923398,0.11317175600766016,"(1, 0.014781)"
train,PN11,PN11_S01,PN11_S01_preictal,PN11-1.edf,53,7519.0,35,0.5833333333333334,1,0.014884175103277338,0.893047365629107,0.10695263437089297,"(1, 0.014884)"
train,PN11,PN11_S01,PN11_S01_preictal,PN11-1.edf,54,7524.0,30,0.5,1,0.014969946881779186,0.8981936542413347,0.10180634575866532,"(1, 0.014970)"
train,PN11,PN11_S01,PN11_S01_preictal,PN11-1.edf,55,7529.0,25,0.4166666666666667,1,0.015042519937761142,0.9025480222873051,0.09745197771269487,"(1, 0.015043)"
train,PN11,PN11_S01,PN11_S01_preictal,PN11-1.edf,56,7534.0,20,0.3333333333333333,1,0.015070276234701708,0.9042133942471482,0.0957866057528518,"(1, 0.015070)"
train,PN11,PN11_S01,PN11_S01_preictal,PN11-1.edf,57,7539.0,15,0.25,1,0.015091762949974578,0.9055025926298139,0.09449740737018608,"(1, 0.015092)"
train,PN11,PN11_S01,PN11_S01_preictal,PN11-1.edf,58,7544.0,10,0.16666666666666666,1,0.014843185484099831,0.8905879971272844,0.10941200287271557,"(1, 0.014843)"
train,PN11,PN11_S01,PN11_S01_preictal,PN11-1.edf,59,7549.0,5,0.08333333333333333,1,0.014293323346483762,0.8575963848914746,0.1424036151085254,"(1, 0.014293)"
train,PN11,PN11_S01,PN11_S01_preictal,PN11-1.edf,60,7554.0,0,0.0,1,0.013375653847632668,0.8025364085890794,0.19746359141092062,"(1, 0.013376)"
test,PN12,PN12_S01,PN12_S01_preictal,PN12-1.2.edf,0,1012.0,300,5.0,1,0.008801277366413174,0.5280747849113714,0.4719252150886286,"(1, 0.008801)"
test,PN12,PN12_S01,PN12_S01_preictal,PN12-1.2.edf,1,1017.0,295,4.916666666666667,1,0.008103670100782565,0.4862184961689766,0.5137815038310234,"(1, 0.008104)"
test,PN12,PN12_S01,PN12_S01_preictal,PN12-1.2.edf,2,1022.0,290,4.833333333333333,1,0.007516203647000721,0.45097063289774775,0.5490293671022523,"(1, 0.007516)"
test,PN12,PN12_S01,PN12_S01_preictal,PN12-1.2.edf,3,1027.0,285,4.75,1,0.007042493562573153,0.42254812778513107,0.5774518722148689,"(1, 0.007042)"
test,PN12,PN12_S01,PN12_S01_preictal,PN12-1.2.edf,4,1032.0,280,4.666666666666667,1,0.006742711444997307,0.4045612639847398,0.5954387360152602,"(1, 0.006743)"
test,PN12,PN12_S01,PN12_S01_preictal,PN12-1.2.edf,5,1037.0,275,4.583333333333333,1,0.006417702251201802,0.38506078093409324,0.6149392190659068,"(1, 0.006418)"
test,PN12,PN12_S01,PN12_S01_preictal,PN12-1.2.edf,6,1042.0,270,4.5,1,0.006196818404818401,0.3718077967576785,0.6281922032423215,"(1, 0.006197)"
test,PN12,PN12_S01,PN12_S01_preictal,PN12-1.2.edf,7,1047.0,265,4.416666666666667,1,0.0060235298159433265,0.3614105179891429,0.6385894820108571,"(1, 0.006024)"
test,PN12,PN12_S01,PN12_S01_preictal,PN12-1.2.edf,8,1052.0,260,4.333333333333333,1,0.0058863019262097365,0.35317687356027294,0.6468231264397271,"(1, 0.005886)"
test,PN12,PN12_S01,PN12_S01_preictal,PN12-1.2.edf,9,1057.0,255,4.25,1,0.005686823173052004,0.3412081904609142,0.6587918095390858,"(1, 0.005687)"
test,PN12,PN12_S01,PN12_S01_preictal,PN12-1.2.edf,10,1062.0,250,4.166666666666667,1,0.0054516328888859055,0.32709682303620236,0.6729031769637976,"(1, 0.005452)"
test,PN12,PN12_S01,PN12_S01_preictal,PN12-1.2.edf,11,1067.0,245,4.083333333333333,1,0.005188483067208526,0.3113078892602884,0.6886921107397116,"(1, 0.005188)"
test,PN12,PN12_S01,PN12_S01_preictal,PN12-1.2.edf,12,1072.0,240,4.0,1,0.004964722906967435,0.2978823268593158,0.7021176731406842,"(1, 0.004965)"
test,PN12,PN12_S01,PN12_S01_preictal,PN12-1.2.edf,13,1077.0,235,3.9166666666666665,1,0.0047576936217471185,0.28546061342936757,0.7145393865706324,"(1, 0.004758)"
test,PN12,PN12_S01,PN12_S01_preictal,PN12-1.2.edf,14,1082.0,230,3.8333333333333335,1,0.004690836544796325,0.28144920291919284,0.7185507970808072,"(1, 0.004691)"
test,PN12,PN12_S01,PN12_S01_preictal,PN12-1.2.edf,15,1087.0,225,3.75,1,0.004653497307100517,0.27920885653604,0.72079114346396,"(1, 0.004653)"
test,PN12,PN12_S01,PN12_S01_preictal,PN12-1.2.edf,16,1092.0,220,3.6666666666666665,1,0.004639593062035918,0.27837460476596587,0.7216253952340341,"(1, 0.004640)"
test,PN12,PN12_S01,PN12_S01_preictal,PN12-1.2.edf,17,1097.0,215,3.5833333333333335,1,0.004645136131043052,0.2787071877368039,0.7212928122631961,"(1, 0.004645)"
test,PN12,PN12_S01,PN12_S01_preictal,PN12-1.2.edf,18,1102.0,210,3.5,1,0.004604961168800263,0.2762966984791715,0.7237033015208285,"(1, 0.004605)"
test,PN12,PN12_S01,PN12_S01_preictal,PN12-1.2.edf,19,1107.0,205,3.4166666666666665,1,0.004533467969614812,0.272007121613141,0.727992878386859,"(1, 0.004533)"
test,PN12,PN12_S01,PN12_S01_preictal,PN12-1.2.edf,20,1112.0,200,3.3333333333333335,1,0.004428677048233363,0.2657196884411849,0.7342803115588151,"(1, 0.004429)"
test,PN12,PN12_S01,PN12_S01_preictal,PN12-1.2.edf,21,1117.0,195,3.25,1,0.004306281761080965,0.2583759970375008,0.7416240029624992,"(1, 0.004306)"
test,PN12,PN12_S01,PN12_S01_preictal,PN12-1.2.edf,22,1122.0,190,3.1666666666666665,1,0.004288200675787444,0.2572911357350065,0.7427088642649935,"(1, 0.004288)"
test,PN12,PN12_S01,PN12_S01_preictal,PN12-1.2.edf,23,1127.0,185,3.0833333333333335,1,0.004147021368183906,0.2488204070676906,0.7511795929323094,"(1, 0.004147)"
test,PN12,PN12_S01,PN12_S01_preictal,PN12-1.2.edf,24,1132.0,180,3.0,1,0.0038477062965346217,0.23086156592434603,0.769138434075654,"(1, 0.003848)"
test,PN12,PN12_S01,PN12_S01_preictal,PN12-1.2.edf,25,1137.0,175,2.9166666666666665,1,0.003633731663376249,0.218023133083586,0.781976866916414,"(1, 0.003634)"
test,PN12,PN12_S01,PN12_S01_preictal,PN12-1.2.edf,26,1142.0,170,2.8333333333333335,1,0.0037072671777589345,0.22243524843052098,0.777564751569479,"(1, 0.003707)"
test,PN12,PN12_S01,PN12_S01_preictal,PN12-1.2.edf,27,1147.0,165,2.75,1,0.0037974457912400422,0.2278459462116602,0.7721540537883398,"(1, 0.003797)"
test,PN12,PN12_S01,PN12_S01_preictal,PN12-1.2.edf,28,1152.0,160,2.6666666666666665,1,0.003846599041485555,0.23079513085503334,0.7692048691449667,"(1, 0.003847)"
test,PN12,PN12_S01,PN12_S01_preictal,PN12-1.2.edf,29,1157.0,155,2.5833333333333335,1,0.004051236370097932,0.24307332739320908,0.7569266726067909,"(1, 0.004051)"
test,PN12,PN12_S01,PN12_S01_preictal,PN12-1.2.edf,30,1162.0,150,2.5,1,0.004228595780985464,0.2537148546235468,0.7462851453764532,"(1, 0.004229)"
test,PN12,PN12_S01,PN12_S01_preictal,PN12-1.2.edf,31,1167.0,145,2.4166666666666665,1,0.004367615060507233,0.2620559820617234,0.7379440179382766,"(1, 0.004368)"
test,PN12,PN12_S01,PN12_S01_preictal,PN12-1.2.edf,32,1172.0,140,2.3333333333333335,1,0.004510857689121229,0.27065050955430525,0.7293494904456947,"(1, 0.004511)"
test,PN12,PN12_S01,PN12_S01_preictal,PN12-1.2.edf,33,1177.0,135,2.25,1,0.004615938048204421,0.2769553089272945,0.7230446910727055,"(1, 0.004616)"
test,PN12,PN12_S01,PN12_S01_preictal,PN12-1.2.edf,34,1182.0,130,2.1666666666666665,1,0.004680740986297261,0.28084347153941625,0.7191565284605838,"(1, 0.004681)"
test,PN12,PN12_S01,PN12_S01_preictal,PN12-1.2.edf,35,1187.0,125,2.0833333333333335,1,0.004756893025504012,0.2854125778237073,0.7145874221762927,"(1, 0.004757)"
test,PN12,PN12_S01,PN12_S01_preictal,PN12-1.2.edf,36,1192.0,120,2.0,1,0.0045160075147693225,0.27095949800657526,0.7290405019934247,"(1, 0.004516)"
test,PN12,PN12_S01,PN12_S01_preictal,PN12-1.2.edf,37,1197.0,115,1.9166666666666667,1,0.004271953170235018,0.25631628883009183,0.7436837111699082,"(1, 0.004272)"
test,PN12,PN12_S01,PN12_S01_preictal,PN12-1.2.edf,38,1202.0,110,1.8333333333333333,1,0.004050689616895324,0.24304052231641782,0.7569594776835822,"(1, 0.004051)"
test,PN12,PN12_S01,PN12_S01_preictal,PN12-1.2.edf,39,1207.0,105,1.75,1,0.0038567049704414237,0.23140148446003006,0.7685985155399699,"(1, 0.003857)"
test,PN12,PN12_S01,PN12_S01_preictal,PN12-1.2.edf,40,1212.0,100,1.6666666666666667,1,0.0036874901390946636,0.22124863028362873,0.7787513697163713,"(1, 0.003687)"
test,PN12,PN12_S01,PN12_S01_preictal,PN12-1.2.edf,41,1217.0,95,1.5833333333333333,1,0.0034875388004247205,0.20925159215325306,0.7907484078467469,"(1, 0.003488)"
test,PN12,PN12_S01,PN12_S01_preictal,PN12-1.2.edf,42,1222.0,90,1.5,1,0.0032993056065772903,0.19795764023969442,0.8020423597603056,"(1, 0.003299)"
test,PN12,PN12_S01,PN12_S01_preictal,PN12-1.2.edf,43,1227.0,85,1.4166666666666667,1,0.0030823382468662913,0.18493964443724342,0.8150603555627566,"(1, 0.003082)"
test,PN12,PN12_S01,PN12_S01_preictal,PN12-1.2.edf,44,1232.0,80,1.3333333333333333,1,0.0028857976077624084,0.17314724756117228,0.8268527524388277,"(1, 0.002886)"
test,PN12,PN12_S01,PN12_S01_preictal,PN12-1.2.edf,45,1237.0,75,1.25,1,0.002920440286059459,0.1752258009493748,0.8247741990506252,"(1, 0.002920)"
test,PN12,PN12_S01,PN12_S01_preictal,PN12-1.2.edf,46,1242.0,70,1.1666666666666667,1,0.0029713294053124056,0.17827913736692502,0.821720862633075,"(1, 0.002971)"
test,PN12,PN12_S01,PN12_S01_preictal,PN12-1.2.edf,47,1247.0,65,1.0833333333333333,1,0.0028292949930922447,0.1697571026030391,0.8302428973969609,"(1, 0.002829)"
test,PN12,PN12_S01,PN12_S01_preictal,PN12-1.2.edf,48,1252.0,60,1.0,1,0.0027321381542898047,0.1639277127750287,0.8360722872249713,"(1, 0.002732)"
test,PN12,PN12_S01,PN12_S01_preictal,PN12-1.2.edf,49,1257.0,55,0.9166666666666666,1,0.0027918238048474818,0.16750883921479065,0.8324911607852093,"(1, 0.002792)"
test,PN12,PN12_S01,PN12_S01_preictal,PN12-1.2.edf,50,1262.0,50,0.8333333333333334,1,0.002961958173951394,0.17771686546259824,0.8222831345374018,"(1, 0.002962)"
test,PN12,PN12_S01,PN12_S01_preictal,PN12-1.2.edf,51,1267.0,45,0.75,1,0.0031026507734330058,0.18615839174529425,0.8138416082547058,"(1, 0.003103)"
test,PN12,PN12_S01,PN12_S01_preictal,PN12-1.2.edf,52,1272.0,40,0.6666666666666666,1,0.0032540308259468085,0.19524116295486427,0.8047588370451357,"(1, 0.003254)"
test,PN12,PN12_S01,PN12_S01_preictal,PN12-1.2.edf,53,1277.0,35,0.5833333333333334,1,0.003473386794050635,0.20840247475688756,0.7915975252431124,"(1, 0.003473)"
test,PN12,PN12_S01,PN12_S01_preictal,PN12-1.2.edf,54,1282.0,30,0.5,1,0.003701888529146519,0.2221125306486733,0.7778874693513267,"(1, 0.003702)"
test,PN12,PN12_S01,PN12_S01_preictal,PN12-1.2.edf,55,1287.0,25,0.4166666666666667,1,0.003869077629246352,0.2321438413776893,0.7678561586223107,"(1, 0.003869)"
test,PN12,PN12_S01,PN12_S01_preictal,PN12-1.2.edf,56,1292.0,20,0.3333333333333333,1,0.003984688881444703,0.23908049211556492,0.7609195078844351,"(1, 0.003985)"
test,PN12,PN12_S01,PN12_S01_preictal,PN12-1.2.edf,57,1297.0,15,0.25,1,0.0040181377739628415,0.24108741860892213,0.7589125813910779,"(1, 0.004018)"
test,PN12,PN12_S01,PN12_S01_preictal,PN12-1.2.edf,58,1302.0,10,0.16666666666666666,1,0.0038275119161051067,0.22964990735959834,0.7703500926404017,"(1, 0.003828)"
test,PN12,PN12_S01,PN12_S01_preictal,PN12-1.2.edf,59,1307.0,5,0.08333333333333333,1,0.0038791359130468843,0.23274733628341882,0.7672526637165812,"(1, 0.003879)"
test,PN12,PN12_S01,PN12_S01_preictal,PN12-1.2.edf,60,1312.0,0,0.0,1,0.003716541668369409,0.22299171591022793,0.7770082840897721,"(1, 0.003717)"
train,PN12,PN12_S02,PN12_S02_preictal,PN12-1.2.edf,0,9270.0,300,5.0,1,0.009732729563965823,0.5839617202277045,0.41603827977229546,"(1, 0.009733)"
train,PN12,PN12_S02,PN12_S02_preictal,PN12-1.2.edf,1,9275.0,295,4.916666666666667,1,0.01009465192641211,0.6056769856087031,0.3943230143912969,"(1, 0.010095)"
train,PN12,PN12_S02,PN12_S02_preictal,PN12-1.2.edf,2,9280.0,290,4.833333333333333,1,0.010488394376492162,0.6293014495336751,0.37069855046632494,"(1, 0.010488)"
train,PN12,PN12_S02,PN12_S02_preictal,PN12-1.2.edf,3,9285.0,285,4.75,1,0.010809401848861441,0.6485618301431131,0.3514381698568869,"(1, 0.010809)"
train,PN12,PN12_S02,PN12_S02_preictal,PN12-1.2.edf,4,9290.0,280,4.666666666666667,1,0.011207378477458209,0.6724403438856744,0.3275596561143256,"(1, 0.011207)"
train,PN12,PN12_S02,PN12_S02_preictal,PN12-1.2.edf,5,9295.0,275,4.583333333333333,1,0.01161137204495552,0.6966798726926915,0.3033201273073085,"(1, 0.011611)"
train,PN12,PN12_S02,PN12_S02_preictal,PN12-1.2.edf,6,9300.0,270,4.5,1,0.012027586920718123,0.7216526774169247,0.27834732258307526,"(1, 0.012028)"
train,PN12,PN12_S02,PN12_S02_preictal,PN12-1.2.edf,7,9305.0,265,4.416666666666667,1,0.012424066330861716,0.7454413583682094,0.25455864163179065,"(1, 0.012424)"
train,PN12,PN12_S02,PN12_S02_preictal,PN12-1.2.edf,8,9310.0,260,4.333333333333333,1,0.01271263653851257,0.7627555099388191,0.23724449006118087,"(1, 0.012713)"
train,PN12,PN12_S02,PN12_S02_preictal,PN12-1.2.edf,9,9315.0,255,4.25,1,0.012983201456358728,0.7789893479202712,0.2210106520797288,"(1, 0.012983)"
train,PN12,PN12_S02,PN12_S02_preictal,PN12-1.2.edf,10,9320.0,250,4.166666666666667,1,0.013152378741824738,0.7891399493517497,0.2108600506482503,"(1, 0.013152)"
train,PN12,PN12_S02,PN12_S02_preictal,PN12-1.2.edf,11,9325.0,245,4.083333333333333,1,0.013361899953804468,0.801711177861465,0.19828882213853505,"(1, 0.013362)"
train,PN12,PN12_S02,PN12_S02_preictal,PN12-1.2.edf,12,9330.0,240,4.0,1,0.01351736334617395,0.8110389486007893,0.1889610513992107,"(1, 0.013517)"
train,PN12,PN12_S02,PN12_S02_preictal,PN12-1.2.edf,13,9335.0,235,3.9166666666666665,1,0.013618546032279863,0.8171098884175526,0.1828901115824474,"(1, 0.013619)"
train,PN12,PN12_S02,PN12_S02_preictal,PN12-1.2.edf,14,9340.0,230,3.8333333333333335,1,0.013650258271857478,0.8190126161009129,0.18098738389908708,"(1, 0.013650)"
train,PN12,PN12_S02,PN12_S02_preictal,PN12-1.2.edf,15,9345.0,225,3.75,1,0.013166515530627454,0.7899881536970439,0.2100118463029561,"(1, 0.013167)"
train,PN12,PN12_S02,PN12_S02_preictal,PN12-1.2.edf,16,9350.0,220,3.6666666666666665,60,0.0903004466617489,0.7887235445548445,0.2112764554451555,"(60, 0.090300)"
train,PN12,PN12_S02,PN12_S02_preictal,PN12-1.2.edf,17,9355.0,215,3.5833333333333335,60,0.0865055782168906,0.8077215687626801,0.1922784312373199,"(60, 0.086506)"
train,PN12,PN12_S02,PN12_S02_preictal,PN12-1.2.edf,18,9360.0,210,3.5,60,0.09524330324182304,0.825125408382192,0.17487459161780805,"(60, 0.095243)"
train,PN12,PN12_S02,PN12_S02_preictal,PN12-1.2.edf,19,9365.0,205,3.4166666666666665,60,0.08549977968217146,0.8415935841531295,0.15840641584687054,"(60, 0.085500)"
train,PN12,PN12_S02,PN12_S02_preictal,PN12-1.2.edf,20,9370.0,200,3.3333333333333335,60,0.09881355401979855,0.8565649172348304,0.14343508276516959,"(60, 0.098814)"
train,PN12,PN12_S02,PN12_S02_preictal,PN12-1.2.edf,21,9375.0,195,3.25,60,0.06148247085882778,0.8703294046685207,0.1296705953314793,"(60, 0.061482)"
train,PN12,PN12_S02,PN12_S02_preictal,PN12-1.2.edf,22,9380.0,190,3.1666666666666665,60,0.08533789608978307,0.8825609595242065,0.11743904047579345,"(60, 0.085338)"
train,PN12,PN12_S02,PN12_S02_preictal,PN12-1.2.edf,23,9385.0,185,3.0833333333333335,60,0.0881680932908608,0.8938625944457783,0.10613740555422169,"(60, 0.088168)"
train,PN12,PN12_S02,PN12_S02_preictal,PN12-1.2.edf,24,9390.0,180,3.0,60,0.07854407619709179,0.9040928979846133,0.09590710201538666,"(60, 0.078544)"
train,PN12,PN12_S02,PN12_S02_preictal,PN12-1.2.edf,25,9395.0,175,2.9166666666666665,60,0.08137855940174589,0.9132059103744321,0.0867940896255679,"(60, 0.081379)"
train,PN12,PN12_S02,PN12_S02_preictal,PN12-1.2.edf,26,9400.0,170,2.8333333333333335,60,0.0798700245435552,0.9212989982961667,0.07870100170383332,"(60, 0.079870)"
train,PN12,PN12_S02,PN12_S02_preictal,PN12-1.2.edf,27,9405.0,165,2.75,53,0.046095165016501814,0.9286461205855926,0.0713538794144074,"(53, 0.046095)"
train,PN12,PN12_S02,PN12_S02_preictal,PN12-1.2.edf,28,9410.0,160,2.6666666666666665,54,0.04806115411644627,0.9353299414006901,0.06467005859930985,"(54, 0.048061)"
train,PN12,PN12_S02,PN12_S02_preictal,PN12-1.2.edf,29,9415.0,155,2.5833333333333335,34,0.045353443762121345,0.9410257473451951,0.05897425265480494,"(34, 0.045353)"
train,PN12,PN12_S02,PN12_S02_preictal,PN12-1.2.edf,30,9420.0,150,2.5,58,0.05686152327214791,0.9465231596297935,0.0534768403702065,"(58, 0.056862)"
train,PN12,PN12_S02,PN12_S02_preictal,PN12-1.2.edf,31,9425.0,145,2.4166666666666665,47,0.043931255276282215,0.9514206098218289,0.048579390178171145,"(47, 0.043931)"
train,PN12,PN12_S02,PN12_S02_preictal,PN12-1.2.edf,32,9430.0,140,2.3333333333333335,33,0.04649719458979044,0.9558577215038014,0.04414227849619856,"(33, 0.046497)"
train,PN12,PN12_S02,PN12_S02_preictal,PN12-1.2.edf,33,9435.0,135,2.25,39,0.045200401056872695,0.9599745244863093,0.040025475513690734,"(39, 0.045200)"
train,PN12,PN12_S02,PN12_S02_preictal,PN12-1.2.edf,34,9440.0,130,2.1666666666666665,27,0.04904217346534612,0.9633494589065107,0.03665054109348931,"(27, 0.049042)"
train,PN12,PN12_S02,PN12_S02_preictal,PN12-1.2.edf,35,9445.0,125,2.0833333333333335,33,0.04695905994787433,0.9662354239639565,0.03376457603604355,"(33, 0.046959)"
train,PN12,PN12_S02,PN12_S02_preictal,PN12-1.2.edf,36,9450.0,120,2.0,43,0.04489150988087782,0.9690843643608718,0.030915635639128247,"(43, 0.044892)"
train,PN12,PN12_S02,PN12_S02_preictal,PN12-1.2.edf,37,9455.0,115,1.9166666666666667,39,0.04570554433458663,0.9707105029292424,0.029289497070757564,"(39, 0.045706)"
train,PN12,PN12_S02,PN12_S02_preictal,PN12-1.2.edf,38,9460.0,110,1.8333333333333333,38,0.045693854352304664,0.9664051599025898,0.033594840097410206,"(38, 0.045694)"
train,PN12,PN12_S02,PN12_S02_preictal,PN12-1.2.edf,39,9465.0,105,1.75,22,0.05213536395173863,0.9651951421681154,0.034804857831884584,"(22, 0.052135)"
train,PN12,PN12_S02,PN12_S02_preictal,PN12-1.2.edf,40,9470.0,100,1.6666666666666667,60,0.11228184771632387,0.9655594003408203,0.03444059965917967,"(60, 0.112282)"
train,PN12,PN12_S02,PN12_S02_preictal,PN12-1.2.edf,41,9475.0,95,1.5833333333333333,32,0.04691933139805477,0.9643553617897959,0.03564463821020414,"(32, 0.046919)"
train,PN12,PN12_S02,PN12_S02_preictal,PN12-1.2.edf,42,9480.0,90,1.5,27,0.04900701928386695,0.9599454889566735,0.04005451104332647,"(27, 0.049007)"
train,PN12,PN12_S02,PN12_S02_preictal,PN12-1.2.edf,43,9485.0,85,1.4166666666666667,35,0.04568061722852055,0.9555339835396541,0.04446601646034587,"(35, 0.045681)"
train,PN12,PN12_S02,PN12_S02_preictal,PN12-1.2.edf,44,9490.0,80,1.3333333333333333,35,0.04573186719313069,0.9519047764923858,0.04809522350761419,"(35, 0.045732)"
train,PN12,PN12_S02,PN12_S02_preictal,PN12-1.2.edf,45,9495.0,75,1.25,20,0.05284510175709029,0.9516740084913804,0.0483259915086196,"(20, 0.052845)"
train,PN12,PN12_S02,PN12_S02_preictal,PN12-1.2.edf,46,9500.0,70,1.1666666666666667,37,0.04529146615687239,0.9528684380287947,0.04713156197120527,"(37, 0.045291)"
train,PN12,PN12_S02,PN12_S02_preictal,PN12-1.2.edf,47,9505.0,65,1.0833333333333333,31,0.04705247118556259,0.9541509415564348,0.04584905844356524,"(31, 0.047052)"
train,PN12,PN12_S02,PN12_S02_preictal,PN12-1.2.edf,48,9510.0,60,1.0,12,0.06608014675881387,0.9537897346482969,0.04621026535170314,"(12, 0.066080)"
train,PN12,PN12_S02,PN12_S02_preictal,PN12-1.2.edf,49,9515.0,55,0.9166666666666666,31,0.04702019970408533,0.9545251775721327,0.04547482242786727,"(31, 0.047020)"
train,PN12,PN12_S02,PN12_S02_preictal,PN12-1.2.edf,50,9520.0,50,0.8333333333333334,48,0.04424671555614353,0.9557842589771774,0.04421574102282255,"(48, 0.044247)"
train,PN12,PN12_S02,PN12_S02_preictal,PN12-1.2.edf,51,9525.0,45,0.75,51,0.04573193019254357,0.9572075885906803,0.042792411409319664,"(51, 0.045732)"
train,PN12,PN12_S02,PN12_S02_preictal,PN12-1.2.edf,52,9530.0,40,0.6666666666666666,60,0.10076859876582869,0.9585617295389782,0.041438270461021776,"(60, 0.100769)"
train,PN12,PN12_S02,PN12_S02_preictal,PN12-1.2.edf,53,9535.0,35,0.5833333333333334,59,0.06106007063568966,0.9602264808064305,0.03977351919356953,"(59, 0.061060)"
train,PN12,PN12_S02,PN12_S02_preictal,PN12-1.2.edf,54,9540.0,30,0.5,60,0.10925948517999465,0.9592535355943301,0.04074646440566987,"(60, 0.109259)"
train,PN12,PN12_S02,PN12_S02_preictal,PN12-1.2.edf,55,9545.0,25,0.4166666666666667,60,0.1123345270780184,0.9594044674479427,0.04059553255205728,"(60, 0.112335)"
train,PN12,PN12_S02,PN12_S02_preictal,PN12-1.2.edf,56,9550.0,20,0.3333333333333333,60,0.11248737512329332,0.960019779714905,0.03998022028509496,"(60, 0.112487)"
train,PN12,PN12_S02,PN12_S02_preictal,PN12-1.2.edf,57,9555.0,15,0.25,60,0.11249137334271184,0.9596497786745523,0.040350221325447744,"(60, 0.112491)"
train,PN12,PN12_S02,PN12_S02_preictal,PN12-1.2.edf,58,9560.0,10,0.16666666666666666,1,0.01599497398136652,0.9596950639354029,0.04030493606459706,"(1, 0.015995)"
train,PN12,PN12_S02,PN12_S02_preictal,PN12-1.2.edf,59,9565.0,5,0.08333333333333333,60,0.01631419871548653,0.9594065694086389,0.04059343059136111,"(60, 0.016314)"
train,PN12,PN12_S02,PN12_S02_preictal,PN12-1.2.edf,60,9570.0,0,0.0,1,0.0159814674792772,0.9588846766599218,0.04111532334007817,"(1, 0.015981)"
train,PN12,PN12_S03,PN12_S03_preictal,PN12-3.edf,0,472.0,300,5.0,60,0.1100673838068996,0.9442171076482655,0.0557828923517345,"(60, 0.110067)"
train,PN12,PN12_S03,PN12_S03_preictal,PN12-3.edf,1,477.0,295,4.916666666666667,60,0.11077209616340151,0.9458433869395629,0.054156613060437064,"(60, 0.110772)"
train,PN12,PN12_S03,PN12_S03_preictal,PN12-3.edf,2,482.0,290,4.833333333333333,60,0.11093674936993489,0.9462907751997356,0.05370922480026441,"(60, 0.110937)"
train,PN12,PN12_S03,PN12_S03_preictal,PN12-3.edf,3,487.0,285,4.75,60,0.11098531237856077,0.9475771741718177,0.05242282582818225,"(60, 0.110985)"
train,PN12,PN12_S03,PN12_S03_preictal,PN12-3.edf,4,492.0,280,4.666666666666667,60,0.11110199117740784,0.9476586786502054,0.052341321349794634,"(60, 0.111102)"
train,PN12,PN12_S03,PN12_S03_preictal,PN12-3.edf,5,497.0,275,4.583333333333333,60,0.03780302840049252,0.9486415811337334,0.051358418866266575,"(60, 0.037803)"
train,PN12,PN12_S03,PN12_S03_preictal,PN12-3.edf,6,502.0,270,4.5,60,0.11045580131165639,0.9496208893978045,0.050379110602195465,"(60, 0.110456)"
train,PN12,PN12_S03,PN12_S03_preictal,PN12-3.edf,7,507.0,265,4.416666666666667,60,0.10831459467663544,0.9457287287160285,0.05427127128397147,"(60, 0.108315)"
train,PN12,PN12_S03,PN12_S03_preictal,PN12-3.edf,8,512.0,260,4.333333333333333,60,0.10115661272490492,0.9453664046629151,0.054633595337084895,"(60, 0.101157)"
train,PN12,PN12_S03,PN12_S03_preictal,PN12-3.edf,9,517.0,255,4.25,60,0.11070356720697681,0.9449858827850433,0.05501411721495675,"(60, 0.110704)"
train,PN12,PN12_S03,PN12_S03_preictal,PN12-3.edf,10,522.0,250,4.166666666666667,60,0.11059458799934054,0.9440847502506106,0.05591524974938944,"(60, 0.110595)"
train,PN12,PN12_S03,PN12_S03_preictal,PN12-3.edf,11,527.0,245,4.083333333333333,60,0.11107843267736064,0.9475280004579563,0.052471999542043735,"(60, 0.111078)"
train,PN12,PN12_S03,PN12_S03_preictal,PN12-3.edf,12,532.0,240,4.0,60,0.11137960716909939,0.9502015781408487,0.04979842185915129,"(60, 0.111380)"
train,PN12,PN12_S03,PN12_S03_preictal,PN12-3.edf,13,537.0,235,3.9166666666666665,60,0.11128314778189922,0.9521130255973487,0.04788697440265133,"(60, 0.111283)"
train,PN12,PN12_S03,PN12_S03_preictal,PN12-3.edf,14,542.0,230,3.8333333333333335,60,0.11204563365861686,0.9558941814906453,0.04410581850935469,"(60, 0.112046)"
train,PN12,PN12_S03,PN12_S03_preictal,PN12-3.edf,15,547.0,225,3.75,60,0.10277306744096154,0.9592551436013161,0.04074485639868386,"(60, 0.102773)"
train,PN12,PN12_S03,PN12_S03_preictal,PN12-3.edf,16,552.0,220,3.6666666666666665,60,0.07639040526271797,0.962017415474458,0.03798258452554204,"(60, 0.076390)"
train,PN12,PN12_S03,PN12_S03_preictal,PN12-3.edf,17,557.0,215,3.5833333333333335,60,0.1090269208643659,0.964864748523137,0.03513525147686303,"(60, 0.109027)"
train,PN12,PN12_S03,PN12_S03_preictal,PN12-3.edf,18,562.0,210,3.5,1,0.01610364682651289,0.9662154117141669,0.033784588285833084,"(1, 0.016104)"
train,PN12,PN12_S03,PN12_S03_preictal,PN12-3.edf,19,567.0,205,3.4166666666666665,1,0.016137621218265175,0.9682538680506924,0.03174613194930764,"(1, 0.016138)"
train,PN12,PN12_S03,PN12_S03_preictal,PN12-3.edf,20,572.0,200,3.3333333333333335,60,0.06542401147109984,0.9649408192441207,0.03505918075587933,"(60, 0.065424)"
train,PN12,PN12_S03,PN12_S03_preictal,PN12-3.edf,21,577.0,195,3.25,60,0.09344232773347942,0.9663297857397257,0.03367021426027428,"(60, 0.093442)"
train,PN12,PN12_S03,PN12_S03_preictal,PN12-3.edf,22,582.0,190,3.1666666666666665,60,0.11125213679240072,0.9675565305802988,0.03244346941970122,"(60, 0.111252)"
train,PN12,PN12_S03,PN12_S03_preictal,PN12-3.edf,23,587.0,185,3.0833333333333335,60,0.02432977177106423,0.9686446402460787,0.03135535975392134,"(60, 0.024330)"
train,PN12,PN12_S03,PN12_S03_preictal,PN12-3.edf,24,592.0,180,3.0,1,0.016128260157473095,0.9676922063783555,0.03230779362164449,"(1, 0.016128)"
train,PN12,PN12_S03,PN12_S03_preictal,PN12-3.edf,25,597.0,175,2.9166666666666665,60,0.027886851253054873,0.9628504379312687,0.03714956206873132,"(60, 0.027887)"
train,PN12,PN12_S03,PN12_S03_preictal,PN12-3.edf,26,602.0,170,2.8333333333333335,1,0.01580661768845042,0.9483937261036982,0.05160627389630179,"(1, 0.015807)"
train,PN12,PN12_S03,PN12_S03_preictal,PN12-3.edf,27,607.0,165,2.75,1,0.015575857837219792,0.9345481837202914,0.06545181627970864,"(1, 0.015576)"
train,PN12,PN12_S03,PN12_S03_preictal,PN12-3.edf,28,612.0,160,2.6666666666666665,1,0.015239401500899568,0.9143608745335138,0.08563912546648622,"(1, 0.015239)"
train,PN12,PN12_S03,PN12_S03_preictal,PN12-3.edf,29,617.0,155,2.5833333333333335,60,0.02546003603558637,0.9158315117278599,0.08416848827214007,"(60, 0.025460)"
train,PN12,PN12_S03,PN12_S03_preictal,PN12-3.edf,30,622.0,150,2.5,60,0.10401478642309685,0.8938414234479128,0.10615857655208716,"(60, 0.104015)"
train,PN12,PN12_S03,PN12_S03_preictal,PN12-3.edf,31,627.0,145,2.4166666666666665,60,0.1019323114998184,0.8698647345198474,0.13013526548015264,"(60, 0.101932)"
train,PN12,PN12_S03,PN12_S03_preictal,PN12-3.edf,32,632.0,140,2.3333333333333335,60,0.10080287981393701,0.8640274326582289,0.1359725673417711,"(60, 0.100803)"
train,PN12,PN12_S03,PN12_S03_preictal,PN12-3.edf,33,637.0,135,2.25,60,0.1003869776048356,0.865714923472105,0.134285076527895,"(60, 0.100387)"
train,PN12,PN12_S03,PN12_S03_preictal,PN12-3.edf,34,642.0,130,2.1666666666666665,60,0.06363168570753364,0.8749251837710906,0.12507481622890937,"(60, 0.063632)"
train,PN12,PN12_S03,PN12_S03_preictal,PN12-3.edf,35,647.0,125,2.0833333333333335,60,0.07005402798925256,0.883195307670688,0.11680469232931201,"(60, 0.070054)"
train,PN12,PN12_S03,PN12_S03_preictal,PN12-3.edf,36,652.0,120,2.0,60,0.10371974797512075,0.893963465984758,0.10603653401524205,"(60, 0.103720)"
train,PN12,PN12_S03,PN12_S03_preictal,PN12-3.edf,37,657.0,115,1.9166666666666667,60,0.10538798822886122,0.899753441365478,0.10024655863452203,"(60, 0.105388)"
train,PN12,PN12_S03,PN12_S03_preictal,PN12-3.edf,38,662.0,110,1.8333333333333333,60,0.10617689804853843,0.9085567986919421,0.09144320130805794,"(60, 0.106177)"
train,PN12,PN12_S03,PN12_S03_preictal,PN12-3.edf,39,667.0,105,1.75,60,0.10737452904936315,0.9167081290950049,0.08329187090499512,"(60, 0.107375)"
train,PN12,PN12_S03,PN12_S03_preictal,PN12-3.edf,40,672.0,100,1.6666666666666667,60,0.10829903037943811,0.9240190712283116,0.07598092877168838,"(60, 0.108299)"
train,PN12,PN12_S03,PN12_S03_preictal,PN12-3.edf,41,677.0,95,1.5833333333333333,60,0.10900842960370967,0.9301575128307726,0.06984248716922736,"(60, 0.109008)"
train,PN12,PN12_S03,PN12_S03_preictal,PN12-3.edf,42,682.0,90,1.5,60,0.10547176608094307,0.9354735353126769,0.06452646468732315,"(60, 0.105472)"
train,PN12,PN12_S03,PN12_S03_preictal,PN12-3.edf,43,687.0,85,1.4166666666666667,1,0.01565433090655826,0.939256551322747,0.06074344867725301,"(1, 0.015654)"
train,PN12,PN12_S03,PN12_S03_preictal,PN12-3.edf,44,692.0,80,1.3333333333333333,60,0.02113820146445,0.9405419938163069,0.059458006183693124,"(60, 0.021138)"
train,PN12,PN12_S03,PN12_S03_preictal,PN12-3.edf,45,697.0,75,1.25,1,0.015708150473497946,0.9424857139831758,0.05751428601682418,"(1, 0.015708)"
train,PN12,PN12_S03,PN12_S03_preictal,PN12-3.edf,46,702.0,70,1.1666666666666667,1,0.015672696378896404,0.9403584757879129,0.05964152421208713,"(1, 0.015673)"
train,PN12,PN12_S03,PN12_S03_preictal,PN12-3.edf,47,707.0,65,1.0833333333333333,1,0.015737632346202617,0.9442546201247678,0.055745379875232204,"(1, 0.015738)"
train,PN12,PN12_S03,PN12_S03_preictal,PN12-3.edf,48,712.0,60,1.0,1,0.015812673285170706,0.9487570606291819,0.05124293937081814,"(1, 0.015813)"
train,PN12,PN12_S03,PN12_S03_preictal,PN12-3.edf,49,717.0,55,0.9166666666666666,1,0.015840587231238417,0.9504318915033895,0.04956810849661053,"(1, 0.015841)"
train,PN12,PN12_S03,PN12_S03_preictal,PN12-3.edf,50,722.0,50,0.8333333333333334,1,0.015879576266707225,0.9527712254048143,0.04722877459518571,"(1, 0.015880)"
train,PN12,PN12_S03,PN12_S03_preictal,PN12-3.edf,51,727.0,45,0.75,1,0.015923411341506908,0.9554013206435752,0.04459867935642481,"(1, 0.015923)"
train,PN12,PN12_S03,PN12_S03_preictal,PN12-3.edf,52,732.0,40,0.6666666666666666,60,0.022523258280704662,0.957563078303091,0.04243692169690905,"(60, 0.022523)"
train,PN12,PN12_S03,PN12_S03_preictal,PN12-3.edf,53,737.0,35,0.5833333333333334,60,0.016112931306428782,0.9592119031560884,0.0407880968439116,"(60, 0.016113)"
train,PN12,PN12_S03,PN12_S03_preictal,PN12-3.edf,54,742.0,30,0.5,60,0.08629564356504119,0.9626237024848361,0.037376297515163914,"(60, 0.086296)"
train,PN12,PN12_S03,PN12_S03_preictal,PN12-3.edf,55,747.0,25,0.4166666666666667,60,0.08636258949538157,0.9654056895484255,0.03459431045157446,"(60, 0.086363)"
train,PN12,PN12_S03,PN12_S03_preictal,PN12-3.edf,56,752.0,20,0.3333333333333333,60,0.10976902853400487,0.9676483455949433,0.03235165440505672,"(60, 0.109769)"
train,PN12,PN12_S03,PN12_S03_preictal,PN12-3.edf,57,757.0,15,0.25,60,0.10745763547368072,0.9697983961005704,0.030201603899429608,"(60, 0.107458)"
train,PN12,PN12_S03,PN12_S03_preictal,PN12-3.edf,58,762.0,10,0.16666666666666666,60,0.11358918191086095,0.9693504313191953,0.030649568680804706,"(60, 0.113589)"
train,PN12,PN12_S03,PN12_S03_preictal,PN12-3.edf,59,767.0,5,0.08333333333333333,60,0.11082089012440757,0.9698284894089549,0.03017151059104506,"(60, 0.110821)"
train,PN12,PN12_S03,PN12_S03_preictal,PN12-3.edf,60,772.0,0,0.0,60,0.09281552909244482,0.9662404585302988,0.03375954146970117,"(60, 0.092816)"
train,PN12,PN12_S04,PN12_S04_preictal,PN12-4.edf,0,9512.0,300,5.0,1,0.013333689648317661,0.8000185654846436,0.19998143451535644,"(1, 0.013334)"
train,PN12,PN12_S04,PN12_S04_preictal,PN12-4.edf,1,9517.0,295,4.916666666666667,1,0.013129250044632503,0.7877522324003808,0.21224776759961916,"(1, 0.013129)"
train,PN12,PN12_S04,PN12_S04_preictal,PN12-4.edf,2,9522.0,290,4.833333333333333,1,0.012818166832547367,0.7690873053139681,0.23091269468603193,"(1, 0.012818)"
train,PN12,PN12_S04,PN12_S04_preictal,PN12-4.edf,3,9527.0,285,4.75,1,0.012572550772328744,0.7543503935259481,0.24564960647405187,"(1, 0.012573)"
train,PN12,PN12_S04,PN12_S04_preictal,PN12-4.edf,4,9532.0,280,4.666666666666667,1,0.012424737801067016,0.7454816464388468,0.25451835356115315,"(1, 0.012425)"
train,PN12,PN12_S04,PN12_S04_preictal,PN12-4.edf,5,9537.0,275,4.583333333333333,1,0.012287033333054647,0.7372194074138084,0.2627805925861916,"(1, 0.012287)"
train,PN12,PN12_S04,PN12_S04_preictal,PN12-4.edf,6,9542.0,270,4.5,1,0.012193002924333054,0.7315776027309706,0.2684223972690294,"(1, 0.012193)"
train,PN12,PN12_S04,PN12_S04_preictal,PN12-4.edf,7,9547.0,265,4.416666666666667,1,0.01202936255872752,0.721759215322828,0.27824078467717195,"(1, 0.012029)"
train,PN12,PN12_S04,PN12_S04_preictal,PN12-4.edf,8,9552.0,260,4.333333333333333,1,0.011902213619158568,0.7141303057771735,0.2858696942228265,"(1, 0.011902)"
train,PN12,PN12_S04,PN12_S04_preictal,PN12-4.edf,9,9557.0,255,4.25,1,0.012164431816971973,0.729863342317822,0.270136657682178,"(1, 0.012164)"
train,PN12,PN12_S04,PN12_S04_preictal,PN12-4.edf,10,9562.0,250,4.166666666666667,1,0.012580039168285774,0.7547996957033151,0.24520030429668493,"(1, 0.012580)"
train,PN12,PN12_S04,PN12_S04_preictal,PN12-4.edf,11,9567.0,245,4.083333333333333,1,0.012969861701425254,0.7781889654389569,0.22181103456104312,"(1, 0.012970)"
train,PN12,PN12_S04,PN12_S04_preictal,PN12-4.edf,12,9572.0,240,4.0,1,0.013321337204925631,0.7992774214874927,0.2007225785125073,"(1, 0.013321)"
train,PN12,PN12_S04,PN12_S04_preictal,PN12-4.edf,13,9577.0,235,3.9166666666666665,1,0.013646857751218593,0.8188085855800912,0.18119141441990883,"(1, 0.013647)"
train,PN12,PN12_S04,PN12_S04_preictal,PN12-4.edf,14,9582.0,230,3.8333333333333335,1,0.013938153050604382,0.8362862420798014,0.1637137579201986,"(1, 0.013938)"
train,PN12,PN12_S04,PN12_S04_preictal,PN12-4.edf,15,9587.0,225,3.75,1,0.014200115063348059,0.8520039075703214,0.1479960924296786,"(1, 0.014200)"
train,PN12,PN12_S04,PN12_S04_preictal,PN12-4.edf,16,9592.0,220,3.6666666666666665,1,0.014434846116348638,0.8660877212220002,0.13391227877799983,"(1, 0.014435)"
train,PN12,PN12_S04,PN12_S04_preictal,PN12-4.edf,17,9597.0,215,3.5833333333333335,1,0.014645492502543942,0.8787264599472376,0.12127354005276236,"(1, 0.014645)"
train,PN12,PN12_S04,PN12_S04_preictal,PN12-4.edf,18,9602.0,210,3.5,1,0.014806956375561871,0.8884142582593647,0.11158574174063529,"(1, 0.014807)"
train,PN12,PN12_S04,PN12_S04_preictal,PN12-4.edf,19,9607.0,205,3.4166666666666665,1,0.014919216343800456,0.8951498326667768,0.10485016733322317,"(1, 0.014919)"
train,PN12,PN12_S04,PN12_S04_preictal,PN12-4.edf,20,9612.0,200,3.3333333333333335,1,0.015021340170806053,0.90127724073894,0.09872275926106,"(1, 0.015021)"
train,PN12,PN12_S04,PN12_S04_preictal,PN12-4.edf,21,9617.0,195,3.25,1,0.014928771099675876,0.8957231160032443,0.10427688399675572,"(1, 0.014929)"
train,PN12,PN12_S04,PN12_S04_preictal,PN12-4.edf,22,9622.0,190,3.1666666666666665,1,0.014599897147712157,0.8759907482779706,0.12400925172202937,"(1, 0.014600)"
train,PN12,PN12_S04,PN12_S04_preictal,PN12-4.edf,23,9627.0,185,3.0833333333333335,1,0.014528862302320237,0.8717286725428391,0.12827132745716086,"(1, 0.014529)"
train,PN12,PN12_S04,PN12_S04_preictal,PN12-4.edf,24,9632.0,180,3.0,1,0.014503835073123937,0.8702270440718176,0.1297729559281824,"(1, 0.014504)"
train,PN12,PN12_S04,PN12_S04_preictal,PN12-4.edf,25,9637.0,175,2.9166666666666665,1,0.014545671873827189,0.8727372432864293,0.12726275671357068,"(1, 0.014546)"
train,PN12,PN12_S04,PN12_S04_preictal,PN12-4.edf,26,9642.0,170,2.8333333333333335,1,0.014454924561862974,0.8672924237162993,0.13270757628370067,"(1, 0.014455)"
train,PN12,PN12_S04,PN12_S04_preictal,PN12-4.edf,27,9647.0,165,2.75,1,0.014283050476361034,0.8569800148516911,0.14301998514830894,"(1, 0.014283)"
train,PN12,PN12_S04,PN12_S04_preictal,PN12-4.edf,28,9652.0,160,2.6666666666666665,1,0.014170479824249276,0.850225799477443,0.14977420052255697,"(1, 0.014170)"
train,PN12,PN12_S04,PN12_S04_preictal,PN12-4.edf,29,9657.0,155,2.5833333333333335,1,0.014134950435362694,0.8480940436409649,0.15190595635903514,"(1, 0.014135)"
train,PN12,PN12_S04,PN12_S04_preictal,PN12-4.edf,30,9662.0,150,2.5,1,0.013909344668537145,0.8345577452343486,0.16544225476565144,"(1, 0.013909)"
train,PN12,PN12_S04,PN12_S04_preictal,PN12-4.edf,31,9667.0,145,2.4166666666666665,1,0.013872196417836357,0.8323288580305986,0.16767114196940136,"(1, 0.013872)"
train,PN12,PN12_S04,PN12_S04_preictal,PN12-4.edf,32,9672.0,140,2.3333333333333335,1,0.013478060212241471,0.8086807688578193,0.19131923114218075,"(1, 0.013478)"
train,PN12,PN12_S04,PN12_S04_preictal,PN12-4.edf,33,9677.0,135,2.25,60,0.09195372706890191,0.7944516679947563,0.2055483320052437,"(60, 0.091954)"
train,PN12,PN12_S04,PN12_S04_preictal,PN12-4.edf,34,9682.0,130,2.1666666666666665,60,0.09506217100713876,0.811675576327231,0.18832442367276903,"(60, 0.095062)"
train,PN12,PN12_S04,PN12_S04_preictal,PN12-4.edf,35,9687.0,125,2.0833333333333335,60,0.09648646785292406,0.826161944192972,0.17383805580702805,"(60, 0.096486)"
train,PN12,PN12_S04,PN12_S04_preictal,PN12-4.edf,36,9692.0,120,2.0,60,0.09707777124171124,0.8389997519752578,0.16100024802474222,"(60, 0.097078)"
train,PN12,PN12_S04,PN12_S04_preictal,PN12-4.edf,37,9697.0,115,1.9166666666666667,60,0.0963287884299607,0.8518314985535934,0.1481685014464066,"(60, 0.096329)"
train,PN12,PN12_S04,PN12_S04_preictal,PN12-4.edf,38,9702.0,110,1.8333333333333333,60,0.10126345282336963,0.8642040382968408,0.13579596170315922,"(60, 0.101263)"
train,PN12,PN12_S04,PN12_S04_preictal,PN12-4.edf,39,9707.0,105,1.75,60,0.10242672157944607,0.873737221219635,0.12626277878036496,"(60, 0.102427)"
train,PN12,PN12_S04,PN12_S04_preictal,PN12-4.edf,40,9712.0,100,1.6666666666666667,60,0.10314009844853261,0.8810946913238494,0.11890530867615057,"(60, 0.103140)"
train,PN12,PN12_S04,PN12_S04_preictal,PN12-4.edf,41,9717.0,95,1.5833333333333333,60,0.10403679538145807,0.8902661764490798,0.1097338235509202,"(60, 0.104037)"
train,PN12,PN12_S04,PN12_S04_preictal,PN12-4.edf,42,9722.0,90,1.5,60,0.10516231051991047,0.8974700117555442,0.1025299882444558,"(60, 0.105162)"
train,PN12,PN12_S04,PN12_S04_preictal,PN12-4.edf,43,9727.0,85,1.4166666666666667,60,0.10596572428187077,0.9043820963841379,0.09561790361586209,"(60, 0.105966)"
train,PN12,PN12_S04,PN12_S04_preictal,PN12-4.edf,44,9732.0,80,1.3333333333333333,59,0.05989104831822999,0.9031442521471871,0.09685574785281292,"(59, 0.059891)"
train,PN12,PN12_S04,PN12_S04_preictal,PN12-4.edf,45,9737.0,75,1.25,43,0.0411135756396949,0.8865310530002454,0.11346894699975463,"(43, 0.041114)"
train,PN12,PN12_S04,PN12_S04_preictal,PN12-4.edf,46,9742.0,70,1.1666666666666667,50,0.040755476090895124,0.8709606587668336,0.1290393412331664,"(50, 0.040755)"
train,PN12,PN12_S04,PN12_S04_preictal,PN12-4.edf,47,9747.0,65,1.0833333333333333,60,0.0616728138762748,0.8773808164559949,0.12261918354400514,"(60, 0.061673)"
train,PN12,PN12_S04,PN12_S04_preictal,PN12-4.edf,48,9752.0,60,1.0,60,0.09269760175892028,0.8859486720384113,0.11405132796158868,"(60, 0.092698)"
train,PN12,PN12_S04,PN12_S04_preictal,PN12-4.edf,49,9757.0,55,0.9166666666666666,60,0.10170211801514689,0.8926531645848025,0.10734683541519752,"(60, 0.101702)"
train,PN12,PN12_S04,PN12_S04_preictal,PN12-4.edf,50,9762.0,50,0.8333333333333334,60,0.1045557873557636,0.8949706790818106,0.1050293209181894,"(60, 0.104556)"
train,PN12,PN12_S04,PN12_S04_preictal,PN12-4.edf,51,9767.0,45,0.75,60,0.10583266477941179,0.9027138899667735,0.09728611003322651,"(60, 0.105833)"
train,PN12,PN12_S04,PN12_S04_preictal,PN12-4.edf,52,9772.0,40,0.6666666666666666,60,0.10608315175913699,0.9090023696697707,0.09099763033022934,"(60, 0.106083)"
train,PN12,PN12_S04,PN12_S04_preictal,PN12-4.edf,53,9777.0,35,0.5833333333333334,60,0.10702087151683776,0.9129461614998207,0.08705383850017934,"(60, 0.107021)"
train,PN12,PN12_S04,PN12_S04_preictal,PN12-4.edf,54,9782.0,30,0.5,60,0.1074300064529522,0.9165745984085147,0.08342540159148526,"(60, 0.107430)"
train,PN12,PN12_S04,PN12_S04_preictal,PN12-4.edf,55,9787.0,25,0.4166666666666667,60,0.10736530898617298,0.9179984169308313,0.08200158306916872,"(60, 0.107365)"
train,PN12,PN12_S04,PN12_S04_preictal,PN12-4.edf,56,9792.0,20,0.3333333333333333,60,0.1066867134992119,0.9214098555059641,0.0785901444940359,"(60, 0.106687)"
train,PN12,PN12_S04,PN12_S04_preictal,PN12-4.edf,57,9797.0,15,0.25,60,0.10583383508865614,0.9230858273939379,0.07691417260606215,"(60, 0.105834)"
train,PN12,PN12_S04,PN12_S04_preictal,PN12-4.edf,58,9802.0,10,0.16666666666666666,60,0.10667725753151078,0.9197479774751518,0.0802520225248482,"(60, 0.106677)"
train,PN12,PN12_S04,PN12_S04_preictal,PN12-4.edf,59,9807.0,5,0.08333333333333333,60,0.10770804274892873,0.9187353822879676,0.08126461771203242,"(60, 0.107708)"
train,PN12,PN12_S04,PN12_S04_preictal,PN12-4.edf,60,9812.0,0,0.0,60,0.1079124756312953,0.9206772462086119,0.07932275379138809,"(60, 0.107912)"
test,PN13,PN13_S01,PN13_S01_preictal,PN13-1.edf,0,6762.0,300,5.0,1,0.0018472783779918465,0.11083631290295559,0.8891636870970444,"(1, 0.001847)"
test,PN13,PN13_S01,PN13_S01_preictal,PN13-1.edf,1,6767.0,295,4.916666666666667,1,0.001824110096550143,0.10944622090497103,0.890553779095029,"(1, 0.001824)"
test,PN13,PN13_S01,PN13_S01_preictal,PN13-1.edf,2,6772.0,290,4.833333333333333,1,0.0018777481472195888,0.11266449262748535,0.8873355073725147,"(1, 0.001878)"
test,PN13,PN13_S01,PN13_S01_preictal,PN13-1.edf,3,6777.0,285,4.75,1,0.001930766081120913,0.11584555747475722,0.8841544425252428,"(1, 0.001931)"
test,PN13,PN13_S01,PN13_S01_preictal,PN13-1.edf,4,6782.0,280,4.666666666666667,1,0.001940283347417372,0.11641659144439742,0.8835834085556026,"(1, 0.001940)"
test,PN13,PN13_S01,PN13_S01_preictal,PN13-1.edf,5,6787.0,275,4.583333333333333,1,0.0019296237944723816,0.11577702051686833,0.8842229794831317,"(1, 0.001930)"
test,PN13,PN13_S01,PN13_S01_preictal,PN13-1.edf,6,6792.0,270,4.5,1,0.0018765732907348284,0.11259400148629495,0.887405998513705,"(1, 0.001877)"
test,PN13,PN13_S01,PN13_S01_preictal,PN13-1.edf,7,6797.0,265,4.416666666666667,1,0.001838279505300729,0.11029638244025464,0.8897036175597454,"(1, 0.001838)"
test,PN13,PN13_S01,PN13_S01_preictal,PN13-1.edf,8,6802.0,260,4.333333333333333,1,0.0017716047307638077,0.10629591003644634,0.8937040899635537,"(1, 0.001772)"
test,PN13,PN13_S01,PN13_S01_preictal,PN13-1.edf,9,6807.0,255,4.25,1,0.001753102073800905,0.10518575452274093,0.8948142454772591,"(1, 0.001753)"
test,PN13,PN13_S01,PN13_S01_preictal,PN13-1.edf,10,6812.0,250,4.166666666666667,1,0.0017934441787040443,0.1076062723047273,0.8923937276952727,"(1, 0.001793)"
test,PN13,PN13_S01,PN13_S01_preictal,PN13-1.edf,11,6817.0,245,4.083333333333333,1,0.0018481777905693887,0.11089027746783164,0.8891097225321684,"(1, 0.001848)"
test,PN13,PN13_S01,PN13_S01_preictal,PN13-1.edf,12,6822.0,240,4.0,1,0.0019293660432567058,0.11576155549831346,0.8842384445016865,"(1, 0.001929)"
test,PN13,PN13_S01,PN13_S01_preictal,PN13-1.edf,13,6827.0,235,3.9166666666666665,1,0.0020301105524734614,0.1218062047941828,0.8781937952058172,"(1, 0.002030)"
test,PN13,PN13_S01,PN13_S01_preictal,PN13-1.edf,14,6832.0,230,3.8333333333333335,1,0.0021173584978483513,0.1270410631073211,0.8729589368926789,"(1, 0.002117)"
test,PN13,PN13_S01,PN13_S01_preictal,PN13-1.edf,15,6837.0,225,3.75,1,0.002193891081887668,0.13163300200127104,0.868366997998729,"(1, 0.002194)"
test,PN13,PN13_S01,PN13_S01_preictal,PN13-1.edf,16,6842.0,220,3.6666666666666665,1,0.002221018150961771,0.13326062042189357,0.8667393795781064,"(1, 0.002221)"
test,PN13,PN13_S01,PN13_S01_preictal,PN13-1.edf,17,6847.0,215,3.5833333333333335,1,0.0022251949167963335,0.13351122549066785,0.8664887745093321,"(1, 0.002225)"
test,PN13,PN13_S01,PN13_S01_preictal,PN13-1.edf,18,6852.0,210,3.5,1,0.0022100679676398537,0.132603611733072,0.867396388266928,"(1, 0.002210)"
test,PN13,PN13_S01,PN13_S01_preictal,PN13-1.edf,19,6857.0,205,3.4166666666666665,1,0.0021243162808199747,0.12745852861752316,0.8725414713824768,"(1, 0.002124)"
test,PN13,PN13_S01,PN13_S01_preictal,PN13-1.edf,20,6862.0,200,3.3333333333333335,1,0.002052563597892346,0.12315338278171328,0.8768466172182867,"(1, 0.002053)"
test,PN13,PN13_S01,PN13_S01_preictal,PN13-1.edf,21,6867.0,195,3.25,1,0.001980921551339995,0.11885487510507575,0.8811451248949242,"(1, 0.001981)"
test,PN13,PN13_S01,PN13_S01_preictal,PN13-1.edf,22,6872.0,190,3.1666666666666665,1,0.0019385507395896955,0.11631263534031788,0.8836873646596821,"(1, 0.001939)"
test,PN13,PN13_S01,PN13_S01_preictal,PN13-1.edf,23,6877.0,185,3.0833333333333335,1,0.001909326929808148,0.11455921291966176,0.8854407870803382,"(1, 0.001909)"
test,PN13,PN13_S01,PN13_S01_preictal,PN13-1.edf,24,6882.0,180,3.0,1,0.0019104163087248056,0.11462457542480187,0.8853754245751981,"(1, 0.001910)"
test,PN13,PN13_S01,PN13_S01_preictal,PN13-1.edf,25,6887.0,175,2.9166666666666665,1,0.0019220269637107755,0.11532121227410663,0.8846787877258934,"(1, 0.001922)"
test,PN13,PN13_S01,PN13_S01_preictal,PN13-1.edf,26,6892.0,170,2.8333333333333335,1,0.002026204599236165,0.12157184842410285,0.8784281515758972,"(1, 0.002026)"
test,PN13,PN13_S01,PN13_S01_preictal,PN13-1.edf,27,6897.0,165,2.75,1,0.0020953550771631636,0.12572086250894132,0.8742791374910587,"(1, 0.002095)"
test,PN13,PN13_S01,PN13_S01_preictal,PN13-1.edf,28,6902.0,160,2.6666666666666665,1,0.002255247546463449,0.1353143769295766,0.8646856230704234,"(1, 0.002255)"
test,PN13,PN13_S01,PN13_S01_preictal,PN13-1.edf,29,6907.0,155,2.5833333333333335,1,0.0023459192680571747,0.14075466109342682,0.8592453389065732,"(1, 0.002346)"
test,PN13,PN13_S01,PN13_S01_preictal,PN13-1.edf,30,6912.0,150,2.5,1,0.0024715728981877247,0.1482938523882883,0.8517061476117117,"(1, 0.002472)"
test,PN13,PN13_S01,PN13_S01_preictal,PN13-1.edf,31,6917.0,145,2.4166666666666665,1,0.002513465643324613,0.1508074082571138,0.8491925917428862,"(1, 0.002513)"
test,PN13,PN13_S01,PN13_S01_preictal,PN13-1.edf,32,6922.0,140,2.3333333333333335,1,0.0025722500001985563,0.15433445726602502,0.845665542733975,"(1, 0.002572)"
test,PN13,PN13_S01,PN13_S01_preictal,PN13-1.edf,33,6927.0,135,2.25,1,0.0026380593755215035,0.15828300589959454,0.8417169941004055,"(1, 0.002638)"
test,PN13,PN13_S01,PN13_S01_preictal,PN13-1.edf,34,6932.0,130,2.1666666666666665,1,0.0026582213951709607,0.159492722824367,0.840507277175633,"(1, 0.002658)"
test,PN13,PN13_S01,PN13_S01_preictal,PN13-1.edf,35,6937.0,125,2.0833333333333335,1,0.0026644395821966167,0.15986581273386613,0.8401341872661339,"(1, 0.002664)"
test,PN13,PN13_S01,PN13_S01_preictal,PN13-1.edf,36,6942.0,120,2.0,1,0.0026004883229890402,0.15602875067515554,0.8439712493248445,"(1, 0.002600)"
test,PN13,PN13_S01,PN13_S01_preictal,PN13-1.edf,37,6947.0,115,1.9166666666666667,1,0.0026180588314409954,0.15708297747488775,0.8429170225251122,"(1, 0.002618)"
test,PN13,PN13_S01,PN13_S01_preictal,PN13-1.edf,38,6952.0,110,1.8333333333333333,1,0.002518158358052275,0.15108897015060863,0.8489110298493914,"(1, 0.002518)"
test,PN13,PN13_S01,PN13_S01_preictal,PN13-1.edf,39,6957.0,105,1.75,1,0.0026495063815760414,0.15896982384754355,0.8410301761524565,"(1, 0.002650)"
test,PN13,PN13_S01,PN13_S01_preictal,PN13-1.edf,40,6962.0,100,1.6666666666666667,1,0.003288290675192865,0.19729674668078434,0.8027032533192157,"(1, 0.003288)"
test,PN13,PN13_S01,PN13_S01_preictal,PN13-1.edf,41,6967.0,95,1.5833333333333333,1,0.003709159287516525,0.2225487746167405,0.7774512253832595,"(1, 0.003709)"
test,PN13,PN13_S01,PN13_S01_preictal,PN13-1.edf,42,6972.0,90,1.5,1,0.0041989637197790575,0.2519369372035405,0.7480630627964595,"(1, 0.004199)"
test,PN13,PN13_S01,PN13_S01_preictal,PN13-1.edf,43,6977.0,85,1.4166666666666667,1,0.0047633408826971285,0.2857994478947936,0.7142005521052064,"(1, 0.004763)"
test,PN13,PN13_S01,PN13_S01_preictal,PN13-1.edf,44,6982.0,80,1.3333333333333333,1,0.005215515068902916,0.31292980365818746,0.6870701963418125,"(1, 0.005216)"
test,PN13,PN13_S01,PN13_S01_preictal,PN13-1.edf,45,6987.0,75,1.25,1,0.005601181200620783,0.3360696901855351,0.6639303098144649,"(1, 0.005601)"
test,PN13,PN13_S01,PN13_S01_preictal,PN13-1.edf,46,6992.0,70,1.1666666666666667,1,0.005946979713077714,0.35681752796931177,0.6431824720306882,"(1, 0.005947)"
test,PN13,PN13_S01,PN13_S01_preictal,PN13-1.edf,47,6997.0,65,1.0833333333333333,1,0.006183557762620562,0.3710121610238095,0.6289878389761905,"(1, 0.006184)"
test,PN13,PN13_S01,PN13_S01_preictal,PN13-1.edf,48,7002.0,60,1.0,1,0.006424385398877645,0.38546176838449664,0.6145382316155034,"(1, 0.006424)"
test,PN13,PN13_S01,PN13_S01_preictal,PN13-1.edf,49,7007.0,55,0.9166666666666666,1,0.006751356135256281,0.40507994357624477,0.5949200564237552,"(1, 0.006751)"
test,PN13,PN13_S01,PN13_S01_preictal,PN13-1.edf,50,7012.0,50,0.8333333333333334,1,0.007163115440936204,0.4297854150356444,0.5702145849643556,"(1, 0.007163)"
test,PN13,PN13_S01,PN13_S01_preictal,PN13-1.edf,51,7017.0,45,0.75,1,0.0075278000157677554,0.45166641257693085,0.5483335874230691,"(1, 0.007528)"
test,PN13,PN13_S01,PN13_S01_preictal,PN13-1.edf,52,7022.0,40,0.6666666666666666,1,0.007573061099312643,0.4543820680395154,0.5456179319604846,"(1, 0.007573)"
test,PN13,PN13_S01,PN13_S01_preictal,PN13-1.edf,53,7027.0,35,0.5833333333333334,1,0.007768709776948319,0.46612094741569843,0.5338790525843016,"(1, 0.007769)"
test,PN13,PN13_S01,PN13_S01_preictal,PN13-1.edf,54,7032.0,30,0.5,1,0.007890557689403473,0.47343179645304423,0.5265682035469558,"(1, 0.007891)"
test,PN13,PN13_S01,PN13_S01_preictal,PN13-1.edf,55,7037.0,25,0.4166666666666667,1,0.0077413982988969255,0.4644822644953488,0.5355177355046512,"(1, 0.007741)"
test,PN13,PN13_S01,PN13_S01_preictal,PN13-1.edf,56,7042.0,20,0.3333333333333333,1,0.007671090703105126,0.46026382358277473,0.5397361764172253,"(1, 0.007671)"
test,PN13,PN13_S01,PN13_S01_preictal,PN13-1.edf,57,7047.0,15,0.25,1,0.007634508985757097,0.4580689282606515,0.5419310717393485,"(1, 0.007635)"
test,PN13,PN13_S01,PN13_S01_preictal,PN13-1.edf,58,7052.0,10,0.16666666666666666,1,0.007699063060642396,0.461942159132831,0.538057840867169,"(1, 0.007699)"
test,PN13,PN13_S01,PN13_S01_preictal,PN13-1.edf,59,7057.0,5,0.08333333333333333,1,0.00750668989042111,0.45039980951037784,0.5496001904896222,"(1, 0.007507)"
test,PN13,PN13_S01,PN13_S01_preictal,PN13-1.edf,60,7062.0,0,0.0,1,0.007487434629003634,0.449244497888198,0.550755502111802,"(1, 0.007487)"
train,PN13,PN13_S02,PN13_S02_preictal,PN13-2.edf,0,6949.0,300,5.0,60,0.07276547651042964,0.9568526082650549,0.043147391734945084,"(60, 0.072765)"
train,PN13,PN13_S02,PN13_S02_preictal,PN13-2.edf,1,6954.0,295,4.916666666666667,60,0.08862462330970063,0.9584395919264141,0.04156040807358585,"(60, 0.088625)"
train,PN13,PN13_S02,PN13_S02_preictal,PN13-2.edf,2,6959.0,290,4.833333333333333,60,0.10920658110040021,0.9576643182676515,0.042335681732348474,"(60, 0.109207)"
train,PN13,PN13_S02,PN13_S02_preictal,PN13-2.edf,3,6964.0,285,4.75,60,0.0995396923112173,0.9549077605777537,0.04509223942224627,"(60, 0.099540)"
train,PN13,PN13_S02,PN13_S02_preictal,PN13-2.edf,4,6969.0,280,4.666666666666667,60,0.11176151412955457,0.953799518345164,0.046200481654836034,"(60, 0.111762)"
train,PN13,PN13_S02,PN13_S02_preictal,PN13-2.edf,5,6974.0,275,4.583333333333333,60,0.11189882732907001,0.9553104899821673,0.04468951001783272,"(60, 0.111899)"
train,PN13,PN13_S02,PN13_S02_preictal,PN13-2.edf,6,6979.0,270,4.5,60,0.1121517229205645,0.9572144149436096,0.04278558505639041,"(60, 0.112152)"
train,PN13,PN13_S02,PN13_S02_preictal,PN13-2.edf,7,6984.0,265,4.416666666666667,60,0.11229979814066367,0.9588589079461707,0.04114109205382932,"(60, 0.112300)"
train,PN13,PN13_S02,PN13_S02_preictal,PN13-2.edf,8,6989.0,260,4.333333333333333,60,0.10991942970126453,0.9589059113254454,0.04109408867455455,"(60, 0.109919)"
train,PN13,PN13_S02,PN13_S02_preictal,PN13-2.edf,9,6994.0,255,4.25,60,0.10876921415215379,0.9606930135206307,0.039306986479369255,"(60, 0.108769)"
train,PN13,PN13_S02,PN13_S02_preictal,PN13-2.edf,10,6999.0,250,4.166666666666667,60,0.09837995494848728,0.9634661564302541,0.03653384356974587,"(60, 0.098380)"
train,PN13,PN13_S02,PN13_S02_preictal,PN13-2.edf,11,7004.0,245,4.083333333333333,50,0.04557787540363903,0.96555945230148,0.03444054769852001,"(50, 0.045578)"
train,PN13,PN13_S02,PN13_S02_preictal,PN13-2.edf,12,7009.0,240,4.0,51,0.04553850222390001,0.9587293956529026,0.041270604347097395,"(51, 0.045539)"
train,PN13,PN13_S02,PN13_S02_preictal,PN13-2.edf,13,7014.0,235,3.9166666666666665,60,0.10604133577850834,0.9606626209372007,0.03933737906279933,"(60, 0.106041)"
train,PN13,PN13_S02,PN13_S02_preictal,PN13-2.edf,14,7019.0,230,3.8333333333333335,57,0.056181749812427226,0.9626728376712529,0.03732716232874711,"(57, 0.056182)"
train,PN13,PN13_S02,PN13_S02_preictal,PN13-2.edf,15,7024.0,225,3.75,60,0.08502693359865549,0.9644210558348458,0.03557894416515417,"(60, 0.085027)"
train,PN13,PN13_S02,PN13_S02_preictal,PN13-2.edf,16,7029.0,220,3.6666666666666665,41,0.044966682728582334,0.9652136502106854,0.03478634978931461,"(41, 0.044967)"
train,PN13,PN13_S02,PN13_S02_preictal,PN13-2.edf,17,7034.0,215,3.5833333333333335,42,0.04486853017124783,0.9669010944079812,0.03309890559201878,"(42, 0.044869)"
train,PN13,PN13_S02,PN13_S02_preictal,PN13-2.edf,18,7039.0,210,3.5,60,0.0971492318794122,0.9693353092383811,0.03066469076161893,"(60, 0.097149)"
train,PN13,PN13_S02,PN13_S02_preictal,PN13-2.edf,19,7044.0,205,3.4166666666666665,60,0.0996171108864104,0.9699584046559167,0.03004159534408335,"(60, 0.099617)"
train,PN13,PN13_S02,PN13_S02_preictal,PN13-2.edf,20,7049.0,200,3.3333333333333335,60,0.04644298020681126,0.9677945015779598,0.032205498422040235,"(60, 0.046443)"
train,PN13,PN13_S02,PN13_S02_preictal,PN13-2.edf,21,7054.0,195,3.25,1,0.015750122536537833,0.9450040289094451,0.054995971090554874,"(1, 0.015750)"
train,PN13,PN13_S02,PN13_S02_preictal,PN13-2.edf,22,7059.0,190,3.1666666666666665,1,0.015217462651207719,0.9130445481811098,0.0869554518188902,"(1, 0.015217)"
train,PN13,PN13_S02,PN13_S02_preictal,PN13-2.edf,23,7064.0,185,3.0833333333333335,1,0.014932877184479972,0.8959694802251044,0.10403051977489564,"(1, 0.014933)"
train,PN13,PN13_S02,PN13_S02_preictal,PN13-2.edf,24,7069.0,180,3.0,1,0.014779064546001957,0.8867407543709582,0.11325924562904177,"(1, 0.014779)"
train,PN13,PN13_S02,PN13_S02_preictal,PN13-2.edf,25,7074.0,175,2.9166666666666665,1,0.014606209825458728,0.876369507610787,0.12363049238921298,"(1, 0.014606)"
train,PN13,PN13_S02,PN13_S02_preictal,PN13-2.edf,26,7079.0,170,2.8333333333333335,1,0.014443725304977758,0.8666204706662346,0.1333795293337654,"(1, 0.014444)"
train,PN13,PN13_S02,PN13_S02_preictal,PN13-2.edf,27,7084.0,165,2.75,1,0.014439039647246795,0.8663393321910526,0.13366066780894736,"(1, 0.014439)"
train,PN13,PN13_S02,PN13_S02_preictal,PN13-2.edf,28,7089.0,160,2.6666666666666665,1,0.01441010313905453,0.8646031478051328,0.1353968521948672,"(1, 0.014410)"
train,PN13,PN13_S02,PN13_S02_preictal,PN13-2.edf,29,7094.0,155,2.5833333333333335,1,0.014542397681680962,0.8725407924485117,0.12745920755148832,"(1, 0.014542)"
train,PN13,PN13_S02,PN13_S02_preictal,PN13-2.edf,30,7099.0,150,2.5,1,0.014635698288055542,0.8781388091445173,0.12186119085548275,"(1, 0.014636)"
train,PN13,PN13_S02,PN13_S02_preictal,PN13-2.edf,31,7104.0,145,2.4166666666666665,1,0.014731619948696468,0.88389408854346,0.11610591145654003,"(1, 0.014732)"
train,PN13,PN13_S02,PN13_S02_preictal,PN13-2.edf,32,7109.0,140,2.3333333333333335,1,0.0148272941246676,0.8896345189144345,0.11036548108556554,"(1, 0.014827)"
train,PN13,PN13_S02,PN13_S02_preictal,PN13-2.edf,33,7114.0,135,2.25,1,0.014912094402860537,0.8947225177131144,0.1052774822868856,"(1, 0.014912)"
train,PN13,PN13_S02,PN13_S02_preictal,PN13-2.edf,34,7119.0,130,2.1666666666666665,1,0.014948317882875796,0.8968959188708596,0.10310408112914038,"(1, 0.014948)"
train,PN13,PN13_S02,PN13_S02_preictal,PN13-2.edf,35,7124.0,125,2.0833333333333335,1,0.014980229614326842,0.8988106160245329,0.10118938397546706,"(1, 0.014980)"
train,PN13,PN13_S02,PN13_S02_preictal,PN13-2.edf,36,7129.0,120,2.0,1,0.014885355062989195,0.8931181629628464,0.1068818370371536,"(1, 0.014885)"
train,PN13,PN13_S02,PN13_S02_preictal,PN13-2.edf,37,7134.0,115,1.9166666666666667,1,0.014949962615925684,0.8969946025068135,0.10300539749318649,"(1, 0.014950)"
train,PN13,PN13_S02,PN13_S02_preictal,PN13-2.edf,38,7139.0,110,1.8333333333333333,1,0.014955855706756118,0.8973481867131947,0.10265181328680528,"(1, 0.014956)"
train,PN13,PN13_S02,PN13_S02_preictal,PN13-2.edf,39,7144.0,105,1.75,1,0.014993712299037006,0.8996195742622903,0.10038042573770967,"(1, 0.014994)"
train,PN13,PN13_S02,PN13_S02_preictal,PN13-2.edf,40,7149.0,100,1.6666666666666667,1,0.014969558923356293,0.8981703768178205,0.10182962318217947,"(1, 0.014970)"
train,PN13,PN13_S02,PN13_S02_preictal,PN13-2.edf,41,7154.0,95,1.5833333333333333,1,0.015001027008623082,0.9000584552940479,0.09994154470595207,"(1, 0.015001)"
train,PN13,PN13_S02,PN13_S02_preictal,PN13-2.edf,42,7159.0,90,1.5,1,0.014982824222723111,0.8989662919808455,0.10103370801915446,"(1, 0.014983)"
train,PN13,PN13_S02,PN13_S02_preictal,PN13-2.edf,43,7164.0,85,1.4166666666666667,1,0.014954369203892233,0.8972589968550144,0.10274100314498558,"(1, 0.014954)"
train,PN13,PN13_S02,PN13_S02_preictal,PN13-2.edf,44,7169.0,80,1.3333333333333333,1,0.014910293585543587,0.8946144690540707,0.10538553094592928,"(1, 0.014910)"
train,PN13,PN13_S02,PN13_S02_preictal,PN13-2.edf,45,7174.0,75,1.25,1,0.015045887681184717,0.9027500861821243,0.09724991381787573,"(1, 0.015046)"
train,PN13,PN13_S02,PN13_S02_preictal,PN13-2.edf,46,7179.0,70,1.1666666666666667,1,0.015132324982680433,0.9079363060335583,0.09206369396644165,"(1, 0.015132)"
train,PN13,PN13_S02,PN13_S02_preictal,PN13-2.edf,47,7184.0,65,1.0833333333333333,1,0.01523254066940463,0.9139492260914559,0.0860507739085441,"(1, 0.015233)"
train,PN13,PN13_S02,PN13_S02_preictal,PN13-2.edf,48,7189.0,60,1.0,1,0.015284033236747908,0.9170387692670982,0.08296123073290185,"(1, 0.015284)"
train,PN13,PN13_S02,PN13_S02_preictal,PN13-2.edf,49,7194.0,55,0.9166666666666666,1,0.015321564867221442,0.9192906591763195,0.08070934082368053,"(1, 0.015322)"
train,PN13,PN13_S02,PN13_S02_preictal,PN13-2.edf,50,7199.0,50,0.8333333333333334,1,0.01537954183551507,0.9227692650407713,0.07723073495922872,"(1, 0.015380)"
train,PN13,PN13_S02,PN13_S02_preictal,PN13-2.edf,51,7204.0,45,0.75,1,0.015435064869528229,0.926100635366176,0.07389936463382396,"(1, 0.015435)"
train,PN13,PN13_S02,PN13_S02_preictal,PN13-2.edf,52,7209.0,40,0.6666666666666666,1,0.015497460451446926,0.9298443571158025,0.07015564288419751,"(1, 0.015497)"
train,PN13,PN13_S02,PN13_S02_preictal,PN13-2.edf,53,7214.0,35,0.5833333333333334,1,0.015570459108502667,0.934224261136398,0.065775738863602,"(1, 0.015570)"
train,PN13,PN13_S02,PN13_S02_preictal,PN13-2.edf,54,7219.0,30,0.5,1,0.015636686045202866,0.9381978633644971,0.061802136635502936,"(1, 0.015637)"
train,PN13,PN13_S02,PN13_S02_preictal,PN13-2.edf,55,7224.0,25,0.4166666666666667,1,0.015662764496126316,0.9397625649173392,0.06023743508266077,"(1, 0.015663)"
train,PN13,PN13_S02,PN13_S02_preictal,PN13-2.edf,56,7229.0,20,0.3333333333333333,1,0.01562970658111058,0.9377790969916298,0.06222090300837024,"(1, 0.015630)"
train,PN13,PN13_S02,PN13_S02_preictal,PN13-2.edf,57,7234.0,15,0.25,1,0.015533120641697802,0.9319839610065391,0.06801603899346087,"(1, 0.015533)"
train,PN13,PN13_S02,PN13_S02_preictal,PN13-2.edf,58,7239.0,10,0.16666666666666666,1,0.015537867008005826,0.9322687419835352,0.06773125801646485,"(1, 0.015538)"
train,PN13,PN13_S02,PN13_S02_preictal,PN13-2.edf,59,7244.0,5,0.08333333333333333,1,0.015496280951438875,0.9297735873641945,0.07022641263580554,"(1, 0.015496)"
train,PN13,PN13_S02,PN13_S02_preictal,PN13-2.edf,60,7249.0,0,0.0,1,0.015264893744889764,0.9158904037940507,0.08410959620594927,"(1, 0.015265)"
train,PN13,PN13_S03,PN13_S03_preictal,PN13-3.edf,0,7253.0,300,5.0,1,0.014172804714001513,0.8503652923720245,0.14963470762797548,"(1, 0.014173)"
train,PN13,PN13_S03,PN13_S03_preictal,PN13-3.edf,1,7258.0,295,4.916666666666667,1,0.014140978920453311,0.8484557514743889,0.1515442485256111,"(1, 0.014141)"
train,PN13,PN13_S03,PN13_S03_preictal,PN13-3.edf,2,7263.0,290,4.833333333333333,1,0.013940838665991608,0.836447378436369,0.16355262156363104,"(1, 0.013941)"
train,PN13,PN13_S03,PN13_S03_preictal,PN13-3.edf,3,7268.0,285,4.75,1,0.013905909028426438,0.8343516075526277,0.16564839244737228,"(1, 0.013906)"
train,PN13,PN13_S03,PN13_S03_preictal,PN13-3.edf,4,7273.0,280,4.666666666666667,1,0.013857776904969732,0.8314636903011247,0.16853630969887534,"(1, 0.013858)"
train,PN13,PN13_S03,PN13_S03_preictal,PN13-3.edf,5,7278.0,275,4.583333333333333,1,0.013677561148087646,0.820650782913804,0.179349217086196,"(1, 0.013678)"
train,PN13,PN13_S03,PN13_S03_preictal,PN13-3.edf,6,7283.0,270,4.5,1,0.013618478599064768,0.8171058424388753,0.1828941575611247,"(1, 0.013618)"
train,PN13,PN13_S03,PN13_S03_preictal,PN13-3.edf,7,7288.0,265,4.416666666666667,1,0.013621809190404326,0.8173056772164926,0.1826943227835074,"(1, 0.013622)"
train,PN13,PN13_S03,PN13_S03_preictal,PN13-3.edf,8,7293.0,260,4.333333333333333,1,0.013645276279474365,0.8187136976091287,0.1812863023908713,"(1, 0.013645)"
train,PN13,PN13_S03,PN13_S03_preictal,PN13-3.edf,9,7298.0,255,4.25,1,0.013502684704949601,0.8101582332245282,0.18984176677547182,"(1, 0.013503)"
train,PN13,PN13_S03,PN13_S03_preictal,PN13-3.edf,10,7303.0,250,4.166666666666667,1,0.013515559636630616,0.8109307264087728,0.18906927359122716,"(1, 0.013516)"
train,PN13,PN13_S03,PN13_S03_preictal,PN13-3.edf,11,7308.0,245,4.083333333333333,1,0.01349997127700772,0.8099954281205498,0.1900045718794502,"(1, 0.013500)"
train,PN13,PN13_S03,PN13_S03_preictal,PN13-3.edf,12,7313.0,240,4.0,1,0.013647604779467618,0.8188534071174094,0.1811465928825906,"(1, 0.013648)"
train,PN13,PN13_S03,PN13_S03_preictal,PN13-3.edf,13,7318.0,235,3.9166666666666665,1,0.01379108621361759,0.8274622628917616,0.1725377371082384,"(1, 0.013791)"
train,PN13,PN13_S03,PN13_S03_preictal,PN13-3.edf,14,7323.0,230,3.8333333333333335,1,0.013922051275680141,0.8353201389818287,0.16467986101817134,"(1, 0.013922)"
train,PN13,PN13_S03,PN13_S03_preictal,PN13-3.edf,15,7328.0,225,3.75,1,0.014049193435934899,0.842948641770062,0.157051358229938,"(1, 0.014049)"
train,PN13,PN13_S03,PN13_S03_preictal,PN13-3.edf,16,7333.0,220,3.6666666666666665,1,0.014162350180221722,0.8497380225511483,0.15026197744885172,"(1, 0.014162)"
train,PN13,PN13_S03,PN13_S03_preictal,PN13-3.edf,17,7338.0,215,3.5833333333333335,1,0.014303683767041865,0.8582180079389075,0.14178199206109254,"(1, 0.014304)"
train,PN13,PN13_S03,PN13_S03_preictal,PN13-3.edf,18,7343.0,210,3.5,1,0.01439770335833976,0.8638591635786058,0.13614083642139418,"(1, 0.014398)"
train,PN13,PN13_S03,PN13_S03_preictal,PN13-3.edf,19,7348.0,205,3.4166666666666665,1,0.014448567248963713,0.8669109862837395,0.13308901371626047,"(1, 0.014449)"
train,PN13,PN13_S03,PN13_S03_preictal,PN13-3.edf,20,7353.0,200,3.3333333333333335,1,0.01450717314460121,0.8704273276561194,0.1295726723438806,"(1, 0.014507)"
train,PN13,PN13_S03,PN13_S03_preictal,PN13-3.edf,21,7358.0,195,3.25,1,0.014507862873297379,0.8704687112323565,0.12953128876764353,"(1, 0.014508)"
train,PN13,PN13_S03,PN13_S03_preictal,PN13-3.edf,22,7363.0,190,3.1666666666666665,1,0.01457868135135703,0.8747178049732054,0.1252821950267946,"(1, 0.014579)"
train,PN13,PN13_S03,PN13_S03_preictal,PN13-3.edf,23,7368.0,185,3.0833333333333335,1,0.01467985239470841,0.8807880462271533,0.11921195377284666,"(1, 0.014680)"
train,PN13,PN13_S03,PN13_S03_preictal,PN13-3.edf,24,7373.0,180,3.0,1,0.014667098817616093,0.8800228342926246,0.11997716570737538,"(1, 0.014667)"
train,PN13,PN13_S03,PN13_S03_preictal,PN13-3.edf,25,7378.0,175,2.9166666666666665,1,0.01463914008984181,0.8783453165254715,0.12165468347452846,"(1, 0.014639)"
train,PN13,PN13_S03,PN13_S03_preictal,PN13-3.edf,26,7383.0,170,2.8333333333333335,1,0.014756313250130848,0.8853756814192253,0.11462431858077471,"(1, 0.014756)"
train,PN13,PN13_S03,PN13_S03_preictal,PN13-3.edf,27,7388.0,165,2.75,1,0.014745938578515144,0.8847532033113433,0.11524679668865667,"(1, 0.014746)"
train,PN13,PN13_S03,PN13_S03_preictal,PN13-3.edf,28,7393.0,160,2.6666666666666665,1,0.014659055373779909,0.8795402293596238,0.12045977064037616,"(1, 0.014659)"
train,PN13,PN13_S03,PN13_S03_preictal,PN13-3.edf,29,7398.0,155,2.5833333333333335,1,0.014639128493121977,0.8783446207247285,0.12165537927527148,"(1, 0.014639)"
train,PN13,PN13_S03,PN13_S03_preictal,PN13-3.edf,30,7403.0,150,2.5,1,0.014583212734059747,0.8749896869792446,0.12501031302075538,"(1, 0.014583)"
train,PN13,PN13_S03,PN13_S03_preictal,PN13-3.edf,31,7408.0,145,2.4166666666666665,1,0.014530015655280278,0.8717978734770837,0.1282021265229163,"(1, 0.014530)"
train,PN13,PN13_S03,PN13_S03_preictal,PN13-3.edf,32,7413.0,140,2.3333333333333335,1,0.014345227612350442,0.8607106298916524,0.13928937010834763,"(1, 0.014345)"
train,PN13,PN13_S03,PN13_S03_preictal,PN13-3.edf,33,7418.0,135,2.25,1,0.014195687943135627,0.8517382812916998,0.14826171870830018,"(1, 0.014196)"
train,PN13,PN13_S03,PN13_S03_preictal,PN13-3.edf,34,7423.0,130,2.1666666666666665,1,0.01410690247062391,0.8464111716747709,0.15358882832522913,"(1, 0.014107)"
train,PN13,PN13_S03,PN13_S03_preictal,PN13-3.edf,35,7428.0,125,2.0833333333333335,1,0.01393315575620828,0.8359864054704665,0.16401359452953346,"(1, 0.013933)"
train,PN13,PN13_S03,PN13_S03_preictal,PN13-3.edf,36,7433.0,120,2.0,1,0.013955794787528059,0.8373447425728078,0.16265525742719222,"(1, 0.013956)"
train,PN13,PN13_S03,PN13_S03_preictal,PN13-3.edf,37,7438.0,115,1.9166666666666667,1,0.014019456168907133,0.8411644120229725,0.15883558797702746,"(1, 0.014019)"
train,PN13,PN13_S03,PN13_S03_preictal,PN13-3.edf,38,7443.0,110,1.8333333333333333,1,0.014085100150046416,0.8451030370404204,0.15489696295957955,"(1, 0.014085)"
train,PN13,PN13_S03,PN13_S03_preictal,PN13-3.edf,39,7448.0,105,1.75,1,0.014080862909883383,0.844848803524698,0.15515119647530196,"(1, 0.014081)"
train,PN13,PN13_S03,PN13_S03_preictal,PN13-3.edf,40,7453.0,100,1.6666666666666667,1,0.014003196652496842,0.8401888444691202,0.15981115553087977,"(1, 0.014003)"
train,PN13,PN13_S03,PN13_S03_preictal,PN13-3.edf,41,7458.0,95,1.5833333333333333,1,0.013966262887695537,0.8379728263740827,0.16202717362591734,"(1, 0.013966)"
train,PN13,PN13_S03,PN13_S03_preictal,PN13-3.edf,42,7463.0,90,1.5,1,0.01399774686602398,0.8398618584306559,0.16013814156934414,"(1, 0.013998)"
train,PN13,PN13_S03,PN13_S03_preictal,PN13-3.edf,43,7468.0,85,1.4166666666666667,1,0.014019533572851588,0.8411690562433076,0.15883094375669238,"(1, 0.014020)"
train,PN13,PN13_S03,PN13_S03_preictal,PN13-3.edf,44,7473.0,80,1.3333333333333333,1,0.013851983963685893,0.8311161150464076,0.1688838849535924,"(1, 0.013852)"
train,PN13,PN13_S03,PN13_S03_preictal,PN13-3.edf,45,7478.0,75,1.25,1,0.013726049522640062,0.8235600751558805,0.17643992484411952,"(1, 0.013726)"
train,PN13,PN13_S03,PN13_S03_preictal,PN13-3.edf,46,7483.0,70,1.1666666666666667,1,0.013596746179142171,0.8158019018290698,0.18419809817093025,"(1, 0.013597)"
train,PN13,PN13_S03,PN13_S03_preictal,PN13-3.edf,47,7488.0,65,1.0833333333333333,1,0.013319097754825085,0.799143054953985,0.20085694504601503,"(1, 0.013319)"
train,PN13,PN13_S03,PN13_S03_preictal,PN13-3.edf,48,7493.0,60,1.0,1,0.012913731415838415,0.7748211601472617,0.22517883985273834,"(1, 0.012914)"
train,PN13,PN13_S03,PN13_S03_preictal,PN13-3.edf,49,7498.0,55,0.9166666666666666,1,0.012659579473827946,0.7595720972528057,0.24042790274719428,"(1, 0.012660)"
train,PN13,PN13_S03,PN13_S03_preictal,PN13-3.edf,50,7503.0,50,0.8333333333333334,1,0.012450104446425381,0.7470036398079754,0.25299636019202465,"(1, 0.012450)"
train,PN13,PN13_S03,PN13_S03_preictal,PN13-3.edf,51,7508.0,45,0.75,1,0.012306159492012664,0.7383669729156613,0.26163302708433867,"(1, 0.012306)"
train,PN13,PN13_S03,PN13_S03_preictal,PN13-3.edf,52,7513.0,40,0.6666666666666666,1,0.01257642635902513,0.7545829279099808,0.24541707209001917,"(1, 0.012576)"
train,PN13,PN13_S03,PN13_S03_preictal,PN13-3.edf,53,7518.0,35,0.5833333333333334,1,0.012867453755700075,0.772044510303568,0.22795548969643198,"(1, 0.012867)"
train,PN13,PN13_S03,PN13_S03_preictal,PN13-3.edf,54,7523.0,30,0.5,1,0.013131289596950431,0.7878746051091101,0.21212539489088988,"(1, 0.013131)"
train,PN13,PN13_S03,PN13_S03_preictal,PN13-3.edf,55,7528.0,25,0.4166666666666667,1,0.01336444090340837,0.8018636343015577,0.19813636569844228,"(1, 0.013364)"
train,PN13,PN13_S03,PN13_S03_preictal,PN13-3.edf,56,7533.0,20,0.3333333333333333,1,0.013502047765571075,0.8101200169962112,0.18987998300378883,"(1, 0.013502)"
train,PN13,PN13_S03,PN13_S03_preictal,PN13-3.edf,57,7538.0,15,0.25,1,0.013634279853891096,0.8180539143943832,0.18194608560561676,"(1, 0.013634)"
train,PN13,PN13_S03,PN13_S03_preictal,PN13-3.edf,58,7543.0,10,0.16666666666666666,1,0.013753878675513885,0.8252298184563462,0.17477018154365376,"(1, 0.013754)"
train,PN13,PN13_S03,PN13_S03_preictal,PN13-3.edf,59,7548.0,5,0.08333333333333333,1,0.0139142063109981,0.8348494427561972,0.1651505572438028,"(1, 0.013914)"
train,PN13,PN13_S03,PN13_S03_preictal,PN13-3.edf,60,7553.0,0,0.0,1,0.013405945962949002,0.8043539291164097,0.19564607088359032,"(1, 0.013406)"
validation,PN14,PN14_S01,PN14_S01_preictal,PN14-1.edf,0,6962.0,300,5.0,1,0.0018534433646128278,0.11120621079939952,0.8887937892006005,"(1, 0.001853)"
validation,PN14,PN14_S01,PN14_S01_preictal,PN14-1.edf,1,6967.0,295,4.916666666666667,1,0.0018612565073521453,0.11167499771518208,0.8883250022848179,"(1, 0.001861)"
validation,PN14,PN14_S01,PN14_S01_preictal,PN14-1.edf,2,6972.0,290,4.833333333333333,1,0.0018756044347230242,0.11253587033001577,0.8874641296699842,"(1, 0.001876)"
validation,PN14,PN14_S01,PN14_S01_preictal,PN14-1.edf,3,6977.0,285,4.75,1,0.0020342068542271506,0.1220519820350826,0.8779480179649174,"(1, 0.002034)"
validation,PN14,PN14_S01,PN14_S01_preictal,PN14-1.edf,4,6982.0,280,4.666666666666667,1,0.0023546878902989295,0.14128077657774896,0.858719223422251,"(1, 0.002355)"
validation,PN14,PN14_S01,PN14_S01_preictal,PN14-1.edf,5,6987.0,275,4.583333333333333,1,0.0026066316115345364,0.15639734669164862,0.8436026533083514,"(1, 0.002607)"
validation,PN14,PN14_S01,PN14_S01_preictal,PN14-1.edf,6,6992.0,270,4.5,1,0.0026681954190390126,0.16009116215192665,0.8399088378480734,"(1, 0.002668)"
validation,PN14,PN14_S01,PN14_S01_preictal,PN14-1.edf,7,6997.0,265,4.416666666666667,1,0.0027258508691929855,0.16355047699583947,0.8364495230041605,"(1, 0.002726)"
validation,PN14,PN14_S01,PN14_S01_preictal,PN14-1.edf,8,7002.0,260,4.333333333333333,1,0.002810409730165647,0.1686239908122421,0.8313760091877579,"(1, 0.002810)"
validation,PN14,PN14_S01,PN14_S01_preictal,PN14-1.edf,9,7007.0,255,4.25,1,0.0028885858941148147,0.17331454415398695,0.826685455846013,"(1, 0.002889)"
validation,PN14,PN14_S01,PN14_S01_preictal,PN14-1.edf,10,7012.0,250,4.166666666666667,1,0.0029703785907463057,0.17822208869358125,0.8217779113064188,"(1, 0.002970)"
validation,PN14,PN14_S01,PN14_S01_preictal,PN14-1.edf,11,7017.0,245,4.083333333333333,1,0.0030303525730038523,0.18182051497449725,0.8181794850255028,"(1, 0.003030)"
validation,PN14,PN14_S01,PN14_S01_preictal,PN14-1.edf,12,7022.0,240,4.0,1,0.003033161354145284,0.1819890412503291,0.8180109587496709,"(1, 0.003033)"
validation,PN14,PN14_S01,PN14_S01_preictal,PN14-1.edf,13,7027.0,235,3.9166666666666665,1,0.003071839671869022,0.18430973215261126,0.8156902678473887,"(1, 0.003072)"
validation,PN14,PN14_S01,PN14_S01_preictal,PN14-1.edf,14,7032.0,230,3.8333333333333335,1,0.0030584815152111342,0.18350824557171497,0.816491754428285,"(1, 0.003058)"
validation,PN14,PN14_S01,PN14_S01_preictal,PN14-1.edf,15,7037.0,225,3.75,1,0.003059997204543118,0.18359918661182284,0.8164008133881772,"(1, 0.003060)"
validation,PN14,PN14_S01,PN14_S01_preictal,PN14-1.edf,16,7042.0,220,3.6666666666666665,1,0.0029530416495053865,0.17718187587722833,0.8228181241227717,"(1, 0.002953)"
validation,PN14,PN14_S01,PN14_S01_preictal,PN14-1.edf,17,7047.0,215,3.5833333333333335,1,0.0028892128327681703,0.17335216034090395,0.826647839659096,"(1, 0.002889)"
validation,PN14,PN14_S01,PN14_S01_preictal,PN14-1.edf,18,7052.0,210,3.5,1,0.002862990021664313,0.1717787972076973,0.8282212027923027,"(1, 0.002863)"
validation,PN14,PN14_S01,PN14_S01_preictal,PN14-1.edf,19,7057.0,205,3.4166666666666665,1,0.0029646179933335948,0.1778764540643072,0.8221235459356928,"(1, 0.002965)"
validation,PN14,PN14_S01,PN14_S01_preictal,PN14-1.edf,20,7062.0,200,3.3333333333333335,1,0.0031144589175523952,0.18686687790093393,0.8131331220990661,"(1, 0.003114)"
validation,PN14,PN14_S01,PN14_S01_preictal,PN14-1.edf,21,7067.0,195,3.25,1,0.003244677906307205,0.19467998974995826,0.8053200102500417,"(1, 0.003245)"
validation,PN14,PN14_S01,PN14_S01_preictal,PN14-1.edf,22,7072.0,190,3.1666666666666665,1,0.003338373788729134,0.20030172292540138,0.7996982770745986,"(1, 0.003338)"
validation,PN14,PN14_S01,PN14_S01_preictal,PN14-1.edf,23,7077.0,185,3.0833333333333335,1,0.003420541534658185,0.20523177034371365,0.7947682296562864,"(1, 0.003421)"
validation,PN14,PN14_S01,PN14_S01_preictal,PN14-1.edf,24,7082.0,180,3.0,1,0.0035042893917250706,0.21025662409689194,0.7897433759031081,"(1, 0.003504)"
validation,PN14,PN14_S01,PN14_S01_preictal,PN14-1.edf,25,7087.0,175,2.9166666666666665,1,0.003589085962346299,0.21534440044205172,0.7846555995579483,"(1, 0.003589)"
validation,PN14,PN14_S01,PN14_S01_preictal,PN14-1.edf,26,7092.0,170,2.8333333333333335,1,0.0036877684922604556,0.2212653314148436,0.7787346685851564,"(1, 0.003688)"
validation,PN14,PN14_S01,PN14_S01_preictal,PN14-1.edf,27,7097.0,165,2.75,1,0.003687964252563193,0.2212770769917023,0.7787229230082977,"(1, 0.003688)"
validation,PN14,PN14_S01,PN14_S01_preictal,PN14-1.edf,28,7102.0,160,2.6666666666666665,1,0.003819567934319237,0.22917327012862987,0.7708267298713701,"(1, 0.003820)"
validation,PN14,PN14_S01,PN14_S01_preictal,PN14-1.edf,29,7107.0,155,2.5833333333333335,1,0.0039569834530717015,0.2374181722590425,0.7625818277409575,"(1, 0.003957)"
validation,PN14,PN14_S01,PN14_S01_preictal,PN14-1.edf,30,7112.0,150,2.5,1,0.003966131037875292,0.23796702541711345,0.7620329745828865,"(1, 0.003966)"
validation,PN14,PN14_S01,PN14_S01_preictal,PN14-1.edf,31,7117.0,145,2.4166666666666665,1,0.0037732854035444725,0.22639632804777854,0.7736036719522215,"(1, 0.003773)"
validation,PN14,PN14_S01,PN14_S01_preictal,PN14-1.edf,32,7122.0,140,2.3333333333333335,1,0.0036995245516317195,0.22197069249658563,0.7780293075034144,"(1, 0.003700)"
validation,PN14,PN14_S01,PN14_S01_preictal,PN14-1.edf,33,7127.0,135,2.25,1,0.0036242634404440002,0.21745504170545027,0.7825449582945497,"(1, 0.003624)"
validation,PN14,PN14_S01,PN14_S01_preictal,PN14-1.edf,34,7132.0,130,2.1666666666666665,1,0.0038790894672064012,0.23274454954279,0.76725545045721,"(1, 0.003879)"
validation,PN14,PN14_S01,PN14_S01_preictal,PN14-1.edf,35,7137.0,125,2.0833333333333335,1,0.004166970135662109,0.250017328907184,0.749982671092816,"(1, 0.004167)"
validation,PN14,PN14_S01,PN14_S01_preictal,PN14-1.edf,36,7142.0,120,2.0,1,0.004357715757943446,0.26146202599665347,0.7385379740033465,"(1, 0.004358)"
validation,PN14,PN14_S01,PN14_S01_preictal,PN14-1.edf,37,7147.0,115,1.9166666666666667,1,0.00480619080123125,0.2883704339654891,0.7116295660345109,"(1, 0.004806)"
validation,PN14,PN14_S01,PN14_S01_preictal,PN14-1.edf,38,7152.0,110,1.8333333333333333,1,0.005199436993777781,0.31196512254316033,0.6880348774568397,"(1, 0.005199)"
validation,PN14,PN14_S01,PN14_S01_preictal,PN14-1.edf,39,7157.0,105,1.75,1,0.005514704825567614,0.3308811259288983,0.6691188740711017,"(1, 0.005515)"
validation,PN14,PN14_S01,PN14_S01_preictal,PN14-1.edf,40,7162.0,100,1.6666666666666667,1,0.005747902916770263,0.3448729621961568,0.6551270378038432,"(1, 0.005748)"
validation,PN14,PN14_S01,PN14_S01_preictal,PN14-1.edf,41,7167.0,95,1.5833333333333333,1,0.006091211037120464,0.36547137697900356,0.6345286230209964,"(1, 0.006091)"
validation,PN14,PN14_S01,PN14_S01_preictal,PN14-1.edf,42,7172.0,90,1.5,1,0.0063932409304943965,0.3835931068529983,0.6164068931470017,"(1, 0.006393)"
validation,PN14,PN14_S01,PN14_S01_preictal,PN14-1.edf,43,7177.0,85,1.4166666666666667,1,0.006524747619284498,0.39148348043243497,0.608516519567565,"(1, 0.006525)"
validation,PN14,PN14_S01,PN14_S01_preictal,PN14-1.edf,44,7182.0,80,1.3333333333333333,1,0.006608087350059113,0.3964838466941918,0.6035161533058082,"(1, 0.006608)"
validation,PN14,PN14_S01,PN14_S01_preictal,PN14-1.edf,45,7187.0,75,1.25,1,0.0069836352239996315,0.41901663988985527,0.5809833601101447,"(1, 0.006984)"
validation,PN14,PN14_S01,PN14_S01_preictal,PN14-1.edf,46,7192.0,70,1.1666666666666667,1,0.007415213408859963,0.4449112399182872,0.5550887600817128,"(1, 0.007415)"
validation,PN14,PN14_S01,PN14_S01_preictal,PN14-1.edf,47,7197.0,65,1.0833333333333333,1,0.00798846348868615,0.4793061237518379,0.5206938762481621,"(1, 0.007988)"
validation,PN14,PN14_S01,PN14_S01_preictal,PN14-1.edf,48,7202.0,60,1.0,1,0.008500302778980123,0.5100163731711596,0.48998362682884045,"(1, 0.008500)"
validation,PN14,PN14_S01,PN14_S01_preictal,PN14-1.edf,49,7207.0,55,0.9166666666666666,1,0.008624891551759826,0.5174916732496555,0.4825083267503445,"(1, 0.008625)"
validation,PN14,PN14_S01,PN14_S01_preictal,PN14-1.edf,50,7212.0,50,0.8333333333333334,1,0.00859748427581402,0.5158472424758545,0.48415275752414555,"(1, 0.008597)"
validation,PN14,PN14_S01,PN14_S01_preictal,PN14-1.edf,51,7217.0,45,0.75,1,0.008570564376584464,0.5142320542021918,0.48576794579780824,"(1, 0.008571)"
validation,PN14,PN14_S01,PN14_S01_preictal,PN14-1.edf,52,7222.0,40,0.6666666666666666,1,0.008448377248563317,0.5069008523024611,0.49309914769753893,"(1, 0.008448)"
validation,PN14,PN14_S01,PN14_S01_preictal,PN14-1.edf,53,7227.0,35,0.5833333333333334,1,0.008304737167901059,0.4982824777708461,0.5017175222291539,"(1, 0.008305)"
validation,PN14,PN14_S01,PN14_S01_preictal,PN14-1.edf,54,7232.0,30,0.5,1,0.008107758648694396,0.4864638081810011,0.5135361918189989,"(1, 0.008108)"
validation,PN14,PN14_S01,PN14_S01_preictal,PN14-1.edf,55,7237.0,25,0.4166666666666667,1,0.008276512933520145,0.4965890296633172,0.5034109703366828,"(1, 0.008277)"
validation,PN14,PN14_S01,PN14_S01_preictal,PN14-1.edf,56,7242.0,20,0.3333333333333333,1,0.008439420305956574,0.5063634376359754,0.49363656236402464,"(1, 0.008439)"
validation,PN14,PN14_S01,PN14_S01_preictal,PN14-1.edf,57,7247.0,15,0.25,1,0.008659270134605879,0.5195543809665225,0.4804456190334775,"(1, 0.008659)"
validation,PN14,PN14_S01,PN14_S01_preictal,PN14-1.edf,58,7252.0,10,0.16666666666666666,1,0.00846902291399193,0.5081395878719334,0.49186041212806664,"(1, 0.008469)"
validation,PN14,PN14_S01,PN14_S01_preictal,PN14-1.edf,59,7257.0,5,0.08333333333333333,1,0.008119852386751744,0.4871894299126579,0.5128105700873421,"(1, 0.008120)"
validation,PN14,PN14_S01,PN14_S01_preictal,PN14-1.edf,60,7262.0,0,0.0,1,0.007832708725475366,0.4699608708235148,0.5300391291764852,"(1, 0.007833)"
train,PN14,PN14_S02,PN14_S02_preictal,PN14-2.edf,0,7179.0,300,5.0,1,0.016025821084377743,0.9615458836073241,0.03845411639267593,"(1, 0.016026)"
train,PN14,PN14_S02,PN14_S02_preictal,PN14-2.edf,1,7184.0,295,4.916666666666667,1,0.016038514603162097,0.9623074920560474,0.037692507943952624,"(1, 0.016039)"
train,PN14,PN14_S02,PN14_S02_preictal,PN14-2.edf,2,7189.0,290,4.833333333333333,1,0.0160717440295306,0.9643012506267338,0.035698749373266225,"(1, 0.016072)"
train,PN14,PN14_S02,PN14_S02_preictal,PN14-2.edf,3,7194.0,285,4.75,1,0.016071139192761073,0.9642649605481829,0.03573503945181711,"(1, 0.016071)"
train,PN14,PN14_S02,PN14_S02_preictal,PN14-2.edf,4,7199.0,280,4.666666666666667,1,0.0160777068811993,0.9646590204686916,0.035340979531308436,"(1, 0.016078)"
train,PN14,PN14_S02,PN14_S02_preictal,PN14-2.edf,5,7204.0,275,4.583333333333333,1,0.016093353415522333,0.9655978092266477,0.03440219077335227,"(1, 0.016093)"
train,PN14,PN14_S02,PN14_S02_preictal,PN14-2.edf,6,7209.0,270,4.5,1,0.016113648404920848,0.9668155043083069,0.03318449569169313,"(1, 0.016114)"
train,PN14,PN14_S02,PN14_S02_preictal,PN14-2.edf,7,7214.0,265,4.416666666666667,1,0.016073583342463695,0.9644116090146236,0.03558839098537636,"(1, 0.016074)"
train,PN14,PN14_S02,PN14_S02_preictal,PN14-2.edf,8,7219.0,260,4.333333333333333,1,0.016070988339566113,0.9642559093883154,0.0357440906116846,"(1, 0.016071)"
train,PN14,PN14_S02,PN14_S02_preictal,PN14-2.edf,9,7224.0,255,4.25,1,0.016080749104009633,0.9648415531954011,0.0351584468045989,"(1, 0.016081)"
train,PN14,PN14_S02,PN14_S02_preictal,PN14-2.edf,10,7229.0,250,4.166666666666667,1,0.01609799782730162,0.965876472953432,0.03412352704656796,"(1, 0.016098)"
train,PN14,PN14_S02,PN14_S02_preictal,PN14-2.edf,11,7234.0,245,4.083333333333333,1,0.016095389612382608,0.9657199806086258,0.03428001939137415,"(1, 0.016095)"
train,PN14,PN14_S02,PN14_S02_preictal,PN14-2.edf,12,7239.0,240,4.0,1,0.016121029611011566,0.9672583751163122,0.032741624883687814,"(1, 0.016121)"
train,PN14,PN14_S02,PN14_S02_preictal,PN14-2.edf,13,7244.0,235,3.9166666666666665,1,0.016156579576005917,0.9693913655149149,0.030608634485085107,"(1, 0.016157)"
train,PN14,PN14_S02,PN14_S02_preictal,PN14-2.edf,14,7249.0,230,3.8333333333333335,1,0.016186781902640432,0.9712034987402816,0.028796501259718443,"(1, 0.016187)"
train,PN14,PN14_S02,PN14_S02_preictal,PN14-2.edf,15,7254.0,225,3.75,1,0.01620500866317232,0.9722971005263403,0.02770289947365967,"(1, 0.016205)"
train,PN14,PN14_S02,PN14_S02_preictal,PN14-2.edf,16,7259.0,220,3.6666666666666665,1,0.0162293391193985,0.9737569227661742,0.026243077233825796,"(1, 0.016229)"
train,PN14,PN14_S02,PN14_S02_preictal,PN14-2.edf,17,7264.0,215,3.5833333333333335,1,0.01624844447876637,0.9749032402970071,0.025096759702992855,"(1, 0.016248)"
train,PN14,PN14_S02,PN14_S02_preictal,PN14-2.edf,18,7269.0,210,3.5,1,0.016236643643883636,0.9741951926940244,0.025804807305975563,"(1, 0.016237)"
train,PN14,PN14_S02,PN14_S02_preictal,PN14-2.edf,19,7274.0,205,3.4166666666666665,1,0.01623455414776331,0.9740698233676893,0.025930176632310675,"(1, 0.016235)"
train,PN14,PN14_S02,PN14_S02_preictal,PN14-2.edf,20,7279.0,200,3.3333333333333335,1,0.01624663385921055,0.9747946035056994,0.025205396494300647,"(1, 0.016247)"
train,PN14,PN14_S02,PN14_S02_preictal,PN14-2.edf,21,7284.0,195,3.25,1,0.016249128691228513,0.9749442929003665,0.02505570709963345,"(1, 0.016249)"
train,PN14,PN14_S02,PN14_S02_preictal,PN14-2.edf,22,7289.0,190,3.1666666666666665,1,0.01624076823347024,0.9744426671989302,0.025557332801069754,"(1, 0.016241)"
train,PN14,PN14_S02,PN14_S02_preictal,PN14-2.edf,23,7294.0,185,3.0833333333333335,1,0.01622150100794578,0.9732866377328558,0.02671336226714416,"(1, 0.016222)"
train,PN14,PN14_S02,PN14_S02_preictal,PN14-2.edf,24,7299.0,180,3.0,1,0.01616225374809147,0.9697318146427953,0.030268185357204658,"(1, 0.016162)"
train,PN14,PN14_S02,PN14_S02_preictal,PN14-2.edf,25,7304.0,175,2.9166666666666665,1,0.016173313294696682,0.9703953851055389,0.02960461489446109,"(1, 0.016173)"
train,PN14,PN14_S02,PN14_S02_preictal,PN14-2.edf,26,7309.0,170,2.8333333333333335,1,0.016200884483310668,0.972049650604845,0.02795034939515495,"(1, 0.016201)"
train,PN14,PN14_S02,PN14_S02_preictal,PN14-2.edf,27,7314.0,165,2.75,1,0.01622546574427367,0.973524521075968,0.026475478924032014,"(1, 0.016225)"
train,PN14,PN14_S02,PN14_S02_preictal,PN14-2.edf,28,7319.0,160,2.6666666666666665,1,0.01621189295898778,0.9727101568226785,0.027289843177321527,"(1, 0.016212)"
train,PN14,PN14_S02,PN14_S02_preictal,PN14-2.edf,29,7324.0,155,2.5833333333333335,1,0.016072202878687422,0.9643287814793258,0.03567121852067423,"(1, 0.016072)"
train,PN14,PN14_S02,PN14_S02_preictal,PN14-2.edf,30,7329.0,150,2.5,1,0.016021050598244005,0.9612596554458746,0.03874034455412545,"(1, 0.016021)"
train,PN14,PN14_S02,PN14_S02_preictal,PN14-2.edf,31,7334.0,145,2.4166666666666665,1,0.016021693293704068,0.9612982170378692,0.03870178296213078,"(1, 0.016022)"
train,PN14,PN14_S02,PN14_S02_preictal,PN14-2.edf,32,7339.0,140,2.3333333333333335,1,0.016018507732507646,0.9611070840382387,0.038892915961761254,"(1, 0.016019)"
train,PN14,PN14_S02,PN14_S02_preictal,PN14-2.edf,33,7344.0,135,2.25,1,0.015978311062246245,0.9586952923040699,0.04130470769593009,"(1, 0.015978)"
train,PN14,PN14_S02,PN14_S02_preictal,PN14-2.edf,34,7349.0,130,2.1666666666666665,1,0.015931402694704635,0.9558808001492597,0.04411919985074031,"(1, 0.015931)"
train,PN14,PN14_S02,PN14_S02_preictal,PN14-2.edf,35,7354.0,125,2.0833333333333335,1,0.01586834527500039,0.9520973682721483,0.0479026317278517,"(1, 0.015868)"
train,PN14,PN14_S02,PN14_S02_preictal,PN14-2.edf,36,7359.0,120,2.0,1,0.015598103586472362,0.9358829239815826,0.06411707601841743,"(1, 0.015598)"
train,PN14,PN14_S02,PN14_S02_preictal,PN14-2.edf,37,7364.0,115,1.9166666666666667,1,0.015665521364489295,0.9399279764374175,0.060072023562582455,"(1, 0.015666)"
train,PN14,PN14_S02,PN14_S02_preictal,PN14-2.edf,38,7369.0,110,1.8333333333333333,1,0.015705320950164265,0.9423159431801855,0.05768405681981448,"(1, 0.015705)"
train,PN14,PN14_S02,PN14_S02_preictal,PN14-2.edf,39,7374.0,105,1.75,1,0.015789679847504814,0.9473774592208539,0.052622540779146076,"(1, 0.015790)"
train,PN14,PN14_S02,PN14_S02_preictal,PN14-2.edf,40,7379.0,100,1.6666666666666667,1,0.015849842746976286,0.9509872204947438,0.04901277950525618,"(1, 0.015850)"
train,PN14,PN14_S02,PN14_S02_preictal,PN14-2.edf,41,7384.0,95,1.5833333333333333,1,0.01591878545543216,0.9551237684551542,0.04487623154484577,"(1, 0.015919)"
train,PN14,PN14_S02,PN14_S02_preictal,PN14-2.edf,42,7389.0,90,1.5,1,0.015974626556469182,0.9584742227348786,0.04152577726512141,"(1, 0.015975)"
train,PN14,PN14_S02,PN14_S02_preictal,PN14-2.edf,43,7394.0,85,1.4166666666666667,1,0.016016171397624207,0.9609669044382001,0.0390330955617999,"(1, 0.016016)"
train,PN14,PN14_S02,PN14_S02_preictal,PN14-2.edf,44,7399.0,80,1.3333333333333333,1,0.01598950371382301,0.9593668490370213,0.040633150962978704,"(1, 0.015990)"
train,PN14,PN14_S02,PN14_S02_preictal,PN14-2.edf,45,7404.0,75,1.25,1,0.015965667471673925,0.957936679537534,0.04206332046246597,"(1, 0.015966)"
train,PN14,PN14_S02,PN14_S02_preictal,PN14-2.edf,46,7409.0,70,1.1666666666666667,1,0.015914581349881548,0.9548715230091855,0.04512847699081446,"(1, 0.015915)"
train,PN14,PN14_S02,PN14_S02_preictal,PN14-2.edf,47,7414.0,65,1.0833333333333333,1,0.015800536089885287,0.9480288314730102,0.0519711685269898,"(1, 0.015801)"
train,PN14,PN14_S02,PN14_S02_preictal,PN14-2.edf,48,7419.0,60,1.0,1,0.015782672466449172,0.9469570178360758,0.053042982163924224,"(1, 0.015783)"
train,PN14,PN14_S02,PN14_S02_preictal,PN14-2.edf,49,7424.0,55,0.9166666666666666,1,0.015797837671042366,0.9478669269118025,0.05213307308819748,"(1, 0.015798)"
train,PN14,PN14_S02,PN14_S02_preictal,PN14-2.edf,50,7429.0,50,0.8333333333333334,1,0.015793776533251137,0.9476232595012307,0.05237674049876928,"(1, 0.015794)"
train,PN14,PN14_S02,PN14_S02_preictal,PN14-2.edf,51,7434.0,45,0.75,1,0.01578915933924464,0.9473462288350709,0.052653771164929086,"(1, 0.015789)"
train,PN14,PN14_S02,PN14_S02_preictal,PN14-2.edf,52,7439.0,40,0.6666666666666666,1,0.015761115611788397,0.9456636111049352,0.05433638889506476,"(1, 0.015761)"
train,PN14,PN14_S02,PN14_S02_preictal,PN14-2.edf,53,7444.0,35,0.5833333333333334,1,0.015691358989877797,0.9414782285089773,0.05852177149102267,"(1, 0.015691)"
train,PN14,PN14_S02,PN14_S02_preictal,PN14-2.edf,54,7449.0,30,0.5,1,0.015732031599470564,0.9439185765026048,0.0560814234973952,"(1, 0.015732)"
train,PN14,PN14_S02,PN14_S02_preictal,PN14-2.edf,55,7454.0,25,0.4166666666666667,1,0.015788589936371465,0.9473120647828247,0.0526879352171753,"(1, 0.015789)"
train,PN14,PN14_S02,PN14_S02_preictal,PN14-2.edf,56,7459.0,20,0.3333333333333333,1,0.015833871387781043,0.9500289423129931,0.04997105768700694,"(1, 0.015834)"
train,PN14,PN14_S02,PN14_S02_preictal,PN14-2.edf,57,7464.0,15,0.25,1,0.01585574734895913,0.9513414953678406,0.04865850463215937,"(1, 0.015856)"
train,PN14,PN14_S02,PN14_S02_preictal,PN14-2.edf,58,7469.0,10,0.16666666666666666,1,0.01583762993122092,0.9502544541263314,0.04974554587366864,"(1, 0.015838)"
train,PN14,PN14_S02,PN14_S02_preictal,PN14-2.edf,59,7474.0,5,0.08333333333333333,1,0.01577432135436115,0.9464559528728829,0.053544047127117134,"(1, 0.015774)"
train,PN14,PN14_S02,PN14_S02_preictal,PN14-2.edf,60,7479.0,0,0.0,1,0.015713058494086274,0.9427801941828808,0.05721980581711916,"(1, 0.015713)"
train,PN14,PN14_S03,PN14_S03_preictal,PN14-3.edf,0,17240.0,300,5.0,1,0.016097728194668728,0.965860295052351,0.03413970494764895,"(1, 0.016098)"
train,PN14,PN14_S03,PN14_S03_preictal,PN14-3.edf,1,17245.0,295,4.916666666666667,1,0.016109813805918152,0.9665854291772473,0.033414570822752676,"(1, 0.016110)"
train,PN14,PN14_S03,PN14_S03_preictal,PN14-3.edf,2,17250.0,290,4.833333333333333,1,0.016120620638788063,0.9672338368691953,0.032766163130804715,"(1, 0.016121)"
train,PN14,PN14_S03,PN14_S03_preictal,PN14-3.edf,3,17255.0,285,4.75,1,0.016131172656405804,0.9678669556997795,0.03213304430022046,"(1, 0.016131)"
train,PN14,PN14_S03,PN14_S03_preictal,PN14-3.edf,4,17260.0,280,4.666666666666667,1,0.016136021133875102,0.9681578633249064,0.03184213667509361,"(1, 0.016136)"
train,PN14,PN14_S03,PN14_S03_preictal,PN14-3.edf,5,17265.0,275,4.583333333333333,1,0.01612568884335193,0.967537928073634,0.032462071926365965,"(1, 0.016126)"
train,PN14,PN14_S03,PN14_S03_preictal,PN14-3.edf,6,17270.0,270,4.5,1,0.01609076367175519,0.9654424251470564,0.03455757485294364,"(1, 0.016091)"
train,PN14,PN14_S03,PN14_S03_preictal,PN14-3.edf,7,17275.0,265,4.416666666666667,1,0.015946856339758127,0.9568080155917431,0.04319198440825689,"(1, 0.015947)"
train,PN14,PN14_S03,PN14_S03_preictal,PN14-3.edf,8,17280.0,260,4.333333333333333,1,0.015814288097753208,0.9488539490434057,0.0511460509565943,"(1, 0.015814)"
train,PN14,PN14_S03,PN14_S03_preictal,PN14-3.edf,9,17285.0,255,4.25,1,0.015771440261422076,0.9462830879044503,0.05371691209554974,"(1, 0.015771)"
train,PN14,PN14_S03,PN14_S03_preictal,PN14-3.edf,10,17290.0,250,4.166666666666667,1,0.015622271284383765,0.9373329807568718,0.06266701924312823,"(1, 0.015622)"
train,PN14,PN14_S03,PN14_S03_preictal,PN14-3.edf,11,17295.0,245,4.083333333333333,1,0.015627667614416817,0.9376567594202269,0.06234324057977314,"(1, 0.015628)"
train,PN14,PN14_S03,PN14_S03_preictal,PN14-3.edf,12,17300.0,240,4.0,1,0.015659213284739428,0.9395494929834332,0.060450507016566846,"(1, 0.015659)"
train,PN14,PN14_S03,PN14_S03_preictal,PN14-3.edf,13,17305.0,235,3.9166666666666665,1,0.01569333727010622,0.9415969249052647,0.0584030750947353,"(1, 0.015693)"
train,PN14,PN14_S03,PN14_S03_preictal,PN14-3.edf,14,17310.0,230,3.8333333333333335,1,0.015687133722881753,0.9412247133807479,0.05877528661925213,"(1, 0.015687)"
train,PN14,PN14_S03,PN14_S03_preictal,PN14-3.edf,15,17315.0,225,3.75,1,0.01558825261280254,0.9352918676399531,0.06470813236004691,"(1, 0.015588)"
train,PN14,PN14_S03,PN14_S03_preictal,PN14-3.edf,16,17320.0,220,3.6666666666666665,1,0.015535733472691871,0.9321407303148748,0.06785926968512523,"(1, 0.015536)"
train,PN14,PN14_S03,PN14_S03_preictal,PN14-3.edf,17,17325.0,215,3.5833333333333335,1,0.015521150746273984,0.9312657698067632,0.06873423019323677,"(1, 0.015521)"
train,PN14,PN14_S03,PN14_S03_preictal,PN14-3.edf,18,17330.0,210,3.5,1,0.015517470021466155,0.9310449270949281,0.06895507290507186,"(1, 0.015517)"
train,PN14,PN14_S03,PN14_S03_preictal,PN14-3.edf,19,17335.0,205,3.4166666666666665,1,0.015524288756898421,0.9314540497821079,0.06854595021789212,"(1, 0.015524)"
train,PN14,PN14_S03,PN14_S03_preictal,PN14-3.edf,20,17340.0,200,3.3333333333333335,1,0.015549975816062926,0.9329952679119973,0.06700473208800273,"(1, 0.015550)"
train,PN14,PN14_S03,PN14_S03_preictal,PN14-3.edf,21,17345.0,195,3.25,1,0.01553635969404996,0.932178303464227,0.06782169653577297,"(1, 0.015536)"
train,PN14,PN14_S03,PN14_S03_preictal,PN14-3.edf,22,17350.0,190,3.1666666666666665,1,0.015462066635954954,0.9277207356543948,0.07227926434560517,"(1, 0.015462)"
train,PN14,PN14_S03,PN14_S03_preictal,PN14-3.edf,23,17355.0,185,3.0833333333333335,1,0.015386754055304028,0.9232019967063272,0.07679800329367281,"(1, 0.015387)"
train,PN14,PN14_S03,PN14_S03_preictal,PN14-3.edf,24,17360.0,180,3.0,1,0.015312771552977405,0.9187630621770705,0.08123693782292951,"(1, 0.015313)"
train,PN14,PN14_S03,PN14_S03_preictal,PN14-3.edf,25,17365.0,175,2.9166666666666665,1,0.015226762876173033,0.913602559716677,0.08639744028332297,"(1, 0.015227)"
train,PN14,PN14_S03,PN14_S03_preictal,PN14-3.edf,26,17370.0,170,2.8333333333333335,1,0.01516216308669964,0.9097265859788576,0.09027341402114242,"(1, 0.015162)"
train,PN14,PN14_S03,PN14_S03_preictal,PN14-3.edf,27,17375.0,165,2.75,1,0.015104823098230594,0.9062861987694778,0.0937138012305222,"(1, 0.015105)"
train,PN14,PN14_S03,PN14_S03_preictal,PN14-3.edf,28,17380.0,160,2.6666666666666665,1,0.015060762516556452,0.9036425731658315,0.09635742683416848,"(1, 0.015061)"
train,PN14,PN14_S03,PN14_S03_preictal,PN14-3.edf,29,17385.0,155,2.5833333333333335,1,0.014780291958874007,0.8868143988842966,0.11318560111570342,"(1, 0.014780)"
train,PN14,PN14_S03,PN14_S03_preictal,PN14-3.edf,30,17390.0,150,2.5,1,0.014695806339522324,0.8817452795496987,0.11825472045030128,"(1, 0.014696)"
train,PN14,PN14_S03,PN14_S03_preictal,PN14-3.edf,31,17395.0,145,2.4166666666666665,1,0.0147423195337304,0.8845360613878788,0.11546393861212123,"(1, 0.014742)"
train,PN14,PN14_S03,PN14_S03_preictal,PN14-3.edf,32,17400.0,140,2.3333333333333335,1,0.014606180573516855,0.8763677525004469,0.12363224749955315,"(1, 0.014606)"
train,PN14,PN14_S03,PN14_S03_preictal,PN14-3.edf,33,17405.0,135,2.25,1,0.014613472975721393,0.876805295094019,0.12319470490598095,"(1, 0.014613)"
train,PN14,PN14_S03,PN14_S03_preictal,PN14-3.edf,34,17410.0,130,2.1666666666666665,1,0.01447496683181679,0.8684949556846004,0.13150504431539956,"(1, 0.014475)"
train,PN14,PN14_S03,PN14_S03_preictal,PN14-3.edf,35,17415.0,125,2.0833333333333335,1,0.014505342906192547,0.8703175137377808,0.12968248626221923,"(1, 0.014505)"
train,PN14,PN14_S03,PN14_S03_preictal,PN14-3.edf,36,17420.0,120,2.0,1,0.014608831791815487,0.8765268250389565,0.12347317496104349,"(1, 0.014609)"
train,PN14,PN14_S03,PN14_S03_preictal,PN14-3.edf,37,17425.0,115,1.9166666666666667,1,0.014651963356258851,0.8791147098047792,0.12088529019522076,"(1, 0.014652)"
train,PN14,PN14_S03,PN14_S03_preictal,PN14-3.edf,38,17430.0,110,1.8333333333333333,1,0.014759149791404486,0.8855458732971321,0.11445412670286792,"(1, 0.014759)"
train,PN14,PN14_S03,PN14_S03_preictal,PN14-3.edf,39,17435.0,105,1.75,1,0.014865252806953982,0.8919120318423186,0.1080879681576814,"(1, 0.014865)"
train,PN14,PN14_S03,PN14_S03_preictal,PN14-3.edf,40,17440.0,100,1.6666666666666667,1,0.014888615940617786,0.8933138149325153,0.10668618506748473,"(1, 0.014889)"
train,PN14,PN14_S03,PN14_S03_preictal,PN14-3.edf,41,17445.0,95,1.5833333333333333,1,0.014877173223523407,0.8926272543212709,0.10737274567872912,"(1, 0.014877)"
train,PN14,PN14_S03,PN14_S03_preictal,PN14-3.edf,42,17450.0,90,1.5,1,0.014898574467679723,0.8939113244549779,0.1060886755450221,"(1, 0.014899)"
train,PN14,PN14_S03,PN14_S03_preictal,PN14-3.edf,43,17455.0,85,1.4166666666666667,1,0.014983686705643415,0.8990180407740795,0.10098195922592046,"(1, 0.014984)"
train,PN14,PN14_S03,PN14_S03_preictal,PN14-3.edf,44,17460.0,80,1.3333333333333333,1,0.015092012531400129,0.9055175674626852,0.09448243253731481,"(1, 0.015092)"
train,PN14,PN14_S03,PN14_S03_preictal,PN14-3.edf,45,17465.0,75,1.25,1,0.01516206573716422,0.9097207450272732,0.09027925497272682,"(1, 0.015162)"
train,PN14,PN14_S03,PN14_S03_preictal,PN14-3.edf,46,17470.0,70,1.1666666666666667,1,0.014750202646935067,0.8850090465168183,0.11499095348318167,"(1, 0.014750)"
train,PN14,PN14_S03,PN14_S03_preictal,PN14-3.edf,47,17475.0,65,1.0833333333333333,1,0.014452628028777928,0.8671546322157662,0.13284536778423384,"(1, 0.014453)"
train,PN14,PN14_S03,PN14_S03_preictal,PN14-3.edf,48,17480.0,60,1.0,1,0.01425368673234504,0.8552181964064944,0.14478180359350556,"(1, 0.014254)"
train,PN14,PN14_S03,PN14_S03_preictal,PN14-3.edf,49,17485.0,55,0.9166666666666666,1,0.014036568254983518,0.8421911335768979,0.1578088664231021,"(1, 0.014037)"
train,PN14,PN14_S03,PN14_S03_preictal,PN14-3.edf,50,17490.0,50,0.8333333333333334,1,0.014027423104990043,0.8416424265069201,0.15835757349307988,"(1, 0.014027)"
train,PN14,PN14_S03,PN14_S03_preictal,PN14-3.edf,51,17495.0,45,0.75,1,0.014019021889508041,0.8411383553506602,0.15886164464933983,"(1, 0.014019)"
train,PN14,PN14_S03,PN14_S03_preictal,PN14-3.edf,52,17500.0,40,0.6666666666666666,1,0.013933180254134264,0.8359878753408566,0.1640121246591434,"(1, 0.013933)"
train,PN14,PN14_S03,PN14_S03_preictal,PN14-3.edf,53,17505.0,35,0.5833333333333334,1,0.013760985062781199,0.8256562001929343,0.1743437998070657,"(1, 0.013761)"
train,PN14,PN14_S03,PN14_S03_preictal,PN14-3.edf,54,17510.0,30,0.5,1,0.01355492890888882,0.8132928744373311,0.18670712556266889,"(1, 0.013555)"
train,PN14,PN14_S03,PN14_S03_preictal,PN14-3.edf,55,17515.0,25,0.4166666666666667,1,0.013651001816565658,0.8190572286265154,0.18094277137348458,"(1, 0.013651)"
train,PN14,PN14_S03,PN14_S03_preictal,PN14-3.edf,56,17520.0,20,0.3333333333333333,1,0.013805110288083658,0.8283037044006397,0.17169629559936028,"(1, 0.013805)"
train,PN14,PN14_S03,PN14_S03_preictal,PN14-3.edf,57,17525.0,15,0.25,1,0.013882038858208125,0.8329194023761455,0.16708059762385452,"(1, 0.013882)"
train,PN14,PN14_S03,PN14_S03_preictal,PN14-3.edf,58,17530.0,10,0.16666666666666666,1,0.01397995673349806,0.8387944542328265,0.1612055457671735,"(1, 0.013980)"
train,PN14,PN14_S03,PN14_S03_preictal,PN14-3.edf,59,17535.0,5,0.08333333333333333,1,0.014030818575669084,0.8418461540312168,0.15815384596878324,"(1, 0.014031)"
train,PN14,PN14_S03,PN14_S03_preictal,PN14-3.edf,60,17540.0,0,0.0,1,0.013861905740562385,0.8317114195654978,0.16828858043450223,"(1, 0.013862)"
train,PN14,PN14_S04,PN14_S04_preictal,PN14-4.edf,0,5163.0,300,5.0,1,0.015412392186822414,0.9247402791877732,0.07525972081222676,"(1, 0.015412)"
train,PN14,PN14_S04,PN14_S04_preictal,PN14-4.edf,1,5168.0,295,4.916666666666667,1,0.01536135072773697,0.921677802412417,0.07832219758758296,"(1, 0.015361)"
train,PN14,PN14_S04,PN14_S04_preictal,PN14-4.edf,2,5173.0,290,4.833333333333333,1,0.01532275941271948,0.9193623316541522,0.08063766834584785,"(1, 0.015323)"
train,PN14,PN14_S04,PN14_S04_preictal,PN14-4.edf,3,5178.0,285,4.75,1,0.015309653296442004,0.9185759674428999,0.08142403255710007,"(1, 0.015310)"
train,PN14,PN14_S04,PN14_S04_preictal,PN14-4.edf,4,5183.0,280,4.666666666666667,1,0.015357310487755921,0.9214353888660466,0.07856461113395341,"(1, 0.015357)"
train,PN14,PN14_S04,PN14_S04_preictal,PN14-4.edf,5,5188.0,275,4.583333333333333,1,0.01531945423114706,0.9191640214572018,0.08083597854279823,"(1, 0.015319)"
train,PN14,PN14_S04,PN14_S04_preictal,PN14-4.edf,6,5193.0,270,4.5,1,0.015318010828535924,0.9190774176050922,0.0809225823949078,"(1, 0.015318)"
train,PN14,PN14_S04,PN14_S04_preictal,PN14-4.edf,7,5198.0,265,4.416666666666667,1,0.015313030955389972,0.9187786262670905,0.0812213737329095,"(1, 0.015313)"
train,PN14,PN14_S04,PN14_S04_preictal,PN14-4.edf,8,5203.0,260,4.333333333333333,1,0.01526313592459832,0.9157849349474649,0.08421506505253507,"(1, 0.015263)"
train,PN14,PN14_S04,PN14_S04_preictal,PN14-4.edf,9,5208.0,255,4.25,1,0.01528444414478911,0.9170634236628685,0.08293657633713147,"(1, 0.015284)"
train,PN14,PN14_S04,PN14_S04_preictal,PN14-4.edf,10,5213.0,250,4.166666666666667,1,0.015234616071818774,0.9140737497983937,0.08592625020160627,"(1, 0.015235)"
train,PN14,PN14_S04,PN14_S04_preictal,PN14-4.edf,11,5218.0,245,4.083333333333333,1,0.015234432845571624,0.9140627562622256,0.08593724373777445,"(1, 0.015234)"
train,PN14,PN14_S04,PN14_S04_preictal,PN14-4.edf,12,5223.0,240,4.0,1,0.015219007406306157,0.9131372331610721,0.08686276683892791,"(1, 0.015219)"
train,PN14,PN14_S04,PN14_S04_preictal,PN14-4.edf,13,5228.0,235,3.9166666666666665,1,0.015285794500959203,0.9171444447481483,0.08285555525185173,"(1, 0.015286)"
train,PN14,PN14_S04,PN14_S04_preictal,PN14-4.edf,14,5233.0,230,3.8333333333333335,1,0.01529640123931822,0.9177808468116628,0.08221915318833717,"(1, 0.015296)"
train,PN14,PN14_S04,PN14_S04_preictal,PN14-4.edf,15,5238.0,225,3.75,1,0.015160269123010443,0.9096129485571329,0.09038705144286707,"(1, 0.015160)"
train,PN14,PN14_S04,PN14_S04_preictal,PN14-4.edf,16,5243.0,220,3.6666666666666665,1,0.015179773370779288,0.9107831993078588,0.08921680069214122,"(1, 0.015180)"
train,PN14,PN14_S04,PN14_S04_preictal,PN14-4.edf,17,5248.0,215,3.5833333333333335,1,0.015242588361982527,0.9145520855260622,0.08544791447393785,"(1, 0.015243)"
train,PN14,PN14_S04,PN14_S04_preictal,PN14-4.edf,18,5253.0,210,3.5,1,0.01530402525448651,0.9182382861130897,0.08176171388691034,"(1, 0.015304)"
train,PN14,PN14_S04,PN14_S04_preictal,PN14-4.edf,19,5258.0,205,3.4166666666666665,1,0.015206465132662947,0.9123846993889048,0.08761530061109524,"(1, 0.015206)"
train,PN14,PN14_S04,PN14_S04_preictal,PN14-4.edf,20,5263.0,200,3.3333333333333335,1,0.015263017556795062,0.9157778329042451,0.08422216709575492,"(1, 0.015263)"
train,PN14,PN14_S04,PN14_S04_preictal,PN14-4.edf,21,5268.0,195,3.25,1,0.01520781355363221,0.9124656043625431,0.08753439563745691,"(1, 0.015208)"
train,PN14,PN14_S04,PN14_S04_preictal,PN14-4.edf,22,5273.0,190,3.1666666666666665,1,0.015080905506980848,0.9048511483411155,0.09514885165888454,"(1, 0.015081)"
train,PN14,PN14_S04,PN14_S04_preictal,PN14-4.edf,23,5278.0,185,3.0833333333333335,1,0.01484410118857978,0.8906429392028673,0.1093570607971327,"(1, 0.014844)"
train,PN14,PN14_S04,PN14_S04_preictal,PN14-4.edf,24,5283.0,180,3.0,1,0.014738947435438523,0.8843337362018803,0.11566626379811973,"(1, 0.014739)"
train,PN14,PN14_S04,PN14_S04_preictal,PN14-4.edf,25,5288.0,175,2.9166666666666665,1,0.014646075057060254,0.8787614130952971,0.1212385869047029,"(1, 0.014646)"
train,PN14,PN14_S04,PN14_S04_preictal,PN14-4.edf,26,5293.0,170,2.8333333333333335,1,0.014592795269129802,0.8755646370615289,0.12443536293847113,"(1, 0.014593)"
train,PN14,PN14_S04,PN14_S04_preictal,PN14-4.edf,27,5298.0,165,2.75,1,0.014316656729363565,0.8589963829409086,0.14100361705909137,"(1, 0.014317)"
train,PN14,PN14_S04,PN14_S04_preictal,PN14-4.edf,28,5303.0,160,2.6666666666666665,1,0.01412641055498698,0.8475816526203406,0.15241834737965942,"(1, 0.014126)"
train,PN14,PN14_S04,PN14_S04_preictal,PN14-4.edf,29,5308.0,155,2.5833333333333335,1,0.01404006913870214,0.8424011858613273,0.15759881413867272,"(1, 0.014040)"
train,PN14,PN14_S04,PN14_S04_preictal,PN14-4.edf,30,5313.0,150,2.5,1,0.01391545650458739,0.8349244541077632,0.16507554589223683,"(1, 0.013915)"
train,PN14,PN14_S04,PN14_S04_preictal,PN14-4.edf,31,5318.0,145,2.4166666666666665,1,0.013946364952214473,0.836778954443692,0.163221045556308,"(1, 0.013946)"
train,PN14,PN14_S04,PN14_S04_preictal,PN14-4.edf,32,5323.0,140,2.3333333333333335,1,0.014020510052045987,0.841227644788934,0.15877235521106603,"(1, 0.014021)"
train,PN14,PN14_S04,PN14_S04_preictal,PN14-4.edf,33,5328.0,135,2.25,1,0.014004331701844026,0.8402569471904553,0.1597430528095447,"(1, 0.014004)"
train,PN14,PN14_S04,PN14_S04_preictal,PN14-4.edf,34,5333.0,130,2.1666666666666665,1,0.013961336534008847,0.8376772461923441,0.16232275380765593,"(1, 0.013961)"
train,PN14,PN14_S04,PN14_S04_preictal,PN14-4.edf,35,5338.0,125,2.0833333333333335,1,0.013879645125799702,0.8327757789367186,0.1672242210632814,"(1, 0.013880)"
train,PN14,PN14_S04,PN14_S04_preictal,PN14-4.edf,36,5343.0,120,2.0,1,0.013791759778165751,0.8275026766225289,0.17249732337747115,"(1, 0.013792)"
train,PN14,PN14_S04,PN14_S04_preictal,PN14-4.edf,37,5348.0,115,1.9166666666666667,1,0.0135711708576626,0.8142673879366996,0.18573261206330038,"(1, 0.013571)"
train,PN14,PN14_S04,PN14_S04_preictal,PN14-4.edf,38,5353.0,110,1.8333333333333333,1,0.013457377764996257,0.8074398263871119,0.19256017361288813,"(1, 0.013457)"
train,PN14,PN14_S04,PN14_S04_preictal,PN14-4.edf,39,5358.0,105,1.75,1,0.013479786619893783,0.8087843529526851,0.19121564704731486,"(1, 0.013480)"
train,PN14,PN14_S04,PN14_S04_preictal,PN14-4.edf,40,5363.0,100,1.6666666666666667,1,0.013761140613050598,0.825665533176277,0.174334466823723,"(1, 0.013761)"
train,PN14,PN14_S04,PN14_S04_preictal,PN14-4.edf,41,5368.0,95,1.5833333333333333,1,0.014023636488363963,0.8414152303083331,0.1585847696916669,"(1, 0.014024)"
train,PN14,PN14_S04,PN14_S04_preictal,PN14-4.edf,42,5373.0,90,1.5,1,0.014261253976959671,0.8556722294866803,0.1443277705133197,"(1, 0.014261)"
train,PN14,PN14_S04,PN14_S04_preictal,PN14-4.edf,43,5378.0,85,1.4166666666666667,1,0.014439221313631956,0.8663502321358306,0.13364976786416938,"(1, 0.014439)"
train,PN14,PN14_S04,PN14_S04_preictal,PN14-4.edf,44,5383.0,80,1.3333333333333333,1,0.014613863976250132,0.8768287550432421,0.12317124495675791,"(1, 0.014614)"
train,PN14,PN14_S04,PN14_S04_preictal,PN14-4.edf,45,5388.0,75,1.25,1,0.014735911577146245,0.8841515853449111,0.11584841465508888,"(1, 0.014736)"
train,PN14,PN14_S04,PN14_S04_preictal,PN14-4.edf,46,5393.0,70,1.1666666666666667,1,0.014859141856740104,0.8915453761188991,0.10845462388110094,"(1, 0.014859)"
train,PN14,PN14_S04,PN14_S04_preictal,PN14-4.edf,47,5398.0,65,1.0833333333333333,1,0.01492323586773748,0.895391003254877,0.10460899674512303,"(1, 0.014923)"
train,PN14,PN14_S04,PN14_S04_preictal,PN14-4.edf,48,5403.0,60,1.0,1,0.01497601155624981,0.8985575334299231,0.10144246657007694,"(1, 0.014976)"
train,PN14,PN14_S04,PN14_S04_preictal,PN14-4.edf,49,5408.0,55,0.9166666666666666,1,0.015086318006023862,0.9051758971416565,0.09482410285834353,"(1, 0.015086)"
train,PN14,PN14_S04,PN14_S04_preictal,PN14-4.edf,50,5413.0,50,0.8333333333333334,1,0.015192989342460321,0.9115761548201449,0.08842384517985513,"(1, 0.015193)"
train,PN14,PN14_S04,PN14_S04_preictal,PN14-4.edf,51,5418.0,45,0.75,1,0.015225046423230602,0.9134995729023035,0.08650042709769645,"(1, 0.015225)"
train,PN14,PN14_S04,PN14_S04_preictal,PN14-4.edf,52,5423.0,40,0.6666666666666666,1,0.015276920545327848,0.9166120092826756,0.08338799071732439,"(1, 0.015277)"
train,PN14,PN14_S04,PN14_S04_preictal,PN14-4.edf,53,5428.0,35,0.5833333333333334,1,0.015329958849580905,0.9197942963467534,0.08020570365324664,"(1, 0.015330)"
train,PN14,PN14_S04,PN14_S04_preictal,PN14-4.edf,54,5433.0,30,0.5,1,0.015394503241667887,0.923666946253077,0.07633305374692301,"(1, 0.015395)"
train,PN14,PN14_S04,PN14_S04_preictal,PN14-4.edf,55,5438.0,25,0.4166666666666667,1,0.01541450722994223,0.9248671813286871,0.07513281867131294,"(1, 0.015415)"
train,PN14,PN14_S04,PN14_S04_preictal,PN14-4.edf,56,5443.0,20,0.3333333333333333,1,0.015323252165804966,0.9193918967353102,0.08060810326468981,"(1, 0.015323)"
train,PN14,PN14_S04,PN14_S04_preictal,PN14-4.edf,57,5448.0,15,0.25,1,0.01532309575113025,0.9193825118878308,0.08061748811216918,"(1, 0.015323)"
train,PN14,PN14_S04,PN14_S04_preictal,PN14-4.edf,58,5453.0,10,0.16666666666666666,1,0.015332696489389782,0.9199585541576427,0.08004144584235728,"(1, 0.015333)"
train,PN14,PN14_S04,PN14_S04_preictal,PN14-4.edf,59,5458.0,5,0.08333333333333333,1,0.015298125157756474,0.9178842815542105,0.08211571844578947,"(1, 0.015298)"
train,PN14,PN14_S04,PN14_S04_preictal,PN14-4.edf,60,5463.0,0,0.0,1,0.015127183091153129,0.9076277936268615,0.09237220637313848,"(1, 0.015127)"
train,PN16,PN16_S01,PN16_S01_preictal,PN16-1.edf,0,6884.0,300,5.0,1,0.015735161553863793,0.9441063731057766,0.05589362689422339,"(1, 0.015735)"
train,PN16,PN16_S01,PN16_S01_preictal,PN16-1.edf,1,6889.0,295,4.916666666666667,1,0.01576452696430298,0.9458682915360132,0.05413170846398685,"(1, 0.015765)"
train,PN16,PN16_S01,PN16_S01_preictal,PN16-1.edf,2,6894.0,290,4.833333333333333,1,0.015679541237039938,0.9407691658322569,0.05923083416774311,"(1, 0.015680)"
train,PN16,PN16_S01,PN16_S01_preictal,PN16-1.edf,3,6899.0,285,4.75,1,0.01569853558273508,0.9419088225661499,0.05809117743385006,"(1, 0.015699)"
train,PN16,PN16_S01,PN16_S01_preictal,PN16-1.edf,4,6904.0,280,4.666666666666667,1,0.015748631131319205,0.9449145449110146,0.055085455088985436,"(1, 0.015749)"
train,PN16,PN16_S01,PN16_S01_preictal,PN16-1.edf,5,6909.0,275,4.583333333333333,1,0.01578062539553172,0.9468341940129616,0.05316580598703835,"(1, 0.015781)"
train,PN16,PN16_S01,PN16_S01_preictal,PN16-1.edf,6,6914.0,270,4.5,1,0.01580391577145482,0.9482316116540678,0.051768388345932226,"(1, 0.015804)"
train,PN16,PN16_S01,PN16_S01_preictal,PN16-1.edf,7,6919.0,265,4.416666666666667,1,0.01583372265718918,0.9500200185088635,0.04997998149113647,"(1, 0.015834)"
train,PN16,PN16_S01,PN16_S01_preictal,PN16-1.edf,8,6924.0,260,4.333333333333333,1,0.01585272654928553,0.951160248024815,0.048839751975184975,"(1, 0.015853)"
train,PN16,PN16_S01,PN16_S01_preictal,PN16-1.edf,9,6929.0,255,4.25,60,0.061122160117299346,0.9527216316752659,0.04727836832473409,"(60, 0.061122)"
train,PN16,PN16_S01,PN16_S01_preictal,PN16-1.edf,10,6934.0,250,4.166666666666667,1,0.015942252346444846,0.956531776964391,0.043468223035609044,"(1, 0.015942)"
train,PN16,PN16_S01,PN16_S01_preictal,PN16-1.edf,11,6939.0,245,4.083333333333333,60,0.06454198974216,0.9603506046373274,0.039649395362672646,"(60, 0.064542)"
train,PN16,PN16_S01,PN16_S01_preictal,PN16-1.edf,12,6944.0,240,4.0,60,0.03970992787197298,0.9635737852995507,0.036426214700449266,"(60, 0.039710)"
train,PN16,PN16_S01,PN16_S01_preictal,PN16-1.edf,13,6949.0,235,3.9166666666666665,60,0.1063653409511323,0.9665907905682948,0.03340920943170522,"(60, 0.106365)"
train,PN16,PN16_S01,PN16_S01_preictal,PN16-1.edf,14,6954.0,230,3.8333333333333335,60,0.05210541168912394,0.9691062895680139,0.030893710431986077,"(60, 0.052105)"
train,PN16,PN16_S01,PN16_S01_preictal,PN16-1.edf,15,6959.0,225,3.75,1,0.015896017690617086,0.9537577073702583,0.046242292629741666,"(1, 0.015896)"
train,PN16,PN16_S01,PN16_S01_preictal,PN16-1.edf,16,6964.0,220,3.6666666666666665,1,0.015329977054190213,0.9197953886194706,0.08020461138052937,"(1, 0.015330)"
train,PN16,PN16_S01,PN16_S01_preictal,PN16-1.edf,17,6969.0,215,3.5833333333333335,1,0.014764733475733136,0.8858808931786911,0.11411910682130888,"(1, 0.014765)"
train,PN16,PN16_S01,PN16_S01_preictal,PN16-1.edf,18,6974.0,210,3.5,1,0.01479122855325542,0.8874705922395552,0.11252940776044484,"(1, 0.014791)"
train,PN16,PN16_S01,PN16_S01_preictal,PN16-1.edf,19,6979.0,205,3.4166666666666665,1,0.014914546984882725,0.8948696721169498,0.10513032788305021,"(1, 0.014915)"
train,PN16,PN16_S01,PN16_S01_preictal,PN16-1.edf,20,6984.0,200,3.3333333333333335,1,0.015063578963153237,0.9038115593673671,0.09618844063263288,"(1, 0.015064)"
train,PN16,PN16_S01,PN16_S01_preictal,PN16-1.edf,21,6989.0,195,3.25,1,0.015206308604690699,0.9123753077435973,0.08762469225640268,"(1, 0.015206)"
train,PN16,PN16_S01,PN16_S01_preictal,PN16-1.edf,22,6994.0,190,3.1666666666666665,1,0.015338633969406296,0.9203148017058226,0.07968519829417742,"(1, 0.015339)"
train,PN16,PN16_S01,PN16_S01_preictal,PN16-1.edf,23,6999.0,185,3.0833333333333335,1,0.015453308885153741,0.9271952724542114,0.0728047275457886,"(1, 0.015453)"
train,PN16,PN16_S01,PN16_S01_preictal,PN16-1.edf,24,7004.0,180,3.0,1,0.015562240931442798,0.9337311722468448,0.06626882775315523,"(1, 0.015562)"
train,PN16,PN16_S01,PN16_S01_preictal,PN16-1.edf,25,7009.0,175,2.9166666666666665,1,0.01566466393651971,0.9398765309401603,0.060123469059839674,"(1, 0.015665)"
train,PN16,PN16_S01,PN16_S01_preictal,PN16-1.edf,26,7014.0,170,2.8333333333333335,1,0.01574946541838339,0.9449646019588309,0.05503539804116908,"(1, 0.015749)"
train,PN16,PN16_S01,PN16_S01_preictal,PN16-1.edf,27,7019.0,165,2.75,1,0.015822014018120136,0.9493175026352488,0.05068249736475117,"(1, 0.015822)"
train,PN16,PN16_S01,PN16_S01_preictal,PN16-1.edf,28,7024.0,160,2.6666666666666665,1,0.015890847497042938,0.9534474968467224,0.046552503153277636,"(1, 0.015891)"
train,PN16,PN16_S01,PN16_S01_preictal,PN16-1.edf,29,7029.0,155,2.5833333333333335,1,0.015943721799968787,0.9566199438657721,0.04338005613422791,"(1, 0.015944)"
train,PN16,PN16_S01,PN16_S01_preictal,PN16-1.edf,30,7034.0,150,2.5,1,0.015968679973998378,0.9581174290413618,0.04188257095863823,"(1, 0.015969)"
train,PN16,PN16_S01,PN16_S01_preictal,PN16-1.edf,31,7039.0,145,2.4166666666666665,1,0.015980623422533712,0.958834033433409,0.041165966566590995,"(1, 0.015981)"
train,PN16,PN16_S01,PN16_S01_preictal,PN16-1.edf,32,7044.0,140,2.3333333333333335,1,0.01598070093643682,0.95883868425124,0.04116131574876003,"(1, 0.015981)"
train,PN16,PN16_S01,PN16_S01_preictal,PN16-1.edf,33,7049.0,135,2.25,1,0.015988350345700612,0.9592976471930388,0.04070235280696122,"(1, 0.015988)"
train,PN16,PN16_S01,PN16_S01_preictal,PN16-1.edf,34,7054.0,130,2.1666666666666665,1,0.016039757481479136,0.9623820644928217,0.03761793550717829,"(1, 0.016040)"
train,PN16,PN16_S01,PN16_S01_preictal,PN16-1.edf,35,7059.0,125,2.0833333333333335,1,0.016089939472791977,0.9653929733831699,0.03460702661683013,"(1, 0.016090)"
train,PN16,PN16_S01,PN16_S01_preictal,PN16-1.edf,36,7064.0,120,2.0,1,0.016071369803374775,0.9642787971363462,0.03572120286365377,"(1, 0.016071)"
train,PN16,PN16_S01,PN16_S01_preictal,PN16-1.edf,37,7069.0,115,1.9166666666666667,1,0.01607358020391169,0.9644114207021656,0.03558857929783443,"(1, 0.016074)"
train,PN16,PN16_S01,PN16_S01_preictal,PN16-1.edf,38,7074.0,110,1.8333333333333333,1,0.016053106533383047,0.9631830047904006,0.03681699520959936,"(1, 0.016053)"
train,PN16,PN16_S01,PN16_S01_preictal,PN16-1.edf,39,7079.0,105,1.75,1,0.01607072362560762,0.9642400266066607,0.03575997339333925,"(1, 0.016071)"
train,PN16,PN16_S01,PN16_S01_preictal,PN16-1.edf,40,7084.0,100,1.6666666666666667,1,0.016105847342662107,0.9663474422188101,0.03365255778118992,"(1, 0.016106)"
train,PN16,PN16_S01,PN16_S01_preictal,PN16-1.edf,41,7089.0,95,1.5833333333333333,1,0.016117635578462325,0.9670547338795001,0.03294526612049986,"(1, 0.016118)"
train,PN16,PN16_S01,PN16_S01_preictal,PN16-1.edf,42,7094.0,90,1.5,1,0.01613645932547552,0.9681841547284729,0.03181584527152714,"(1, 0.016136)"
train,PN16,PN16_S01,PN16_S01_preictal,PN16-1.edf,43,7099.0,85,1.4166666666666667,1,0.016151441415106584,0.9690830769451092,0.0309169230548908,"(1, 0.016151)"
train,PN16,PN16_S01,PN16_S01_preictal,PN16-1.edf,44,7104.0,80,1.3333333333333333,1,0.01614670631047826,0.9687989716665191,0.03120102833348093,"(1, 0.016147)"
train,PN16,PN16_S01,PN16_S01_preictal,PN16-1.edf,45,7109.0,75,1.25,1,0.016152861304593768,0.969168270014743,0.03083172998525696,"(1, 0.016153)"
train,PN16,PN16_S01,PN16_S01_preictal,PN16-1.edf,46,7114.0,70,1.1666666666666667,1,0.016155817214621497,0.9693456239927084,0.030654376007291595,"(1, 0.016156)"
train,PN16,PN16_S01,PN16_S01_preictal,PN16-1.edf,47,7119.0,65,1.0833333333333333,1,0.016123120226967037,0.9673838116325195,0.03261618836748048,"(1, 0.016123)"
train,PN16,PN16_S01,PN16_S01_preictal,PN16-1.edf,48,7124.0,60,1.0,1,0.01601184822820024,0.9607075151849527,0.039292484815047324,"(1, 0.016012)"
train,PN16,PN16_S01,PN16_S01_preictal,PN16-1.edf,49,7129.0,55,0.9166666666666666,1,0.016049582879787114,0.9629715863181371,0.03702841368186294,"(1, 0.016050)"
train,PN16,PN16_S01,PN16_S01_preictal,PN16-1.edf,50,7134.0,50,0.8333333333333334,1,0.01608803511932895,0.9652787125772075,0.03472128742279246,"(1, 0.016088)"
train,PN16,PN16_S01,PN16_S01_preictal,PN16-1.edf,51,7139.0,45,0.75,1,0.016092077049793024,0.965521227552203,0.03447877244779696,"(1, 0.016092)"
train,PN16,PN16_S01,PN16_S01_preictal,PN16-1.edf,52,7144.0,40,0.6666666666666666,1,0.016067890060442666,0.9640700132946469,0.03592998670535308,"(1, 0.016068)"
train,PN16,PN16_S01,PN16_S01_preictal,PN16-1.edf,53,7149.0,35,0.5833333333333334,1,0.016078935509503393,0.964732737907696,0.03526726209230402,"(1, 0.016079)"
train,PN16,PN16_S01,PN16_S01_preictal,PN16-1.edf,54,7154.0,30,0.5,1,0.01609590396834545,0.9657508418578671,0.03424915814213292,"(1, 0.016096)"
train,PN16,PN16_S01,PN16_S01_preictal,PN16-1.edf,55,7159.0,25,0.4166666666666667,1,0.016002010304345386,0.9601172418294678,0.03988275817053222,"(1, 0.016002)"
train,PN16,PN16_S01,PN16_S01_preictal,PN16-1.edf,56,7164.0,20,0.3333333333333333,1,0.015950216899894783,0.957009648490863,0.04299035150913699,"(1, 0.015950)"
train,PN16,PN16_S01,PN16_S01_preictal,PN16-1.edf,57,7169.0,15,0.25,1,0.015965650126261572,0.9579356388164526,0.042064361183547394,"(1, 0.015966)"
train,PN16,PN16_S01,PN16_S01_preictal,PN16-1.edf,58,7174.0,10,0.16666666666666666,1,0.015988392154210926,0.959300155694836,0.040699844305164046,"(1, 0.015988)"
train,PN16,PN16_S01,PN16_S01_preictal,PN16-1.edf,59,7179.0,5,0.08333333333333333,1,0.016018095062444424,0.961082323921519,0.038917676078480956,"(1, 0.016018)"
train,PN16,PN16_S01,PN16_S01_preictal,PN16-1.edf,60,7184.0,0,0.0,1,0.01602713534311554,0.9616247388542829,0.0383752611457171,"(1, 0.016027)"
validation,PN16,PN16_S02,PN16_S02_preictal,PN16-2.edf,0,8274.0,300,5.0,1,0.002781291574930692,0.1668769076420884,0.8331230923579116,"(1, 0.002781)"
validation,PN16,PN16_S02,PN16_S02_preictal,PN16-2.edf,1,8279.0,295,4.916666666666667,1,0.0027575522325577044,0.1654525521087209,0.8345474478912791,"(1, 0.002758)"
validation,PN16,PN16_S02,PN16_S02_preictal,PN16-2.edf,2,8284.0,290,4.833333333333333,1,0.0027173269697382653,0.16303904482710285,0.8369609551728971,"(1, 0.002717)"
validation,PN16,PN16_S02,PN16_S02_preictal,PN16-2.edf,3,8289.0,285,4.75,1,0.002694576709561174,0.16167403401679237,0.8383259659832076,"(1, 0.002695)"
validation,PN16,PN16_S02,PN16_S02_preictal,PN16-2.edf,4,8294.0,280,4.666666666666667,1,0.0026715420771644136,0.16029196093330433,0.8397080390666957,"(1, 0.002672)"
validation,PN16,PN16_S02,PN16_S02_preictal,PN16-2.edf,5,8299.0,275,4.583333333333333,1,0.00256919866242359,0.15415137764336073,0.8458486223566393,"(1, 0.002569)"
validation,PN16,PN16_S02,PN16_S02_preictal,PN16-2.edf,6,8304.0,270,4.5,1,0.0026448340614921824,0.1586894856283736,0.8413105143716264,"(1, 0.002645)"
validation,PN16,PN16_S02,PN16_S02_preictal,PN16-2.edf,7,8309.0,265,4.416666666666667,1,0.002750927525616484,0.1650550710900638,0.8349449289099362,"(1, 0.002751)"
validation,PN16,PN16_S02,PN16_S02_preictal,PN16-2.edf,8,8314.0,260,4.333333333333333,1,0.0034900912998290226,0.20940474157893263,0.7905952584210674,"(1, 0.003490)"
validation,PN16,PN16_S02,PN16_S02_preictal,PN16-2.edf,9,8319.0,255,4.25,1,0.003732669755494285,0.22395939773468698,0.776040602265313,"(1, 0.003733)"
validation,PN16,PN16_S02,PN16_S02_preictal,PN16-2.edf,10,8324.0,250,4.166666666666667,1,0.003826518479147538,0.22959030135175995,0.77040969864824,"(1, 0.003827)"
validation,PN16,PN16_S02,PN16_S02_preictal,PN16-2.edf,11,8329.0,245,4.083333333333333,1,0.0039725335502924395,0.23835117481120938,0.7616488251887906,"(1, 0.003973)"
validation,PN16,PN16_S02,PN16_S02_preictal,PN16-2.edf,12,8334.0,240,4.0,1,0.004130474593122391,0.24782760405537652,0.7521723959446235,"(1, 0.004130)"
validation,PN16,PN16_S02,PN16_S02_preictal,PN16-2.edf,13,8339.0,235,3.9166666666666665,1,0.0042919982277472195,0.2575189880513078,0.7424810119486922,"(1, 0.004292)"
validation,PN16,PN16_S02,PN16_S02_preictal,PN16-2.edf,14,8344.0,230,3.8333333333333335,1,0.0044298687080102485,0.26579118777635724,0.7342088122236428,"(1, 0.004430)"
validation,PN16,PN16_S02,PN16_S02_preictal,PN16-2.edf,15,8349.0,225,3.75,1,0.004556654634536896,0.2733983166160695,0.7266016833839305,"(1, 0.004557)"
validation,PN16,PN16_S02,PN16_S02_preictal,PN16-2.edf,16,8354.0,220,3.6666666666666665,1,0.004671827362389579,0.28030865598573396,0.719691344014266,"(1, 0.004672)"
validation,PN16,PN16_S02,PN16_S02_preictal,PN16-2.edf,17,8359.0,215,3.5833333333333335,1,0.004780472507167692,0.2868273417482471,0.7131726582517529,"(1, 0.004780)"
validation,PN16,PN16_S02,PN16_S02_preictal,PN16-2.edf,18,8364.0,210,3.5,1,0.004907422355730045,0.29444430587551407,0.7055556941244859,"(1, 0.004907)"
validation,PN16,PN16_S02,PN16_S02_preictal,PN16-2.edf,19,8369.0,205,3.4166666666666665,1,0.005043738244820672,0.3026232304582388,0.6973767695417612,"(1, 0.005044)"
validation,PN16,PN16_S02,PN16_S02_preictal,PN16-2.edf,20,8374.0,200,3.3333333333333335,1,0.005157347206567978,0.30943974419153586,0.6905602558084641,"(1, 0.005157)"
validation,PN16,PN16_S02,PN16_S02_preictal,PN16-2.edf,21,8379.0,195,3.25,60,0.021638201274420305,0.3164210090092605,0.6835789909907395,"(60, 0.021638)"
validation,PN16,PN16_S02,PN16_S02_preictal,PN16-2.edf,22,8384.0,190,3.1666666666666665,60,0.026439957292191733,0.3244404377368506,0.6755595622631494,"(60, 0.026440)"
validation,PN16,PN16_S02,PN16_S02_preictal,PN16-2.edf,23,8389.0,185,3.0833333333333335,60,0.025915289139925118,0.33169627449372563,0.6683037255062744,"(60, 0.025915)"
validation,PN16,PN16_S02,PN16_S02_preictal,PN16-2.edf,24,8394.0,180,3.0,60,0.038531637424196886,0.34017419189635323,0.6598258081036468,"(60, 0.038532)"
validation,PN16,PN16_S02,PN16_S02_preictal,PN16-2.edf,25,8399.0,175,2.9166666666666665,60,0.040536642908906746,0.3472160614283457,0.6527839385716543,"(60, 0.040537)"
validation,PN16,PN16_S02,PN16_S02_preictal,PN16-2.edf,26,8404.0,170,2.8333333333333335,60,0.04055720451932079,0.3519319443719524,0.6480680556280476,"(60, 0.040557)"
validation,PN16,PN16_S02,PN16_S02_preictal,PN16-2.edf,27,8409.0,165,2.75,60,0.03789585606955457,0.356503285723655,0.643496714276345,"(60, 0.037896)"
validation,PN16,PN16_S02,PN16_S02_preictal,PN16-2.edf,28,8414.0,160,2.6666666666666665,60,0.038948885345868225,0.3602612414949906,0.6397387585050094,"(60, 0.038949)"
validation,PN16,PN16_S02,PN16_S02_preictal,PN16-2.edf,29,8419.0,155,2.5833333333333335,60,0.04266206661919933,0.3642699701991049,0.6357300298008951,"(60, 0.042662)"
validation,PN16,PN16_S02,PN16_S02_preictal,PN16-2.edf,30,8424.0,150,2.5,60,0.042337552347742335,0.3633627088560716,0.6366372911439284,"(60, 0.042338)"
validation,PN16,PN16_S02,PN16_S02_preictal,PN16-2.edf,31,8429.0,145,2.4166666666666665,60,0.039267618670659137,0.355722285884697,0.644277714115303,"(60, 0.039268)"
validation,PN16,PN16_S02,PN16_S02_preictal,PN16-2.edf,32,8434.0,140,2.3333333333333335,60,0.02010589533813918,0.3346455779856322,0.6653544220143678,"(60, 0.020106)"
validation,PN16,PN16_S02,PN16_S02_preictal,PN16-2.edf,33,8439.0,135,2.25,1,0.0051817755924782076,0.3109054421917494,0.6890945578082506,"(1, 0.005182)"
validation,PN16,PN16_S02,PN16_S02_preictal,PN16-2.edf,34,8444.0,130,2.1666666666666665,1,0.005105946450755969,0.30635570968839754,0.6936442903116025,"(1, 0.005106)"
validation,PN16,PN16_S02,PN16_S02_preictal,PN16-2.edf,35,8449.0,125,2.0833333333333335,1,0.004845572856443514,0.29073334896859393,0.7092666510314061,"(1, 0.004846)"
validation,PN16,PN16_S02,PN16_S02_preictal,PN16-2.edf,36,8454.0,120,2.0,1,0.004458534671385962,0.2675111395303691,0.7324888604696309,"(1, 0.004459)"
validation,PN16,PN16_S02,PN16_S02_preictal,PN16-2.edf,37,8459.0,115,1.9166666666666667,1,0.004258795996226437,0.2555268611657464,0.7444731388342536,"(1, 0.004259)"
validation,PN16,PN16_S02,PN16_S02_preictal,PN16-2.edf,38,8464.0,110,1.8333333333333333,1,0.003970928664675506,0.23825488201282496,0.761745117987175,"(1, 0.003971)"
validation,PN16,PN16_S02,PN16_S02_preictal,PN16-2.edf,39,8469.0,105,1.75,1,0.003718969401385568,0.22313737937894462,0.7768626206210554,"(1, 0.003719)"
validation,PN16,PN16_S02,PN16_S02_preictal,PN16-2.edf,40,8474.0,100,1.6666666666666667,1,0.003493843480702647,0.2096298716396383,0.7903701283603617,"(1, 0.003494)"
validation,PN16,PN16_S02,PN16_S02_preictal,PN16-2.edf,41,8479.0,95,1.5833333333333333,1,0.0032982139461918865,0.19789214084691098,0.802107859153089,"(1, 0.003298)"
validation,PN16,PN16_S02,PN16_S02_preictal,PN16-2.edf,42,8484.0,90,1.5,1,0.003120782230435978,0.18724627533972704,0.812753724660273,"(1, 0.003121)"
validation,PN16,PN16_S02,PN16_S02_preictal,PN16-2.edf,43,8489.0,85,1.4166666666666667,1,0.0029496586424763004,0.17697889616929918,0.8230211038307008,"(1, 0.002950)"
validation,PN16,PN16_S02,PN16_S02_preictal,PN16-2.edf,44,8494.0,80,1.3333333333333333,1,0.0028328421253589913,0.16996992979059744,0.8300300702094026,"(1, 0.002833)"
validation,PN16,PN16_S02,PN16_S02_preictal,PN16-2.edf,45,8499.0,75,1.25,1,0.0027519208572251747,0.16511467077699182,0.8348853292230082,"(1, 0.002752)"
validation,PN16,PN16_S02,PN16_S02_preictal,PN16-2.edf,46,8504.0,70,1.1666666666666667,1,0.002732371446836041,0.16394171027857807,0.8360582897214219,"(1, 0.002732)"
validation,PN16,PN16_S02,PN16_S02_preictal,PN16-2.edf,47,8509.0,65,1.0833333333333333,1,0.0027680958913582432,0.16608516941203666,0.8339148305879633,"(1, 0.002768)"
validation,PN16,PN16_S02,PN16_S02_preictal,PN16-2.edf,48,8514.0,60,1.0,1,0.002771467689875026,0.1662874766115926,0.8337125233884074,"(1, 0.002771)"
validation,PN16,PN16_S02,PN16_S02_preictal,PN16-2.edf,49,8519.0,55,0.9166666666666666,60,0.01823332633617932,0.21284707103898715,0.7871529289610129,"(60, 0.018233)"
validation,PN16,PN16_S02,PN16_S02_preictal,PN16-2.edf,50,8524.0,50,0.8333333333333334,60,0.021065103825683027,0.2551927925526588,0.7448072074473412,"(60, 0.021065)"
validation,PN16,PN16_S02,PN16_S02_preictal,PN16-2.edf,51,8529.0,45,0.75,60,0.0318615986761341,0.29184421190513576,0.7081557880948642,"(60, 0.031862)"
validation,PN16,PN16_S02,PN16_S02_preictal,PN16-2.edf,52,8534.0,40,0.6666666666666666,60,0.034219738961249205,0.32541220345649857,0.6745877965435014,"(60, 0.034220)"
validation,PN16,PN16_S02,PN16_S02_preictal,PN16-2.edf,53,8539.0,35,0.5833333333333334,60,0.011828471202451684,0.3485742219014051,0.6514257780985949,"(60, 0.011828)"
validation,PN16,PN16_S02,PN16_S02_preictal,PN16-2.edf,54,8544.0,30,0.5,60,0.014249102035841732,0.36491485176680416,0.6350851482331958,"(60, 0.014249)"
validation,PN16,PN16_S02,PN16_S02_preictal,PN16-2.edf,55,8549.0,25,0.4166666666666667,1,0.0061444419228747806,0.36866521889252213,0.6313347811074779,"(1, 0.006144)"
validation,PN16,PN16_S02,PN16_S02_preictal,PN16-2.edf,56,8554.0,20,0.3333333333333333,1,0.0061350980157985095,0.3681045864395144,0.6318954135604856,"(1, 0.006135)"
validation,PN16,PN16_S02,PN16_S02_preictal,PN16-2.edf,57,8559.0,15,0.25,1,0.00609452775684498,0.36567037946264525,0.6343296205373548,"(1, 0.006095)"
validation,PN16,PN16_S02,PN16_S02_preictal,PN16-2.edf,58,8564.0,10,0.16666666666666666,1,0.006035348658290542,0.36211964603619484,0.6378803539638052,"(1, 0.006035)"
validation,PN16,PN16_S02,PN16_S02_preictal,PN16-2.edf,59,8569.0,5,0.08333333333333333,1,0.005946666582833281,0.35679874022071645,0.6432012597792836,"(1, 0.005947)"
validation,PN16,PN16_S02,PN16_S02_preictal,PN16-2.edf,60,8574.0,0,0.0,1,0.005670311153494484,0.3402174727715065,0.6597825272284935,"(1, 0.005670)"
validation,PN17,PN17_S01,PN17_S01_preictal,PN17-1.edf,0,8120.0,300,5.0,1,0.003642495219782441,0.21854894461884322,0.7814510553811568,"(1, 0.003642)"
validation,PN17,PN17_S01,PN17_S01_preictal,PN17-1.edf,1,8125.0,295,4.916666666666667,1,0.003607914079968271,0.21647408352662878,0.7835259164733712,"(1, 0.003608)"
validation,PN17,PN17_S01,PN17_S01_preictal,PN17-1.edf,2,8130.0,290,4.833333333333333,1,0.0035403844958333736,0.2124223227273071,0.7875776772726929,"(1, 0.003540)"
validation,PN17,PN17_S01,PN17_S01_preictal,PN17-1.edf,3,8135.0,285,4.75,1,0.0036020583506189197,0.2161227410012292,0.7838772589987708,"(1, 0.003602)"
validation,PN17,PN17_S01,PN17_S01_preictal,PN17-1.edf,4,8140.0,280,4.666666666666667,1,0.0035461833425138142,0.21277025230457436,0.7872297476954256,"(1, 0.003546)"
validation,PN17,PN17_S01,PN17_S01_preictal,PN17-1.edf,5,8145.0,275,4.583333333333333,1,0.003380934443284632,0.2028553532184143,0.7971446467815857,"(1, 0.003381)"
validation,PN17,PN17_S01,PN17_S01_preictal,PN17-1.edf,6,8150.0,270,4.5,1,0.003255770637953687,0.19534555130817588,0.8046544486918241,"(1, 0.003256)"
validation,PN17,PN17_S01,PN17_S01_preictal,PN17-1.edf,7,8155.0,265,4.416666666666667,1,0.003222042809982814,0.19332188874651013,0.8066781112534899,"(1, 0.003222)"
validation,PN17,PN17_S01,PN17_S01_preictal,PN17-1.edf,8,8160.0,260,4.333333333333333,1,0.003231886156465104,0.1939124874584971,0.8060875125415029,"(1, 0.003232)"
validation,PN17,PN17_S01,PN17_S01_preictal,PN17-1.edf,9,8165.0,255,4.25,1,0.0031989621907325045,0.19193705646151238,0.8080629435384876,"(1, 0.003199)"
validation,PN17,PN17_S01,PN17_S01_preictal,PN17-1.edf,10,8170.0,250,4.166666666666667,1,0.003188064958175161,0.1912832248073928,0.8087167751926072,"(1, 0.003188)"
validation,PN17,PN17_S01,PN17_S01_preictal,PN17-1.edf,11,8175.0,245,4.083333333333333,1,0.003145426188446557,0.18872490762047578,0.8112750923795242,"(1, 0.003145)"
validation,PN17,PN17_S01,PN17_S01_preictal,PN17-1.edf,12,8180.0,240,4.0,1,0.0030768892320962747,0.18461270470078694,0.815387295299213,"(1, 0.003077)"
validation,PN17,PN17_S01,PN17_S01_preictal,PN17-1.edf,13,8185.0,235,3.9166666666666665,1,0.0029640421492669127,0.17784190354180962,0.8221580964581904,"(1, 0.002964)"
validation,PN17,PN17_S01,PN17_S01_preictal,PN17-1.edf,14,8190.0,230,3.8333333333333335,1,0.0029410137010478514,0.17646020150767872,0.8235397984923213,"(1, 0.002941)"
validation,PN17,PN17_S01,PN17_S01_preictal,PN17-1.edf,15,8195.0,225,3.75,1,0.0036246235083094397,0.21747664570140213,0.7825233542985979,"(1, 0.003625)"
validation,PN17,PN17_S01,PN17_S01_preictal,PN17-1.edf,16,8200.0,220,3.6666666666666665,1,0.003778624865142684,0.22671669461704247,0.7732833053829575,"(1, 0.003779)"
validation,PN17,PN17_S01,PN17_S01_preictal,PN17-1.edf,17,8205.0,215,3.5833333333333335,1,0.003714376208398463,0.22286178876888418,0.7771382112311158,"(1, 0.003714)"
validation,PN17,PN17_S01,PN17_S01_preictal,PN17-1.edf,18,8210.0,210,3.5,1,0.0037160529102528753,0.22296239052636402,0.777037609473636,"(1, 0.003716)"
validation,PN17,PN17_S01,PN17_S01_preictal,PN17-1.edf,19,8215.0,205,3.4166666666666665,1,0.0037492504733642514,0.22495423730834607,0.7750457626916539,"(1, 0.003749)"
validation,PN17,PN17_S01,PN17_S01_preictal,PN17-1.edf,20,8220.0,200,3.3333333333333335,1,0.0038196207159796216,0.22917643701711599,0.770823562982884,"(1, 0.003820)"
validation,PN17,PN17_S01,PN17_S01_preictal,PN17-1.edf,21,8225.0,195,3.25,1,0.0038530743224637395,0.23118364634743727,0.7688163536525627,"(1, 0.003853)"
validation,PN17,PN17_S01,PN17_S01_preictal,PN17-1.edf,22,8230.0,190,3.1666666666666665,1,0.0038725800307202263,0.23235398472711344,0.7676460152728866,"(1, 0.003873)"
validation,PN17,PN17_S01,PN17_S01_preictal,PN17-1.edf,23,8235.0,185,3.0833333333333335,1,0.0038451521999758177,0.23070832066973335,0.7692916793302667,"(1, 0.003845)"
validation,PN17,PN17_S01,PN17_S01_preictal,PN17-1.edf,24,8240.0,180,3.0,1,0.0037746032812385638,0.22647540043135117,0.7735245995686488,"(1, 0.003775)"
validation,PN17,PN17_S01,PN17_S01_preictal,PN17-1.edf,25,8245.0,175,2.9166666666666665,1,0.00369583079531486,0.22174906789695836,0.7782509321030416,"(1, 0.003696)"
validation,PN17,PN17_S01,PN17_S01_preictal,PN17-1.edf,26,8250.0,170,2.8333333333333335,1,0.003590518473348027,0.21543035079989492,0.7845696492001051,"(1, 0.003591)"
validation,PN17,PN17_S01,PN17_S01_preictal,PN17-1.edf,27,8255.0,165,2.75,1,0.003530050802447244,0.21180230330455319,0.7881976966954468,"(1, 0.003530)"
validation,PN17,PN17_S01,PN17_S01_preictal,PN17-1.edf,28,8260.0,160,2.6666666666666665,1,0.0034118889281396078,0.2047126157783028,0.7952873842216972,"(1, 0.003412)"
validation,PN17,PN17_S01,PN17_S01_preictal,PN17-1.edf,29,8265.0,155,2.5833333333333335,1,0.003261224449789666,0.19567277886757795,0.804327221132422,"(1, 0.003261)"
validation,PN17,PN17_S01,PN17_S01_preictal,PN17-1.edf,30,8270.0,150,2.5,1,0.003125620249357148,0.18753655545417314,0.8124634445458269,"(1, 0.003126)"
validation,PN17,PN17_S01,PN17_S01_preictal,PN17-1.edf,31,8275.0,145,2.4166666666666665,1,0.0030179374854341755,0.18107561233990566,0.8189243876600943,"(1, 0.003018)"
validation,PN17,PN17_S01,PN17_S01_preictal,PN17-1.edf,32,8280.0,140,2.3333333333333335,1,0.0029327205196128152,0.1759626123714415,0.8240373876285585,"(1, 0.002933)"
validation,PN17,PN17_S01,PN17_S01_preictal,PN17-1.edf,33,8285.0,135,2.25,1,0.002899962197314752,0.1739971199455782,0.8260028800544218,"(1, 0.002900)"
validation,PN17,PN17_S01,PN17_S01_preictal,PN17-1.edf,34,8290.0,130,2.1666666666666665,1,0.0028602506899737287,0.17161443788426245,0.8283855621157376,"(1, 0.002860)"
validation,PN17,PN17_S01,PN17_S01_preictal,PN17-1.edf,35,8295.0,125,2.0833333333333335,1,0.0027718049478552627,0.1663077120192452,0.8336922879807548,"(1, 0.002772)"
validation,PN17,PN17_S01,PN17_S01_preictal,PN17-1.edf,36,8300.0,120,2.0,1,0.0027502953658290973,0.16501714163620662,0.8349828583637934,"(1, 0.002750)"
validation,PN17,PN17_S01,PN17_S01_preictal,PN17-1.edf,37,8305.0,115,1.9166666666666667,1,0.002695342958619616,0.16172000879861992,0.8382799912013801,"(1, 0.002695)"
validation,PN17,PN17_S01,PN17_S01_preictal,PN17-1.edf,38,8310.0,110,1.8333333333333333,1,0.0026243427307265092,0.1574600101061131,0.8425399898938869,"(1, 0.002624)"
validation,PN17,PN17_S01,PN17_S01_preictal,PN17-1.edf,39,8315.0,105,1.75,1,0.002557191668581568,0.15343096054632044,0.8465690394536796,"(1, 0.002557)"
validation,PN17,PN17_S01,PN17_S01_preictal,PN17-1.edf,40,8320.0,100,1.6666666666666667,1,0.002488102195292006,0.1492856067268561,0.8507143932731439,"(1, 0.002488)"
validation,PN17,PN17_S01,PN17_S01_preictal,PN17-1.edf,41,8325.0,95,1.5833333333333333,1,0.002405048656424099,0.1443024119191152,0.8556975880808848,"(1, 0.002405)"
validation,PN17,PN17_S01,PN17_S01_preictal,PN17-1.edf,42,8330.0,90,1.5,1,0.002302889755349626,0.13817289941022015,0.8618271005897798,"(1, 0.002303)"
validation,PN17,PN17_S01,PN17_S01_preictal,PN17-1.edf,43,8335.0,85,1.4166666666666667,1,0.0022061057597287693,0.13236588009443462,0.8676341199055654,"(1, 0.002206)"
validation,PN17,PN17_S01,PN17_S01_preictal,PN17-1.edf,44,8340.0,80,1.3333333333333333,1,0.0021369179776324575,0.12821462776730852,0.8717853722326915,"(1, 0.002137)"
validation,PN17,PN17_S01,PN17_S01_preictal,PN17-1.edf,45,8345.0,75,1.25,1,0.0021052308875202097,0.12631340904656374,0.8736865909534363,"(1, 0.002105)"
validation,PN17,PN17_S01,PN17_S01_preictal,PN17-1.edf,46,8350.0,70,1.1666666666666667,1,0.0020489889618433127,0.1229389053730211,0.8770610946269789,"(1, 0.002049)"
validation,PN17,PN17_S01,PN17_S01_preictal,PN17-1.edf,47,8355.0,65,1.0833333333333333,1,0.0021175615079801016,0.1270532436723908,0.8729467563276092,"(1, 0.002118)"
validation,PN17,PN17_S01,PN17_S01_preictal,PN17-1.edf,48,8360.0,60,1.0,1,0.0021631737158702142,0.12978996652160157,0.8702100334783984,"(1, 0.002163)"
validation,PN17,PN17_S01,PN17_S01_preictal,PN17-1.edf,49,8365.0,55,0.9166666666666666,1,0.0023079735377243994,0.13847792528002623,0.8615220747199738,"(1, 0.002308)"
validation,PN17,PN17_S01,PN17_S01_preictal,PN17-1.edf,50,8370.0,50,0.8333333333333334,1,0.0024261034208581667,0.14556569334259462,0.8544343066574054,"(1, 0.002426)"
validation,PN17,PN17_S01,PN17_S01_preictal,PN17-1.edf,51,8375.0,45,0.75,1,0.0025358723721346367,0.15215180725788557,0.8478481927421144,"(1, 0.002536)"
validation,PN17,PN17_S01,PN17_S01_preictal,PN17-1.edf,52,8380.0,40,0.6666666666666666,1,0.002606055818485362,0.1563627992301908,0.8436372007698092,"(1, 0.002606)"
validation,PN17,PN17_S01,PN17_S01_preictal,PN17-1.edf,53,8385.0,35,0.5833333333333334,1,0.0027258743159207215,0.16355188379455643,0.8364481162054436,"(1, 0.002726)"
validation,PN17,PN17_S01,PN17_S01_preictal,PN17-1.edf,54,8390.0,30,0.5,1,0.0029216277020372465,0.17529704565749682,0.8247029543425032,"(1, 0.002922)"
validation,PN17,PN17_S01,PN17_S01_preictal,PN17-1.edf,55,8395.0,25,0.4166666666666667,1,0.003034415182488281,0.18206427068635056,0.8179357293136494,"(1, 0.003034)"
validation,PN17,PN17_S01,PN17_S01_preictal,PN17-1.edf,56,8400.0,20,0.3333333333333333,1,0.002946400872694762,0.17678343066979774,0.8232165693302023,"(1, 0.002946)"
validation,PN17,PN17_S01,PN17_S01_preictal,PN17-1.edf,57,8405.0,15,0.25,1,0.0029252555834016485,0.17551471777387628,0.8244852822261237,"(1, 0.002925)"
validation,PN17,PN17_S01,PN17_S01_preictal,PN17-1.edf,58,8410.0,10,0.16666666666666666,1,0.002969680374347912,0.17818019585700162,0.8218198041429984,"(1, 0.002970)"
validation,PN17,PN17_S01,PN17_S01_preictal,PN17-1.edf,59,8415.0,5,0.08333333333333333,1,0.003108807177923882,0.18652777471574267,0.8134722252842573,"(1, 0.003109)"
validation,PN17,PN17_S01,PN17_S01_preictal,PN17-1.edf,60,8420.0,0,0.0,1,0.003244204874813002,0.19465160796011594,0.8053483920398841,"(1, 0.003244)"
test,PN17,PN17_S02,PN17_S02_preictal,PN17-2.edf,0,7431.0,300,5.0,1,0.010409948562306762,0.6245947172346525,0.37540528276534746,"(1, 0.010410)"
test,PN17,PN17_S02,PN17_S02_preictal,PN17-2.edf,1,7436.0,295,4.916666666666667,1,0.010122944692639161,0.60737454561254,0.39262545438746,"(1, 0.010123)"
test,PN17,PN17_S02,PN17_S02_preictal,PN17-2.edf,2,7441.0,290,4.833333333333333,1,0.009350555014264949,0.5610313278846512,0.43896867211534885,"(1, 0.009351)"
test,PN17,PN17_S02,PN17_S02_preictal,PN17-2.edf,3,7446.0,285,4.75,1,0.008520287045909769,0.5112154249702491,0.4887845750297509,"(1, 0.008520)"
test,PN17,PN17_S02,PN17_S02_preictal,PN17-2.edf,4,7451.0,280,4.666666666666667,1,0.00781633293593527,0.46897832690640784,0.5310216730935922,"(1, 0.007816)"
test,PN17,PN17_S02,PN17_S02_preictal,PN17-2.edf,5,7456.0,275,4.583333333333333,1,0.0072023421654301145,0.4321390102284228,0.5678609897715772,"(1, 0.007202)"
test,PN17,PN17_S02,PN17_S02_preictal,PN17-2.edf,6,7461.0,270,4.5,1,0.006629604003122699,0.3977748413379836,0.6022251586620164,"(1, 0.006630)"
test,PN17,PN17_S02,PN17_S02_preictal,PN17-2.edf,7,7466.0,265,4.416666666666667,1,0.0060395414144728795,0.3623712105224617,0.6376287894775383,"(1, 0.006040)"
test,PN17,PN17_S02,PN17_S02_preictal,PN17-2.edf,8,7471.0,260,4.333333333333333,1,0.005537371628332955,0.33224112931211336,0.6677588706878866,"(1, 0.005537)"
test,PN17,PN17_S02,PN17_S02_preictal,PN17-2.edf,9,7476.0,255,4.25,1,0.005052535180416349,0.30315104473782206,0.6968489552621779,"(1, 0.005053)"
test,PN17,PN17_S02,PN17_S02_preictal,PN17-2.edf,10,7481.0,250,4.166666666666667,1,0.0046073711340831654,0.2764412958876419,0.7235587041123581,"(1, 0.004607)"
test,PN17,PN17_S02,PN17_S02_preictal,PN17-2.edf,11,7486.0,245,4.083333333333333,1,0.004201893994805162,0.25211275308681746,0.7478872469131825,"(1, 0.004202)"
test,PN17,PN17_S02,PN17_S02_preictal,PN17-2.edf,12,7491.0,240,4.0,1,0.0038248930373403207,0.22949277518629585,0.7705072248137042,"(1, 0.003825)"
test,PN17,PN17_S02,PN17_S02_preictal,PN17-2.edf,13,7496.0,235,3.9166666666666665,1,0.0035120837448048324,0.21072428363706563,0.7892757163629344,"(1, 0.003512)"
test,PN17,PN17_S02,PN17_S02_preictal,PN17-2.edf,14,7501.0,230,3.8333333333333335,1,0.0032365326105200667,0.194191273721391,0.805808726278609,"(1, 0.003237)"
test,PN17,PN17_S02,PN17_S02_preictal,PN17-2.edf,15,7506.0,225,3.75,1,0.0030024427919377967,0.18014593399951007,0.8198540660004899,"(1, 0.003002)"
test,PN17,PN17_S02,PN17_S02_preictal,PN17-2.edf,16,7511.0,220,3.6666666666666665,1,0.002795336215660143,0.16771958312243007,0.8322804168775699,"(1, 0.002795)"
test,PN17,PN17_S02,PN17_S02_preictal,PN17-2.edf,17,7516.0,215,3.5833333333333335,1,0.00260100776772606,0.15605991724977364,0.8439400827502264,"(1, 0.002601)"
test,PN17,PN17_S02,PN17_S02_preictal,PN17-2.edf,18,7521.0,210,3.5,1,0.0024416303954203937,0.14649730854012977,0.8535026914598702,"(1, 0.002442)"
test,PN17,PN17_S02,PN17_S02_preictal,PN17-2.edf,19,7526.0,205,3.4166666666666665,1,0.0022718121966075855,0.13630825244307632,0.8636917475569237,"(1, 0.002272)"
test,PN17,PN17_S02,PN17_S02_preictal,PN17-2.edf,20,7531.0,200,3.3333333333333335,1,0.00218526032667578,0.13111515850965083,0.8688848414903492,"(1, 0.002185)"
test,PN17,PN17_S02,PN17_S02_preictal,PN17-2.edf,21,7536.0,195,3.25,1,0.002136341486647136,0.12818003842982906,0.8718199615701709,"(1, 0.002136)"
test,PN17,PN17_S02,PN17_S02_preictal,PN17-2.edf,22,7541.0,190,3.1666666666666665,1,0.0020606443159726893,0.12363822416149883,0.8763617758385012,"(1, 0.002061)"
test,PN17,PN17_S02,PN17_S02_preictal,PN17-2.edf,23,7546.0,185,3.0833333333333335,1,0.0020053355378411883,0.12031970914378542,0.8796802908562146,"(1, 0.002005)"
test,PN17,PN17_S02,PN17_S02_preictal,PN17-2.edf,24,7551.0,180,3.0,1,0.0019310230619145313,0.11586097626815128,0.8841390237318487,"(1, 0.001931)"
test,PN17,PN17_S02,PN17_S02_preictal,PN17-2.edf,25,7556.0,175,2.9166666666666665,1,0.0018764374357653404,0.11258585021679113,0.8874141497832089,"(1, 0.001876)"
test,PN17,PN17_S02,PN17_S02_preictal,PN17-2.edf,26,7561.0,170,2.8333333333333335,1,0.001802543110495303,0.10815220629232425,0.8918477937076758,"(1, 0.001803)"
test,PN17,PN17_S02,PN17_S02_preictal,PN17-2.edf,27,7566.0,165,2.75,1,0.0017431159839377311,0.10458659123801994,0.8954134087619801,"(1, 0.001743)"
test,PN17,PN17_S02,PN17_S02_preictal,PN17-2.edf,28,7571.0,160,2.6666666666666665,1,0.0016917681456211087,0.10150573177343913,0.8984942682265609,"(1, 0.001692)"
test,PN17,PN17_S02,PN17_S02_preictal,PN17-2.edf,29,7576.0,155,2.5833333333333335,1,0.0016991059805430914,0.10194600032047174,0.8980539996795283,"(1, 0.001699)"
test,PN17,PN17_S02,PN17_S02_preictal,PN17-2.edf,30,7581.0,150,2.5,1,0.001691275544967492,0.10147617583816115,0.8985238241618388,"(1, 0.001691)"
test,PN17,PN17_S02,PN17_S02_preictal,PN17-2.edf,31,7586.0,145,2.4166666666666665,1,0.0017505478590036606,0.10503250217384674,0.8949674978261533,"(1, 0.001751)"
test,PN17,PN17_S02,PN17_S02_preictal,PN17-2.edf,32,7591.0,140,2.3333333333333335,1,0.0019088422068266014,0.11453012964304576,0.8854698703569542,"(1, 0.001909)"
test,PN17,PN17_S02,PN17_S02_preictal,PN17-2.edf,33,7596.0,135,2.25,1,0.002121794169076323,0.12730720244507077,0.8726927975549292,"(1, 0.002122)"
test,PN17,PN17_S02,PN17_S02_preictal,PN17-2.edf,34,7601.0,130,2.1666666666666665,1,0.002277759144184717,0.1366650680428957,0.8633349319571043,"(1, 0.002278)"
test,PN17,PN17_S02,PN17_S02_preictal,PN17-2.edf,35,7606.0,125,2.0833333333333335,1,0.0024220623900868543,0.14532323234897515,0.8546767676510248,"(1, 0.002422)"
test,PN17,PN17_S02,PN17_S02_preictal,PN17-2.edf,36,7611.0,120,2.0,1,0.0024874834459352626,0.14924848189600792,0.8507515181039921,"(1, 0.002487)"
test,PN17,PN17_S02,PN17_S02_preictal,PN17-2.edf,37,7616.0,115,1.9166666666666667,1,0.0025418021835368182,0.15250759469082364,0.8474924053091764,"(1, 0.002542)"
test,PN17,PN17_S02,PN17_S02_preictal,PN17-2.edf,38,7621.0,110,1.8333333333333333,1,0.002680069122956731,0.1608035818816329,0.8391964181183671,"(1, 0.002680)"
test,PN17,PN17_S02,PN17_S02_preictal,PN17-2.edf,39,7626.0,105,1.75,1,0.00281570168174473,0.168941506790383,0.831058493209617,"(1, 0.002816)"
test,PN17,PN17_S02,PN17_S02_preictal,PN17-2.edf,40,7631.0,100,1.6666666666666667,1,0.003005570716008504,0.18033360878375915,0.8196663912162409,"(1, 0.003006)"
test,PN17,PN17_S02,PN17_S02_preictal,PN17-2.edf,41,7636.0,95,1.5833333333333333,1,0.003136833866557065,0.18820937012008998,0.81179062987991,"(1, 0.003137)"
test,PN17,PN17_S02,PN17_S02_preictal,PN17-2.edf,42,7641.0,90,1.5,1,0.0033070672849036483,0.19842333930155842,0.8015766606984416,"(1, 0.003307)"
test,PN17,PN17_S02,PN17_S02_preictal,PN17-2.edf,43,7646.0,85,1.4166666666666667,1,0.003309379406795618,0.19856206612721783,0.8014379338727822,"(1, 0.003309)"
test,PN17,PN17_S02,PN17_S02_preictal,PN17-2.edf,44,7651.0,80,1.3333333333333333,1,0.0033155053929075067,0.1989296240013454,0.8010703759986546,"(1, 0.003316)"
test,PN17,PN17_S02,PN17_S02_preictal,PN17-2.edf,45,7656.0,75,1.25,1,0.003373918258602764,0.20243438361792032,0.7975656163820797,"(1, 0.003374)"
test,PN17,PN17_S02,PN17_S02_preictal,PN17-2.edf,46,7661.0,70,1.1666666666666667,1,0.0035235301724945585,0.21141106688324784,0.7885889331167522,"(1, 0.003524)"
test,PN17,PN17_S02,PN17_S02_preictal,PN17-2.edf,47,7666.0,65,1.0833333333333333,1,0.003698801792076811,0.22192732707579377,0.7780726729242062,"(1, 0.003699)"
test,PN17,PN17_S02,PN17_S02_preictal,PN17-2.edf,48,7671.0,60,1.0,1,0.003947762020518242,0.23686488825156127,0.7631351117484387,"(1, 0.003948)"
test,PN17,PN17_S02,PN17_S02_preictal,PN17-2.edf,49,7676.0,55,0.9166666666666666,1,0.004215625877347694,0.2529366631419361,0.7470633368580639,"(1, 0.004216)"
test,PN17,PN17_S02,PN17_S02_preictal,PN17-2.edf,50,7681.0,50,0.8333333333333334,1,0.004355402758353582,0.2613232465093056,0.7386767534906944,"(1, 0.004355)"
test,PN17,PN17_S02,PN17_S02_preictal,PN17-2.edf,51,7686.0,45,0.75,1,0.004514244911533013,0.2708537421843068,0.7291462578156932,"(1, 0.004514)"
test,PN17,PN17_S02,PN17_S02_preictal,PN17-2.edf,52,7691.0,40,0.6666666666666666,1,0.004610901648029354,0.2766531259794731,0.7233468740205269,"(1, 0.004611)"
test,PN17,PN17_S02,PN17_S02_preictal,PN17-2.edf,53,7696.0,35,0.5833333333333334,1,0.004619623504976203,0.2771764355559684,0.7228235644440316,"(1, 0.004620)"
test,PN17,PN17_S02,PN17_S02_preictal,PN17-2.edf,54,7701.0,30,0.5,1,0.0047529322584496,0.2851749326361662,0.7148250673638338,"(1, 0.004753)"
test,PN17,PN17_S02,PN17_S02_preictal,PN17-2.edf,55,7706.0,25,0.4166666666666667,1,0.004790049751523521,0.287401974388794,0.712598025611206,"(1, 0.004790)"
test,PN17,PN17_S02,PN17_S02_preictal,PN17-2.edf,56,7711.0,20,0.3333333333333333,1,0.004496337625341501,0.26977930879126144,0.7302206912087386,"(1, 0.004496)"
test,PN17,PN17_S02,PN17_S02_preictal,PN17-2.edf,57,7716.0,15,0.25,1,0.004154917949461185,0.2492942002781452,0.7507057997218548,"(1, 0.004155)"
test,PN17,PN17_S02,PN17_S02_preictal,PN17-2.edf,58,7721.0,10,0.16666666666666666,1,0.0038592419192792745,0.2315537008550037,0.7684462991449963,"(1, 0.003859)"
test,PN17,PN17_S02,PN17_S02_preictal,PN17-2.edf,59,7726.0,5,0.08333333333333333,1,0.0036012711238705562,0.21607550756243266,0.7839244924375673,"(1, 0.003601)"
test,PN17,PN17_S02,PN17_S02_preictal,PN17-2.edf,60,7731.0,0,0.0,1,0.0037234269308666005,0.22340483020726598,0.776595169792734,"(1, 0.003723)"
